lane,file,rootPath,slug,id,date,title,verdict,selectedPlayer,pickTeam,playerTeam,pickText,playerText,pickPath,playerPath
B_SUBSEQUENTLY_TRADED_MANUAL,src/data/nfl/trades-before-vikings-gold-reimport.json,3175,1995-1st-round-pick-12th-overall-philadelphia-eagles-1995,TB-1995-0155,,,Tampa Bay Buccaneers Win,Warren Sapp,tampa-bay-buccaneers,tampa-bay-buccaneers,"1995 1st round pick (12th overall, Warren Sapp), 1995 2nd round pick (43rd overall, Melvin Johnson) and 1995 2nd round pick (63rd overall subsequently traded, Shane Hannah)",Warren Sapp),assetsReceived.tampa-bay-buccaneers.3,assetsReceived.tampa-bay-buccaneers.1
B_SUBSEQUENTLY_TRADED_MANUAL,src/data/nfl/trades-before-vikings-gold-reimport.json,3292,1998-1st-round-pick-23rd-overall-tampa-bay-buccaneers-1998,RAI-1998-0294,,,Tampa Bay Buccaneers Win,Jacquez Green,tampa-bay-buccaneers,tampa-bay-buccaneers,"1998 2nd round pick (34th overall, Jacquez Green) and 1998 2nd round pick (59th overall subsequently traded, Mikhael Ricks)",Jacquez Green),assetsReceived.tampa-bay-buccaneers.0,assetsReceived.tampa-bay-buccaneers.2
B_SUBSEQUENTLY_TRADED_MANUAL,src/data/nfl/trades-before-vikings-gold-reimport.json,3437,2001-1st-round-pick-21st-overall-nate-clements-and-2001-2nd-round-pick-51st-over,BUF-2001-0252,,,Buffalo Bills Win,Nate Clements,buffalo-bills,buffalo-bills,"2001 1st round pick (21st overall, Nate Clements) and 2001 2nd round pick (51st overall subsequently traded, Paul Toviessi)",Nate Clements),assetsReceived.buffalo-bills.0,assetsReceived.buffalo-bills.2
B_SUBSEQUENTLY_TRADED_MANUAL,src/data/nfl/trades-before-vikings-gold-reimport.json,3614,keenan-mccardell-tampa-bay-buccaneers-2004,LAC-2004-0340,,,Los Angeles/San Diego Chargers Win,Chris Colmer,tampa-bay-buccaneers,tampa-bay-buccaneers,"2005 3rd round pick (91st overall, Chris Colmer) and 2005 6th round pick (203rd overall subsequently traded, Andrew Hoffman)",Chris Colmer),assetsReceived.tampa-bay-buccaneers.0,assetsReceived.tampa-bay-buccaneers.2
B_SUBSEQUENTLY_TRADED_MANUAL,src/data/nfl/trades-before-vikings-gold-reimport.json,3801,2008-2nd-round-pick-52nd-overall-tampa-bay-buccaneers-2008,JAX-2008-0039,,,Tampa Bay Buccaneers Win,Dexter Jackson,tampa-bay-buccaneers,tampa-bay-buccaneers,"2008 2nd round pick (58th overall, Dexter Jackson), 2008 5th round pick (158th overall subsequently traded, Kellen Davis), 2009 7th round pick (217th overall, E.J. Biggers)",Dexter Jackson),assetsReceived.tampa-bay-buccaneers.0,assetsReceived.tampa-bay-buccaneers.2
B_SUBSEQUENTLY_TRADED_MANUAL,src/data/nfl/trades-before-vikings-gold-reimport.json,4003,2011-4th-round-pick-104th-overall-philadelphia-eagles-2011,TB-2011-0215,,,Even Trade,Casey Matthews,philadelphia-eagles,philadelphia-eagles,"2011 4th round pick (116th overall, Casey Matthews) and 2012 4th round pick (99th overall subsequently traded, Ben Jones)",Casey Matthews),assetsReceived.philadelphia-eagles.3,assetsReceived.philadelphia-eagles.1
B_SUBSEQUENTLY_TRADED_MANUAL,src/data/nfl/trades-before-vikings-gold-reimport.json,4039,2012-2nd-round-pick-36th-overall-derek-wolfe-and-2012-4th-round-pick-101st-overall-omar-bo,DEN-2012-04-26-0326,,,Tampa Bay Buccaneers Win,Doug Martin,tampa-bay-buccaneers,tampa-bay-buccaneers,"2012 1st round pick (31st overall, Doug Martin) and 2012 4th round pick (126th overall subsequently traded, Jared Crick)",Doug Martin),assetsReceived.tampa-bay-buccaneers.0,assetsReceived.tampa-bay-buccaneers.2
B_SUBSEQUENTLY_TRADED_MANUAL,src/data/nfl/trades-before-vikings-gold-reimport.json,4040,2012-1st-round-pick-5th-overall-tampa-bay-buccaneers-2012,JAX-2012-0054,,,Tampa Bay Buccaneers Win,Mark Barron,tampa-bay-buccaneers,tampa-bay-buccaneers,"2012 1st round pick (7th overall, Mark Barron), 2012 4th round pick (101st overall subsequently traded, Omar Bolden)",Mark Barron),assetsReceived.tampa-bay-buccaneers.0,assetsReceived.tampa-bay-buccaneers.2
B_SUBSEQUENTLY_TRADED_MANUAL,src/data/nfl/trades-before-vikings-gold-reimport.json,4157,2014-7th-round-pick-221st-overall-randell-johnson-and-2015-5th-round-pick-137th,BUF-2014-0285,,,Buffalo Bills Win,Randell Johnson,buffalo-bills,buffalo-bills,"2014 7th round pick (221st overall, Randell Johnson) and 2015 5th round pick (137th overall subsequently traded, Grady Jarrett)",Randell Johnson),assetsReceived.buffalo-bills.0,assetsReceived.buffalo-bills.2
B_SUBSEQUENTLY_TRADED_MANUAL,src/data/nfl/trades-before-vikings-gold-reimport.json,4187,2015-2nd-round-pick-61st-overall-indianapolis-colts-2015,TB-2015-0233,,,Tampa Bay Buccaneers Win,Ali Marpet,tampa-bay-buccaneers,tampa-bay-buccaneers,"2015 2nd round pick (61st overall, Ali Marpet) and 2015 4th round pick (128th overall subsequently traded, Jon Feliciano)",Ali Marpet),assetsReceived.tampa-bay-buccaneers.3,assetsReceived.tampa-bay-buccaneers.1
B_SUBSEQUENTLY_TRADED_MANUAL,src/data/nfl/trades-before-vikings-gold-reimport.json,4228,2016-1st-round-pick-11th-overall-chicago-bears-2016,TB-2016-0235,,,Chicago Bears Win,Vernon Hargreaves,tampa-bay-buccaneers,tampa-bay-buccaneers,"2016 1st round pick (11th overall, Vernon Hargreaves) and 2016 4th round pick (106th overall subsequently traded, Eric Murray)",Vernon Hargreaves),assetsReceived.tampa-bay-buccaneers.3,assetsReceived.tampa-bay-buccaneers.1
B_SUBSEQUENTLY_TRADED_MANUAL,src/data/nfl/trades-before-vikings-gold-reimport.json,4299,2017-7th-round-pick-237th-overall-buccaneers-2017,MIA-2017-0273,,,Miami Dolphins Win,Isaiah Ford,miami-dolphins,miami-dolphins,"2017 7th round pick (237th overall, Isaiah Ford) and 2018 7th round pick (223rd overall subsequently traded, Jullian Taylor)",Isaiah Ford),assetsReceived.miami-dolphins.0,assetsReceived.miami-dolphins.2
B_SUBSEQUENTLY_TRADED_MANUAL,src/data/nfl/trades-before-vikings-gold-reimport.json,4385,2018-4th-round-pick-102nd-overall-jalyn-holmes-tampa-bay-buccaneers-2018,MIN-2018-0260,,,Tampa Bay Buccaneers Win,Jalyn Holmes,minnesota-vikings,minnesota-vikings,"2018 4th round pick (102nd overall, Jalyn Holmes) and 2018 6th round pick (180th overall subsequently traded, Folorunso Fatukasi)",Jalyn Holmes),assetsReceived.minnesota-vikings.0,assetsReceived.minnesota-vikings.2
B_SUBSEQUENTLY_TRADED_MANUAL,src/data/nfl/trades-before-vikings-gold-reimport.json,4540,2020-1st-round-pick-14th-overall-javon-kinlaw-tampa-bay-buccaneers-2020,SF-2020-0401,,,Tampa Bay Buccaneers Win,Javon Kinlaw,san-francisco-49ers,san-francisco-49ers,"2020 1st round pick (14th overall, Javon Kinlaw) and 2020 4th round pick (117th overall subsequently traded, D.J. Wonnum)",Javon Kinlaw),assetsReceived.san-francisco-49ers.0,assetsReceived.san-francisco-49ers.2
B_SUBSEQUENTLY_TRADED_MANUAL,src/data/nfl/trades-before-vikings-gold-reimport.json,4690,2022-1st-round-pick-27th-overall-tampa-bay-buccaneers-2022,JAX-2022-0089,,,Tampa Bay Buccaneers Win,Logan Hall,tampa-bay-buccaneers,tampa-bay-buccaneers,"2022 2nd round pick (33rd overall, Logan Hall), 2022 4th round pick (106th overall, Cade Otton), 2022 6th round pick (180th overall subsequently traded, Matt Araiza)",Logan Hall),assetsReceived.tampa-bay-buccaneers.0,assetsReceived.tampa-bay-buccaneers.2
B_SUBSEQUENTLY_TRADED_MANUAL,src/data/nfl/trades-before-vikings-gold-reimport.json,4710,2023-4th-round-pick-121st-overall-tampa-bay-buccaneers-2022,JAX-2022-0091,,,Jacksonville Jaguars Win,Zyon McCollum,tampa-bay-buccaneers,tampa-bay-buccaneers,"2022 5th round pick (157th overall, Zyon McCollum), 2022 7th round pick (235th overall subsequently traded, Daniel Hardy)",Zyon McCollum),assetsReceived.tampa-bay-buccaneers.0,assetsReceived.tampa-bay-buccaneers.2
B_SUBSEQUENTLY_TRADED_MANUAL,src/data/nfl/trades-before-vikings-reupload.json,3168,1995-1st-round-pick-12th-overall-philadelphia-eagles-1995,TB-1995-0155,,,Tampa Bay Buccaneers Win,Warren Sapp,tampa-bay-buccaneers,tampa-bay-buccaneers,"1995 1st round pick (12th overall, Warren Sapp), 1995 2nd round pick (43rd overall, Melvin Johnson) and 1995 2nd round pick (63rd overall subsequently traded, Shane Hannah)",Warren Sapp),assetsReceived.tampa-bay-buccaneers.3,assetsReceived.tampa-bay-buccaneers.1
B_SUBSEQUENTLY_TRADED_MANUAL,src/data/nfl/trades-before-vikings-reupload.json,3285,1998-1st-round-pick-23rd-overall-tampa-bay-buccaneers-1998,RAI-1998-0294,,,Tampa Bay Buccaneers Win,Jacquez Green,tampa-bay-buccaneers,tampa-bay-buccaneers,"1998 2nd round pick (34th overall, Jacquez Green) and 1998 2nd round pick (59th overall subsequently traded, Mikhael Ricks)",Jacquez Green),assetsReceived.tampa-bay-buccaneers.0,assetsReceived.tampa-bay-buccaneers.2
B_SUBSEQUENTLY_TRADED_MANUAL,src/data/nfl/trades-before-vikings-reupload.json,3431,2001-1st-round-pick-21st-overall-nate-clements-and-2001-2nd-round-pick-51st-over,BUF-2001-0252,,,Buffalo Bills Win,Nate Clements,buffalo-bills,buffalo-bills,"2001 1st round pick (21st overall, Nate Clements) and 2001 2nd round pick (51st overall subsequently traded, Paul Toviessi)",Nate Clements),assetsReceived.buffalo-bills.0,assetsReceived.buffalo-bills.2
B_SUBSEQUENTLY_TRADED_MANUAL,src/data/nfl/trades-before-vikings-reupload.json,3606,keenan-mccardell-tampa-bay-buccaneers-2004,LAC-2004-0340,,,Los Angeles/San Diego Chargers Win,Chris Colmer,tampa-bay-buccaneers,tampa-bay-buccaneers,"2005 3rd round pick (91st overall, Chris Colmer) and 2005 6th round pick (203rd overall subsequently traded, Andrew Hoffman)",Chris Colmer),assetsReceived.tampa-bay-buccaneers.0,assetsReceived.tampa-bay-buccaneers.2
B_SUBSEQUENTLY_TRADED_MANUAL,src/data/nfl/trades-before-vikings-reupload.json,3792,2008-2nd-round-pick-52nd-overall-tampa-bay-buccaneers-2008,JAX-2008-0039,,,Tampa Bay Buccaneers Win,Dexter Jackson,tampa-bay-buccaneers,tampa-bay-buccaneers,"2008 2nd round pick (58th overall, Dexter Jackson), 2008 5th round pick (158th overall subsequently traded, Kellen Davis), 2009 7th round pick (217th overall, E.J. Biggers)",Dexter Jackson),assetsReceived.tampa-bay-buccaneers.0,assetsReceived.tampa-bay-buccaneers.2
B_SUBSEQUENTLY_TRADED_MANUAL,src/data/nfl/trades-before-vikings-reupload.json,3992,2011-4th-round-pick-104th-overall-philadelphia-eagles-2011,TB-2011-0215,,,Even Trade,Casey Matthews,philadelphia-eagles,philadelphia-eagles,"2011 4th round pick (116th overall, Casey Matthews) and 2012 4th round pick (99th overall subsequently traded, Ben Jones)",Casey Matthews),assetsReceived.philadelphia-eagles.3,assetsReceived.philadelphia-eagles.1
B_SUBSEQUENTLY_TRADED_MANUAL,src/data/nfl/trades-before-vikings-reupload.json,4029,2012-2nd-round-pick-36th-overall-derek-wolfe-and-2012-4th-round-pick-101st-overall-omar-bo,DEN-2012-04-26-0326,,,Tampa Bay Buccaneers Win,Doug Martin,tampa-bay-buccaneers,tampa-bay-buccaneers,"2012 1st round pick (31st overall, Doug Martin) and 2012 4th round pick (126th overall subsequently traded, Jared Crick)",Doug Martin),assetsReceived.tampa-bay-buccaneers.0,assetsReceived.tampa-bay-buccaneers.2
B_SUBSEQUENTLY_TRADED_MANUAL,src/data/nfl/trades-before-vikings-reupload.json,4030,2012-1st-round-pick-5th-overall-tampa-bay-buccaneers-2012,JAX-2012-0054,,,Tampa Bay Buccaneers Win,Mark Barron,tampa-bay-buccaneers,tampa-bay-buccaneers,"2012 1st round pick (7th overall, Mark Barron), 2012 4th round pick (101st overall subsequently traded, Omar Bolden)",Mark Barron),assetsReceived.tampa-bay-buccaneers.0,assetsReceived.tampa-bay-buccaneers.2
B_SUBSEQUENTLY_TRADED_MANUAL,src/data/nfl/trades-before-vikings-reupload.json,4147,2014-7th-round-pick-221st-overall-randell-johnson-and-2015-5th-round-pick-137th,BUF-2014-0285,,,Buffalo Bills Win,Randell Johnson,buffalo-bills,buffalo-bills,"2014 7th round pick (221st overall, Randell Johnson) and 2015 5th round pick (137th overall subsequently traded, Grady Jarrett)",Randell Johnson),assetsReceived.buffalo-bills.0,assetsReceived.buffalo-bills.2
B_SUBSEQUENTLY_TRADED_MANUAL,src/data/nfl/trades-before-vikings-reupload.json,4175,2015-2nd-round-pick-61st-overall-indianapolis-colts-2015,TB-2015-0233,,,Tampa Bay Buccaneers Win,Ali Marpet,tampa-bay-buccaneers,tampa-bay-buccaneers,"2015 2nd round pick (61st overall, Ali Marpet) and 2015 4th round pick (128th overall subsequently traded, Jon Feliciano)",Ali Marpet),assetsReceived.tampa-bay-buccaneers.3,assetsReceived.tampa-bay-buccaneers.1
B_SUBSEQUENTLY_TRADED_MANUAL,src/data/nfl/trades-before-vikings-reupload.json,4216,2016-1st-round-pick-11th-overall-chicago-bears-2016,TB-2016-0235,,,Chicago Bears Win,Vernon Hargreaves,tampa-bay-buccaneers,tampa-bay-buccaneers,"2016 1st round pick (11th overall, Vernon Hargreaves) and 2016 4th round pick (106th overall subsequently traded, Eric Murray)",Vernon Hargreaves),assetsReceived.tampa-bay-buccaneers.3,assetsReceived.tampa-bay-buccaneers.1
B_SUBSEQUENTLY_TRADED_MANUAL,src/data/nfl/trades-before-vikings-reupload.json,4287,2017-7th-round-pick-237th-overall-buccaneers-2017,MIA-2017-0273,,,Miami Dolphins Win,Isaiah Ford,miami-dolphins,miami-dolphins,"2017 7th round pick (237th overall, Isaiah Ford) and 2018 7th round pick (223rd overall subsequently traded, Jullian Taylor)",Isaiah Ford),assetsReceived.miami-dolphins.0,assetsReceived.miami-dolphins.2
B_SUBSEQUENTLY_TRADED_MANUAL,src/data/nfl/trades-before-vikings-reupload.json,4358,draft-pick-trade-tampa-bay-buccaneers-2018,MIN-2018-04-27-0267,,,Tampa Bay Buccaneers Win,Jalyn Holmes,minnesota-vikings,minnesota-vikings,"2018 4th round pick (102nd overall, Jalyn Holmes) and 2018 6th round pick (180th overall subsequently traded, Folorunso Fatukasi)",Jalyn Holmes),assetsReceived.minnesota-vikings.0,assetsReceived.minnesota-vikings.2
B_SUBSEQUENTLY_TRADED_MANUAL,src/data/nfl/trades-before-vikings-reupload.json,4527,2020-1st-round-pick-14th-overall-javon-kinlaw-tampa-bay-buccaneers-2020,SF-2020-0401,,,Tampa Bay Buccaneers Win,Javon Kinlaw,san-francisco-49ers,san-francisco-49ers,"2020 1st round pick (14th overall, Javon Kinlaw) and 2020 4th round pick (117th overall subsequently traded, D.J. Wonnum)",Javon Kinlaw),assetsReceived.san-francisco-49ers.0,assetsReceived.san-francisco-49ers.2
B_SUBSEQUENTLY_TRADED_MANUAL,src/data/nfl/trades-before-vikings-reupload.json,4677,2022-1st-round-pick-27th-overall-tampa-bay-buccaneers-2022,JAX-2022-0089,,,Tampa Bay Buccaneers Win,Logan Hall,tampa-bay-buccaneers,tampa-bay-buccaneers,"2022 2nd round pick (33rd overall, Logan Hall), 2022 4th round pick (106th overall, Cade Otton), 2022 6th round pick (180th overall subsequently traded, Matt Araiza)",Logan Hall),assetsReceived.tampa-bay-buccaneers.0,assetsReceived.tampa-bay-buccaneers.2
B_SUBSEQUENTLY_TRADED_MANUAL,src/data/nfl/trades-before-vikings-reupload.json,4698,2023-4th-round-pick-121st-overall-tampa-bay-buccaneers-2022,JAX-2022-0091,,,Jacksonville Jaguars Win,Zyon McCollum,tampa-bay-buccaneers,tampa-bay-buccaneers,"2022 5th round pick (157th overall, Zyon McCollum), 2022 7th round pick (235th overall subsequently traded, Daniel Hardy)",Zyon McCollum),assetsReceived.tampa-bay-buccaneers.0,assetsReceived.tampa-bay-buccaneers.2
B_SUBSEQUENTLY_TRADED_MANUAL,src/data/nfl/trades.backup-before-batch-001-final-two-v1-2026-07-04T06-05-41-609Z.json,3366,1995-1st-round-pick-12th-overall-philadelphia-eagles-1995,TB-1995-0155,,,Tampa Bay Buccaneers Win,Warren Sapp,tampa-bay-buccaneers,tampa-bay-buccaneers,"1995 1st round pick (12th overall, Warren Sapp), 1995 2nd round pick (43rd overall, Melvin Johnson) and 1995 2nd round pick (63rd overall subsequently traded, Shane Hannah)",Warren Sapp),assetsReceived.tampa-bay-buccaneers.3,assetsReceived.tampa-bay-buccaneers.1
B_SUBSEQUENTLY_TRADED_MANUAL,src/data/nfl/trades.backup-before-batch-001-final-two-v1-2026-07-04T06-05-41-609Z.json,3485,1998-1st-round-pick-23rd-overall-tampa-bay-buccaneers-1998,RAI-1998-0294,,,Oakland/Los Angeles/Las Vegas Raiders Win,Jacquez Green,tampa-bay-buccaneers,tampa-bay-buccaneers,"1998 2nd round pick (34th overall, Jacquez Green) and 1998 2nd round pick (59th overall subsequently traded, Mikhael Ricks)",Jacquez Green),assetsReceived.tampa-bay-buccaneers.0,assetsReceived.tampa-bay-buccaneers.2
B_SUBSEQUENTLY_TRADED_MANUAL,src/data/nfl/trades.backup-before-batch-001-final-two-v1-2026-07-04T06-05-41-609Z.json,3636,2001-1st-round-pick-21st-overall-nate-clements-and-2001-2nd-round-pick-51st-over,BUF-2001-0252,,,Buffalo Bills Win,Nate Clements,buffalo-bills,buffalo-bills,"2001 1st round pick (21st overall, Nate Clements) and 2001 2nd round pick (51st overall subsequently traded, Paul Toviessi)",Nate Clements),assetsReceived.buffalo-bills.0,assetsReceived.buffalo-bills.2
B_SUBSEQUENTLY_TRADED_MANUAL,src/data/nfl/trades.backup-before-batch-001-final-two-v1-2026-07-04T06-05-41-609Z.json,3830,keenan-mccardell-tampa-bay-buccaneers-2004,LAC-2004-0340,,,Los Angeles/San Diego Chargers Win,Chris Colmer,tampa-bay-buccaneers,tampa-bay-buccaneers,"2005 3rd round pick (91st overall, Chris Colmer) and 2005 6th round pick (203rd overall subsequently traded, Andrew Hoffman)",Chris Colmer),assetsReceived.tampa-bay-buccaneers.0,assetsReceived.tampa-bay-buccaneers.2
B_SUBSEQUENTLY_TRADED_MANUAL,src/data/nfl/trades.backup-before-batch-001-final-two-v1-2026-07-04T06-05-41-609Z.json,4026,2008-2nd-round-pick-52nd-overall-tampa-bay-buccaneers-2008,JAX-2008-0039,,,Tampa Bay Buccaneers Win,Dexter Jackson,tampa-bay-buccaneers,tampa-bay-buccaneers,"2008 2nd round pick (58th overall, Dexter Jackson), 2008 5th round pick (158th overall subsequently traded, Kellen Davis), 2009 7th round pick (217th overall, E.J. Biggers)",Dexter Jackson),assetsReceived.tampa-bay-buccaneers.0,assetsReceived.tampa-bay-buccaneers.2
B_SUBSEQUENTLY_TRADED_MANUAL,src/data/nfl/trades.backup-before-batch-001-final-two-v1-2026-07-04T06-05-41-609Z.json,4249,2011-4th-round-pick-104th-overall-philadelphia-eagles-2011,TB-2011-0215,,,Even Trade,Casey Matthews,philadelphia-eagles,philadelphia-eagles,"2011 4th round pick (116th overall, Casey Matthews) and 2012 4th round pick (99th overall subsequently traded, Ben Jones)",Casey Matthews),assetsReceived.philadelphia-eagles.3,assetsReceived.philadelphia-eagles.1
B_SUBSEQUENTLY_TRADED_MANUAL,src/data/nfl/trades.backup-before-batch-001-final-two-v1-2026-07-04T06-05-41-609Z.json,4284,2012-2nd-round-pick-36th-overall-derek-wolfe-and-2012-4th-round-pick-101st-overall-omar-bo,DEN-2012-04-26-0326,,,Tampa Bay Buccaneers Win,Doug Martin,tampa-bay-buccaneers,tampa-bay-buccaneers,"2012 1st round pick (31st overall, Doug Martin) and 2012 4th round pick (126th overall subsequently traded, Jared Crick)",Doug Martin),assetsReceived.tampa-bay-buccaneers.0,assetsReceived.tampa-bay-buccaneers.2
B_SUBSEQUENTLY_TRADED_MANUAL,src/data/nfl/trades.backup-before-batch-001-final-two-v1-2026-07-04T06-05-41-609Z.json,4285,2012-1st-round-pick-5th-overall-tampa-bay-buccaneers-2012,JAX-2012-0054,,,Tampa Bay Buccaneers Win,Mark Barron,tampa-bay-buccaneers,tampa-bay-buccaneers,"2012 1st round pick (7th overall, Mark Barron), 2012 4th round pick (101st overall subsequently traded, Omar Bolden)",Mark Barron),assetsReceived.tampa-bay-buccaneers.0,assetsReceived.tampa-bay-buccaneers.2
B_SUBSEQUENTLY_TRADED_MANUAL,src/data/nfl/trades.backup-before-batch-001-final-two-v1-2026-07-04T06-05-41-609Z.json,4406,2014-7th-round-pick-221st-overall-randell-johnson-and-2015-5th-round-pick-137th,BUF-2014-0285,,,Buffalo Bills Win,Randell Johnson,buffalo-bills,buffalo-bills,"2014 7th round pick (221st overall, Randell Johnson) and 2015 5th round pick (137th overall subsequently traded, Grady Jarrett)",Randell Johnson),assetsReceived.buffalo-bills.0,assetsReceived.buffalo-bills.2
B_SUBSEQUENTLY_TRADED_MANUAL,src/data/nfl/trades.backup-before-batch-001-final-two-v1-2026-07-04T06-05-41-609Z.json,4444,2015-2nd-round-pick-61st-overall-indianapolis-colts-2015,TB-2015-0233,,,Tampa Bay Buccaneers Win,Ali Marpet,tampa-bay-buccaneers,tampa-bay-buccaneers,"2015 2nd round pick (61st overall, Ali Marpet) and 2015 4th round pick (128th overall subsequently traded, Jon Feliciano)",Ali Marpet),assetsReceived.tampa-bay-buccaneers.3,assetsReceived.tampa-bay-buccaneers.1
B_SUBSEQUENTLY_TRADED_MANUAL,src/data/nfl/trades.backup-before-batch-001-final-two-v1-2026-07-04T06-05-41-609Z.json,4486,2016-1st-round-pick-11th-overall-chicago-bears-2016,TB-2016-0235,,,Chicago Bears Win,Vernon Hargreaves,tampa-bay-buccaneers,tampa-bay-buccaneers,"2016 1st round pick (11th overall, Vernon Hargreaves) and 2016 4th round pick (106th overall subsequently traded, Eric Murray)",Vernon Hargreaves),assetsReceived.tampa-bay-buccaneers.3,assetsReceived.tampa-bay-buccaneers.1
B_SUBSEQUENTLY_TRADED_MANUAL,src/data/nfl/trades.backup-before-batch-001-final-two-v1-2026-07-04T06-05-41-609Z.json,4560,2017-7th-round-pick-237th-overall-buccaneers-2017,MIA-2017-0273,,,Miami Dolphins Win,Isaiah Ford,miami-dolphins,miami-dolphins,"2017 7th round pick (237th overall, Isaiah Ford) and 2018 7th round pick (223rd overall subsequently traded, Jullian Taylor)",Isaiah Ford),assetsReceived.miami-dolphins.0,assetsReceived.miami-dolphins.2
B_SUBSEQUENTLY_TRADED_MANUAL,src/data/nfl/trades.backup-before-batch-001-final-two-v1-2026-07-04T06-05-41-609Z.json,4646,2018-4th-round-pick-102nd-overall-jalyn-holmes-tampa-bay-buccaneers-2018,MIN-2018-0260,,,Tampa Bay Buccaneers Win,Jalyn Holmes,minnesota-vikings,minnesota-vikings,"2018 4th round pick (102nd overall, Jalyn Holmes) and 2018 6th round pick (180th overall subsequently traded, Folorunso Fatukasi)",Jalyn Holmes),assetsReceived.minnesota-vikings.0,assetsReceived.minnesota-vikings.2
B_SUBSEQUENTLY_TRADED_MANUAL,src/data/nfl/trades.backup-before-batch-001-final-two-v1-2026-07-04T06-05-41-609Z.json,4825,2020-1st-round-pick-14th-overall-javon-kinlaw-tampa-bay-buccaneers-2020,SF-2020-0401,,,Tampa Bay Buccaneers Win,Javon Kinlaw,san-francisco-49ers,san-francisco-49ers,"2020 1st round pick (14th overall, Javon Kinlaw) and 2020 4th round pick (117th overall subsequently traded, D.J. Wonnum)",Javon Kinlaw),assetsReceived.san-francisco-49ers.0,assetsReceived.san-francisco-49ers.2
B_SUBSEQUENTLY_TRADED_MANUAL,src/data/nfl/trades.backup-before-batch-001-final-two-v1-2026-07-04T06-05-41-609Z.json,4993,2022-1st-round-pick-27th-overall-tampa-bay-buccaneers-2022,JAX-2022-0089,,,Tampa Bay Buccaneers Win,Logan Hall,tampa-bay-buccaneers,tampa-bay-buccaneers,"2022 2nd round pick (33rd overall, Logan Hall), 2022 4th round pick (106th overall, Cade Otton), 2022 6th round pick (180th overall subsequently traded, Matt Araiza)",Logan Hall),assetsReceived.tampa-bay-buccaneers.0,assetsReceived.tampa-bay-buccaneers.2
B_SUBSEQUENTLY_TRADED_MANUAL,src/data/nfl/trades.backup-before-batch-001-final-two-v1-2026-07-04T06-05-41-609Z.json,5017,2023-4th-round-pick-121st-overall-tampa-bay-buccaneers-2022,JAX-2022-0091,,,Jacksonville Jaguars Win,Zyon McCollum,tampa-bay-buccaneers,tampa-bay-buccaneers,"2022 5th round pick (157th overall, Zyon McCollum), 2022 7th round pick (235th overall subsequently traded, Daniel Hardy)",Zyon McCollum),assetsReceived.tampa-bay-buccaneers.0,assetsReceived.tampa-bay-buccaneers.2
B_SUBSEQUENTLY_TRADED_MANUAL,src/data/nfl/trades.backup-before-batch-001-grade-verdict-v2-2026-07-04T05-51-31-123Z.json,3368,1995-1st-round-pick-12th-overall-philadelphia-eagles-1995,TB-1995-0155,,,Tampa Bay Buccaneers Win,Warren Sapp,tampa-bay-buccaneers,tampa-bay-buccaneers,"1995 1st round pick (12th overall, Warren Sapp), 1995 2nd round pick (43rd overall, Melvin Johnson) and 1995 2nd round pick (63rd overall subsequently traded, Shane Hannah)",Warren Sapp),assetsReceived.tampa-bay-buccaneers.3,assetsReceived.tampa-bay-buccaneers.1
B_SUBSEQUENTLY_TRADED_MANUAL,src/data/nfl/trades.backup-before-batch-001-grade-verdict-v2-2026-07-04T05-51-31-123Z.json,3487,1998-1st-round-pick-23rd-overall-tampa-bay-buccaneers-1998,RAI-1998-0294,,,Oakland/Los Angeles/Las Vegas Raiders Win,Jacquez Green,tampa-bay-buccaneers,tampa-bay-buccaneers,"1998 2nd round pick (34th overall, Jacquez Green) and 1998 2nd round pick (59th overall subsequently traded, Mikhael Ricks)",Jacquez Green),assetsReceived.tampa-bay-buccaneers.0,assetsReceived.tampa-bay-buccaneers.2
B_SUBSEQUENTLY_TRADED_MANUAL,src/data/nfl/trades.backup-before-batch-001-grade-verdict-v2-2026-07-04T05-51-31-123Z.json,3638,2001-1st-round-pick-21st-overall-nate-clements-and-2001-2nd-round-pick-51st-over,BUF-2001-0252,,,Buffalo Bills Win,Nate Clements,buffalo-bills,buffalo-bills,"2001 1st round pick (21st overall, Nate Clements) and 2001 2nd round pick (51st overall subsequently traded, Paul Toviessi)",Nate Clements),assetsReceived.buffalo-bills.0,assetsReceived.buffalo-bills.2
B_SUBSEQUENTLY_TRADED_MANUAL,src/data/nfl/trades.backup-before-batch-001-grade-verdict-v2-2026-07-04T05-51-31-123Z.json,3832,keenan-mccardell-tampa-bay-buccaneers-2004,LAC-2004-0340,,,Los Angeles/San Diego Chargers Win,Chris Colmer,tampa-bay-buccaneers,tampa-bay-buccaneers,"2005 3rd round pick (91st overall, Chris Colmer) and 2005 6th round pick (203rd overall subsequently traded, Andrew Hoffman)",Chris Colmer),assetsReceived.tampa-bay-buccaneers.0,assetsReceived.tampa-bay-buccaneers.2
B_SUBSEQUENTLY_TRADED_MANUAL,src/data/nfl/trades.backup-before-batch-001-grade-verdict-v2-2026-07-04T05-51-31-123Z.json,4028,2008-2nd-round-pick-52nd-overall-tampa-bay-buccaneers-2008,JAX-2008-0039,,,Tampa Bay Buccaneers Win,Dexter Jackson,tampa-bay-buccaneers,tampa-bay-buccaneers,"2008 2nd round pick (58th overall, Dexter Jackson), 2008 5th round pick (158th overall subsequently traded, Kellen Davis), 2009 7th round pick (217th overall, E.J. Biggers)",Dexter Jackson),assetsReceived.tampa-bay-buccaneers.0,assetsReceived.tampa-bay-buccaneers.2
B_SUBSEQUENTLY_TRADED_MANUAL,src/data/nfl/trades.backup-before-batch-001-grade-verdict-v2-2026-07-04T05-51-31-123Z.json,4251,2011-4th-round-pick-104th-overall-philadelphia-eagles-2011,TB-2011-0215,,,Even Trade,Casey Matthews,philadelphia-eagles,philadelphia-eagles,"2011 4th round pick (116th overall, Casey Matthews) and 2012 4th round pick (99th overall subsequently traded, Ben Jones)",Casey Matthews),assetsReceived.philadelphia-eagles.3,assetsReceived.philadelphia-eagles.1
B_SUBSEQUENTLY_TRADED_MANUAL,src/data/nfl/trades.backup-before-batch-001-grade-verdict-v2-2026-07-04T05-51-31-123Z.json,4286,2012-2nd-round-pick-36th-overall-derek-wolfe-and-2012-4th-round-pick-101st-overall-omar-bo,DEN-2012-04-26-0326,,,Tampa Bay Buccaneers Win,Doug Martin,tampa-bay-buccaneers,tampa-bay-buccaneers,"2012 1st round pick (31st overall, Doug Martin) and 2012 4th round pick (126th overall subsequently traded, Jared Crick)",Doug Martin),assetsReceived.tampa-bay-buccaneers.0,assetsReceived.tampa-bay-buccaneers.2
B_SUBSEQUENTLY_TRADED_MANUAL,src/data/nfl/trades.backup-before-batch-001-grade-verdict-v2-2026-07-04T05-51-31-123Z.json,4287,2012-1st-round-pick-5th-overall-tampa-bay-buccaneers-2012,JAX-2012-0054,,,Tampa Bay Buccaneers Win,Mark Barron,tampa-bay-buccaneers,tampa-bay-buccaneers,"2012 1st round pick (7th overall, Mark Barron), 2012 4th round pick (101st overall subsequently traded, Omar Bolden)",Mark Barron),assetsReceived.tampa-bay-buccaneers.0,assetsReceived.tampa-bay-buccaneers.2
B_SUBSEQUENTLY_TRADED_MANUAL,src/data/nfl/trades.backup-before-batch-001-grade-verdict-v2-2026-07-04T05-51-31-123Z.json,4408,2014-7th-round-pick-221st-overall-randell-johnson-and-2015-5th-round-pick-137th,BUF-2014-0285,,,Buffalo Bills Win,Randell Johnson,buffalo-bills,buffalo-bills,"2014 7th round pick (221st overall, Randell Johnson) and 2015 5th round pick (137th overall subsequently traded, Grady Jarrett)",Randell Johnson),assetsReceived.buffalo-bills.0,assetsReceived.buffalo-bills.2
B_SUBSEQUENTLY_TRADED_MANUAL,src/data/nfl/trades.backup-before-batch-001-grade-verdict-v2-2026-07-04T05-51-31-123Z.json,4446,2015-2nd-round-pick-61st-overall-indianapolis-colts-2015,TB-2015-0233,,,Tampa Bay Buccaneers Win,Ali Marpet,tampa-bay-buccaneers,tampa-bay-buccaneers,"2015 2nd round pick (61st overall, Ali Marpet) and 2015 4th round pick (128th overall subsequently traded, Jon Feliciano)",Ali Marpet),assetsReceived.tampa-bay-buccaneers.3,assetsReceived.tampa-bay-buccaneers.1
B_SUBSEQUENTLY_TRADED_MANUAL,src/data/nfl/trades.backup-before-batch-001-grade-verdict-v2-2026-07-04T05-51-31-123Z.json,4488,2016-1st-round-pick-11th-overall-chicago-bears-2016,TB-2016-0235,,,Chicago Bears Win,Vernon Hargreaves,tampa-bay-buccaneers,tampa-bay-buccaneers,"2016 1st round pick (11th overall, Vernon Hargreaves) and 2016 4th round pick (106th overall subsequently traded, Eric Murray)",Vernon Hargreaves),assetsReceived.tampa-bay-buccaneers.3,assetsReceived.tampa-bay-buccaneers.1
B_SUBSEQUENTLY_TRADED_MANUAL,src/data/nfl/trades.backup-before-batch-001-grade-verdict-v2-2026-07-04T05-51-31-123Z.json,4562,2017-7th-round-pick-237th-overall-buccaneers-2017,MIA-2017-0273,,,Miami Dolphins Win,Isaiah Ford,miami-dolphins,miami-dolphins,"2017 7th round pick (237th overall, Isaiah Ford) and 2018 7th round pick (223rd overall subsequently traded, Jullian Taylor)",Isaiah Ford),assetsReceived.miami-dolphins.0,assetsReceived.miami-dolphins.2
B_SUBSEQUENTLY_TRADED_MANUAL,src/data/nfl/trades.backup-before-batch-001-grade-verdict-v2-2026-07-04T05-51-31-123Z.json,4648,2018-4th-round-pick-102nd-overall-jalyn-holmes-tampa-bay-buccaneers-2018,MIN-2018-0260,,,Tampa Bay Buccaneers Win,Jalyn Holmes,minnesota-vikings,minnesota-vikings,"2018 4th round pick (102nd overall, Jalyn Holmes) and 2018 6th round pick (180th overall subsequently traded, Folorunso Fatukasi)",Jalyn Holmes),assetsReceived.minnesota-vikings.0,assetsReceived.minnesota-vikings.2
B_SUBSEQUENTLY_TRADED_MANUAL,src/data/nfl/trades.backup-before-batch-001-grade-verdict-v2-2026-07-04T05-51-31-123Z.json,4827,2020-1st-round-pick-14th-overall-javon-kinlaw-tampa-bay-buccaneers-2020,SF-2020-0401,,,Tampa Bay Buccaneers Win,Javon Kinlaw,san-francisco-49ers,san-francisco-49ers,"2020 1st round pick (14th overall, Javon Kinlaw) and 2020 4th round pick (117th overall subsequently traded, D.J. Wonnum)",Javon Kinlaw),assetsReceived.san-francisco-49ers.0,assetsReceived.san-francisco-49ers.2
B_SUBSEQUENTLY_TRADED_MANUAL,src/data/nfl/trades.backup-before-batch-001-grade-verdict-v2-2026-07-04T05-51-31-123Z.json,4995,2022-1st-round-pick-27th-overall-tampa-bay-buccaneers-2022,JAX-2022-0089,,,Tampa Bay Buccaneers Win,Logan Hall,tampa-bay-buccaneers,tampa-bay-buccaneers,"2022 2nd round pick (33rd overall, Logan Hall), 2022 4th round pick (106th overall, Cade Otton), 2022 6th round pick (180th overall subsequently traded, Matt Araiza)",Logan Hall),assetsReceived.tampa-bay-buccaneers.0,assetsReceived.tampa-bay-buccaneers.2
B_SUBSEQUENTLY_TRADED_MANUAL,src/data/nfl/trades.backup-before-batch-001-grade-verdict-v2-2026-07-04T05-51-31-123Z.json,5019,2023-4th-round-pick-121st-overall-tampa-bay-buccaneers-2022,JAX-2022-0091,,,Jacksonville Jaguars Win,Zyon McCollum,tampa-bay-buccaneers,tampa-bay-buccaneers,"2022 5th round pick (157th overall, Zyon McCollum), 2022 7th round pick (235th overall subsequently traded, Daniel Hardy)",Zyon McCollum),assetsReceived.tampa-bay-buccaneers.0,assetsReceived.tampa-bay-buccaneers.2
B_SUBSEQUENTLY_TRADED_MANUAL,src/data/nfl/trades.backup-before-batch-001-remaining-copy-v2-2026-07-04T05-35-29-871Z.json,3368,1995-1st-round-pick-12th-overall-philadelphia-eagles-1995,TB-1995-0155,,,Tampa Bay Buccaneers Win,Warren Sapp,tampa-bay-buccaneers,tampa-bay-buccaneers,"1995 1st round pick (12th overall, Warren Sapp), 1995 2nd round pick (43rd overall, Melvin Johnson) and 1995 2nd round pick (63rd overall subsequently traded, Shane Hannah)",Warren Sapp),assetsReceived.tampa-bay-buccaneers.3,assetsReceived.tampa-bay-buccaneers.1
B_SUBSEQUENTLY_TRADED_MANUAL,src/data/nfl/trades.backup-before-batch-001-remaining-copy-v2-2026-07-04T05-35-29-871Z.json,3487,1998-1st-round-pick-23rd-overall-tampa-bay-buccaneers-1998,RAI-1998-0294,,,Oakland/Los Angeles/Las Vegas Raiders Win,Jacquez Green,tampa-bay-buccaneers,tampa-bay-buccaneers,"1998 2nd round pick (34th overall, Jacquez Green) and 1998 2nd round pick (59th overall subsequently traded, Mikhael Ricks)",Jacquez Green),assetsReceived.tampa-bay-buccaneers.0,assetsReceived.tampa-bay-buccaneers.2
B_SUBSEQUENTLY_TRADED_MANUAL,src/data/nfl/trades.backup-before-batch-001-remaining-copy-v2-2026-07-04T05-35-29-871Z.json,3638,2001-1st-round-pick-21st-overall-nate-clements-and-2001-2nd-round-pick-51st-over,BUF-2001-0252,,,Buffalo Bills Win,Nate Clements,buffalo-bills,buffalo-bills,"2001 1st round pick (21st overall, Nate Clements) and 2001 2nd round pick (51st overall subsequently traded, Paul Toviessi)",Nate Clements),assetsReceived.buffalo-bills.0,assetsReceived.buffalo-bills.2
B_SUBSEQUENTLY_TRADED_MANUAL,src/data/nfl/trades.backup-before-batch-001-remaining-copy-v2-2026-07-04T05-35-29-871Z.json,3832,keenan-mccardell-tampa-bay-buccaneers-2004,LAC-2004-0340,,,Los Angeles/San Diego Chargers Win,Chris Colmer,tampa-bay-buccaneers,tampa-bay-buccaneers,"2005 3rd round pick (91st overall, Chris Colmer) and 2005 6th round pick (203rd overall subsequently traded, Andrew Hoffman)",Chris Colmer),assetsReceived.tampa-bay-buccaneers.0,assetsReceived.tampa-bay-buccaneers.2
B_SUBSEQUENTLY_TRADED_MANUAL,src/data/nfl/trades.backup-before-batch-001-remaining-copy-v2-2026-07-04T05-35-29-871Z.json,4028,2008-2nd-round-pick-52nd-overall-tampa-bay-buccaneers-2008,JAX-2008-0039,,,Tampa Bay Buccaneers Win,Dexter Jackson,tampa-bay-buccaneers,tampa-bay-buccaneers,"2008 2nd round pick (58th overall, Dexter Jackson), 2008 5th round pick (158th overall subsequently traded, Kellen Davis), 2009 7th round pick (217th overall, E.J. Biggers)",Dexter Jackson),assetsReceived.tampa-bay-buccaneers.0,assetsReceived.tampa-bay-buccaneers.2
B_SUBSEQUENTLY_TRADED_MANUAL,src/data/nfl/trades.backup-before-batch-001-remaining-copy-v2-2026-07-04T05-35-29-871Z.json,4251,2011-4th-round-pick-104th-overall-philadelphia-eagles-2011,TB-2011-0215,,,Even Trade,Casey Matthews,philadelphia-eagles,philadelphia-eagles,"2011 4th round pick (116th overall, Casey Matthews) and 2012 4th round pick (99th overall subsequently traded, Ben Jones)",Casey Matthews),assetsReceived.philadelphia-eagles.3,assetsReceived.philadelphia-eagles.1
B_SUBSEQUENTLY_TRADED_MANUAL,src/data/nfl/trades.backup-before-batch-001-remaining-copy-v2-2026-07-04T05-35-29-871Z.json,4286,2012-2nd-round-pick-36th-overall-derek-wolfe-and-2012-4th-round-pick-101st-overall-omar-bo,DEN-2012-04-26-0326,,,Tampa Bay Buccaneers Win,Doug Martin,tampa-bay-buccaneers,tampa-bay-buccaneers,"2012 1st round pick (31st overall, Doug Martin) and 2012 4th round pick (126th overall subsequently traded, Jared Crick)",Doug Martin),assetsReceived.tampa-bay-buccaneers.0,assetsReceived.tampa-bay-buccaneers.2
B_SUBSEQUENTLY_TRADED_MANUAL,src/data/nfl/trades.backup-before-batch-001-remaining-copy-v2-2026-07-04T05-35-29-871Z.json,4287,2012-1st-round-pick-5th-overall-tampa-bay-buccaneers-2012,JAX-2012-0054,,,Tampa Bay Buccaneers Win,Mark Barron,tampa-bay-buccaneers,tampa-bay-buccaneers,"2012 1st round pick (7th overall, Mark Barron), 2012 4th round pick (101st overall subsequently traded, Omar Bolden)",Mark Barron),assetsReceived.tampa-bay-buccaneers.0,assetsReceived.tampa-bay-buccaneers.2
B_SUBSEQUENTLY_TRADED_MANUAL,src/data/nfl/trades.backup-before-batch-001-remaining-copy-v2-2026-07-04T05-35-29-871Z.json,4408,2014-7th-round-pick-221st-overall-randell-johnson-and-2015-5th-round-pick-137th,BUF-2014-0285,,,Buffalo Bills Win,Randell Johnson,buffalo-bills,buffalo-bills,"2014 7th round pick (221st overall, Randell Johnson) and 2015 5th round pick (137th overall subsequently traded, Grady Jarrett)",Randell Johnson),assetsReceived.buffalo-bills.0,assetsReceived.buffalo-bills.2
B_SUBSEQUENTLY_TRADED_MANUAL,src/data/nfl/trades.backup-before-batch-001-remaining-copy-v2-2026-07-04T05-35-29-871Z.json,4446,2015-2nd-round-pick-61st-overall-indianapolis-colts-2015,TB-2015-0233,,,Tampa Bay Buccaneers Win,Ali Marpet,tampa-bay-buccaneers,tampa-bay-buccaneers,"2015 2nd round pick (61st overall, Ali Marpet) and 2015 4th round pick (128th overall subsequently traded, Jon Feliciano)",Ali Marpet),assetsReceived.tampa-bay-buccaneers.3,assetsReceived.tampa-bay-buccaneers.1
B_SUBSEQUENTLY_TRADED_MANUAL,src/data/nfl/trades.backup-before-batch-001-remaining-copy-v2-2026-07-04T05-35-29-871Z.json,4488,2016-1st-round-pick-11th-overall-chicago-bears-2016,TB-2016-0235,,,Chicago Bears Win,Vernon Hargreaves,tampa-bay-buccaneers,tampa-bay-buccaneers,"2016 1st round pick (11th overall, Vernon Hargreaves) and 2016 4th round pick (106th overall subsequently traded, Eric Murray)",Vernon Hargreaves),assetsReceived.tampa-bay-buccaneers.3,assetsReceived.tampa-bay-buccaneers.1
B_SUBSEQUENTLY_TRADED_MANUAL,src/data/nfl/trades.backup-before-batch-001-remaining-copy-v2-2026-07-04T05-35-29-871Z.json,4562,2017-7th-round-pick-237th-overall-buccaneers-2017,MIA-2017-0273,,,Miami Dolphins Win,Isaiah Ford,miami-dolphins,miami-dolphins,"2017 7th round pick (237th overall, Isaiah Ford) and 2018 7th round pick (223rd overall subsequently traded, Jullian Taylor)",Isaiah Ford),assetsReceived.miami-dolphins.0,assetsReceived.miami-dolphins.2
B_SUBSEQUENTLY_TRADED_MANUAL,src/data/nfl/trades.backup-before-batch-001-remaining-copy-v2-2026-07-04T05-35-29-871Z.json,4648,2018-4th-round-pick-102nd-overall-jalyn-holmes-tampa-bay-buccaneers-2018,MIN-2018-0260,,,Tampa Bay Buccaneers Win,Jalyn Holmes,minnesota-vikings,minnesota-vikings,"2018 4th round pick (102nd overall, Jalyn Holmes) and 2018 6th round pick (180th overall subsequently traded, Folorunso Fatukasi)",Jalyn Holmes),assetsReceived.minnesota-vikings.0,assetsReceived.minnesota-vikings.2
B_SUBSEQUENTLY_TRADED_MANUAL,src/data/nfl/trades.backup-before-batch-001-remaining-copy-v2-2026-07-04T05-35-29-871Z.json,4827,2020-1st-round-pick-14th-overall-javon-kinlaw-tampa-bay-buccaneers-2020,SF-2020-0401,,,Tampa Bay Buccaneers Win,Javon Kinlaw,san-francisco-49ers,san-francisco-49ers,"2020 1st round pick (14th overall, Javon Kinlaw) and 2020 4th round pick (117th overall subsequently traded, D.J. Wonnum)",Javon Kinlaw),assetsReceived.san-francisco-49ers.0,assetsReceived.san-francisco-49ers.2
B_SUBSEQUENTLY_TRADED_MANUAL,src/data/nfl/trades.backup-before-batch-001-remaining-copy-v2-2026-07-04T05-35-29-871Z.json,4995,2022-1st-round-pick-27th-overall-tampa-bay-buccaneers-2022,JAX-2022-0089,,,Tampa Bay Buccaneers Win,Logan Hall,tampa-bay-buccaneers,tampa-bay-buccaneers,"2022 2nd round pick (33rd overall, Logan Hall), 2022 4th round pick (106th overall, Cade Otton), 2022 6th round pick (180th overall subsequently traded, Matt Araiza)",Logan Hall),assetsReceived.tampa-bay-buccaneers.0,assetsReceived.tampa-bay-buccaneers.2
B_SUBSEQUENTLY_TRADED_MANUAL,src/data/nfl/trades.backup-before-batch-001-remaining-copy-v2-2026-07-04T05-35-29-871Z.json,5019,2023-4th-round-pick-121st-overall-tampa-bay-buccaneers-2022,JAX-2022-0091,,,Jacksonville Jaguars Win,Zyon McCollum,tampa-bay-buccaneers,tampa-bay-buccaneers,"2022 5th round pick (157th overall, Zyon McCollum), 2022 7th round pick (235th overall subsequently traded, Daniel Hardy)",Zyon McCollum),assetsReceived.tampa-bay-buccaneers.0,assetsReceived.tampa-bay-buccaneers.2
B_SUBSEQUENTLY_TRADED_MANUAL,src/data/nfl/trades.backup-before-batch-001-structural-v1-2026-07-04T06-01-44-067Z.json,3368,1995-1st-round-pick-12th-overall-philadelphia-eagles-1995,TB-1995-0155,,,Tampa Bay Buccaneers Win,Warren Sapp,tampa-bay-buccaneers,tampa-bay-buccaneers,"1995 1st round pick (12th overall, Warren Sapp), 1995 2nd round pick (43rd overall, Melvin Johnson) and 1995 2nd round pick (63rd overall subsequently traded, Shane Hannah)",Warren Sapp),assetsReceived.tampa-bay-buccaneers.3,assetsReceived.tampa-bay-buccaneers.1
B_SUBSEQUENTLY_TRADED_MANUAL,src/data/nfl/trades.backup-before-batch-001-structural-v1-2026-07-04T06-01-44-067Z.json,3487,1998-1st-round-pick-23rd-overall-tampa-bay-buccaneers-1998,RAI-1998-0294,,,Oakland/Los Angeles/Las Vegas Raiders Win,Jacquez Green,tampa-bay-buccaneers,tampa-bay-buccaneers,"1998 2nd round pick (34th overall, Jacquez Green) and 1998 2nd round pick (59th overall subsequently traded, Mikhael Ricks)",Jacquez Green),assetsReceived.tampa-bay-buccaneers.0,assetsReceived.tampa-bay-buccaneers.2
B_SUBSEQUENTLY_TRADED_MANUAL,src/data/nfl/trades.backup-before-batch-001-structural-v1-2026-07-04T06-01-44-067Z.json,3638,2001-1st-round-pick-21st-overall-nate-clements-and-2001-2nd-round-pick-51st-over,BUF-2001-0252,,,Buffalo Bills Win,Nate Clements,buffalo-bills,buffalo-bills,"2001 1st round pick (21st overall, Nate Clements) and 2001 2nd round pick (51st overall subsequently traded, Paul Toviessi)",Nate Clements),assetsReceived.buffalo-bills.0,assetsReceived.buffalo-bills.2
B_SUBSEQUENTLY_TRADED_MANUAL,src/data/nfl/trades.backup-before-batch-001-structural-v1-2026-07-04T06-01-44-067Z.json,3832,keenan-mccardell-tampa-bay-buccaneers-2004,LAC-2004-0340,,,Los Angeles/San Diego Chargers Win,Chris Colmer,tampa-bay-buccaneers,tampa-bay-buccaneers,"2005 3rd round pick (91st overall, Chris Colmer) and 2005 6th round pick (203rd overall subsequently traded, Andrew Hoffman)",Chris Colmer),assetsReceived.tampa-bay-buccaneers.0,assetsReceived.tampa-bay-buccaneers.2
B_SUBSEQUENTLY_TRADED_MANUAL,src/data/nfl/trades.backup-before-batch-001-structural-v1-2026-07-04T06-01-44-067Z.json,4028,2008-2nd-round-pick-52nd-overall-tampa-bay-buccaneers-2008,JAX-2008-0039,,,Tampa Bay Buccaneers Win,Dexter Jackson,tampa-bay-buccaneers,tampa-bay-buccaneers,"2008 2nd round pick (58th overall, Dexter Jackson), 2008 5th round pick (158th overall subsequently traded, Kellen Davis), 2009 7th round pick (217th overall, E.J. Biggers)",Dexter Jackson),assetsReceived.tampa-bay-buccaneers.0,assetsReceived.tampa-bay-buccaneers.2
B_SUBSEQUENTLY_TRADED_MANUAL,src/data/nfl/trades.backup-before-batch-001-structural-v1-2026-07-04T06-01-44-067Z.json,4251,2011-4th-round-pick-104th-overall-philadelphia-eagles-2011,TB-2011-0215,,,Even Trade,Casey Matthews,philadelphia-eagles,philadelphia-eagles,"2011 4th round pick (116th overall, Casey Matthews) and 2012 4th round pick (99th overall subsequently traded, Ben Jones)",Casey Matthews),assetsReceived.philadelphia-eagles.3,assetsReceived.philadelphia-eagles.1
B_SUBSEQUENTLY_TRADED_MANUAL,src/data/nfl/trades.backup-before-batch-001-structural-v1-2026-07-04T06-01-44-067Z.json,4286,2012-2nd-round-pick-36th-overall-derek-wolfe-and-2012-4th-round-pick-101st-overall-omar-bo,DEN-2012-04-26-0326,,,Tampa Bay Buccaneers Win,Doug Martin,tampa-bay-buccaneers,tampa-bay-buccaneers,"2012 1st round pick (31st overall, Doug Martin) and 2012 4th round pick (126th overall subsequently traded, Jared Crick)",Doug Martin),assetsReceived.tampa-bay-buccaneers.0,assetsReceived.tampa-bay-buccaneers.2
B_SUBSEQUENTLY_TRADED_MANUAL,src/data/nfl/trades.backup-before-batch-001-structural-v1-2026-07-04T06-01-44-067Z.json,4287,2012-1st-round-pick-5th-overall-tampa-bay-buccaneers-2012,JAX-2012-0054,,,Tampa Bay Buccaneers Win,Mark Barron,tampa-bay-buccaneers,tampa-bay-buccaneers,"2012 1st round pick (7th overall, Mark Barron), 2012 4th round pick (101st overall subsequently traded, Omar Bolden)",Mark Barron),assetsReceived.tampa-bay-buccaneers.0,assetsReceived.tampa-bay-buccaneers.2
B_SUBSEQUENTLY_TRADED_MANUAL,src/data/nfl/trades.backup-before-batch-001-structural-v1-2026-07-04T06-01-44-067Z.json,4408,2014-7th-round-pick-221st-overall-randell-johnson-and-2015-5th-round-pick-137th,BUF-2014-0285,,,Buffalo Bills Win,Randell Johnson,buffalo-bills,buffalo-bills,"2014 7th round pick (221st overall, Randell Johnson) and 2015 5th round pick (137th overall subsequently traded, Grady Jarrett)",Randell Johnson),assetsReceived.buffalo-bills.0,assetsReceived.buffalo-bills.2
B_SUBSEQUENTLY_TRADED_MANUAL,src/data/nfl/trades.backup-before-batch-001-structural-v1-2026-07-04T06-01-44-067Z.json,4446,2015-2nd-round-pick-61st-overall-indianapolis-colts-2015,TB-2015-0233,,,Tampa Bay Buccaneers Win,Ali Marpet,tampa-bay-buccaneers,tampa-bay-buccaneers,"2015 2nd round pick (61st overall, Ali Marpet) and 2015 4th round pick (128th overall subsequently traded, Jon Feliciano)",Ali Marpet),assetsReceived.tampa-bay-buccaneers.3,assetsReceived.tampa-bay-buccaneers.1
B_SUBSEQUENTLY_TRADED_MANUAL,src/data/nfl/trades.backup-before-batch-001-structural-v1-2026-07-04T06-01-44-067Z.json,4488,2016-1st-round-pick-11th-overall-chicago-bears-2016,TB-2016-0235,,,Chicago Bears Win,Vernon Hargreaves,tampa-bay-buccaneers,tampa-bay-buccaneers,"2016 1st round pick (11th overall, Vernon Hargreaves) and 2016 4th round pick (106th overall subsequently traded, Eric Murray)",Vernon Hargreaves),assetsReceived.tampa-bay-buccaneers.3,assetsReceived.tampa-bay-buccaneers.1
B_SUBSEQUENTLY_TRADED_MANUAL,src/data/nfl/trades.backup-before-batch-001-structural-v1-2026-07-04T06-01-44-067Z.json,4562,2017-7th-round-pick-237th-overall-buccaneers-2017,MIA-2017-0273,,,Miami Dolphins Win,Isaiah Ford,miami-dolphins,miami-dolphins,"2017 7th round pick (237th overall, Isaiah Ford) and 2018 7th round pick (223rd overall subsequently traded, Jullian Taylor)",Isaiah Ford),assetsReceived.miami-dolphins.0,assetsReceived.miami-dolphins.2
B_SUBSEQUENTLY_TRADED_MANUAL,src/data/nfl/trades.backup-before-batch-001-structural-v1-2026-07-04T06-01-44-067Z.json,4648,2018-4th-round-pick-102nd-overall-jalyn-holmes-tampa-bay-buccaneers-2018,MIN-2018-0260,,,Tampa Bay Buccaneers Win,Jalyn Holmes,minnesota-vikings,minnesota-vikings,"2018 4th round pick (102nd overall, Jalyn Holmes) and 2018 6th round pick (180th overall subsequently traded, Folorunso Fatukasi)",Jalyn Holmes),assetsReceived.minnesota-vikings.0,assetsReceived.minnesota-vikings.2
B_SUBSEQUENTLY_TRADED_MANUAL,src/data/nfl/trades.backup-before-batch-001-structural-v1-2026-07-04T06-01-44-067Z.json,4827,2020-1st-round-pick-14th-overall-javon-kinlaw-tampa-bay-buccaneers-2020,SF-2020-0401,,,Tampa Bay Buccaneers Win,Javon Kinlaw,san-francisco-49ers,san-francisco-49ers,"2020 1st round pick (14th overall, Javon Kinlaw) and 2020 4th round pick (117th overall subsequently traded, D.J. Wonnum)",Javon Kinlaw),assetsReceived.san-francisco-49ers.0,assetsReceived.san-francisco-49ers.2
B_SUBSEQUENTLY_TRADED_MANUAL,src/data/nfl/trades.backup-before-batch-001-structural-v1-2026-07-04T06-01-44-067Z.json,4995,2022-1st-round-pick-27th-overall-tampa-bay-buccaneers-2022,JAX-2022-0089,,,Tampa Bay Buccaneers Win,Logan Hall,tampa-bay-buccaneers,tampa-bay-buccaneers,"2022 2nd round pick (33rd overall, Logan Hall), 2022 4th round pick (106th overall, Cade Otton), 2022 6th round pick (180th overall subsequently traded, Matt Araiza)",Logan Hall),assetsReceived.tampa-bay-buccaneers.0,assetsReceived.tampa-bay-buccaneers.2
B_SUBSEQUENTLY_TRADED_MANUAL,src/data/nfl/trades.backup-before-batch-001-structural-v1-2026-07-04T06-01-44-067Z.json,5019,2023-4th-round-pick-121st-overall-tampa-bay-buccaneers-2022,JAX-2022-0091,,,Jacksonville Jaguars Win,Zyon McCollum,tampa-bay-buccaneers,tampa-bay-buccaneers,"2022 5th round pick (157th overall, Zyon McCollum), 2022 7th round pick (235th overall subsequently traded, Daniel Hardy)",Zyon McCollum),assetsReceived.tampa-bay-buccaneers.0,assetsReceived.tampa-bay-buccaneers.2
B_SUBSEQUENTLY_TRADED_MANUAL,src/data/nfl/trades.backup-before-batch-001-surgical-copy-2026-07-04T05-31-47-585Z.json,3368,1995-1st-round-pick-12th-overall-philadelphia-eagles-1995,TB-1995-0155,,,Tampa Bay Buccaneers Win,Warren Sapp,tampa-bay-buccaneers,tampa-bay-buccaneers,"1995 1st round pick (12th overall, Warren Sapp), 1995 2nd round pick (43rd overall, Melvin Johnson) and 1995 2nd round pick (63rd overall subsequently traded, Shane Hannah)",Warren Sapp),assetsReceived.tampa-bay-buccaneers.3,assetsReceived.tampa-bay-buccaneers.1
B_SUBSEQUENTLY_TRADED_MANUAL,src/data/nfl/trades.backup-before-batch-001-surgical-copy-2026-07-04T05-31-47-585Z.json,3487,1998-1st-round-pick-23rd-overall-tampa-bay-buccaneers-1998,RAI-1998-0294,,,Oakland/Los Angeles/Las Vegas Raiders Win,Jacquez Green,tampa-bay-buccaneers,tampa-bay-buccaneers,"1998 2nd round pick (34th overall, Jacquez Green) and 1998 2nd round pick (59th overall subsequently traded, Mikhael Ricks)",Jacquez Green),assetsReceived.tampa-bay-buccaneers.0,assetsReceived.tampa-bay-buccaneers.2
B_SUBSEQUENTLY_TRADED_MANUAL,src/data/nfl/trades.backup-before-batch-001-surgical-copy-2026-07-04T05-31-47-585Z.json,3638,2001-1st-round-pick-21st-overall-nate-clements-and-2001-2nd-round-pick-51st-over,BUF-2001-0252,,,Buffalo Bills Win,Nate Clements,buffalo-bills,buffalo-bills,"2001 1st round pick (21st overall, Nate Clements) and 2001 2nd round pick (51st overall subsequently traded, Paul Toviessi)",Nate Clements),assetsReceived.buffalo-bills.0,assetsReceived.buffalo-bills.2
B_SUBSEQUENTLY_TRADED_MANUAL,src/data/nfl/trades.backup-before-batch-001-surgical-copy-2026-07-04T05-31-47-585Z.json,3832,keenan-mccardell-tampa-bay-buccaneers-2004,LAC-2004-0340,,,Los Angeles/San Diego Chargers Win,Chris Colmer,tampa-bay-buccaneers,tampa-bay-buccaneers,"2005 3rd round pick (91st overall, Chris Colmer) and 2005 6th round pick (203rd overall subsequently traded, Andrew Hoffman)",Chris Colmer),assetsReceived.tampa-bay-buccaneers.0,assetsReceived.tampa-bay-buccaneers.2
B_SUBSEQUENTLY_TRADED_MANUAL,src/data/nfl/trades.backup-before-batch-001-surgical-copy-2026-07-04T05-31-47-585Z.json,4028,2008-2nd-round-pick-52nd-overall-tampa-bay-buccaneers-2008,JAX-2008-0039,,,Tampa Bay Buccaneers Win,Dexter Jackson,tampa-bay-buccaneers,tampa-bay-buccaneers,"2008 2nd round pick (58th overall, Dexter Jackson), 2008 5th round pick (158th overall subsequently traded, Kellen Davis), 2009 7th round pick (217th overall, E.J. Biggers)",Dexter Jackson),assetsReceived.tampa-bay-buccaneers.0,assetsReceived.tampa-bay-buccaneers.2
B_SUBSEQUENTLY_TRADED_MANUAL,src/data/nfl/trades.backup-before-batch-001-surgical-copy-2026-07-04T05-31-47-585Z.json,4251,2011-4th-round-pick-104th-overall-philadelphia-eagles-2011,TB-2011-0215,,,Even Trade,Casey Matthews,philadelphia-eagles,philadelphia-eagles,"2011 4th round pick (116th overall, Casey Matthews) and 2012 4th round pick (99th overall subsequently traded, Ben Jones)",Casey Matthews),assetsReceived.philadelphia-eagles.3,assetsReceived.philadelphia-eagles.1
B_SUBSEQUENTLY_TRADED_MANUAL,src/data/nfl/trades.backup-before-batch-001-surgical-copy-2026-07-04T05-31-47-585Z.json,4286,2012-2nd-round-pick-36th-overall-derek-wolfe-and-2012-4th-round-pick-101st-overall-omar-bo,DEN-2012-04-26-0326,,,Tampa Bay Buccaneers Win,Doug Martin,tampa-bay-buccaneers,tampa-bay-buccaneers,"2012 1st round pick (31st overall, Doug Martin) and 2012 4th round pick (126th overall subsequently traded, Jared Crick)",Doug Martin),assetsReceived.tampa-bay-buccaneers.0,assetsReceived.tampa-bay-buccaneers.2
B_SUBSEQUENTLY_TRADED_MANUAL,src/data/nfl/trades.backup-before-batch-001-surgical-copy-2026-07-04T05-31-47-585Z.json,4287,2012-1st-round-pick-5th-overall-tampa-bay-buccaneers-2012,JAX-2012-0054,,,Tampa Bay Buccaneers Win,Mark Barron,tampa-bay-buccaneers,tampa-bay-buccaneers,"2012 1st round pick (7th overall, Mark Barron), 2012 4th round pick (101st overall subsequently traded, Omar Bolden)",Mark Barron),assetsReceived.tampa-bay-buccaneers.0,assetsReceived.tampa-bay-buccaneers.2
B_SUBSEQUENTLY_TRADED_MANUAL,src/data/nfl/trades.backup-before-batch-001-surgical-copy-2026-07-04T05-31-47-585Z.json,4408,2014-7th-round-pick-221st-overall-randell-johnson-and-2015-5th-round-pick-137th,BUF-2014-0285,,,Buffalo Bills Win,Randell Johnson,buffalo-bills,buffalo-bills,"2014 7th round pick (221st overall, Randell Johnson) and 2015 5th round pick (137th overall subsequently traded, Grady Jarrett)",Randell Johnson),assetsReceived.buffalo-bills.0,assetsReceived.buffalo-bills.2
B_SUBSEQUENTLY_TRADED_MANUAL,src/data/nfl/trades.backup-before-batch-001-surgical-copy-2026-07-04T05-31-47-585Z.json,4446,2015-2nd-round-pick-61st-overall-indianapolis-colts-2015,TB-2015-0233,,,Tampa Bay Buccaneers Win,Ali Marpet,tampa-bay-buccaneers,tampa-bay-buccaneers,"2015 2nd round pick (61st overall, Ali Marpet) and 2015 4th round pick (128th overall subsequently traded, Jon Feliciano)",Ali Marpet),assetsReceived.tampa-bay-buccaneers.3,assetsReceived.tampa-bay-buccaneers.1
B_SUBSEQUENTLY_TRADED_MANUAL,src/data/nfl/trades.backup-before-batch-001-surgical-copy-2026-07-04T05-31-47-585Z.json,4488,2016-1st-round-pick-11th-overall-chicago-bears-2016,TB-2016-0235,,,Chicago Bears Win,Vernon Hargreaves,tampa-bay-buccaneers,tampa-bay-buccaneers,"2016 1st round pick (11th overall, Vernon Hargreaves) and 2016 4th round pick (106th overall subsequently traded, Eric Murray)",Vernon Hargreaves),assetsReceived.tampa-bay-buccaneers.3,assetsReceived.tampa-bay-buccaneers.1
B_SUBSEQUENTLY_TRADED_MANUAL,src/data/nfl/trades.backup-before-batch-001-surgical-copy-2026-07-04T05-31-47-585Z.json,4562,2017-7th-round-pick-237th-overall-buccaneers-2017,MIA-2017-0273,,,Miami Dolphins Win,Isaiah Ford,miami-dolphins,miami-dolphins,"2017 7th round pick (237th overall, Isaiah Ford) and 2018 7th round pick (223rd overall subsequently traded, Jullian Taylor)",Isaiah Ford),assetsReceived.miami-dolphins.0,assetsReceived.miami-dolphins.2
B_SUBSEQUENTLY_TRADED_MANUAL,src/data/nfl/trades.backup-before-batch-001-surgical-copy-2026-07-04T05-31-47-585Z.json,4648,2018-4th-round-pick-102nd-overall-jalyn-holmes-tampa-bay-buccaneers-2018,MIN-2018-0260,,,Tampa Bay Buccaneers Win,Jalyn Holmes,minnesota-vikings,minnesota-vikings,"2018 4th round pick (102nd overall, Jalyn Holmes) and 2018 6th round pick (180th overall subsequently traded, Folorunso Fatukasi)",Jalyn Holmes),assetsReceived.minnesota-vikings.0,assetsReceived.minnesota-vikings.2
B_SUBSEQUENTLY_TRADED_MANUAL,src/data/nfl/trades.backup-before-batch-001-surgical-copy-2026-07-04T05-31-47-585Z.json,4827,2020-1st-round-pick-14th-overall-javon-kinlaw-tampa-bay-buccaneers-2020,SF-2020-0401,,,Tampa Bay Buccaneers Win,Javon Kinlaw,san-francisco-49ers,san-francisco-49ers,"2020 1st round pick (14th overall, Javon Kinlaw) and 2020 4th round pick (117th overall subsequently traded, D.J. Wonnum)",Javon Kinlaw),assetsReceived.san-francisco-49ers.0,assetsReceived.san-francisco-49ers.2
B_SUBSEQUENTLY_TRADED_MANUAL,src/data/nfl/trades.backup-before-batch-001-surgical-copy-2026-07-04T05-31-47-585Z.json,4995,2022-1st-round-pick-27th-overall-tampa-bay-buccaneers-2022,JAX-2022-0089,,,Tampa Bay Buccaneers Win,Logan Hall,tampa-bay-buccaneers,tampa-bay-buccaneers,"2022 2nd round pick (33rd overall, Logan Hall), 2022 4th round pick (106th overall, Cade Otton), 2022 6th round pick (180th overall subsequently traded, Matt Araiza)",Logan Hall),assetsReceived.tampa-bay-buccaneers.0,assetsReceived.tampa-bay-buccaneers.2
B_SUBSEQUENTLY_TRADED_MANUAL,src/data/nfl/trades.backup-before-batch-001-surgical-copy-2026-07-04T05-31-47-585Z.json,5019,2023-4th-round-pick-121st-overall-tampa-bay-buccaneers-2022,JAX-2022-0091,,,Jacksonville Jaguars Win,Zyon McCollum,tampa-bay-buccaneers,tampa-bay-buccaneers,"2022 5th round pick (157th overall, Zyon McCollum), 2022 7th round pick (235th overall subsequently traded, Daniel Hardy)",Zyon McCollum),assetsReceived.tampa-bay-buccaneers.0,assetsReceived.tampa-bay-buccaneers.2
B_SUBSEQUENTLY_TRADED_MANUAL,src/data/nfl/trades.backup-before-batch-010-remaining-copy-v2-2026-07-05T06-05-45-491Z.json,3366,1995-1st-round-pick-12th-overall-philadelphia-eagles-1995,TB-1995-0155,,,Tampa Bay Buccaneers Win,Warren Sapp,tampa-bay-buccaneers,tampa-bay-buccaneers,"1995 1st round pick (12th overall, Warren Sapp), 1995 2nd round pick (43rd overall, Melvin Johnson) and 1995 2nd round pick (63rd overall subsequently traded, Shane Hannah)",Warren Sapp),assetsReceived.tampa-bay-buccaneers.3,assetsReceived.tampa-bay-buccaneers.1
B_SUBSEQUENTLY_TRADED_MANUAL,src/data/nfl/trades.backup-before-batch-010-remaining-copy-v2-2026-07-05T06-05-45-491Z.json,3485,1998-1st-round-pick-23rd-overall-tampa-bay-buccaneers-1998,RAI-1998-0294,,,Oakland/Los Angeles/Las Vegas Raiders Win,Jacquez Green,tampa-bay-buccaneers,tampa-bay-buccaneers,"1998 2nd round pick (34th overall, Jacquez Green) and 1998 2nd round pick (59th overall subsequently traded, Mikhael Ricks)",Jacquez Green),assetsReceived.tampa-bay-buccaneers.0,assetsReceived.tampa-bay-buccaneers.2
B_SUBSEQUENTLY_TRADED_MANUAL,src/data/nfl/trades.backup-before-batch-010-remaining-copy-v2-2026-07-05T06-05-45-491Z.json,3636,2001-1st-round-pick-21st-overall-nate-clements-and-2001-2nd-round-pick-51st-over,BUF-2001-0252,,,Buffalo Bills Win,Nate Clements,buffalo-bills,buffalo-bills,"2001 1st round pick (21st overall, Nate Clements) and 2001 2nd round pick (51st overall subsequently traded, Paul Toviessi)",Nate Clements),assetsReceived.buffalo-bills.0,assetsReceived.buffalo-bills.2
B_SUBSEQUENTLY_TRADED_MANUAL,src/data/nfl/trades.backup-before-batch-010-remaining-copy-v2-2026-07-05T06-05-45-491Z.json,3830,keenan-mccardell-tampa-bay-buccaneers-2004,LAC-2004-0340,,,Los Angeles/San Diego Chargers Win,Chris Colmer,tampa-bay-buccaneers,tampa-bay-buccaneers,"2005 3rd round pick (91st overall, Chris Colmer) and 2005 6th round pick (203rd overall subsequently traded, Andrew Hoffman)",Chris Colmer),assetsReceived.tampa-bay-buccaneers.0,assetsReceived.tampa-bay-buccaneers.2
B_SUBSEQUENTLY_TRADED_MANUAL,src/data/nfl/trades.backup-before-batch-010-remaining-copy-v2-2026-07-05T06-05-45-491Z.json,4026,2008-2nd-round-pick-52nd-overall-tampa-bay-buccaneers-2008,JAX-2008-0039,,,Tampa Bay Buccaneers Win,Dexter Jackson,tampa-bay-buccaneers,tampa-bay-buccaneers,"2008 2nd round pick (58th overall, Dexter Jackson), 2008 5th round pick (158th overall subsequently traded, Kellen Davis), 2009 7th round pick (217th overall, E.J. Biggers)",Dexter Jackson),assetsReceived.tampa-bay-buccaneers.0,assetsReceived.tampa-bay-buccaneers.2
B_SUBSEQUENTLY_TRADED_MANUAL,src/data/nfl/trades.backup-before-batch-010-remaining-copy-v2-2026-07-05T06-05-45-491Z.json,4249,2011-4th-round-pick-104th-overall-philadelphia-eagles-2011,TB-2011-0215,,,Even Trade,Casey Matthews,philadelphia-eagles,philadelphia-eagles,"2011 4th round pick (116th overall, Casey Matthews) and 2012 4th round pick (99th overall subsequently traded, Ben Jones)",Casey Matthews),assetsReceived.philadelphia-eagles.3,assetsReceived.philadelphia-eagles.1
B_SUBSEQUENTLY_TRADED_MANUAL,src/data/nfl/trades.backup-before-batch-010-remaining-copy-v2-2026-07-05T06-05-45-491Z.json,4284,2012-2nd-round-pick-36th-overall-derek-wolfe-and-2012-4th-round-pick-101st-overall-omar-bo,DEN-2012-04-26-0326,,,Tampa Bay Buccaneers Win,Doug Martin,tampa-bay-buccaneers,tampa-bay-buccaneers,"2012 1st round pick (31st overall, Doug Martin) and 2012 4th round pick (126th overall subsequently traded, Jared Crick)",Doug Martin),assetsReceived.tampa-bay-buccaneers.0,assetsReceived.tampa-bay-buccaneers.2
B_SUBSEQUENTLY_TRADED_MANUAL,src/data/nfl/trades.backup-before-batch-010-remaining-copy-v2-2026-07-05T06-05-45-491Z.json,4285,2012-1st-round-pick-5th-overall-tampa-bay-buccaneers-2012,JAX-2012-0054,,,Tampa Bay Buccaneers Win,Mark Barron,tampa-bay-buccaneers,tampa-bay-buccaneers,"2012 1st round pick (7th overall, Mark Barron), 2012 4th round pick (101st overall subsequently traded, Omar Bolden)",Mark Barron),assetsReceived.tampa-bay-buccaneers.0,assetsReceived.tampa-bay-buccaneers.2
B_SUBSEQUENTLY_TRADED_MANUAL,src/data/nfl/trades.backup-before-batch-010-remaining-copy-v2-2026-07-05T06-05-45-491Z.json,4406,2014-7th-round-pick-221st-overall-randell-johnson-and-2015-5th-round-pick-137th,BUF-2014-0285,,,Buffalo Bills Win,Randell Johnson,buffalo-bills,buffalo-bills,"2014 7th round pick (221st overall, Randell Johnson) and 2015 5th round pick (137th overall subsequently traded, Grady Jarrett)",Randell Johnson),assetsReceived.buffalo-bills.0,assetsReceived.buffalo-bills.2
B_SUBSEQUENTLY_TRADED_MANUAL,src/data/nfl/trades.backup-before-batch-010-remaining-copy-v2-2026-07-05T06-05-45-491Z.json,4444,2015-2nd-round-pick-61st-overall-indianapolis-colts-2015,TB-2015-0233,,,Tampa Bay Buccaneers Win,Ali Marpet,tampa-bay-buccaneers,tampa-bay-buccaneers,"2015 2nd round pick (61st overall, Ali Marpet) and 2015 4th round pick (128th overall subsequently traded, Jon Feliciano)",Ali Marpet),assetsReceived.tampa-bay-buccaneers.3,assetsReceived.tampa-bay-buccaneers.1
B_SUBSEQUENTLY_TRADED_MANUAL,src/data/nfl/trades.backup-before-batch-010-remaining-copy-v2-2026-07-05T06-05-45-491Z.json,4486,2016-1st-round-pick-11th-overall-chicago-bears-2016,TB-2016-0235,,,Chicago Bears Win,Vernon Hargreaves,tampa-bay-buccaneers,tampa-bay-buccaneers,"2016 1st round pick (11th overall, Vernon Hargreaves) and 2016 4th round pick (106th overall subsequently traded, Eric Murray)",Vernon Hargreaves),assetsReceived.tampa-bay-buccaneers.3,assetsReceived.tampa-bay-buccaneers.1
B_SUBSEQUENTLY_TRADED_MANUAL,src/data/nfl/trades.backup-before-batch-010-remaining-copy-v2-2026-07-05T06-05-45-491Z.json,4560,2017-7th-round-pick-237th-overall-buccaneers-2017,MIA-2017-0273,,,Miami Dolphins Win,Isaiah Ford,miami-dolphins,miami-dolphins,"2017 7th round pick (237th overall, Isaiah Ford) and 2018 7th round pick (223rd overall subsequently traded, Jullian Taylor)",Isaiah Ford),assetsReceived.miami-dolphins.0,assetsReceived.miami-dolphins.2
B_SUBSEQUENTLY_TRADED_MANUAL,src/data/nfl/trades.backup-before-batch-010-remaining-copy-v2-2026-07-05T06-05-45-491Z.json,4646,2018-4th-round-pick-102nd-overall-jalyn-holmes-tampa-bay-buccaneers-2018,MIN-2018-0260,,,Tampa Bay Buccaneers Win,Jalyn Holmes,minnesota-vikings,minnesota-vikings,"2018 4th round pick (102nd overall, Jalyn Holmes) and 2018 6th round pick (180th overall subsequently traded, Folorunso Fatukasi)",Jalyn Holmes),assetsReceived.minnesota-vikings.0,assetsReceived.minnesota-vikings.2
B_SUBSEQUENTLY_TRADED_MANUAL,src/data/nfl/trades.backup-before-batch-010-remaining-copy-v2-2026-07-05T06-05-45-491Z.json,4825,2020-1st-round-pick-14th-overall-javon-kinlaw-tampa-bay-buccaneers-2020,SF-2020-0401,,,Tampa Bay Buccaneers Win,Javon Kinlaw,san-francisco-49ers,san-francisco-49ers,"2020 1st round pick (14th overall, Javon Kinlaw) and 2020 4th round pick (117th overall subsequently traded, D.J. Wonnum)",Javon Kinlaw),assetsReceived.san-francisco-49ers.0,assetsReceived.san-francisco-49ers.2
B_SUBSEQUENTLY_TRADED_MANUAL,src/data/nfl/trades.backup-before-batch-010-remaining-copy-v2-2026-07-05T06-05-45-491Z.json,4992,2022-1st-round-pick-27th-overall-tampa-bay-buccaneers-2022,JAX-2022-0089,,,Tampa Bay Buccaneers Win,Logan Hall,tampa-bay-buccaneers,tampa-bay-buccaneers,"2022 2nd round pick (33rd overall, Logan Hall), 2022 4th round pick (106th overall, Cade Otton), 2022 6th round pick (180th overall subsequently traded, Matt Araiza)",Logan Hall),assetsReceived.tampa-bay-buccaneers.0,assetsReceived.tampa-bay-buccaneers.2
B_SUBSEQUENTLY_TRADED_MANUAL,src/data/nfl/trades.backup-before-batch-010-remaining-copy-v2-2026-07-05T06-05-45-491Z.json,5016,2023-4th-round-pick-121st-overall-tampa-bay-buccaneers-2022,JAX-2022-0091,,,Jacksonville Jaguars Win,Zyon McCollum,tampa-bay-buccaneers,tampa-bay-buccaneers,"2022 5th round pick (157th overall, Zyon McCollum), 2022 7th round pick (235th overall subsequently traded, Daniel Hardy)",Zyon McCollum),assetsReceived.tampa-bay-buccaneers.0,assetsReceived.tampa-bay-buccaneers.2
B_SUBSEQUENTLY_TRADED_MANUAL,src/data/nfl/trades.backup-before-batch-010-remaining-copy-v2-2026-07-05T06-21-43-282Z.json,3366,1995-1st-round-pick-12th-overall-philadelphia-eagles-1995,TB-1995-0155,,,Tampa Bay Buccaneers Win,Warren Sapp,tampa-bay-buccaneers,tampa-bay-buccaneers,"1995 1st round pick (12th overall, Warren Sapp), 1995 2nd round pick (43rd overall, Melvin Johnson) and 1995 2nd round pick (63rd overall subsequently traded, Shane Hannah)",Warren Sapp),assetsReceived.tampa-bay-buccaneers.3,assetsReceived.tampa-bay-buccaneers.1
B_SUBSEQUENTLY_TRADED_MANUAL,src/data/nfl/trades.backup-before-batch-010-remaining-copy-v2-2026-07-05T06-21-43-282Z.json,3485,1998-1st-round-pick-23rd-overall-tampa-bay-buccaneers-1998,RAI-1998-0294,,,Oakland/Los Angeles/Las Vegas Raiders Win,Jacquez Green,tampa-bay-buccaneers,tampa-bay-buccaneers,"1998 2nd round pick (34th overall, Jacquez Green) and 1998 2nd round pick (59th overall subsequently traded, Mikhael Ricks)",Jacquez Green),assetsReceived.tampa-bay-buccaneers.0,assetsReceived.tampa-bay-buccaneers.2
B_SUBSEQUENTLY_TRADED_MANUAL,src/data/nfl/trades.backup-before-batch-010-remaining-copy-v2-2026-07-05T06-21-43-282Z.json,3636,2001-1st-round-pick-21st-overall-nate-clements-and-2001-2nd-round-pick-51st-over,BUF-2001-0252,,,Buffalo Bills Win,Nate Clements,buffalo-bills,buffalo-bills,"2001 1st round pick (21st overall, Nate Clements) and 2001 2nd round pick (51st overall subsequently traded, Paul Toviessi)",Nate Clements),assetsReceived.buffalo-bills.0,assetsReceived.buffalo-bills.2
B_SUBSEQUENTLY_TRADED_MANUAL,src/data/nfl/trades.backup-before-batch-010-remaining-copy-v2-2026-07-05T06-21-43-282Z.json,3830,keenan-mccardell-tampa-bay-buccaneers-2004,LAC-2004-0340,,,Los Angeles/San Diego Chargers Win,Chris Colmer,tampa-bay-buccaneers,tampa-bay-buccaneers,"2005 3rd round pick (91st overall, Chris Colmer) and 2005 6th round pick (203rd overall subsequently traded, Andrew Hoffman)",Chris Colmer),assetsReceived.tampa-bay-buccaneers.0,assetsReceived.tampa-bay-buccaneers.2
B_SUBSEQUENTLY_TRADED_MANUAL,src/data/nfl/trades.backup-before-batch-010-remaining-copy-v2-2026-07-05T06-21-43-282Z.json,4026,2008-2nd-round-pick-52nd-overall-tampa-bay-buccaneers-2008,JAX-2008-0039,,,Tampa Bay Buccaneers Win,Dexter Jackson,tampa-bay-buccaneers,tampa-bay-buccaneers,"2008 2nd round pick (58th overall, Dexter Jackson), 2008 5th round pick (158th overall subsequently traded, Kellen Davis), 2009 7th round pick (217th overall, E.J. Biggers)",Dexter Jackson),assetsReceived.tampa-bay-buccaneers.0,assetsReceived.tampa-bay-buccaneers.2
B_SUBSEQUENTLY_TRADED_MANUAL,src/data/nfl/trades.backup-before-batch-010-remaining-copy-v2-2026-07-05T06-21-43-282Z.json,4249,2011-4th-round-pick-104th-overall-philadelphia-eagles-2011,TB-2011-0215,,,Even Trade,Casey Matthews,philadelphia-eagles,philadelphia-eagles,"2011 4th round pick (116th overall, Casey Matthews) and 2012 4th round pick (99th overall subsequently traded, Ben Jones)",Casey Matthews),assetsReceived.philadelphia-eagles.3,assetsReceived.philadelphia-eagles.1
B_SUBSEQUENTLY_TRADED_MANUAL,src/data/nfl/trades.backup-before-batch-010-remaining-copy-v2-2026-07-05T06-21-43-282Z.json,4284,2012-2nd-round-pick-36th-overall-derek-wolfe-and-2012-4th-round-pick-101st-overall-omar-bo,DEN-2012-04-26-0326,,,Tampa Bay Buccaneers Win,Doug Martin,tampa-bay-buccaneers,tampa-bay-buccaneers,"2012 1st round pick (31st overall, Doug Martin) and 2012 4th round pick (126th overall subsequently traded, Jared Crick)",Doug Martin),assetsReceived.tampa-bay-buccaneers.0,assetsReceived.tampa-bay-buccaneers.2
B_SUBSEQUENTLY_TRADED_MANUAL,src/data/nfl/trades.backup-before-batch-010-remaining-copy-v2-2026-07-05T06-21-43-282Z.json,4285,2012-1st-round-pick-5th-overall-tampa-bay-buccaneers-2012,JAX-2012-0054,,,Tampa Bay Buccaneers Win,Mark Barron,tampa-bay-buccaneers,tampa-bay-buccaneers,"2012 1st round pick (7th overall, Mark Barron), 2012 4th round pick (101st overall subsequently traded, Omar Bolden)",Mark Barron),assetsReceived.tampa-bay-buccaneers.0,assetsReceived.tampa-bay-buccaneers.2
B_SUBSEQUENTLY_TRADED_MANUAL,src/data/nfl/trades.backup-before-batch-010-remaining-copy-v2-2026-07-05T06-21-43-282Z.json,4406,2014-7th-round-pick-221st-overall-randell-johnson-and-2015-5th-round-pick-137th,BUF-2014-0285,,,Buffalo Bills Win,Randell Johnson,buffalo-bills,buffalo-bills,"2014 7th round pick (221st overall, Randell Johnson) and 2015 5th round pick (137th overall subsequently traded, Grady Jarrett)",Randell Johnson),assetsReceived.buffalo-bills.0,assetsReceived.buffalo-bills.2
B_SUBSEQUENTLY_TRADED_MANUAL,src/data/nfl/trades.backup-before-batch-010-remaining-copy-v2-2026-07-05T06-21-43-282Z.json,4444,2015-2nd-round-pick-61st-overall-indianapolis-colts-2015,TB-2015-0233,,,Tampa Bay Buccaneers Win,Ali Marpet,tampa-bay-buccaneers,tampa-bay-buccaneers,"2015 2nd round pick (61st overall, Ali Marpet) and 2015 4th round pick (128th overall subsequently traded, Jon Feliciano)",Ali Marpet),assetsReceived.tampa-bay-buccaneers.3,assetsReceived.tampa-bay-buccaneers.1
B_SUBSEQUENTLY_TRADED_MANUAL,src/data/nfl/trades.backup-before-batch-010-remaining-copy-v2-2026-07-05T06-21-43-282Z.json,4486,2016-1st-round-pick-11th-overall-chicago-bears-2016,TB-2016-0235,,,Chicago Bears Win,Vernon Hargreaves,tampa-bay-buccaneers,tampa-bay-buccaneers,"2016 1st round pick (11th overall, Vernon Hargreaves) and 2016 4th round pick (106th overall subsequently traded, Eric Murray)",Vernon Hargreaves),assetsReceived.tampa-bay-buccaneers.3,assetsReceived.tampa-bay-buccaneers.1
B_SUBSEQUENTLY_TRADED_MANUAL,src/data/nfl/trades.backup-before-batch-010-remaining-copy-v2-2026-07-05T06-21-43-282Z.json,4560,2017-7th-round-pick-237th-overall-buccaneers-2017,MIA-2017-0273,,,Miami Dolphins Win,Isaiah Ford,miami-dolphins,miami-dolphins,"2017 7th round pick (237th overall, Isaiah Ford) and 2018 7th round pick (223rd overall subsequently traded, Jullian Taylor)",Isaiah Ford),assetsReceived.miami-dolphins.0,assetsReceived.miami-dolphins.2
B_SUBSEQUENTLY_TRADED_MANUAL,src/data/nfl/trades.backup-before-batch-010-remaining-copy-v2-2026-07-05T06-21-43-282Z.json,4646,2018-4th-round-pick-102nd-overall-jalyn-holmes-tampa-bay-buccaneers-2018,MIN-2018-0260,,,Tampa Bay Buccaneers Win,Jalyn Holmes,minnesota-vikings,minnesota-vikings,"2018 4th round pick (102nd overall, Jalyn Holmes) and 2018 6th round pick (180th overall subsequently traded, Folorunso Fatukasi)",Jalyn Holmes),assetsReceived.minnesota-vikings.0,assetsReceived.minnesota-vikings.2
B_SUBSEQUENTLY_TRADED_MANUAL,src/data/nfl/trades.backup-before-batch-010-remaining-copy-v2-2026-07-05T06-21-43-282Z.json,4825,2020-1st-round-pick-14th-overall-javon-kinlaw-tampa-bay-buccaneers-2020,SF-2020-0401,,,Tampa Bay Buccaneers Win,Javon Kinlaw,san-francisco-49ers,san-francisco-49ers,"2020 1st round pick (14th overall, Javon Kinlaw) and 2020 4th round pick (117th overall subsequently traded, D.J. Wonnum)",Javon Kinlaw),assetsReceived.san-francisco-49ers.0,assetsReceived.san-francisco-49ers.2
B_SUBSEQUENTLY_TRADED_MANUAL,src/data/nfl/trades.backup-before-batch-010-remaining-copy-v2-2026-07-05T06-21-43-282Z.json,4992,2022-1st-round-pick-27th-overall-tampa-bay-buccaneers-2022,JAX-2022-0089,,,Tampa Bay Buccaneers Win,Logan Hall,tampa-bay-buccaneers,tampa-bay-buccaneers,"2022 2nd round pick (33rd overall, Logan Hall), 2022 4th round pick (106th overall, Cade Otton), 2022 6th round pick (180th overall subsequently traded, Matt Araiza)",Logan Hall),assetsReceived.tampa-bay-buccaneers.0,assetsReceived.tampa-bay-buccaneers.2
B_SUBSEQUENTLY_TRADED_MANUAL,src/data/nfl/trades.backup-before-batch-010-remaining-copy-v2-2026-07-05T06-21-43-282Z.json,5016,2023-4th-round-pick-121st-overall-tampa-bay-buccaneers-2022,JAX-2022-0091,,,Jacksonville Jaguars Win,Zyon McCollum,tampa-bay-buccaneers,tampa-bay-buccaneers,"2022 5th round pick (157th overall, Zyon McCollum), 2022 7th round pick (235th overall subsequently traded, Daniel Hardy)",Zyon McCollum),assetsReceived.tampa-bay-buccaneers.0,assetsReceived.tampa-bay-buccaneers.2
B_SUBSEQUENTLY_TRADED_MANUAL,src/data/nfl/trades.backup-before-bottom-batch-001-auto-copy-v1-2026-07-04T06-25-32-122Z.json,3366,1995-1st-round-pick-12th-overall-philadelphia-eagles-1995,TB-1995-0155,,,Tampa Bay Buccaneers Win,Warren Sapp,tampa-bay-buccaneers,tampa-bay-buccaneers,"1995 1st round pick (12th overall, Warren Sapp), 1995 2nd round pick (43rd overall, Melvin Johnson) and 1995 2nd round pick (63rd overall subsequently traded, Shane Hannah)",Warren Sapp),assetsReceived.tampa-bay-buccaneers.3,assetsReceived.tampa-bay-buccaneers.1
B_SUBSEQUENTLY_TRADED_MANUAL,src/data/nfl/trades.backup-before-bottom-batch-001-auto-copy-v1-2026-07-04T06-25-32-122Z.json,3485,1998-1st-round-pick-23rd-overall-tampa-bay-buccaneers-1998,RAI-1998-0294,,,Oakland/Los Angeles/Las Vegas Raiders Win,Jacquez Green,tampa-bay-buccaneers,tampa-bay-buccaneers,"1998 2nd round pick (34th overall, Jacquez Green) and 1998 2nd round pick (59th overall subsequently traded, Mikhael Ricks)",Jacquez Green),assetsReceived.tampa-bay-buccaneers.0,assetsReceived.tampa-bay-buccaneers.2
B_SUBSEQUENTLY_TRADED_MANUAL,src/data/nfl/trades.backup-before-bottom-batch-001-auto-copy-v1-2026-07-04T06-25-32-122Z.json,3636,2001-1st-round-pick-21st-overall-nate-clements-and-2001-2nd-round-pick-51st-over,BUF-2001-0252,,,Buffalo Bills Win,Nate Clements,buffalo-bills,buffalo-bills,"2001 1st round pick (21st overall, Nate Clements) and 2001 2nd round pick (51st overall subsequently traded, Paul Toviessi)",Nate Clements),assetsReceived.buffalo-bills.0,assetsReceived.buffalo-bills.2
B_SUBSEQUENTLY_TRADED_MANUAL,src/data/nfl/trades.backup-before-bottom-batch-001-auto-copy-v1-2026-07-04T06-25-32-122Z.json,3830,keenan-mccardell-tampa-bay-buccaneers-2004,LAC-2004-0340,,,Los Angeles/San Diego Chargers Win,Chris Colmer,tampa-bay-buccaneers,tampa-bay-buccaneers,"2005 3rd round pick (91st overall, Chris Colmer) and 2005 6th round pick (203rd overall subsequently traded, Andrew Hoffman)",Chris Colmer),assetsReceived.tampa-bay-buccaneers.0,assetsReceived.tampa-bay-buccaneers.2
B_SUBSEQUENTLY_TRADED_MANUAL,src/data/nfl/trades.backup-before-bottom-batch-001-auto-copy-v1-2026-07-04T06-25-32-122Z.json,4026,2008-2nd-round-pick-52nd-overall-tampa-bay-buccaneers-2008,JAX-2008-0039,,,Tampa Bay Buccaneers Win,Dexter Jackson,tampa-bay-buccaneers,tampa-bay-buccaneers,"2008 2nd round pick (58th overall, Dexter Jackson), 2008 5th round pick (158th overall subsequently traded, Kellen Davis), 2009 7th round pick (217th overall, E.J. Biggers)",Dexter Jackson),assetsReceived.tampa-bay-buccaneers.0,assetsReceived.tampa-bay-buccaneers.2
B_SUBSEQUENTLY_TRADED_MANUAL,src/data/nfl/trades.backup-before-bottom-batch-001-auto-copy-v1-2026-07-04T06-25-32-122Z.json,4249,2011-4th-round-pick-104th-overall-philadelphia-eagles-2011,TB-2011-0215,,,Even Trade,Casey Matthews,philadelphia-eagles,philadelphia-eagles,"2011 4th round pick (116th overall, Casey Matthews) and 2012 4th round pick (99th overall subsequently traded, Ben Jones)",Casey Matthews),assetsReceived.philadelphia-eagles.3,assetsReceived.philadelphia-eagles.1
B_SUBSEQUENTLY_TRADED_MANUAL,src/data/nfl/trades.backup-before-bottom-batch-001-auto-copy-v1-2026-07-04T06-25-32-122Z.json,4284,2012-2nd-round-pick-36th-overall-derek-wolfe-and-2012-4th-round-pick-101st-overall-omar-bo,DEN-2012-04-26-0326,,,Tampa Bay Buccaneers Win,Doug Martin,tampa-bay-buccaneers,tampa-bay-buccaneers,"2012 1st round pick (31st overall, Doug Martin) and 2012 4th round pick (126th overall subsequently traded, Jared Crick)",Doug Martin),assetsReceived.tampa-bay-buccaneers.0,assetsReceived.tampa-bay-buccaneers.2
B_SUBSEQUENTLY_TRADED_MANUAL,src/data/nfl/trades.backup-before-bottom-batch-001-auto-copy-v1-2026-07-04T06-25-32-122Z.json,4285,2012-1st-round-pick-5th-overall-tampa-bay-buccaneers-2012,JAX-2012-0054,,,Tampa Bay Buccaneers Win,Mark Barron,tampa-bay-buccaneers,tampa-bay-buccaneers,"2012 1st round pick (7th overall, Mark Barron), 2012 4th round pick (101st overall subsequently traded, Omar Bolden)",Mark Barron),assetsReceived.tampa-bay-buccaneers.0,assetsReceived.tampa-bay-buccaneers.2
B_SUBSEQUENTLY_TRADED_MANUAL,src/data/nfl/trades.backup-before-bottom-batch-001-auto-copy-v1-2026-07-04T06-25-32-122Z.json,4406,2014-7th-round-pick-221st-overall-randell-johnson-and-2015-5th-round-pick-137th,BUF-2014-0285,,,Buffalo Bills Win,Randell Johnson,buffalo-bills,buffalo-bills,"2014 7th round pick (221st overall, Randell Johnson) and 2015 5th round pick (137th overall subsequently traded, Grady Jarrett)",Randell Johnson),assetsReceived.buffalo-bills.0,assetsReceived.buffalo-bills.2
B_SUBSEQUENTLY_TRADED_MANUAL,src/data/nfl/trades.backup-before-bottom-batch-001-auto-copy-v1-2026-07-04T06-25-32-122Z.json,4444,2015-2nd-round-pick-61st-overall-indianapolis-colts-2015,TB-2015-0233,,,Tampa Bay Buccaneers Win,Ali Marpet,tampa-bay-buccaneers,tampa-bay-buccaneers,"2015 2nd round pick (61st overall, Ali Marpet) and 2015 4th round pick (128th overall subsequently traded, Jon Feliciano)",Ali Marpet),assetsReceived.tampa-bay-buccaneers.3,assetsReceived.tampa-bay-buccaneers.1
B_SUBSEQUENTLY_TRADED_MANUAL,src/data/nfl/trades.backup-before-bottom-batch-001-auto-copy-v1-2026-07-04T06-25-32-122Z.json,4486,2016-1st-round-pick-11th-overall-chicago-bears-2016,TB-2016-0235,,,Chicago Bears Win,Vernon Hargreaves,tampa-bay-buccaneers,tampa-bay-buccaneers,"2016 1st round pick (11th overall, Vernon Hargreaves) and 2016 4th round pick (106th overall subsequently traded, Eric Murray)",Vernon Hargreaves),assetsReceived.tampa-bay-buccaneers.3,assetsReceived.tampa-bay-buccaneers.1
B_SUBSEQUENTLY_TRADED_MANUAL,src/data/nfl/trades.backup-before-bottom-batch-001-auto-copy-v1-2026-07-04T06-25-32-122Z.json,4560,2017-7th-round-pick-237th-overall-buccaneers-2017,MIA-2017-0273,,,Miami Dolphins Win,Isaiah Ford,miami-dolphins,miami-dolphins,"2017 7th round pick (237th overall, Isaiah Ford) and 2018 7th round pick (223rd overall subsequently traded, Jullian Taylor)",Isaiah Ford),assetsReceived.miami-dolphins.0,assetsReceived.miami-dolphins.2
B_SUBSEQUENTLY_TRADED_MANUAL,src/data/nfl/trades.backup-before-bottom-batch-001-auto-copy-v1-2026-07-04T06-25-32-122Z.json,4646,2018-4th-round-pick-102nd-overall-jalyn-holmes-tampa-bay-buccaneers-2018,MIN-2018-0260,,,Tampa Bay Buccaneers Win,Jalyn Holmes,minnesota-vikings,minnesota-vikings,"2018 4th round pick (102nd overall, Jalyn Holmes) and 2018 6th round pick (180th overall subsequently traded, Folorunso Fatukasi)",Jalyn Holmes),assetsReceived.minnesota-vikings.0,assetsReceived.minnesota-vikings.2
B_SUBSEQUENTLY_TRADED_MANUAL,src/data/nfl/trades.backup-before-bottom-batch-001-auto-copy-v1-2026-07-04T06-25-32-122Z.json,4825,2020-1st-round-pick-14th-overall-javon-kinlaw-tampa-bay-buccaneers-2020,SF-2020-0401,,,Tampa Bay Buccaneers Win,Javon Kinlaw,san-francisco-49ers,san-francisco-49ers,"2020 1st round pick (14th overall, Javon Kinlaw) and 2020 4th round pick (117th overall subsequently traded, D.J. Wonnum)",Javon Kinlaw),assetsReceived.san-francisco-49ers.0,assetsReceived.san-francisco-49ers.2
B_SUBSEQUENTLY_TRADED_MANUAL,src/data/nfl/trades.backup-before-bottom-batch-001-auto-copy-v1-2026-07-04T06-25-32-122Z.json,4993,2022-1st-round-pick-27th-overall-tampa-bay-buccaneers-2022,JAX-2022-0089,,,Tampa Bay Buccaneers Win,Logan Hall,tampa-bay-buccaneers,tampa-bay-buccaneers,"2022 2nd round pick (33rd overall, Logan Hall), 2022 4th round pick (106th overall, Cade Otton), 2022 6th round pick (180th overall subsequently traded, Matt Araiza)",Logan Hall),assetsReceived.tampa-bay-buccaneers.0,assetsReceived.tampa-bay-buccaneers.2
B_SUBSEQUENTLY_TRADED_MANUAL,src/data/nfl/trades.backup-before-bottom-batch-001-auto-copy-v1-2026-07-04T06-25-32-122Z.json,5017,2023-4th-round-pick-121st-overall-tampa-bay-buccaneers-2022,JAX-2022-0091,,,Jacksonville Jaguars Win,Zyon McCollum,tampa-bay-buccaneers,tampa-bay-buccaneers,"2022 5th round pick (157th overall, Zyon McCollum), 2022 7th round pick (235th overall subsequently traded, Daniel Hardy)",Zyon McCollum),assetsReceived.tampa-bay-buccaneers.0,assetsReceived.tampa-bay-buccaneers.2
B_SUBSEQUENTLY_TRADED_MANUAL,src/data/nfl/trades.backup-before-bottom-batch-001-final-six-v1-2026-07-04T06-30-56-642Z.json,3366,1995-1st-round-pick-12th-overall-philadelphia-eagles-1995,TB-1995-0155,,,Tampa Bay Buccaneers Win,Warren Sapp,tampa-bay-buccaneers,tampa-bay-buccaneers,"1995 1st round pick (12th overall, Warren Sapp), 1995 2nd round pick (43rd overall, Melvin Johnson) and 1995 2nd round pick (63rd overall subsequently traded, Shane Hannah)",Warren Sapp),assetsReceived.tampa-bay-buccaneers.3,assetsReceived.tampa-bay-buccaneers.1
B_SUBSEQUENTLY_TRADED_MANUAL,src/data/nfl/trades.backup-before-bottom-batch-001-final-six-v1-2026-07-04T06-30-56-642Z.json,3485,1998-1st-round-pick-23rd-overall-tampa-bay-buccaneers-1998,RAI-1998-0294,,,Oakland/Los Angeles/Las Vegas Raiders Win,Jacquez Green,tampa-bay-buccaneers,tampa-bay-buccaneers,"1998 2nd round pick (34th overall, Jacquez Green) and 1998 2nd round pick (59th overall subsequently traded, Mikhael Ricks)",Jacquez Green),assetsReceived.tampa-bay-buccaneers.0,assetsReceived.tampa-bay-buccaneers.2
B_SUBSEQUENTLY_TRADED_MANUAL,src/data/nfl/trades.backup-before-bottom-batch-001-final-six-v1-2026-07-04T06-30-56-642Z.json,3636,2001-1st-round-pick-21st-overall-nate-clements-and-2001-2nd-round-pick-51st-over,BUF-2001-0252,,,Buffalo Bills Win,Nate Clements,buffalo-bills,buffalo-bills,"2001 1st round pick (21st overall, Nate Clements) and 2001 2nd round pick (51st overall subsequently traded, Paul Toviessi)",Nate Clements),assetsReceived.buffalo-bills.0,assetsReceived.buffalo-bills.2
B_SUBSEQUENTLY_TRADED_MANUAL,src/data/nfl/trades.backup-before-bottom-batch-001-final-six-v1-2026-07-04T06-30-56-642Z.json,3830,keenan-mccardell-tampa-bay-buccaneers-2004,LAC-2004-0340,,,Los Angeles/San Diego Chargers Win,Chris Colmer,tampa-bay-buccaneers,tampa-bay-buccaneers,"2005 3rd round pick (91st overall, Chris Colmer) and 2005 6th round pick (203rd overall subsequently traded, Andrew Hoffman)",Chris Colmer),assetsReceived.tampa-bay-buccaneers.0,assetsReceived.tampa-bay-buccaneers.2
B_SUBSEQUENTLY_TRADED_MANUAL,src/data/nfl/trades.backup-before-bottom-batch-001-final-six-v1-2026-07-04T06-30-56-642Z.json,4026,2008-2nd-round-pick-52nd-overall-tampa-bay-buccaneers-2008,JAX-2008-0039,,,Tampa Bay Buccaneers Win,Dexter Jackson,tampa-bay-buccaneers,tampa-bay-buccaneers,"2008 2nd round pick (58th overall, Dexter Jackson), 2008 5th round pick (158th overall subsequently traded, Kellen Davis), 2009 7th round pick (217th overall, E.J. Biggers)",Dexter Jackson),assetsReceived.tampa-bay-buccaneers.0,assetsReceived.tampa-bay-buccaneers.2
B_SUBSEQUENTLY_TRADED_MANUAL,src/data/nfl/trades.backup-before-bottom-batch-001-final-six-v1-2026-07-04T06-30-56-642Z.json,4249,2011-4th-round-pick-104th-overall-philadelphia-eagles-2011,TB-2011-0215,,,Even Trade,Casey Matthews,philadelphia-eagles,philadelphia-eagles,"2011 4th round pick (116th overall, Casey Matthews) and 2012 4th round pick (99th overall subsequently traded, Ben Jones)",Casey Matthews),assetsReceived.philadelphia-eagles.3,assetsReceived.philadelphia-eagles.1
B_SUBSEQUENTLY_TRADED_MANUAL,src/data/nfl/trades.backup-before-bottom-batch-001-final-six-v1-2026-07-04T06-30-56-642Z.json,4284,2012-2nd-round-pick-36th-overall-derek-wolfe-and-2012-4th-round-pick-101st-overall-omar-bo,DEN-2012-04-26-0326,,,Tampa Bay Buccaneers Win,Doug Martin,tampa-bay-buccaneers,tampa-bay-buccaneers,"2012 1st round pick (31st overall, Doug Martin) and 2012 4th round pick (126th overall subsequently traded, Jared Crick)",Doug Martin),assetsReceived.tampa-bay-buccaneers.0,assetsReceived.tampa-bay-buccaneers.2
B_SUBSEQUENTLY_TRADED_MANUAL,src/data/nfl/trades.backup-before-bottom-batch-001-final-six-v1-2026-07-04T06-30-56-642Z.json,4285,2012-1st-round-pick-5th-overall-tampa-bay-buccaneers-2012,JAX-2012-0054,,,Tampa Bay Buccaneers Win,Mark Barron,tampa-bay-buccaneers,tampa-bay-buccaneers,"2012 1st round pick (7th overall, Mark Barron), 2012 4th round pick (101st overall subsequently traded, Omar Bolden)",Mark Barron),assetsReceived.tampa-bay-buccaneers.0,assetsReceived.tampa-bay-buccaneers.2
B_SUBSEQUENTLY_TRADED_MANUAL,src/data/nfl/trades.backup-before-bottom-batch-001-final-six-v1-2026-07-04T06-30-56-642Z.json,4406,2014-7th-round-pick-221st-overall-randell-johnson-and-2015-5th-round-pick-137th,BUF-2014-0285,,,Buffalo Bills Win,Randell Johnson,buffalo-bills,buffalo-bills,"2014 7th round pick (221st overall, Randell Johnson) and 2015 5th round pick (137th overall subsequently traded, Grady Jarrett)",Randell Johnson),assetsReceived.buffalo-bills.0,assetsReceived.buffalo-bills.2
B_SUBSEQUENTLY_TRADED_MANUAL,src/data/nfl/trades.backup-before-bottom-batch-001-final-six-v1-2026-07-04T06-30-56-642Z.json,4444,2015-2nd-round-pick-61st-overall-indianapolis-colts-2015,TB-2015-0233,,,Tampa Bay Buccaneers Win,Ali Marpet,tampa-bay-buccaneers,tampa-bay-buccaneers,"2015 2nd round pick (61st overall, Ali Marpet) and 2015 4th round pick (128th overall subsequently traded, Jon Feliciano)",Ali Marpet),assetsReceived.tampa-bay-buccaneers.3,assetsReceived.tampa-bay-buccaneers.1
B_SUBSEQUENTLY_TRADED_MANUAL,src/data/nfl/trades.backup-before-bottom-batch-001-final-six-v1-2026-07-04T06-30-56-642Z.json,4486,2016-1st-round-pick-11th-overall-chicago-bears-2016,TB-2016-0235,,,Chicago Bears Win,Vernon Hargreaves,tampa-bay-buccaneers,tampa-bay-buccaneers,"2016 1st round pick (11th overall, Vernon Hargreaves) and 2016 4th round pick (106th overall subsequently traded, Eric Murray)",Vernon Hargreaves),assetsReceived.tampa-bay-buccaneers.3,assetsReceived.tampa-bay-buccaneers.1
B_SUBSEQUENTLY_TRADED_MANUAL,src/data/nfl/trades.backup-before-bottom-batch-001-final-six-v1-2026-07-04T06-30-56-642Z.json,4560,2017-7th-round-pick-237th-overall-buccaneers-2017,MIA-2017-0273,,,Miami Dolphins Win,Isaiah Ford,miami-dolphins,miami-dolphins,"2017 7th round pick (237th overall, Isaiah Ford) and 2018 7th round pick (223rd overall subsequently traded, Jullian Taylor)",Isaiah Ford),assetsReceived.miami-dolphins.0,assetsReceived.miami-dolphins.2
B_SUBSEQUENTLY_TRADED_MANUAL,src/data/nfl/trades.backup-before-bottom-batch-001-final-six-v1-2026-07-04T06-30-56-642Z.json,4646,2018-4th-round-pick-102nd-overall-jalyn-holmes-tampa-bay-buccaneers-2018,MIN-2018-0260,,,Tampa Bay Buccaneers Win,Jalyn Holmes,minnesota-vikings,minnesota-vikings,"2018 4th round pick (102nd overall, Jalyn Holmes) and 2018 6th round pick (180th overall subsequently traded, Folorunso Fatukasi)",Jalyn Holmes),assetsReceived.minnesota-vikings.0,assetsReceived.minnesota-vikings.2
B_SUBSEQUENTLY_TRADED_MANUAL,src/data/nfl/trades.backup-before-bottom-batch-001-final-six-v1-2026-07-04T06-30-56-642Z.json,4825,2020-1st-round-pick-14th-overall-javon-kinlaw-tampa-bay-buccaneers-2020,SF-2020-0401,,,Tampa Bay Buccaneers Win,Javon Kinlaw,san-francisco-49ers,san-francisco-49ers,"2020 1st round pick (14th overall, Javon Kinlaw) and 2020 4th round pick (117th overall subsequently traded, D.J. Wonnum)",Javon Kinlaw),assetsReceived.san-francisco-49ers.0,assetsReceived.san-francisco-49ers.2
B_SUBSEQUENTLY_TRADED_MANUAL,src/data/nfl/trades.backup-before-bottom-batch-001-final-six-v1-2026-07-04T06-30-56-642Z.json,4993,2022-1st-round-pick-27th-overall-tampa-bay-buccaneers-2022,JAX-2022-0089,,,Tampa Bay Buccaneers Win,Logan Hall,tampa-bay-buccaneers,tampa-bay-buccaneers,"2022 2nd round pick (33rd overall, Logan Hall), 2022 4th round pick (106th overall, Cade Otton), 2022 6th round pick (180th overall subsequently traded, Matt Araiza)",Logan Hall),assetsReceived.tampa-bay-buccaneers.0,assetsReceived.tampa-bay-buccaneers.2
B_SUBSEQUENTLY_TRADED_MANUAL,src/data/nfl/trades.backup-before-bottom-batch-001-final-six-v1-2026-07-04T06-30-56-642Z.json,5017,2023-4th-round-pick-121st-overall-tampa-bay-buccaneers-2022,JAX-2022-0091,,,Jacksonville Jaguars Win,Zyon McCollum,tampa-bay-buccaneers,tampa-bay-buccaneers,"2022 5th round pick (157th overall, Zyon McCollum), 2022 7th round pick (235th overall subsequently traded, Daniel Hardy)",Zyon McCollum),assetsReceived.tampa-bay-buccaneers.0,assetsReceived.tampa-bay-buccaneers.2
B_SUBSEQUENTLY_TRADED_MANUAL,src/data/nfl/trades.backup-before-bottom-batch-002-auto-copy-v1-2026-07-04T06-45-05-024Z.json,3366,1995-1st-round-pick-12th-overall-philadelphia-eagles-1995,TB-1995-0155,,,Tampa Bay Buccaneers Win,Warren Sapp,tampa-bay-buccaneers,tampa-bay-buccaneers,"1995 1st round pick (12th overall, Warren Sapp), 1995 2nd round pick (43rd overall, Melvin Johnson) and 1995 2nd round pick (63rd overall subsequently traded, Shane Hannah)",Warren Sapp),assetsReceived.tampa-bay-buccaneers.3,assetsReceived.tampa-bay-buccaneers.1
B_SUBSEQUENTLY_TRADED_MANUAL,src/data/nfl/trades.backup-before-bottom-batch-002-auto-copy-v1-2026-07-04T06-45-05-024Z.json,3485,1998-1st-round-pick-23rd-overall-tampa-bay-buccaneers-1998,RAI-1998-0294,,,Oakland/Los Angeles/Las Vegas Raiders Win,Jacquez Green,tampa-bay-buccaneers,tampa-bay-buccaneers,"1998 2nd round pick (34th overall, Jacquez Green) and 1998 2nd round pick (59th overall subsequently traded, Mikhael Ricks)",Jacquez Green),assetsReceived.tampa-bay-buccaneers.0,assetsReceived.tampa-bay-buccaneers.2
B_SUBSEQUENTLY_TRADED_MANUAL,src/data/nfl/trades.backup-before-bottom-batch-002-auto-copy-v1-2026-07-04T06-45-05-024Z.json,3636,2001-1st-round-pick-21st-overall-nate-clements-and-2001-2nd-round-pick-51st-over,BUF-2001-0252,,,Buffalo Bills Win,Nate Clements,buffalo-bills,buffalo-bills,"2001 1st round pick (21st overall, Nate Clements) and 2001 2nd round pick (51st overall subsequently traded, Paul Toviessi)",Nate Clements),assetsReceived.buffalo-bills.0,assetsReceived.buffalo-bills.2
B_SUBSEQUENTLY_TRADED_MANUAL,src/data/nfl/trades.backup-before-bottom-batch-002-auto-copy-v1-2026-07-04T06-45-05-024Z.json,3830,keenan-mccardell-tampa-bay-buccaneers-2004,LAC-2004-0340,,,Los Angeles/San Diego Chargers Win,Chris Colmer,tampa-bay-buccaneers,tampa-bay-buccaneers,"2005 3rd round pick (91st overall, Chris Colmer) and 2005 6th round pick (203rd overall subsequently traded, Andrew Hoffman)",Chris Colmer),assetsReceived.tampa-bay-buccaneers.0,assetsReceived.tampa-bay-buccaneers.2
B_SUBSEQUENTLY_TRADED_MANUAL,src/data/nfl/trades.backup-before-bottom-batch-002-auto-copy-v1-2026-07-04T06-45-05-024Z.json,4026,2008-2nd-round-pick-52nd-overall-tampa-bay-buccaneers-2008,JAX-2008-0039,,,Tampa Bay Buccaneers Win,Dexter Jackson,tampa-bay-buccaneers,tampa-bay-buccaneers,"2008 2nd round pick (58th overall, Dexter Jackson), 2008 5th round pick (158th overall subsequently traded, Kellen Davis), 2009 7th round pick (217th overall, E.J. Biggers)",Dexter Jackson),assetsReceived.tampa-bay-buccaneers.0,assetsReceived.tampa-bay-buccaneers.2
B_SUBSEQUENTLY_TRADED_MANUAL,src/data/nfl/trades.backup-before-bottom-batch-002-auto-copy-v1-2026-07-04T06-45-05-024Z.json,4249,2011-4th-round-pick-104th-overall-philadelphia-eagles-2011,TB-2011-0215,,,Even Trade,Casey Matthews,philadelphia-eagles,philadelphia-eagles,"2011 4th round pick (116th overall, Casey Matthews) and 2012 4th round pick (99th overall subsequently traded, Ben Jones)",Casey Matthews),assetsReceived.philadelphia-eagles.3,assetsReceived.philadelphia-eagles.1
B_SUBSEQUENTLY_TRADED_MANUAL,src/data/nfl/trades.backup-before-bottom-batch-002-auto-copy-v1-2026-07-04T06-45-05-024Z.json,4284,2012-2nd-round-pick-36th-overall-derek-wolfe-and-2012-4th-round-pick-101st-overall-omar-bo,DEN-2012-04-26-0326,,,Tampa Bay Buccaneers Win,Doug Martin,tampa-bay-buccaneers,tampa-bay-buccaneers,"2012 1st round pick (31st overall, Doug Martin) and 2012 4th round pick (126th overall subsequently traded, Jared Crick)",Doug Martin),assetsReceived.tampa-bay-buccaneers.0,assetsReceived.tampa-bay-buccaneers.2
B_SUBSEQUENTLY_TRADED_MANUAL,src/data/nfl/trades.backup-before-bottom-batch-002-auto-copy-v1-2026-07-04T06-45-05-024Z.json,4285,2012-1st-round-pick-5th-overall-tampa-bay-buccaneers-2012,JAX-2012-0054,,,Tampa Bay Buccaneers Win,Mark Barron,tampa-bay-buccaneers,tampa-bay-buccaneers,"2012 1st round pick (7th overall, Mark Barron), 2012 4th round pick (101st overall subsequently traded, Omar Bolden)",Mark Barron),assetsReceived.tampa-bay-buccaneers.0,assetsReceived.tampa-bay-buccaneers.2
B_SUBSEQUENTLY_TRADED_MANUAL,src/data/nfl/trades.backup-before-bottom-batch-002-auto-copy-v1-2026-07-04T06-45-05-024Z.json,4406,2014-7th-round-pick-221st-overall-randell-johnson-and-2015-5th-round-pick-137th,BUF-2014-0285,,,Buffalo Bills Win,Randell Johnson,buffalo-bills,buffalo-bills,"2014 7th round pick (221st overall, Randell Johnson) and 2015 5th round pick (137th overall subsequently traded, Grady Jarrett)",Randell Johnson),assetsReceived.buffalo-bills.0,assetsReceived.buffalo-bills.2
B_SUBSEQUENTLY_TRADED_MANUAL,src/data/nfl/trades.backup-before-bottom-batch-002-auto-copy-v1-2026-07-04T06-45-05-024Z.json,4444,2015-2nd-round-pick-61st-overall-indianapolis-colts-2015,TB-2015-0233,,,Tampa Bay Buccaneers Win,Ali Marpet,tampa-bay-buccaneers,tampa-bay-buccaneers,"2015 2nd round pick (61st overall, Ali Marpet) and 2015 4th round pick (128th overall subsequently traded, Jon Feliciano)",Ali Marpet),assetsReceived.tampa-bay-buccaneers.3,assetsReceived.tampa-bay-buccaneers.1
B_SUBSEQUENTLY_TRADED_MANUAL,src/data/nfl/trades.backup-before-bottom-batch-002-auto-copy-v1-2026-07-04T06-45-05-024Z.json,4486,2016-1st-round-pick-11th-overall-chicago-bears-2016,TB-2016-0235,,,Chicago Bears Win,Vernon Hargreaves,tampa-bay-buccaneers,tampa-bay-buccaneers,"2016 1st round pick (11th overall, Vernon Hargreaves) and 2016 4th round pick (106th overall subsequently traded, Eric Murray)",Vernon Hargreaves),assetsReceived.tampa-bay-buccaneers.3,assetsReceived.tampa-bay-buccaneers.1
B_SUBSEQUENTLY_TRADED_MANUAL,src/data/nfl/trades.backup-before-bottom-batch-002-auto-copy-v1-2026-07-04T06-45-05-024Z.json,4560,2017-7th-round-pick-237th-overall-buccaneers-2017,MIA-2017-0273,,,Miami Dolphins Win,Isaiah Ford,miami-dolphins,miami-dolphins,"2017 7th round pick (237th overall, Isaiah Ford) and 2018 7th round pick (223rd overall subsequently traded, Jullian Taylor)",Isaiah Ford),assetsReceived.miami-dolphins.0,assetsReceived.miami-dolphins.2
B_SUBSEQUENTLY_TRADED_MANUAL,src/data/nfl/trades.backup-before-bottom-batch-002-auto-copy-v1-2026-07-04T06-45-05-024Z.json,4646,2018-4th-round-pick-102nd-overall-jalyn-holmes-tampa-bay-buccaneers-2018,MIN-2018-0260,,,Tampa Bay Buccaneers Win,Jalyn Holmes,minnesota-vikings,minnesota-vikings,"2018 4th round pick (102nd overall, Jalyn Holmes) and 2018 6th round pick (180th overall subsequently traded, Folorunso Fatukasi)",Jalyn Holmes),assetsReceived.minnesota-vikings.0,assetsReceived.minnesota-vikings.2
B_SUBSEQUENTLY_TRADED_MANUAL,src/data/nfl/trades.backup-before-bottom-batch-002-auto-copy-v1-2026-07-04T06-45-05-024Z.json,4825,2020-1st-round-pick-14th-overall-javon-kinlaw-tampa-bay-buccaneers-2020,SF-2020-0401,,,Tampa Bay Buccaneers Win,Javon Kinlaw,san-francisco-49ers,san-francisco-49ers,"2020 1st round pick (14th overall, Javon Kinlaw) and 2020 4th round pick (117th overall subsequently traded, D.J. Wonnum)",Javon Kinlaw),assetsReceived.san-francisco-49ers.0,assetsReceived.san-francisco-49ers.2
B_SUBSEQUENTLY_TRADED_MANUAL,src/data/nfl/trades.backup-before-bottom-batch-002-auto-copy-v1-2026-07-04T06-45-05-024Z.json,4993,2022-1st-round-pick-27th-overall-tampa-bay-buccaneers-2022,JAX-2022-0089,,,Tampa Bay Buccaneers Win,Logan Hall,tampa-bay-buccaneers,tampa-bay-buccaneers,"2022 2nd round pick (33rd overall, Logan Hall), 2022 4th round pick (106th overall, Cade Otton), 2022 6th round pick (180th overall subsequently traded, Matt Araiza)",Logan Hall),assetsReceived.tampa-bay-buccaneers.0,assetsReceived.tampa-bay-buccaneers.2
B_SUBSEQUENTLY_TRADED_MANUAL,src/data/nfl/trades.backup-before-bottom-batch-002-auto-copy-v1-2026-07-04T06-45-05-024Z.json,5017,2023-4th-round-pick-121st-overall-tampa-bay-buccaneers-2022,JAX-2022-0091,,,Jacksonville Jaguars Win,Zyon McCollum,tampa-bay-buccaneers,tampa-bay-buccaneers,"2022 5th round pick (157th overall, Zyon McCollum), 2022 7th round pick (235th overall subsequently traded, Daniel Hardy)",Zyon McCollum),assetsReceived.tampa-bay-buccaneers.0,assetsReceived.tampa-bay-buccaneers.2
B_SUBSEQUENTLY_TRADED_MANUAL,src/data/nfl/trades.backup-before-bottom-batch-002-final-11-v1-2026-07-04T06-51-35-821Z.json,3366,1995-1st-round-pick-12th-overall-philadelphia-eagles-1995,TB-1995-0155,,,Tampa Bay Buccaneers Win,Warren Sapp,tampa-bay-buccaneers,tampa-bay-buccaneers,"1995 1st round pick (12th overall, Warren Sapp), 1995 2nd round pick (43rd overall, Melvin Johnson) and 1995 2nd round pick (63rd overall subsequently traded, Shane Hannah)",Warren Sapp),assetsReceived.tampa-bay-buccaneers.3,assetsReceived.tampa-bay-buccaneers.1
B_SUBSEQUENTLY_TRADED_MANUAL,src/data/nfl/trades.backup-before-bottom-batch-002-final-11-v1-2026-07-04T06-51-35-821Z.json,3485,1998-1st-round-pick-23rd-overall-tampa-bay-buccaneers-1998,RAI-1998-0294,,,Oakland/Los Angeles/Las Vegas Raiders Win,Jacquez Green,tampa-bay-buccaneers,tampa-bay-buccaneers,"1998 2nd round pick (34th overall, Jacquez Green) and 1998 2nd round pick (59th overall subsequently traded, Mikhael Ricks)",Jacquez Green),assetsReceived.tampa-bay-buccaneers.0,assetsReceived.tampa-bay-buccaneers.2
B_SUBSEQUENTLY_TRADED_MANUAL,src/data/nfl/trades.backup-before-bottom-batch-002-final-11-v1-2026-07-04T06-51-35-821Z.json,3636,2001-1st-round-pick-21st-overall-nate-clements-and-2001-2nd-round-pick-51st-over,BUF-2001-0252,,,Buffalo Bills Win,Nate Clements,buffalo-bills,buffalo-bills,"2001 1st round pick (21st overall, Nate Clements) and 2001 2nd round pick (51st overall subsequently traded, Paul Toviessi)",Nate Clements),assetsReceived.buffalo-bills.0,assetsReceived.buffalo-bills.2
B_SUBSEQUENTLY_TRADED_MANUAL,src/data/nfl/trades.backup-before-bottom-batch-002-final-11-v1-2026-07-04T06-51-35-821Z.json,3830,keenan-mccardell-tampa-bay-buccaneers-2004,LAC-2004-0340,,,Los Angeles/San Diego Chargers Win,Chris Colmer,tampa-bay-buccaneers,tampa-bay-buccaneers,"2005 3rd round pick (91st overall, Chris Colmer) and 2005 6th round pick (203rd overall subsequently traded, Andrew Hoffman)",Chris Colmer),assetsReceived.tampa-bay-buccaneers.0,assetsReceived.tampa-bay-buccaneers.2
B_SUBSEQUENTLY_TRADED_MANUAL,src/data/nfl/trades.backup-before-bottom-batch-002-final-11-v1-2026-07-04T06-51-35-821Z.json,4026,2008-2nd-round-pick-52nd-overall-tampa-bay-buccaneers-2008,JAX-2008-0039,,,Tampa Bay Buccaneers Win,Dexter Jackson,tampa-bay-buccaneers,tampa-bay-buccaneers,"2008 2nd round pick (58th overall, Dexter Jackson), 2008 5th round pick (158th overall subsequently traded, Kellen Davis), 2009 7th round pick (217th overall, E.J. Biggers)",Dexter Jackson),assetsReceived.tampa-bay-buccaneers.0,assetsReceived.tampa-bay-buccaneers.2
B_SUBSEQUENTLY_TRADED_MANUAL,src/data/nfl/trades.backup-before-bottom-batch-002-final-11-v1-2026-07-04T06-51-35-821Z.json,4249,2011-4th-round-pick-104th-overall-philadelphia-eagles-2011,TB-2011-0215,,,Even Trade,Casey Matthews,philadelphia-eagles,philadelphia-eagles,"2011 4th round pick (116th overall, Casey Matthews) and 2012 4th round pick (99th overall subsequently traded, Ben Jones)",Casey Matthews),assetsReceived.philadelphia-eagles.3,assetsReceived.philadelphia-eagles.1
B_SUBSEQUENTLY_TRADED_MANUAL,src/data/nfl/trades.backup-before-bottom-batch-002-final-11-v1-2026-07-04T06-51-35-821Z.json,4284,2012-2nd-round-pick-36th-overall-derek-wolfe-and-2012-4th-round-pick-101st-overall-omar-bo,DEN-2012-04-26-0326,,,Tampa Bay Buccaneers Win,Doug Martin,tampa-bay-buccaneers,tampa-bay-buccaneers,"2012 1st round pick (31st overall, Doug Martin) and 2012 4th round pick (126th overall subsequently traded, Jared Crick)",Doug Martin),assetsReceived.tampa-bay-buccaneers.0,assetsReceived.tampa-bay-buccaneers.2
B_SUBSEQUENTLY_TRADED_MANUAL,src/data/nfl/trades.backup-before-bottom-batch-002-final-11-v1-2026-07-04T06-51-35-821Z.json,4285,2012-1st-round-pick-5th-overall-tampa-bay-buccaneers-2012,JAX-2012-0054,,,Tampa Bay Buccaneers Win,Mark Barron,tampa-bay-buccaneers,tampa-bay-buccaneers,"2012 1st round pick (7th overall, Mark Barron), 2012 4th round pick (101st overall subsequently traded, Omar Bolden)",Mark Barron),assetsReceived.tampa-bay-buccaneers.0,assetsReceived.tampa-bay-buccaneers.2
B_SUBSEQUENTLY_TRADED_MANUAL,src/data/nfl/trades.backup-before-bottom-batch-002-final-11-v1-2026-07-04T06-51-35-821Z.json,4406,2014-7th-round-pick-221st-overall-randell-johnson-and-2015-5th-round-pick-137th,BUF-2014-0285,,,Buffalo Bills Win,Randell Johnson,buffalo-bills,buffalo-bills,"2014 7th round pick (221st overall, Randell Johnson) and 2015 5th round pick (137th overall subsequently traded, Grady Jarrett)",Randell Johnson),assetsReceived.buffalo-bills.0,assetsReceived.buffalo-bills.2
B_SUBSEQUENTLY_TRADED_MANUAL,src/data/nfl/trades.backup-before-bottom-batch-002-final-11-v1-2026-07-04T06-51-35-821Z.json,4444,2015-2nd-round-pick-61st-overall-indianapolis-colts-2015,TB-2015-0233,,,Tampa Bay Buccaneers Win,Ali Marpet,tampa-bay-buccaneers,tampa-bay-buccaneers,"2015 2nd round pick (61st overall, Ali Marpet) and 2015 4th round pick (128th overall subsequently traded, Jon Feliciano)",Ali Marpet),assetsReceived.tampa-bay-buccaneers.3,assetsReceived.tampa-bay-buccaneers.1
B_SUBSEQUENTLY_TRADED_MANUAL,src/data/nfl/trades.backup-before-bottom-batch-002-final-11-v1-2026-07-04T06-51-35-821Z.json,4486,2016-1st-round-pick-11th-overall-chicago-bears-2016,TB-2016-0235,,,Chicago Bears Win,Vernon Hargreaves,tampa-bay-buccaneers,tampa-bay-buccaneers,"2016 1st round pick (11th overall, Vernon Hargreaves) and 2016 4th round pick (106th overall subsequently traded, Eric Murray)",Vernon Hargreaves),assetsReceived.tampa-bay-buccaneers.3,assetsReceived.tampa-bay-buccaneers.1
B_SUBSEQUENTLY_TRADED_MANUAL,src/data/nfl/trades.backup-before-bottom-batch-002-final-11-v1-2026-07-04T06-51-35-821Z.json,4560,2017-7th-round-pick-237th-overall-buccaneers-2017,MIA-2017-0273,,,Miami Dolphins Win,Isaiah Ford,miami-dolphins,miami-dolphins,"2017 7th round pick (237th overall, Isaiah Ford) and 2018 7th round pick (223rd overall subsequently traded, Jullian Taylor)",Isaiah Ford),assetsReceived.miami-dolphins.0,assetsReceived.miami-dolphins.2
B_SUBSEQUENTLY_TRADED_MANUAL,src/data/nfl/trades.backup-before-bottom-batch-002-final-11-v1-2026-07-04T06-51-35-821Z.json,4646,2018-4th-round-pick-102nd-overall-jalyn-holmes-tampa-bay-buccaneers-2018,MIN-2018-0260,,,Tampa Bay Buccaneers Win,Jalyn Holmes,minnesota-vikings,minnesota-vikings,"2018 4th round pick (102nd overall, Jalyn Holmes) and 2018 6th round pick (180th overall subsequently traded, Folorunso Fatukasi)",Jalyn Holmes),assetsReceived.minnesota-vikings.0,assetsReceived.minnesota-vikings.2
B_SUBSEQUENTLY_TRADED_MANUAL,src/data/nfl/trades.backup-before-bottom-batch-002-final-11-v1-2026-07-04T06-51-35-821Z.json,4825,2020-1st-round-pick-14th-overall-javon-kinlaw-tampa-bay-buccaneers-2020,SF-2020-0401,,,Tampa Bay Buccaneers Win,Javon Kinlaw,san-francisco-49ers,san-francisco-49ers,"2020 1st round pick (14th overall, Javon Kinlaw) and 2020 4th round pick (117th overall subsequently traded, D.J. Wonnum)",Javon Kinlaw),assetsReceived.san-francisco-49ers.0,assetsReceived.san-francisco-49ers.2
B_SUBSEQUENTLY_TRADED_MANUAL,src/data/nfl/trades.backup-before-bottom-batch-002-final-11-v1-2026-07-04T06-51-35-821Z.json,4993,2022-1st-round-pick-27th-overall-tampa-bay-buccaneers-2022,JAX-2022-0089,,,Tampa Bay Buccaneers Win,Logan Hall,tampa-bay-buccaneers,tampa-bay-buccaneers,"2022 2nd round pick (33rd overall, Logan Hall), 2022 4th round pick (106th overall, Cade Otton), 2022 6th round pick (180th overall subsequently traded, Matt Araiza)",Logan Hall),assetsReceived.tampa-bay-buccaneers.0,assetsReceived.tampa-bay-buccaneers.2
B_SUBSEQUENTLY_TRADED_MANUAL,src/data/nfl/trades.backup-before-bottom-batch-002-final-11-v1-2026-07-04T06-51-35-821Z.json,5017,2023-4th-round-pick-121st-overall-tampa-bay-buccaneers-2022,JAX-2022-0091,,,Jacksonville Jaguars Win,Zyon McCollum,tampa-bay-buccaneers,tampa-bay-buccaneers,"2022 5th round pick (157th overall, Zyon McCollum), 2022 7th round pick (235th overall subsequently traded, Daniel Hardy)",Zyon McCollum),assetsReceived.tampa-bay-buccaneers.0,assetsReceived.tampa-bay-buccaneers.2
B_SUBSEQUENTLY_TRADED_MANUAL,src/data/nfl/trades.backup-before-bottom-batch-003-auto-copy-v1-2026-07-04T07-20-54-209Z.json,3366,1995-1st-round-pick-12th-overall-philadelphia-eagles-1995,TB-1995-0155,,,Tampa Bay Buccaneers Win,Warren Sapp,tampa-bay-buccaneers,tampa-bay-buccaneers,"1995 1st round pick (12th overall, Warren Sapp), 1995 2nd round pick (43rd overall, Melvin Johnson) and 1995 2nd round pick (63rd overall subsequently traded, Shane Hannah)",Warren Sapp),assetsReceived.tampa-bay-buccaneers.3,assetsReceived.tampa-bay-buccaneers.1
B_SUBSEQUENTLY_TRADED_MANUAL,src/data/nfl/trades.backup-before-bottom-batch-003-auto-copy-v1-2026-07-04T07-20-54-209Z.json,3485,1998-1st-round-pick-23rd-overall-tampa-bay-buccaneers-1998,RAI-1998-0294,,,Oakland/Los Angeles/Las Vegas Raiders Win,Jacquez Green,tampa-bay-buccaneers,tampa-bay-buccaneers,"1998 2nd round pick (34th overall, Jacquez Green) and 1998 2nd round pick (59th overall subsequently traded, Mikhael Ricks)",Jacquez Green),assetsReceived.tampa-bay-buccaneers.0,assetsReceived.tampa-bay-buccaneers.2
B_SUBSEQUENTLY_TRADED_MANUAL,src/data/nfl/trades.backup-before-bottom-batch-003-auto-copy-v1-2026-07-04T07-20-54-209Z.json,3636,2001-1st-round-pick-21st-overall-nate-clements-and-2001-2nd-round-pick-51st-over,BUF-2001-0252,,,Buffalo Bills Win,Nate Clements,buffalo-bills,buffalo-bills,"2001 1st round pick (21st overall, Nate Clements) and 2001 2nd round pick (51st overall subsequently traded, Paul Toviessi)",Nate Clements),assetsReceived.buffalo-bills.0,assetsReceived.buffalo-bills.2
B_SUBSEQUENTLY_TRADED_MANUAL,src/data/nfl/trades.backup-before-bottom-batch-003-auto-copy-v1-2026-07-04T07-20-54-209Z.json,3830,keenan-mccardell-tampa-bay-buccaneers-2004,LAC-2004-0340,,,Los Angeles/San Diego Chargers Win,Chris Colmer,tampa-bay-buccaneers,tampa-bay-buccaneers,"2005 3rd round pick (91st overall, Chris Colmer) and 2005 6th round pick (203rd overall subsequently traded, Andrew Hoffman)",Chris Colmer),assetsReceived.tampa-bay-buccaneers.0,assetsReceived.tampa-bay-buccaneers.2
B_SUBSEQUENTLY_TRADED_MANUAL,src/data/nfl/trades.backup-before-bottom-batch-003-auto-copy-v1-2026-07-04T07-20-54-209Z.json,4026,2008-2nd-round-pick-52nd-overall-tampa-bay-buccaneers-2008,JAX-2008-0039,,,Tampa Bay Buccaneers Win,Dexter Jackson,tampa-bay-buccaneers,tampa-bay-buccaneers,"2008 2nd round pick (58th overall, Dexter Jackson), 2008 5th round pick (158th overall subsequently traded, Kellen Davis), 2009 7th round pick (217th overall, E.J. Biggers)",Dexter Jackson),assetsReceived.tampa-bay-buccaneers.0,assetsReceived.tampa-bay-buccaneers.2
B_SUBSEQUENTLY_TRADED_MANUAL,src/data/nfl/trades.backup-before-bottom-batch-003-auto-copy-v1-2026-07-04T07-20-54-209Z.json,4249,2011-4th-round-pick-104th-overall-philadelphia-eagles-2011,TB-2011-0215,,,Even Trade,Casey Matthews,philadelphia-eagles,philadelphia-eagles,"2011 4th round pick (116th overall, Casey Matthews) and 2012 4th round pick (99th overall subsequently traded, Ben Jones)",Casey Matthews),assetsReceived.philadelphia-eagles.3,assetsReceived.philadelphia-eagles.1
B_SUBSEQUENTLY_TRADED_MANUAL,src/data/nfl/trades.backup-before-bottom-batch-003-auto-copy-v1-2026-07-04T07-20-54-209Z.json,4284,2012-2nd-round-pick-36th-overall-derek-wolfe-and-2012-4th-round-pick-101st-overall-omar-bo,DEN-2012-04-26-0326,,,Tampa Bay Buccaneers Win,Doug Martin,tampa-bay-buccaneers,tampa-bay-buccaneers,"2012 1st round pick (31st overall, Doug Martin) and 2012 4th round pick (126th overall subsequently traded, Jared Crick)",Doug Martin),assetsReceived.tampa-bay-buccaneers.0,assetsReceived.tampa-bay-buccaneers.2
B_SUBSEQUENTLY_TRADED_MANUAL,src/data/nfl/trades.backup-before-bottom-batch-003-auto-copy-v1-2026-07-04T07-20-54-209Z.json,4285,2012-1st-round-pick-5th-overall-tampa-bay-buccaneers-2012,JAX-2012-0054,,,Tampa Bay Buccaneers Win,Mark Barron,tampa-bay-buccaneers,tampa-bay-buccaneers,"2012 1st round pick (7th overall, Mark Barron), 2012 4th round pick (101st overall subsequently traded, Omar Bolden)",Mark Barron),assetsReceived.tampa-bay-buccaneers.0,assetsReceived.tampa-bay-buccaneers.2
B_SUBSEQUENTLY_TRADED_MANUAL,src/data/nfl/trades.backup-before-bottom-batch-003-auto-copy-v1-2026-07-04T07-20-54-209Z.json,4406,2014-7th-round-pick-221st-overall-randell-johnson-and-2015-5th-round-pick-137th,BUF-2014-0285,,,Buffalo Bills Win,Randell Johnson,buffalo-bills,buffalo-bills,"2014 7th round pick (221st overall, Randell Johnson) and 2015 5th round pick (137th overall subsequently traded, Grady Jarrett)",Randell Johnson),assetsReceived.buffalo-bills.0,assetsReceived.buffalo-bills.2
B_SUBSEQUENTLY_TRADED_MANUAL,src/data/nfl/trades.backup-before-bottom-batch-003-auto-copy-v1-2026-07-04T07-20-54-209Z.json,4444,2015-2nd-round-pick-61st-overall-indianapolis-colts-2015,TB-2015-0233,,,Tampa Bay Buccaneers Win,Ali Marpet,tampa-bay-buccaneers,tampa-bay-buccaneers,"2015 2nd round pick (61st overall, Ali Marpet) and 2015 4th round pick (128th overall subsequently traded, Jon Feliciano)",Ali Marpet),assetsReceived.tampa-bay-buccaneers.3,assetsReceived.tampa-bay-buccaneers.1
B_SUBSEQUENTLY_TRADED_MANUAL,src/data/nfl/trades.backup-before-bottom-batch-003-auto-copy-v1-2026-07-04T07-20-54-209Z.json,4486,2016-1st-round-pick-11th-overall-chicago-bears-2016,TB-2016-0235,,,Chicago Bears Win,Vernon Hargreaves,tampa-bay-buccaneers,tampa-bay-buccaneers,"2016 1st round pick (11th overall, Vernon Hargreaves) and 2016 4th round pick (106th overall subsequently traded, Eric Murray)",Vernon Hargreaves),assetsReceived.tampa-bay-buccaneers.3,assetsReceived.tampa-bay-buccaneers.1
B_SUBSEQUENTLY_TRADED_MANUAL,src/data/nfl/trades.backup-before-bottom-batch-003-auto-copy-v1-2026-07-04T07-20-54-209Z.json,4560,2017-7th-round-pick-237th-overall-buccaneers-2017,MIA-2017-0273,,,Miami Dolphins Win,Isaiah Ford,miami-dolphins,miami-dolphins,"2017 7th round pick (237th overall, Isaiah Ford) and 2018 7th round pick (223rd overall subsequently traded, Jullian Taylor)",Isaiah Ford),assetsReceived.miami-dolphins.0,assetsReceived.miami-dolphins.2
B_SUBSEQUENTLY_TRADED_MANUAL,src/data/nfl/trades.backup-before-bottom-batch-003-auto-copy-v1-2026-07-04T07-20-54-209Z.json,4646,2018-4th-round-pick-102nd-overall-jalyn-holmes-tampa-bay-buccaneers-2018,MIN-2018-0260,,,Tampa Bay Buccaneers Win,Jalyn Holmes,minnesota-vikings,minnesota-vikings,"2018 4th round pick (102nd overall, Jalyn Holmes) and 2018 6th round pick (180th overall subsequently traded, Folorunso Fatukasi)",Jalyn Holmes),assetsReceived.minnesota-vikings.0,assetsReceived.minnesota-vikings.2
B_SUBSEQUENTLY_TRADED_MANUAL,src/data/nfl/trades.backup-before-bottom-batch-003-auto-copy-v1-2026-07-04T07-20-54-209Z.json,4825,2020-1st-round-pick-14th-overall-javon-kinlaw-tampa-bay-buccaneers-2020,SF-2020-0401,,,Tampa Bay Buccaneers Win,Javon Kinlaw,san-francisco-49ers,san-francisco-49ers,"2020 1st round pick (14th overall, Javon Kinlaw) and 2020 4th round pick (117th overall subsequently traded, D.J. Wonnum)",Javon Kinlaw),assetsReceived.san-francisco-49ers.0,assetsReceived.san-francisco-49ers.2
B_SUBSEQUENTLY_TRADED_MANUAL,src/data/nfl/trades.backup-before-bottom-batch-003-auto-copy-v1-2026-07-04T07-20-54-209Z.json,4993,2022-1st-round-pick-27th-overall-tampa-bay-buccaneers-2022,JAX-2022-0089,,,Tampa Bay Buccaneers Win,Logan Hall,tampa-bay-buccaneers,tampa-bay-buccaneers,"2022 2nd round pick (33rd overall, Logan Hall), 2022 4th round pick (106th overall, Cade Otton), 2022 6th round pick (180th overall subsequently traded, Matt Araiza)",Logan Hall),assetsReceived.tampa-bay-buccaneers.0,assetsReceived.tampa-bay-buccaneers.2
B_SUBSEQUENTLY_TRADED_MANUAL,src/data/nfl/trades.backup-before-bottom-batch-003-auto-copy-v1-2026-07-04T07-20-54-209Z.json,5017,2023-4th-round-pick-121st-overall-tampa-bay-buccaneers-2022,JAX-2022-0091,,,Jacksonville Jaguars Win,Zyon McCollum,tampa-bay-buccaneers,tampa-bay-buccaneers,"2022 5th round pick (157th overall, Zyon McCollum), 2022 7th round pick (235th overall subsequently traded, Daniel Hardy)",Zyon McCollum),assetsReceived.tampa-bay-buccaneers.0,assetsReceived.tampa-bay-buccaneers.2
B_SUBSEQUENTLY_TRADED_MANUAL,src/data/nfl/trades.backup-before-bottom-batch-003-final-13-v1-2026-07-04T07-30-06-855Z.json,3366,1995-1st-round-pick-12th-overall-philadelphia-eagles-1995,TB-1995-0155,,,Tampa Bay Buccaneers Win,Warren Sapp,tampa-bay-buccaneers,tampa-bay-buccaneers,"1995 1st round pick (12th overall, Warren Sapp), 1995 2nd round pick (43rd overall, Melvin Johnson) and 1995 2nd round pick (63rd overall subsequently traded, Shane Hannah)",Warren Sapp),assetsReceived.tampa-bay-buccaneers.3,assetsReceived.tampa-bay-buccaneers.1
B_SUBSEQUENTLY_TRADED_MANUAL,src/data/nfl/trades.backup-before-bottom-batch-003-final-13-v1-2026-07-04T07-30-06-855Z.json,3485,1998-1st-round-pick-23rd-overall-tampa-bay-buccaneers-1998,RAI-1998-0294,,,Oakland/Los Angeles/Las Vegas Raiders Win,Jacquez Green,tampa-bay-buccaneers,tampa-bay-buccaneers,"1998 2nd round pick (34th overall, Jacquez Green) and 1998 2nd round pick (59th overall subsequently traded, Mikhael Ricks)",Jacquez Green),assetsReceived.tampa-bay-buccaneers.0,assetsReceived.tampa-bay-buccaneers.2
B_SUBSEQUENTLY_TRADED_MANUAL,src/data/nfl/trades.backup-before-bottom-batch-003-final-13-v1-2026-07-04T07-30-06-855Z.json,3636,2001-1st-round-pick-21st-overall-nate-clements-and-2001-2nd-round-pick-51st-over,BUF-2001-0252,,,Buffalo Bills Win,Nate Clements,buffalo-bills,buffalo-bills,"2001 1st round pick (21st overall, Nate Clements) and 2001 2nd round pick (51st overall subsequently traded, Paul Toviessi)",Nate Clements),assetsReceived.buffalo-bills.0,assetsReceived.buffalo-bills.2
B_SUBSEQUENTLY_TRADED_MANUAL,src/data/nfl/trades.backup-before-bottom-batch-003-final-13-v1-2026-07-04T07-30-06-855Z.json,3830,keenan-mccardell-tampa-bay-buccaneers-2004,LAC-2004-0340,,,Los Angeles/San Diego Chargers Win,Chris Colmer,tampa-bay-buccaneers,tampa-bay-buccaneers,"2005 3rd round pick (91st overall, Chris Colmer) and 2005 6th round pick (203rd overall subsequently traded, Andrew Hoffman)",Chris Colmer),assetsReceived.tampa-bay-buccaneers.0,assetsReceived.tampa-bay-buccaneers.2
B_SUBSEQUENTLY_TRADED_MANUAL,src/data/nfl/trades.backup-before-bottom-batch-003-final-13-v1-2026-07-04T07-30-06-855Z.json,4026,2008-2nd-round-pick-52nd-overall-tampa-bay-buccaneers-2008,JAX-2008-0039,,,Tampa Bay Buccaneers Win,Dexter Jackson,tampa-bay-buccaneers,tampa-bay-buccaneers,"2008 2nd round pick (58th overall, Dexter Jackson), 2008 5th round pick (158th overall subsequently traded, Kellen Davis), 2009 7th round pick (217th overall, E.J. Biggers)",Dexter Jackson),assetsReceived.tampa-bay-buccaneers.0,assetsReceived.tampa-bay-buccaneers.2
B_SUBSEQUENTLY_TRADED_MANUAL,src/data/nfl/trades.backup-before-bottom-batch-003-final-13-v1-2026-07-04T07-30-06-855Z.json,4249,2011-4th-round-pick-104th-overall-philadelphia-eagles-2011,TB-2011-0215,,,Even Trade,Casey Matthews,philadelphia-eagles,philadelphia-eagles,"2011 4th round pick (116th overall, Casey Matthews) and 2012 4th round pick (99th overall subsequently traded, Ben Jones)",Casey Matthews),assetsReceived.philadelphia-eagles.3,assetsReceived.philadelphia-eagles.1
B_SUBSEQUENTLY_TRADED_MANUAL,src/data/nfl/trades.backup-before-bottom-batch-003-final-13-v1-2026-07-04T07-30-06-855Z.json,4284,2012-2nd-round-pick-36th-overall-derek-wolfe-and-2012-4th-round-pick-101st-overall-omar-bo,DEN-2012-04-26-0326,,,Tampa Bay Buccaneers Win,Doug Martin,tampa-bay-buccaneers,tampa-bay-buccaneers,"2012 1st round pick (31st overall, Doug Martin) and 2012 4th round pick (126th overall subsequently traded, Jared Crick)",Doug Martin),assetsReceived.tampa-bay-buccaneers.0,assetsReceived.tampa-bay-buccaneers.2
B_SUBSEQUENTLY_TRADED_MANUAL,src/data/nfl/trades.backup-before-bottom-batch-003-final-13-v1-2026-07-04T07-30-06-855Z.json,4285,2012-1st-round-pick-5th-overall-tampa-bay-buccaneers-2012,JAX-2012-0054,,,Tampa Bay Buccaneers Win,Mark Barron,tampa-bay-buccaneers,tampa-bay-buccaneers,"2012 1st round pick (7th overall, Mark Barron), 2012 4th round pick (101st overall subsequently traded, Omar Bolden)",Mark Barron),assetsReceived.tampa-bay-buccaneers.0,assetsReceived.tampa-bay-buccaneers.2
B_SUBSEQUENTLY_TRADED_MANUAL,src/data/nfl/trades.backup-before-bottom-batch-003-final-13-v1-2026-07-04T07-30-06-855Z.json,4406,2014-7th-round-pick-221st-overall-randell-johnson-and-2015-5th-round-pick-137th,BUF-2014-0285,,,Buffalo Bills Win,Randell Johnson,buffalo-bills,buffalo-bills,"2014 7th round pick (221st overall, Randell Johnson) and 2015 5th round pick (137th overall subsequently traded, Grady Jarrett)",Randell Johnson),assetsReceived.buffalo-bills.0,assetsReceived.buffalo-bills.2
B_SUBSEQUENTLY_TRADED_MANUAL,src/data/nfl/trades.backup-before-bottom-batch-003-final-13-v1-2026-07-04T07-30-06-855Z.json,4444,2015-2nd-round-pick-61st-overall-indianapolis-colts-2015,TB-2015-0233,,,Tampa Bay Buccaneers Win,Ali Marpet,tampa-bay-buccaneers,tampa-bay-buccaneers,"2015 2nd round pick (61st overall, Ali Marpet) and 2015 4th round pick (128th overall subsequently traded, Jon Feliciano)",Ali Marpet),assetsReceived.tampa-bay-buccaneers.3,assetsReceived.tampa-bay-buccaneers.1
B_SUBSEQUENTLY_TRADED_MANUAL,src/data/nfl/trades.backup-before-bottom-batch-003-final-13-v1-2026-07-04T07-30-06-855Z.json,4486,2016-1st-round-pick-11th-overall-chicago-bears-2016,TB-2016-0235,,,Chicago Bears Win,Vernon Hargreaves,tampa-bay-buccaneers,tampa-bay-buccaneers,"2016 1st round pick (11th overall, Vernon Hargreaves) and 2016 4th round pick (106th overall subsequently traded, Eric Murray)",Vernon Hargreaves),assetsReceived.tampa-bay-buccaneers.3,assetsReceived.tampa-bay-buccaneers.1
B_SUBSEQUENTLY_TRADED_MANUAL,src/data/nfl/trades.backup-before-bottom-batch-003-final-13-v1-2026-07-04T07-30-06-855Z.json,4560,2017-7th-round-pick-237th-overall-buccaneers-2017,MIA-2017-0273,,,Miami Dolphins Win,Isaiah Ford,miami-dolphins,miami-dolphins,"2017 7th round pick (237th overall, Isaiah Ford) and 2018 7th round pick (223rd overall subsequently traded, Jullian Taylor)",Isaiah Ford),assetsReceived.miami-dolphins.0,assetsReceived.miami-dolphins.2
B_SUBSEQUENTLY_TRADED_MANUAL,src/data/nfl/trades.backup-before-bottom-batch-003-final-13-v1-2026-07-04T07-30-06-855Z.json,4646,2018-4th-round-pick-102nd-overall-jalyn-holmes-tampa-bay-buccaneers-2018,MIN-2018-0260,,,Tampa Bay Buccaneers Win,Jalyn Holmes,minnesota-vikings,minnesota-vikings,"2018 4th round pick (102nd overall, Jalyn Holmes) and 2018 6th round pick (180th overall subsequently traded, Folorunso Fatukasi)",Jalyn Holmes),assetsReceived.minnesota-vikings.0,assetsReceived.minnesota-vikings.2
B_SUBSEQUENTLY_TRADED_MANUAL,src/data/nfl/trades.backup-before-bottom-batch-003-final-13-v1-2026-07-04T07-30-06-855Z.json,4825,2020-1st-round-pick-14th-overall-javon-kinlaw-tampa-bay-buccaneers-2020,SF-2020-0401,,,Tampa Bay Buccaneers Win,Javon Kinlaw,san-francisco-49ers,san-francisco-49ers,"2020 1st round pick (14th overall, Javon Kinlaw) and 2020 4th round pick (117th overall subsequently traded, D.J. Wonnum)",Javon Kinlaw),assetsReceived.san-francisco-49ers.0,assetsReceived.san-francisco-49ers.2
B_SUBSEQUENTLY_TRADED_MANUAL,src/data/nfl/trades.backup-before-bottom-batch-003-final-13-v1-2026-07-04T07-30-06-855Z.json,4993,2022-1st-round-pick-27th-overall-tampa-bay-buccaneers-2022,JAX-2022-0089,,,Tampa Bay Buccaneers Win,Logan Hall,tampa-bay-buccaneers,tampa-bay-buccaneers,"2022 2nd round pick (33rd overall, Logan Hall), 2022 4th round pick (106th overall, Cade Otton), 2022 6th round pick (180th overall subsequently traded, Matt Araiza)",Logan Hall),assetsReceived.tampa-bay-buccaneers.0,assetsReceived.tampa-bay-buccaneers.2
B_SUBSEQUENTLY_TRADED_MANUAL,src/data/nfl/trades.backup-before-bottom-batch-003-final-13-v1-2026-07-04T07-30-06-855Z.json,5017,2023-4th-round-pick-121st-overall-tampa-bay-buccaneers-2022,JAX-2022-0091,,,Jacksonville Jaguars Win,Zyon McCollum,tampa-bay-buccaneers,tampa-bay-buccaneers,"2022 5th round pick (157th overall, Zyon McCollum), 2022 7th round pick (235th overall subsequently traded, Daniel Hardy)",Zyon McCollum),assetsReceived.tampa-bay-buccaneers.0,assetsReceived.tampa-bay-buccaneers.2
B_SUBSEQUENTLY_TRADED_MANUAL,src/data/nfl/trades.backup-before-bottom-batch-004-auto-copy-v1-2026-07-04T07-40-43-250Z.json,3366,1995-1st-round-pick-12th-overall-philadelphia-eagles-1995,TB-1995-0155,,,Tampa Bay Buccaneers Win,Warren Sapp,tampa-bay-buccaneers,tampa-bay-buccaneers,"1995 1st round pick (12th overall, Warren Sapp), 1995 2nd round pick (43rd overall, Melvin Johnson) and 1995 2nd round pick (63rd overall subsequently traded, Shane Hannah)",Warren Sapp),assetsReceived.tampa-bay-buccaneers.3,assetsReceived.tampa-bay-buccaneers.1
B_SUBSEQUENTLY_TRADED_MANUAL,src/data/nfl/trades.backup-before-bottom-batch-004-auto-copy-v1-2026-07-04T07-40-43-250Z.json,3485,1998-1st-round-pick-23rd-overall-tampa-bay-buccaneers-1998,RAI-1998-0294,,,Oakland/Los Angeles/Las Vegas Raiders Win,Jacquez Green,tampa-bay-buccaneers,tampa-bay-buccaneers,"1998 2nd round pick (34th overall, Jacquez Green) and 1998 2nd round pick (59th overall subsequently traded, Mikhael Ricks)",Jacquez Green),assetsReceived.tampa-bay-buccaneers.0,assetsReceived.tampa-bay-buccaneers.2
B_SUBSEQUENTLY_TRADED_MANUAL,src/data/nfl/trades.backup-before-bottom-batch-004-auto-copy-v1-2026-07-04T07-40-43-250Z.json,3636,2001-1st-round-pick-21st-overall-nate-clements-and-2001-2nd-round-pick-51st-over,BUF-2001-0252,,,Buffalo Bills Win,Nate Clements,buffalo-bills,buffalo-bills,"2001 1st round pick (21st overall, Nate Clements) and 2001 2nd round pick (51st overall subsequently traded, Paul Toviessi)",Nate Clements),assetsReceived.buffalo-bills.0,assetsReceived.buffalo-bills.2
B_SUBSEQUENTLY_TRADED_MANUAL,src/data/nfl/trades.backup-before-bottom-batch-004-auto-copy-v1-2026-07-04T07-40-43-250Z.json,3830,keenan-mccardell-tampa-bay-buccaneers-2004,LAC-2004-0340,,,Los Angeles/San Diego Chargers Win,Chris Colmer,tampa-bay-buccaneers,tampa-bay-buccaneers,"2005 3rd round pick (91st overall, Chris Colmer) and 2005 6th round pick (203rd overall subsequently traded, Andrew Hoffman)",Chris Colmer),assetsReceived.tampa-bay-buccaneers.0,assetsReceived.tampa-bay-buccaneers.2
B_SUBSEQUENTLY_TRADED_MANUAL,src/data/nfl/trades.backup-before-bottom-batch-004-auto-copy-v1-2026-07-04T07-40-43-250Z.json,4026,2008-2nd-round-pick-52nd-overall-tampa-bay-buccaneers-2008,JAX-2008-0039,,,Tampa Bay Buccaneers Win,Dexter Jackson,tampa-bay-buccaneers,tampa-bay-buccaneers,"2008 2nd round pick (58th overall, Dexter Jackson), 2008 5th round pick (158th overall subsequently traded, Kellen Davis), 2009 7th round pick (217th overall, E.J. Biggers)",Dexter Jackson),assetsReceived.tampa-bay-buccaneers.0,assetsReceived.tampa-bay-buccaneers.2
B_SUBSEQUENTLY_TRADED_MANUAL,src/data/nfl/trades.backup-before-bottom-batch-004-auto-copy-v1-2026-07-04T07-40-43-250Z.json,4249,2011-4th-round-pick-104th-overall-philadelphia-eagles-2011,TB-2011-0215,,,Even Trade,Casey Matthews,philadelphia-eagles,philadelphia-eagles,"2011 4th round pick (116th overall, Casey Matthews) and 2012 4th round pick (99th overall subsequently traded, Ben Jones)",Casey Matthews),assetsReceived.philadelphia-eagles.3,assetsReceived.philadelphia-eagles.1
B_SUBSEQUENTLY_TRADED_MANUAL,src/data/nfl/trades.backup-before-bottom-batch-004-auto-copy-v1-2026-07-04T07-40-43-250Z.json,4284,2012-2nd-round-pick-36th-overall-derek-wolfe-and-2012-4th-round-pick-101st-overall-omar-bo,DEN-2012-04-26-0326,,,Tampa Bay Buccaneers Win,Doug Martin,tampa-bay-buccaneers,tampa-bay-buccaneers,"2012 1st round pick (31st overall, Doug Martin) and 2012 4th round pick (126th overall subsequently traded, Jared Crick)",Doug Martin),assetsReceived.tampa-bay-buccaneers.0,assetsReceived.tampa-bay-buccaneers.2
B_SUBSEQUENTLY_TRADED_MANUAL,src/data/nfl/trades.backup-before-bottom-batch-004-auto-copy-v1-2026-07-04T07-40-43-250Z.json,4285,2012-1st-round-pick-5th-overall-tampa-bay-buccaneers-2012,JAX-2012-0054,,,Tampa Bay Buccaneers Win,Mark Barron,tampa-bay-buccaneers,tampa-bay-buccaneers,"2012 1st round pick (7th overall, Mark Barron), 2012 4th round pick (101st overall subsequently traded, Omar Bolden)",Mark Barron),assetsReceived.tampa-bay-buccaneers.0,assetsReceived.tampa-bay-buccaneers.2
B_SUBSEQUENTLY_TRADED_MANUAL,src/data/nfl/trades.backup-before-bottom-batch-004-auto-copy-v1-2026-07-04T07-40-43-250Z.json,4406,2014-7th-round-pick-221st-overall-randell-johnson-and-2015-5th-round-pick-137th,BUF-2014-0285,,,Buffalo Bills Win,Randell Johnson,buffalo-bills,buffalo-bills,"2014 7th round pick (221st overall, Randell Johnson) and 2015 5th round pick (137th overall subsequently traded, Grady Jarrett)",Randell Johnson),assetsReceived.buffalo-bills.0,assetsReceived.buffalo-bills.2
B_SUBSEQUENTLY_TRADED_MANUAL,src/data/nfl/trades.backup-before-bottom-batch-004-auto-copy-v1-2026-07-04T07-40-43-250Z.json,4444,2015-2nd-round-pick-61st-overall-indianapolis-colts-2015,TB-2015-0233,,,Tampa Bay Buccaneers Win,Ali Marpet,tampa-bay-buccaneers,tampa-bay-buccaneers,"2015 2nd round pick (61st overall, Ali Marpet) and 2015 4th round pick (128th overall subsequently traded, Jon Feliciano)",Ali Marpet),assetsReceived.tampa-bay-buccaneers.3,assetsReceived.tampa-bay-buccaneers.1
B_SUBSEQUENTLY_TRADED_MANUAL,src/data/nfl/trades.backup-before-bottom-batch-004-auto-copy-v1-2026-07-04T07-40-43-250Z.json,4486,2016-1st-round-pick-11th-overall-chicago-bears-2016,TB-2016-0235,,,Chicago Bears Win,Vernon Hargreaves,tampa-bay-buccaneers,tampa-bay-buccaneers,"2016 1st round pick (11th overall, Vernon Hargreaves) and 2016 4th round pick (106th overall subsequently traded, Eric Murray)",Vernon Hargreaves),assetsReceived.tampa-bay-buccaneers.3,assetsReceived.tampa-bay-buccaneers.1
B_SUBSEQUENTLY_TRADED_MANUAL,src/data/nfl/trades.backup-before-bottom-batch-004-auto-copy-v1-2026-07-04T07-40-43-250Z.json,4560,2017-7th-round-pick-237th-overall-buccaneers-2017,MIA-2017-0273,,,Miami Dolphins Win,Isaiah Ford,miami-dolphins,miami-dolphins,"2017 7th round pick (237th overall, Isaiah Ford) and 2018 7th round pick (223rd overall subsequently traded, Jullian Taylor)",Isaiah Ford),assetsReceived.miami-dolphins.0,assetsReceived.miami-dolphins.2
B_SUBSEQUENTLY_TRADED_MANUAL,src/data/nfl/trades.backup-before-bottom-batch-004-auto-copy-v1-2026-07-04T07-40-43-250Z.json,4646,2018-4th-round-pick-102nd-overall-jalyn-holmes-tampa-bay-buccaneers-2018,MIN-2018-0260,,,Tampa Bay Buccaneers Win,Jalyn Holmes,minnesota-vikings,minnesota-vikings,"2018 4th round pick (102nd overall, Jalyn Holmes) and 2018 6th round pick (180th overall subsequently traded, Folorunso Fatukasi)",Jalyn Holmes),assetsReceived.minnesota-vikings.0,assetsReceived.minnesota-vikings.2
B_SUBSEQUENTLY_TRADED_MANUAL,src/data/nfl/trades.backup-before-bottom-batch-004-auto-copy-v1-2026-07-04T07-40-43-250Z.json,4825,2020-1st-round-pick-14th-overall-javon-kinlaw-tampa-bay-buccaneers-2020,SF-2020-0401,,,Tampa Bay Buccaneers Win,Javon Kinlaw,san-francisco-49ers,san-francisco-49ers,"2020 1st round pick (14th overall, Javon Kinlaw) and 2020 4th round pick (117th overall subsequently traded, D.J. Wonnum)",Javon Kinlaw),assetsReceived.san-francisco-49ers.0,assetsReceived.san-francisco-49ers.2
B_SUBSEQUENTLY_TRADED_MANUAL,src/data/nfl/trades.backup-before-bottom-batch-004-auto-copy-v1-2026-07-04T07-40-43-250Z.json,4993,2022-1st-round-pick-27th-overall-tampa-bay-buccaneers-2022,JAX-2022-0089,,,Tampa Bay Buccaneers Win,Logan Hall,tampa-bay-buccaneers,tampa-bay-buccaneers,"2022 2nd round pick (33rd overall, Logan Hall), 2022 4th round pick (106th overall, Cade Otton), 2022 6th round pick (180th overall subsequently traded, Matt Araiza)",Logan Hall),assetsReceived.tampa-bay-buccaneers.0,assetsReceived.tampa-bay-buccaneers.2
B_SUBSEQUENTLY_TRADED_MANUAL,src/data/nfl/trades.backup-before-bottom-batch-004-auto-copy-v1-2026-07-04T07-40-43-250Z.json,5017,2023-4th-round-pick-121st-overall-tampa-bay-buccaneers-2022,JAX-2022-0091,,,Jacksonville Jaguars Win,Zyon McCollum,tampa-bay-buccaneers,tampa-bay-buccaneers,"2022 5th round pick (157th overall, Zyon McCollum), 2022 7th round pick (235th overall subsequently traded, Daniel Hardy)",Zyon McCollum),assetsReceived.tampa-bay-buccaneers.0,assetsReceived.tampa-bay-buccaneers.2
B_SUBSEQUENTLY_TRADED_MANUAL,src/data/nfl/trades.backup-before-bottom-batch-004-auto-copy-v1-2026-07-04T07-41-45-593Z.json,3366,1995-1st-round-pick-12th-overall-philadelphia-eagles-1995,TB-1995-0155,,,Tampa Bay Buccaneers Win,Warren Sapp,tampa-bay-buccaneers,tampa-bay-buccaneers,"1995 1st round pick (12th overall, Warren Sapp), 1995 2nd round pick (43rd overall, Melvin Johnson) and 1995 2nd round pick (63rd overall subsequently traded, Shane Hannah)",Warren Sapp),assetsReceived.tampa-bay-buccaneers.3,assetsReceived.tampa-bay-buccaneers.1
B_SUBSEQUENTLY_TRADED_MANUAL,src/data/nfl/trades.backup-before-bottom-batch-004-auto-copy-v1-2026-07-04T07-41-45-593Z.json,3485,1998-1st-round-pick-23rd-overall-tampa-bay-buccaneers-1998,RAI-1998-0294,,,Oakland/Los Angeles/Las Vegas Raiders Win,Jacquez Green,tampa-bay-buccaneers,tampa-bay-buccaneers,"1998 2nd round pick (34th overall, Jacquez Green) and 1998 2nd round pick (59th overall subsequently traded, Mikhael Ricks)",Jacquez Green),assetsReceived.tampa-bay-buccaneers.0,assetsReceived.tampa-bay-buccaneers.2
B_SUBSEQUENTLY_TRADED_MANUAL,src/data/nfl/trades.backup-before-bottom-batch-004-auto-copy-v1-2026-07-04T07-41-45-593Z.json,3636,2001-1st-round-pick-21st-overall-nate-clements-and-2001-2nd-round-pick-51st-over,BUF-2001-0252,,,Buffalo Bills Win,Nate Clements,buffalo-bills,buffalo-bills,"2001 1st round pick (21st overall, Nate Clements) and 2001 2nd round pick (51st overall subsequently traded, Paul Toviessi)",Nate Clements),assetsReceived.buffalo-bills.0,assetsReceived.buffalo-bills.2
B_SUBSEQUENTLY_TRADED_MANUAL,src/data/nfl/trades.backup-before-bottom-batch-004-auto-copy-v1-2026-07-04T07-41-45-593Z.json,3830,keenan-mccardell-tampa-bay-buccaneers-2004,LAC-2004-0340,,,Los Angeles/San Diego Chargers Win,Chris Colmer,tampa-bay-buccaneers,tampa-bay-buccaneers,"2005 3rd round pick (91st overall, Chris Colmer) and 2005 6th round pick (203rd overall subsequently traded, Andrew Hoffman)",Chris Colmer),assetsReceived.tampa-bay-buccaneers.0,assetsReceived.tampa-bay-buccaneers.2
B_SUBSEQUENTLY_TRADED_MANUAL,src/data/nfl/trades.backup-before-bottom-batch-004-auto-copy-v1-2026-07-04T07-41-45-593Z.json,4026,2008-2nd-round-pick-52nd-overall-tampa-bay-buccaneers-2008,JAX-2008-0039,,,Tampa Bay Buccaneers Win,Dexter Jackson,tampa-bay-buccaneers,tampa-bay-buccaneers,"2008 2nd round pick (58th overall, Dexter Jackson), 2008 5th round pick (158th overall subsequently traded, Kellen Davis), 2009 7th round pick (217th overall, E.J. Biggers)",Dexter Jackson),assetsReceived.tampa-bay-buccaneers.0,assetsReceived.tampa-bay-buccaneers.2
B_SUBSEQUENTLY_TRADED_MANUAL,src/data/nfl/trades.backup-before-bottom-batch-004-auto-copy-v1-2026-07-04T07-41-45-593Z.json,4249,2011-4th-round-pick-104th-overall-philadelphia-eagles-2011,TB-2011-0215,,,Even Trade,Casey Matthews,philadelphia-eagles,philadelphia-eagles,"2011 4th round pick (116th overall, Casey Matthews) and 2012 4th round pick (99th overall subsequently traded, Ben Jones)",Casey Matthews),assetsReceived.philadelphia-eagles.3,assetsReceived.philadelphia-eagles.1
B_SUBSEQUENTLY_TRADED_MANUAL,src/data/nfl/trades.backup-before-bottom-batch-004-auto-copy-v1-2026-07-04T07-41-45-593Z.json,4284,2012-2nd-round-pick-36th-overall-derek-wolfe-and-2012-4th-round-pick-101st-overall-omar-bo,DEN-2012-04-26-0326,,,Tampa Bay Buccaneers Win,Doug Martin,tampa-bay-buccaneers,tampa-bay-buccaneers,"2012 1st round pick (31st overall, Doug Martin) and 2012 4th round pick (126th overall subsequently traded, Jared Crick)",Doug Martin),assetsReceived.tampa-bay-buccaneers.0,assetsReceived.tampa-bay-buccaneers.2
B_SUBSEQUENTLY_TRADED_MANUAL,src/data/nfl/trades.backup-before-bottom-batch-004-auto-copy-v1-2026-07-04T07-41-45-593Z.json,4285,2012-1st-round-pick-5th-overall-tampa-bay-buccaneers-2012,JAX-2012-0054,,,Tampa Bay Buccaneers Win,Mark Barron,tampa-bay-buccaneers,tampa-bay-buccaneers,"2012 1st round pick (7th overall, Mark Barron), 2012 4th round pick (101st overall subsequently traded, Omar Bolden)",Mark Barron),assetsReceived.tampa-bay-buccaneers.0,assetsReceived.tampa-bay-buccaneers.2
B_SUBSEQUENTLY_TRADED_MANUAL,src/data/nfl/trades.backup-before-bottom-batch-004-auto-copy-v1-2026-07-04T07-41-45-593Z.json,4406,2014-7th-round-pick-221st-overall-randell-johnson-and-2015-5th-round-pick-137th,BUF-2014-0285,,,Buffalo Bills Win,Randell Johnson,buffalo-bills,buffalo-bills,"2014 7th round pick (221st overall, Randell Johnson) and 2015 5th round pick (137th overall subsequently traded, Grady Jarrett)",Randell Johnson),assetsReceived.buffalo-bills.0,assetsReceived.buffalo-bills.2
B_SUBSEQUENTLY_TRADED_MANUAL,src/data/nfl/trades.backup-before-bottom-batch-004-auto-copy-v1-2026-07-04T07-41-45-593Z.json,4444,2015-2nd-round-pick-61st-overall-indianapolis-colts-2015,TB-2015-0233,,,Tampa Bay Buccaneers Win,Ali Marpet,tampa-bay-buccaneers,tampa-bay-buccaneers,"2015 2nd round pick (61st overall, Ali Marpet) and 2015 4th round pick (128th overall subsequently traded, Jon Feliciano)",Ali Marpet),assetsReceived.tampa-bay-buccaneers.3,assetsReceived.tampa-bay-buccaneers.1
B_SUBSEQUENTLY_TRADED_MANUAL,src/data/nfl/trades.backup-before-bottom-batch-004-auto-copy-v1-2026-07-04T07-41-45-593Z.json,4486,2016-1st-round-pick-11th-overall-chicago-bears-2016,TB-2016-0235,,,Chicago Bears Win,Vernon Hargreaves,tampa-bay-buccaneers,tampa-bay-buccaneers,"2016 1st round pick (11th overall, Vernon Hargreaves) and 2016 4th round pick (106th overall subsequently traded, Eric Murray)",Vernon Hargreaves),assetsReceived.tampa-bay-buccaneers.3,assetsReceived.tampa-bay-buccaneers.1
B_SUBSEQUENTLY_TRADED_MANUAL,src/data/nfl/trades.backup-before-bottom-batch-004-auto-copy-v1-2026-07-04T07-41-45-593Z.json,4560,2017-7th-round-pick-237th-overall-buccaneers-2017,MIA-2017-0273,,,Miami Dolphins Win,Isaiah Ford,miami-dolphins,miami-dolphins,"2017 7th round pick (237th overall, Isaiah Ford) and 2018 7th round pick (223rd overall subsequently traded, Jullian Taylor)",Isaiah Ford),assetsReceived.miami-dolphins.0,assetsReceived.miami-dolphins.2
B_SUBSEQUENTLY_TRADED_MANUAL,src/data/nfl/trades.backup-before-bottom-batch-004-auto-copy-v1-2026-07-04T07-41-45-593Z.json,4646,2018-4th-round-pick-102nd-overall-jalyn-holmes-tampa-bay-buccaneers-2018,MIN-2018-0260,,,Tampa Bay Buccaneers Win,Jalyn Holmes,minnesota-vikings,minnesota-vikings,"2018 4th round pick (102nd overall, Jalyn Holmes) and 2018 6th round pick (180th overall subsequently traded, Folorunso Fatukasi)",Jalyn Holmes),assetsReceived.minnesota-vikings.0,assetsReceived.minnesota-vikings.2
B_SUBSEQUENTLY_TRADED_MANUAL,src/data/nfl/trades.backup-before-bottom-batch-004-auto-copy-v1-2026-07-04T07-41-45-593Z.json,4825,2020-1st-round-pick-14th-overall-javon-kinlaw-tampa-bay-buccaneers-2020,SF-2020-0401,,,Tampa Bay Buccaneers Win,Javon Kinlaw,san-francisco-49ers,san-francisco-49ers,"2020 1st round pick (14th overall, Javon Kinlaw) and 2020 4th round pick (117th overall subsequently traded, D.J. Wonnum)",Javon Kinlaw),assetsReceived.san-francisco-49ers.0,assetsReceived.san-francisco-49ers.2
B_SUBSEQUENTLY_TRADED_MANUAL,src/data/nfl/trades.backup-before-bottom-batch-004-auto-copy-v1-2026-07-04T07-41-45-593Z.json,4993,2022-1st-round-pick-27th-overall-tampa-bay-buccaneers-2022,JAX-2022-0089,,,Tampa Bay Buccaneers Win,Logan Hall,tampa-bay-buccaneers,tampa-bay-buccaneers,"2022 2nd round pick (33rd overall, Logan Hall), 2022 4th round pick (106th overall, Cade Otton), 2022 6th round pick (180th overall subsequently traded, Matt Araiza)",Logan Hall),assetsReceived.tampa-bay-buccaneers.0,assetsReceived.tampa-bay-buccaneers.2
B_SUBSEQUENTLY_TRADED_MANUAL,src/data/nfl/trades.backup-before-bottom-batch-004-auto-copy-v1-2026-07-04T07-41-45-593Z.json,5017,2023-4th-round-pick-121st-overall-tampa-bay-buccaneers-2022,JAX-2022-0091,,,Jacksonville Jaguars Win,Zyon McCollum,tampa-bay-buccaneers,tampa-bay-buccaneers,"2022 5th round pick (157th overall, Zyon McCollum), 2022 7th round pick (235th overall subsequently traded, Daniel Hardy)",Zyon McCollum),assetsReceived.tampa-bay-buccaneers.0,assetsReceived.tampa-bay-buccaneers.2
B_SUBSEQUENTLY_TRADED_MANUAL,src/data/nfl/trades.backup-before-bottom-batch-004-final-13-v1-2026-07-04T07-47-23-731Z.json,3366,1995-1st-round-pick-12th-overall-philadelphia-eagles-1995,TB-1995-0155,,,Tampa Bay Buccaneers Win,Warren Sapp,tampa-bay-buccaneers,tampa-bay-buccaneers,"1995 1st round pick (12th overall, Warren Sapp), 1995 2nd round pick (43rd overall, Melvin Johnson) and 1995 2nd round pick (63rd overall subsequently traded, Shane Hannah)",Warren Sapp),assetsReceived.tampa-bay-buccaneers.3,assetsReceived.tampa-bay-buccaneers.1
B_SUBSEQUENTLY_TRADED_MANUAL,src/data/nfl/trades.backup-before-bottom-batch-004-final-13-v1-2026-07-04T07-47-23-731Z.json,3485,1998-1st-round-pick-23rd-overall-tampa-bay-buccaneers-1998,RAI-1998-0294,,,Oakland/Los Angeles/Las Vegas Raiders Win,Jacquez Green,tampa-bay-buccaneers,tampa-bay-buccaneers,"1998 2nd round pick (34th overall, Jacquez Green) and 1998 2nd round pick (59th overall subsequently traded, Mikhael Ricks)",Jacquez Green),assetsReceived.tampa-bay-buccaneers.0,assetsReceived.tampa-bay-buccaneers.2
B_SUBSEQUENTLY_TRADED_MANUAL,src/data/nfl/trades.backup-before-bottom-batch-004-final-13-v1-2026-07-04T07-47-23-731Z.json,3636,2001-1st-round-pick-21st-overall-nate-clements-and-2001-2nd-round-pick-51st-over,BUF-2001-0252,,,Buffalo Bills Win,Nate Clements,buffalo-bills,buffalo-bills,"2001 1st round pick (21st overall, Nate Clements) and 2001 2nd round pick (51st overall subsequently traded, Paul Toviessi)",Nate Clements),assetsReceived.buffalo-bills.0,assetsReceived.buffalo-bills.2
B_SUBSEQUENTLY_TRADED_MANUAL,src/data/nfl/trades.backup-before-bottom-batch-004-final-13-v1-2026-07-04T07-47-23-731Z.json,3830,keenan-mccardell-tampa-bay-buccaneers-2004,LAC-2004-0340,,,Los Angeles/San Diego Chargers Win,Chris Colmer,tampa-bay-buccaneers,tampa-bay-buccaneers,"2005 3rd round pick (91st overall, Chris Colmer) and 2005 6th round pick (203rd overall subsequently traded, Andrew Hoffman)",Chris Colmer),assetsReceived.tampa-bay-buccaneers.0,assetsReceived.tampa-bay-buccaneers.2
B_SUBSEQUENTLY_TRADED_MANUAL,src/data/nfl/trades.backup-before-bottom-batch-004-final-13-v1-2026-07-04T07-47-23-731Z.json,4026,2008-2nd-round-pick-52nd-overall-tampa-bay-buccaneers-2008,JAX-2008-0039,,,Tampa Bay Buccaneers Win,Dexter Jackson,tampa-bay-buccaneers,tampa-bay-buccaneers,"2008 2nd round pick (58th overall, Dexter Jackson), 2008 5th round pick (158th overall subsequently traded, Kellen Davis), 2009 7th round pick (217th overall, E.J. Biggers)",Dexter Jackson),assetsReceived.tampa-bay-buccaneers.0,assetsReceived.tampa-bay-buccaneers.2
B_SUBSEQUENTLY_TRADED_MANUAL,src/data/nfl/trades.backup-before-bottom-batch-004-final-13-v1-2026-07-04T07-47-23-731Z.json,4249,2011-4th-round-pick-104th-overall-philadelphia-eagles-2011,TB-2011-0215,,,Even Trade,Casey Matthews,philadelphia-eagles,philadelphia-eagles,"2011 4th round pick (116th overall, Casey Matthews) and 2012 4th round pick (99th overall subsequently traded, Ben Jones)",Casey Matthews),assetsReceived.philadelphia-eagles.3,assetsReceived.philadelphia-eagles.1
B_SUBSEQUENTLY_TRADED_MANUAL,src/data/nfl/trades.backup-before-bottom-batch-004-final-13-v1-2026-07-04T07-47-23-731Z.json,4284,2012-2nd-round-pick-36th-overall-derek-wolfe-and-2012-4th-round-pick-101st-overall-omar-bo,DEN-2012-04-26-0326,,,Tampa Bay Buccaneers Win,Doug Martin,tampa-bay-buccaneers,tampa-bay-buccaneers,"2012 1st round pick (31st overall, Doug Martin) and 2012 4th round pick (126th overall subsequently traded, Jared Crick)",Doug Martin),assetsReceived.tampa-bay-buccaneers.0,assetsReceived.tampa-bay-buccaneers.2
B_SUBSEQUENTLY_TRADED_MANUAL,src/data/nfl/trades.backup-before-bottom-batch-004-final-13-v1-2026-07-04T07-47-23-731Z.json,4285,2012-1st-round-pick-5th-overall-tampa-bay-buccaneers-2012,JAX-2012-0054,,,Tampa Bay Buccaneers Win,Mark Barron,tampa-bay-buccaneers,tampa-bay-buccaneers,"2012 1st round pick (7th overall, Mark Barron), 2012 4th round pick (101st overall subsequently traded, Omar Bolden)",Mark Barron),assetsReceived.tampa-bay-buccaneers.0,assetsReceived.tampa-bay-buccaneers.2
B_SUBSEQUENTLY_TRADED_MANUAL,src/data/nfl/trades.backup-before-bottom-batch-004-final-13-v1-2026-07-04T07-47-23-731Z.json,4406,2014-7th-round-pick-221st-overall-randell-johnson-and-2015-5th-round-pick-137th,BUF-2014-0285,,,Buffalo Bills Win,Randell Johnson,buffalo-bills,buffalo-bills,"2014 7th round pick (221st overall, Randell Johnson) and 2015 5th round pick (137th overall subsequently traded, Grady Jarrett)",Randell Johnson),assetsReceived.buffalo-bills.0,assetsReceived.buffalo-bills.2
B_SUBSEQUENTLY_TRADED_MANUAL,src/data/nfl/trades.backup-before-bottom-batch-004-final-13-v1-2026-07-04T07-47-23-731Z.json,4444,2015-2nd-round-pick-61st-overall-indianapolis-colts-2015,TB-2015-0233,,,Tampa Bay Buccaneers Win,Ali Marpet,tampa-bay-buccaneers,tampa-bay-buccaneers,"2015 2nd round pick (61st overall, Ali Marpet) and 2015 4th round pick (128th overall subsequently traded, Jon Feliciano)",Ali Marpet),assetsReceived.tampa-bay-buccaneers.3,assetsReceived.tampa-bay-buccaneers.1
B_SUBSEQUENTLY_TRADED_MANUAL,src/data/nfl/trades.backup-before-bottom-batch-004-final-13-v1-2026-07-04T07-47-23-731Z.json,4486,2016-1st-round-pick-11th-overall-chicago-bears-2016,TB-2016-0235,,,Chicago Bears Win,Vernon Hargreaves,tampa-bay-buccaneers,tampa-bay-buccaneers,"2016 1st round pick (11th overall, Vernon Hargreaves) and 2016 4th round pick (106th overall subsequently traded, Eric Murray)",Vernon Hargreaves),assetsReceived.tampa-bay-buccaneers.3,assetsReceived.tampa-bay-buccaneers.1
B_SUBSEQUENTLY_TRADED_MANUAL,src/data/nfl/trades.backup-before-bottom-batch-004-final-13-v1-2026-07-04T07-47-23-731Z.json,4560,2017-7th-round-pick-237th-overall-buccaneers-2017,MIA-2017-0273,,,Miami Dolphins Win,Isaiah Ford,miami-dolphins,miami-dolphins,"2017 7th round pick (237th overall, Isaiah Ford) and 2018 7th round pick (223rd overall subsequently traded, Jullian Taylor)",Isaiah Ford),assetsReceived.miami-dolphins.0,assetsReceived.miami-dolphins.2
B_SUBSEQUENTLY_TRADED_MANUAL,src/data/nfl/trades.backup-before-bottom-batch-004-final-13-v1-2026-07-04T07-47-23-731Z.json,4646,2018-4th-round-pick-102nd-overall-jalyn-holmes-tampa-bay-buccaneers-2018,MIN-2018-0260,,,Tampa Bay Buccaneers Win,Jalyn Holmes,minnesota-vikings,minnesota-vikings,"2018 4th round pick (102nd overall, Jalyn Holmes) and 2018 6th round pick (180th overall subsequently traded, Folorunso Fatukasi)",Jalyn Holmes),assetsReceived.minnesota-vikings.0,assetsReceived.minnesota-vikings.2
B_SUBSEQUENTLY_TRADED_MANUAL,src/data/nfl/trades.backup-before-bottom-batch-004-final-13-v1-2026-07-04T07-47-23-731Z.json,4825,2020-1st-round-pick-14th-overall-javon-kinlaw-tampa-bay-buccaneers-2020,SF-2020-0401,,,Tampa Bay Buccaneers Win,Javon Kinlaw,san-francisco-49ers,san-francisco-49ers,"2020 1st round pick (14th overall, Javon Kinlaw) and 2020 4th round pick (117th overall subsequently traded, D.J. Wonnum)",Javon Kinlaw),assetsReceived.san-francisco-49ers.0,assetsReceived.san-francisco-49ers.2
B_SUBSEQUENTLY_TRADED_MANUAL,src/data/nfl/trades.backup-before-bottom-batch-004-final-13-v1-2026-07-04T07-47-23-731Z.json,4993,2022-1st-round-pick-27th-overall-tampa-bay-buccaneers-2022,JAX-2022-0089,,,Tampa Bay Buccaneers Win,Logan Hall,tampa-bay-buccaneers,tampa-bay-buccaneers,"2022 2nd round pick (33rd overall, Logan Hall), 2022 4th round pick (106th overall, Cade Otton), 2022 6th round pick (180th overall subsequently traded, Matt Araiza)",Logan Hall),assetsReceived.tampa-bay-buccaneers.0,assetsReceived.tampa-bay-buccaneers.2
B_SUBSEQUENTLY_TRADED_MANUAL,src/data/nfl/trades.backup-before-bottom-batch-004-final-13-v1-2026-07-04T07-47-23-731Z.json,5017,2023-4th-round-pick-121st-overall-tampa-bay-buccaneers-2022,JAX-2022-0091,,,Jacksonville Jaguars Win,Zyon McCollum,tampa-bay-buccaneers,tampa-bay-buccaneers,"2022 5th round pick (157th overall, Zyon McCollum), 2022 7th round pick (235th overall subsequently traded, Daniel Hardy)",Zyon McCollum),assetsReceived.tampa-bay-buccaneers.0,assetsReceived.tampa-bay-buccaneers.2
B_SUBSEQUENTLY_TRADED_MANUAL,src/data/nfl/trades.backup-before-bottom-batch-005-auto-copy-v1-2026-07-04T08-15-25-061Z.json,3366,1995-1st-round-pick-12th-overall-philadelphia-eagles-1995,TB-1995-0155,,,Tampa Bay Buccaneers Win,Warren Sapp,tampa-bay-buccaneers,tampa-bay-buccaneers,"1995 1st round pick (12th overall, Warren Sapp), 1995 2nd round pick (43rd overall, Melvin Johnson) and 1995 2nd round pick (63rd overall subsequently traded, Shane Hannah)",Warren Sapp),assetsReceived.tampa-bay-buccaneers.3,assetsReceived.tampa-bay-buccaneers.1
B_SUBSEQUENTLY_TRADED_MANUAL,src/data/nfl/trades.backup-before-bottom-batch-005-auto-copy-v1-2026-07-04T08-15-25-061Z.json,3485,1998-1st-round-pick-23rd-overall-tampa-bay-buccaneers-1998,RAI-1998-0294,,,Oakland/Los Angeles/Las Vegas Raiders Win,Jacquez Green,tampa-bay-buccaneers,tampa-bay-buccaneers,"1998 2nd round pick (34th overall, Jacquez Green) and 1998 2nd round pick (59th overall subsequently traded, Mikhael Ricks)",Jacquez Green),assetsReceived.tampa-bay-buccaneers.0,assetsReceived.tampa-bay-buccaneers.2
B_SUBSEQUENTLY_TRADED_MANUAL,src/data/nfl/trades.backup-before-bottom-batch-005-auto-copy-v1-2026-07-04T08-15-25-061Z.json,3636,2001-1st-round-pick-21st-overall-nate-clements-and-2001-2nd-round-pick-51st-over,BUF-2001-0252,,,Buffalo Bills Win,Nate Clements,buffalo-bills,buffalo-bills,"2001 1st round pick (21st overall, Nate Clements) and 2001 2nd round pick (51st overall subsequently traded, Paul Toviessi)",Nate Clements),assetsReceived.buffalo-bills.0,assetsReceived.buffalo-bills.2
B_SUBSEQUENTLY_TRADED_MANUAL,src/data/nfl/trades.backup-before-bottom-batch-005-auto-copy-v1-2026-07-04T08-15-25-061Z.json,3830,keenan-mccardell-tampa-bay-buccaneers-2004,LAC-2004-0340,,,Los Angeles/San Diego Chargers Win,Chris Colmer,tampa-bay-buccaneers,tampa-bay-buccaneers,"2005 3rd round pick (91st overall, Chris Colmer) and 2005 6th round pick (203rd overall subsequently traded, Andrew Hoffman)",Chris Colmer),assetsReceived.tampa-bay-buccaneers.0,assetsReceived.tampa-bay-buccaneers.2
B_SUBSEQUENTLY_TRADED_MANUAL,src/data/nfl/trades.backup-before-bottom-batch-005-auto-copy-v1-2026-07-04T08-15-25-061Z.json,4026,2008-2nd-round-pick-52nd-overall-tampa-bay-buccaneers-2008,JAX-2008-0039,,,Tampa Bay Buccaneers Win,Dexter Jackson,tampa-bay-buccaneers,tampa-bay-buccaneers,"2008 2nd round pick (58th overall, Dexter Jackson), 2008 5th round pick (158th overall subsequently traded, Kellen Davis), 2009 7th round pick (217th overall, E.J. Biggers)",Dexter Jackson),assetsReceived.tampa-bay-buccaneers.0,assetsReceived.tampa-bay-buccaneers.2
B_SUBSEQUENTLY_TRADED_MANUAL,src/data/nfl/trades.backup-before-bottom-batch-005-auto-copy-v1-2026-07-04T08-15-25-061Z.json,4249,2011-4th-round-pick-104th-overall-philadelphia-eagles-2011,TB-2011-0215,,,Even Trade,Casey Matthews,philadelphia-eagles,philadelphia-eagles,"2011 4th round pick (116th overall, Casey Matthews) and 2012 4th round pick (99th overall subsequently traded, Ben Jones)",Casey Matthews),assetsReceived.philadelphia-eagles.3,assetsReceived.philadelphia-eagles.1
B_SUBSEQUENTLY_TRADED_MANUAL,src/data/nfl/trades.backup-before-bottom-batch-005-auto-copy-v1-2026-07-04T08-15-25-061Z.json,4284,2012-2nd-round-pick-36th-overall-derek-wolfe-and-2012-4th-round-pick-101st-overall-omar-bo,DEN-2012-04-26-0326,,,Tampa Bay Buccaneers Win,Doug Martin,tampa-bay-buccaneers,tampa-bay-buccaneers,"2012 1st round pick (31st overall, Doug Martin) and 2012 4th round pick (126th overall subsequently traded, Jared Crick)",Doug Martin),assetsReceived.tampa-bay-buccaneers.0,assetsReceived.tampa-bay-buccaneers.2
B_SUBSEQUENTLY_TRADED_MANUAL,src/data/nfl/trades.backup-before-bottom-batch-005-auto-copy-v1-2026-07-04T08-15-25-061Z.json,4285,2012-1st-round-pick-5th-overall-tampa-bay-buccaneers-2012,JAX-2012-0054,,,Tampa Bay Buccaneers Win,Mark Barron,tampa-bay-buccaneers,tampa-bay-buccaneers,"2012 1st round pick (7th overall, Mark Barron), 2012 4th round pick (101st overall subsequently traded, Omar Bolden)",Mark Barron),assetsReceived.tampa-bay-buccaneers.0,assetsReceived.tampa-bay-buccaneers.2
B_SUBSEQUENTLY_TRADED_MANUAL,src/data/nfl/trades.backup-before-bottom-batch-005-auto-copy-v1-2026-07-04T08-15-25-061Z.json,4406,2014-7th-round-pick-221st-overall-randell-johnson-and-2015-5th-round-pick-137th,BUF-2014-0285,,,Buffalo Bills Win,Randell Johnson,buffalo-bills,buffalo-bills,"2014 7th round pick (221st overall, Randell Johnson) and 2015 5th round pick (137th overall subsequently traded, Grady Jarrett)",Randell Johnson),assetsReceived.buffalo-bills.0,assetsReceived.buffalo-bills.2
B_SUBSEQUENTLY_TRADED_MANUAL,src/data/nfl/trades.backup-before-bottom-batch-005-auto-copy-v1-2026-07-04T08-15-25-061Z.json,4444,2015-2nd-round-pick-61st-overall-indianapolis-colts-2015,TB-2015-0233,,,Tampa Bay Buccaneers Win,Ali Marpet,tampa-bay-buccaneers,tampa-bay-buccaneers,"2015 2nd round pick (61st overall, Ali Marpet) and 2015 4th round pick (128th overall subsequently traded, Jon Feliciano)",Ali Marpet),assetsReceived.tampa-bay-buccaneers.3,assetsReceived.tampa-bay-buccaneers.1
B_SUBSEQUENTLY_TRADED_MANUAL,src/data/nfl/trades.backup-before-bottom-batch-005-auto-copy-v1-2026-07-04T08-15-25-061Z.json,4486,2016-1st-round-pick-11th-overall-chicago-bears-2016,TB-2016-0235,,,Chicago Bears Win,Vernon Hargreaves,tampa-bay-buccaneers,tampa-bay-buccaneers,"2016 1st round pick (11th overall, Vernon Hargreaves) and 2016 4th round pick (106th overall subsequently traded, Eric Murray)",Vernon Hargreaves),assetsReceived.tampa-bay-buccaneers.3,assetsReceived.tampa-bay-buccaneers.1
B_SUBSEQUENTLY_TRADED_MANUAL,src/data/nfl/trades.backup-before-bottom-batch-005-auto-copy-v1-2026-07-04T08-15-25-061Z.json,4560,2017-7th-round-pick-237th-overall-buccaneers-2017,MIA-2017-0273,,,Miami Dolphins Win,Isaiah Ford,miami-dolphins,miami-dolphins,"2017 7th round pick (237th overall, Isaiah Ford) and 2018 7th round pick (223rd overall subsequently traded, Jullian Taylor)",Isaiah Ford),assetsReceived.miami-dolphins.0,assetsReceived.miami-dolphins.2
B_SUBSEQUENTLY_TRADED_MANUAL,src/data/nfl/trades.backup-before-bottom-batch-005-auto-copy-v1-2026-07-04T08-15-25-061Z.json,4646,2018-4th-round-pick-102nd-overall-jalyn-holmes-tampa-bay-buccaneers-2018,MIN-2018-0260,,,Tampa Bay Buccaneers Win,Jalyn Holmes,minnesota-vikings,minnesota-vikings,"2018 4th round pick (102nd overall, Jalyn Holmes) and 2018 6th round pick (180th overall subsequently traded, Folorunso Fatukasi)",Jalyn Holmes),assetsReceived.minnesota-vikings.0,assetsReceived.minnesota-vikings.2
B_SUBSEQUENTLY_TRADED_MANUAL,src/data/nfl/trades.backup-before-bottom-batch-005-auto-copy-v1-2026-07-04T08-15-25-061Z.json,4825,2020-1st-round-pick-14th-overall-javon-kinlaw-tampa-bay-buccaneers-2020,SF-2020-0401,,,Tampa Bay Buccaneers Win,Javon Kinlaw,san-francisco-49ers,san-francisco-49ers,"2020 1st round pick (14th overall, Javon Kinlaw) and 2020 4th round pick (117th overall subsequently traded, D.J. Wonnum)",Javon Kinlaw),assetsReceived.san-francisco-49ers.0,assetsReceived.san-francisco-49ers.2
B_SUBSEQUENTLY_TRADED_MANUAL,src/data/nfl/trades.backup-before-bottom-batch-005-auto-copy-v1-2026-07-04T08-15-25-061Z.json,4993,2022-1st-round-pick-27th-overall-tampa-bay-buccaneers-2022,JAX-2022-0089,,,Tampa Bay Buccaneers Win,Logan Hall,tampa-bay-buccaneers,tampa-bay-buccaneers,"2022 2nd round pick (33rd overall, Logan Hall), 2022 4th round pick (106th overall, Cade Otton), 2022 6th round pick (180th overall subsequently traded, Matt Araiza)",Logan Hall),assetsReceived.tampa-bay-buccaneers.0,assetsReceived.tampa-bay-buccaneers.2
B_SUBSEQUENTLY_TRADED_MANUAL,src/data/nfl/trades.backup-before-bottom-batch-005-auto-copy-v1-2026-07-04T08-15-25-061Z.json,5017,2023-4th-round-pick-121st-overall-tampa-bay-buccaneers-2022,JAX-2022-0091,,,Jacksonville Jaguars Win,Zyon McCollum,tampa-bay-buccaneers,tampa-bay-buccaneers,"2022 5th round pick (157th overall, Zyon McCollum), 2022 7th round pick (235th overall subsequently traded, Daniel Hardy)",Zyon McCollum),assetsReceived.tampa-bay-buccaneers.0,assetsReceived.tampa-bay-buccaneers.2
B_SUBSEQUENTLY_TRADED_MANUAL,src/data/nfl/trades.backup-before-bottom-batch-005-auto-copy-v1-2026-07-04T08-16-25-686Z.json,3366,1995-1st-round-pick-12th-overall-philadelphia-eagles-1995,TB-1995-0155,,,Tampa Bay Buccaneers Win,Warren Sapp,tampa-bay-buccaneers,tampa-bay-buccaneers,"1995 1st round pick (12th overall, Warren Sapp), 1995 2nd round pick (43rd overall, Melvin Johnson) and 1995 2nd round pick (63rd overall subsequently traded, Shane Hannah)",Warren Sapp),assetsReceived.tampa-bay-buccaneers.3,assetsReceived.tampa-bay-buccaneers.1
B_SUBSEQUENTLY_TRADED_MANUAL,src/data/nfl/trades.backup-before-bottom-batch-005-auto-copy-v1-2026-07-04T08-16-25-686Z.json,3485,1998-1st-round-pick-23rd-overall-tampa-bay-buccaneers-1998,RAI-1998-0294,,,Oakland/Los Angeles/Las Vegas Raiders Win,Jacquez Green,tampa-bay-buccaneers,tampa-bay-buccaneers,"1998 2nd round pick (34th overall, Jacquez Green) and 1998 2nd round pick (59th overall subsequently traded, Mikhael Ricks)",Jacquez Green),assetsReceived.tampa-bay-buccaneers.0,assetsReceived.tampa-bay-buccaneers.2
B_SUBSEQUENTLY_TRADED_MANUAL,src/data/nfl/trades.backup-before-bottom-batch-005-auto-copy-v1-2026-07-04T08-16-25-686Z.json,3636,2001-1st-round-pick-21st-overall-nate-clements-and-2001-2nd-round-pick-51st-over,BUF-2001-0252,,,Buffalo Bills Win,Nate Clements,buffalo-bills,buffalo-bills,"2001 1st round pick (21st overall, Nate Clements) and 2001 2nd round pick (51st overall subsequently traded, Paul Toviessi)",Nate Clements),assetsReceived.buffalo-bills.0,assetsReceived.buffalo-bills.2
B_SUBSEQUENTLY_TRADED_MANUAL,src/data/nfl/trades.backup-before-bottom-batch-005-auto-copy-v1-2026-07-04T08-16-25-686Z.json,3830,keenan-mccardell-tampa-bay-buccaneers-2004,LAC-2004-0340,,,Los Angeles/San Diego Chargers Win,Chris Colmer,tampa-bay-buccaneers,tampa-bay-buccaneers,"2005 3rd round pick (91st overall, Chris Colmer) and 2005 6th round pick (203rd overall subsequently traded, Andrew Hoffman)",Chris Colmer),assetsReceived.tampa-bay-buccaneers.0,assetsReceived.tampa-bay-buccaneers.2
B_SUBSEQUENTLY_TRADED_MANUAL,src/data/nfl/trades.backup-before-bottom-batch-005-auto-copy-v1-2026-07-04T08-16-25-686Z.json,4026,2008-2nd-round-pick-52nd-overall-tampa-bay-buccaneers-2008,JAX-2008-0039,,,Tampa Bay Buccaneers Win,Dexter Jackson,tampa-bay-buccaneers,tampa-bay-buccaneers,"2008 2nd round pick (58th overall, Dexter Jackson), 2008 5th round pick (158th overall subsequently traded, Kellen Davis), 2009 7th round pick (217th overall, E.J. Biggers)",Dexter Jackson),assetsReceived.tampa-bay-buccaneers.0,assetsReceived.tampa-bay-buccaneers.2
B_SUBSEQUENTLY_TRADED_MANUAL,src/data/nfl/trades.backup-before-bottom-batch-005-auto-copy-v1-2026-07-04T08-16-25-686Z.json,4249,2011-4th-round-pick-104th-overall-philadelphia-eagles-2011,TB-2011-0215,,,Even Trade,Casey Matthews,philadelphia-eagles,philadelphia-eagles,"2011 4th round pick (116th overall, Casey Matthews) and 2012 4th round pick (99th overall subsequently traded, Ben Jones)",Casey Matthews),assetsReceived.philadelphia-eagles.3,assetsReceived.philadelphia-eagles.1
B_SUBSEQUENTLY_TRADED_MANUAL,src/data/nfl/trades.backup-before-bottom-batch-005-auto-copy-v1-2026-07-04T08-16-25-686Z.json,4284,2012-2nd-round-pick-36th-overall-derek-wolfe-and-2012-4th-round-pick-101st-overall-omar-bo,DEN-2012-04-26-0326,,,Tampa Bay Buccaneers Win,Doug Martin,tampa-bay-buccaneers,tampa-bay-buccaneers,"2012 1st round pick (31st overall, Doug Martin) and 2012 4th round pick (126th overall subsequently traded, Jared Crick)",Doug Martin),assetsReceived.tampa-bay-buccaneers.0,assetsReceived.tampa-bay-buccaneers.2
B_SUBSEQUENTLY_TRADED_MANUAL,src/data/nfl/trades.backup-before-bottom-batch-005-auto-copy-v1-2026-07-04T08-16-25-686Z.json,4285,2012-1st-round-pick-5th-overall-tampa-bay-buccaneers-2012,JAX-2012-0054,,,Tampa Bay Buccaneers Win,Mark Barron,tampa-bay-buccaneers,tampa-bay-buccaneers,"2012 1st round pick (7th overall, Mark Barron), 2012 4th round pick (101st overall subsequently traded, Omar Bolden)",Mark Barron),assetsReceived.tampa-bay-buccaneers.0,assetsReceived.tampa-bay-buccaneers.2
B_SUBSEQUENTLY_TRADED_MANUAL,src/data/nfl/trades.backup-before-bottom-batch-005-auto-copy-v1-2026-07-04T08-16-25-686Z.json,4406,2014-7th-round-pick-221st-overall-randell-johnson-and-2015-5th-round-pick-137th,BUF-2014-0285,,,Buffalo Bills Win,Randell Johnson,buffalo-bills,buffalo-bills,"2014 7th round pick (221st overall, Randell Johnson) and 2015 5th round pick (137th overall subsequently traded, Grady Jarrett)",Randell Johnson),assetsReceived.buffalo-bills.0,assetsReceived.buffalo-bills.2
B_SUBSEQUENTLY_TRADED_MANUAL,src/data/nfl/trades.backup-before-bottom-batch-005-auto-copy-v1-2026-07-04T08-16-25-686Z.json,4444,2015-2nd-round-pick-61st-overall-indianapolis-colts-2015,TB-2015-0233,,,Tampa Bay Buccaneers Win,Ali Marpet,tampa-bay-buccaneers,tampa-bay-buccaneers,"2015 2nd round pick (61st overall, Ali Marpet) and 2015 4th round pick (128th overall subsequently traded, Jon Feliciano)",Ali Marpet),assetsReceived.tampa-bay-buccaneers.3,assetsReceived.tampa-bay-buccaneers.1
B_SUBSEQUENTLY_TRADED_MANUAL,src/data/nfl/trades.backup-before-bottom-batch-005-auto-copy-v1-2026-07-04T08-16-25-686Z.json,4486,2016-1st-round-pick-11th-overall-chicago-bears-2016,TB-2016-0235,,,Chicago Bears Win,Vernon Hargreaves,tampa-bay-buccaneers,tampa-bay-buccaneers,"2016 1st round pick (11th overall, Vernon Hargreaves) and 2016 4th round pick (106th overall subsequently traded, Eric Murray)",Vernon Hargreaves),assetsReceived.tampa-bay-buccaneers.3,assetsReceived.tampa-bay-buccaneers.1
B_SUBSEQUENTLY_TRADED_MANUAL,src/data/nfl/trades.backup-before-bottom-batch-005-auto-copy-v1-2026-07-04T08-16-25-686Z.json,4560,2017-7th-round-pick-237th-overall-buccaneers-2017,MIA-2017-0273,,,Miami Dolphins Win,Isaiah Ford,miami-dolphins,miami-dolphins,"2017 7th round pick (237th overall, Isaiah Ford) and 2018 7th round pick (223rd overall subsequently traded, Jullian Taylor)",Isaiah Ford),assetsReceived.miami-dolphins.0,assetsReceived.miami-dolphins.2
B_SUBSEQUENTLY_TRADED_MANUAL,src/data/nfl/trades.backup-before-bottom-batch-005-auto-copy-v1-2026-07-04T08-16-25-686Z.json,4646,2018-4th-round-pick-102nd-overall-jalyn-holmes-tampa-bay-buccaneers-2018,MIN-2018-0260,,,Tampa Bay Buccaneers Win,Jalyn Holmes,minnesota-vikings,minnesota-vikings,"2018 4th round pick (102nd overall, Jalyn Holmes) and 2018 6th round pick (180th overall subsequently traded, Folorunso Fatukasi)",Jalyn Holmes),assetsReceived.minnesota-vikings.0,assetsReceived.minnesota-vikings.2
B_SUBSEQUENTLY_TRADED_MANUAL,src/data/nfl/trades.backup-before-bottom-batch-005-auto-copy-v1-2026-07-04T08-16-25-686Z.json,4825,2020-1st-round-pick-14th-overall-javon-kinlaw-tampa-bay-buccaneers-2020,SF-2020-0401,,,Tampa Bay Buccaneers Win,Javon Kinlaw,san-francisco-49ers,san-francisco-49ers,"2020 1st round pick (14th overall, Javon Kinlaw) and 2020 4th round pick (117th overall subsequently traded, D.J. Wonnum)",Javon Kinlaw),assetsReceived.san-francisco-49ers.0,assetsReceived.san-francisco-49ers.2
B_SUBSEQUENTLY_TRADED_MANUAL,src/data/nfl/trades.backup-before-bottom-batch-005-auto-copy-v1-2026-07-04T08-16-25-686Z.json,4993,2022-1st-round-pick-27th-overall-tampa-bay-buccaneers-2022,JAX-2022-0089,,,Tampa Bay Buccaneers Win,Logan Hall,tampa-bay-buccaneers,tampa-bay-buccaneers,"2022 2nd round pick (33rd overall, Logan Hall), 2022 4th round pick (106th overall, Cade Otton), 2022 6th round pick (180th overall subsequently traded, Matt Araiza)",Logan Hall),assetsReceived.tampa-bay-buccaneers.0,assetsReceived.tampa-bay-buccaneers.2
B_SUBSEQUENTLY_TRADED_MANUAL,src/data/nfl/trades.backup-before-bottom-batch-005-auto-copy-v1-2026-07-04T08-16-25-686Z.json,5017,2023-4th-round-pick-121st-overall-tampa-bay-buccaneers-2022,JAX-2022-0091,,,Jacksonville Jaguars Win,Zyon McCollum,tampa-bay-buccaneers,tampa-bay-buccaneers,"2022 5th round pick (157th overall, Zyon McCollum), 2022 7th round pick (235th overall subsequently traded, Daniel Hardy)",Zyon McCollum),assetsReceived.tampa-bay-buccaneers.0,assetsReceived.tampa-bay-buccaneers.2
B_SUBSEQUENTLY_TRADED_MANUAL,src/data/nfl/trades.backup-before-bottom-batch-005-final-16-v1-2026-07-04T08-22-19-961Z.json,3366,1995-1st-round-pick-12th-overall-philadelphia-eagles-1995,TB-1995-0155,,,Tampa Bay Buccaneers Win,Warren Sapp,tampa-bay-buccaneers,tampa-bay-buccaneers,"1995 1st round pick (12th overall, Warren Sapp), 1995 2nd round pick (43rd overall, Melvin Johnson) and 1995 2nd round pick (63rd overall subsequently traded, Shane Hannah)",Warren Sapp),assetsReceived.tampa-bay-buccaneers.3,assetsReceived.tampa-bay-buccaneers.1
B_SUBSEQUENTLY_TRADED_MANUAL,src/data/nfl/trades.backup-before-bottom-batch-005-final-16-v1-2026-07-04T08-22-19-961Z.json,3485,1998-1st-round-pick-23rd-overall-tampa-bay-buccaneers-1998,RAI-1998-0294,,,Oakland/Los Angeles/Las Vegas Raiders Win,Jacquez Green,tampa-bay-buccaneers,tampa-bay-buccaneers,"1998 2nd round pick (34th overall, Jacquez Green) and 1998 2nd round pick (59th overall subsequently traded, Mikhael Ricks)",Jacquez Green),assetsReceived.tampa-bay-buccaneers.0,assetsReceived.tampa-bay-buccaneers.2
B_SUBSEQUENTLY_TRADED_MANUAL,src/data/nfl/trades.backup-before-bottom-batch-005-final-16-v1-2026-07-04T08-22-19-961Z.json,3636,2001-1st-round-pick-21st-overall-nate-clements-and-2001-2nd-round-pick-51st-over,BUF-2001-0252,,,Buffalo Bills Win,Nate Clements,buffalo-bills,buffalo-bills,"2001 1st round pick (21st overall, Nate Clements) and 2001 2nd round pick (51st overall subsequently traded, Paul Toviessi)",Nate Clements),assetsReceived.buffalo-bills.0,assetsReceived.buffalo-bills.2
B_SUBSEQUENTLY_TRADED_MANUAL,src/data/nfl/trades.backup-before-bottom-batch-005-final-16-v1-2026-07-04T08-22-19-961Z.json,3830,keenan-mccardell-tampa-bay-buccaneers-2004,LAC-2004-0340,,,Los Angeles/San Diego Chargers Win,Chris Colmer,tampa-bay-buccaneers,tampa-bay-buccaneers,"2005 3rd round pick (91st overall, Chris Colmer) and 2005 6th round pick (203rd overall subsequently traded, Andrew Hoffman)",Chris Colmer),assetsReceived.tampa-bay-buccaneers.0,assetsReceived.tampa-bay-buccaneers.2
B_SUBSEQUENTLY_TRADED_MANUAL,src/data/nfl/trades.backup-before-bottom-batch-005-final-16-v1-2026-07-04T08-22-19-961Z.json,4026,2008-2nd-round-pick-52nd-overall-tampa-bay-buccaneers-2008,JAX-2008-0039,,,Tampa Bay Buccaneers Win,Dexter Jackson,tampa-bay-buccaneers,tampa-bay-buccaneers,"2008 2nd round pick (58th overall, Dexter Jackson), 2008 5th round pick (158th overall subsequently traded, Kellen Davis), 2009 7th round pick (217th overall, E.J. Biggers)",Dexter Jackson),assetsReceived.tampa-bay-buccaneers.0,assetsReceived.tampa-bay-buccaneers.2
B_SUBSEQUENTLY_TRADED_MANUAL,src/data/nfl/trades.backup-before-bottom-batch-005-final-16-v1-2026-07-04T08-22-19-961Z.json,4249,2011-4th-round-pick-104th-overall-philadelphia-eagles-2011,TB-2011-0215,,,Even Trade,Casey Matthews,philadelphia-eagles,philadelphia-eagles,"2011 4th round pick (116th overall, Casey Matthews) and 2012 4th round pick (99th overall subsequently traded, Ben Jones)",Casey Matthews),assetsReceived.philadelphia-eagles.3,assetsReceived.philadelphia-eagles.1
B_SUBSEQUENTLY_TRADED_MANUAL,src/data/nfl/trades.backup-before-bottom-batch-005-final-16-v1-2026-07-04T08-22-19-961Z.json,4284,2012-2nd-round-pick-36th-overall-derek-wolfe-and-2012-4th-round-pick-101st-overall-omar-bo,DEN-2012-04-26-0326,,,Tampa Bay Buccaneers Win,Doug Martin,tampa-bay-buccaneers,tampa-bay-buccaneers,"2012 1st round pick (31st overall, Doug Martin) and 2012 4th round pick (126th overall subsequently traded, Jared Crick)",Doug Martin),assetsReceived.tampa-bay-buccaneers.0,assetsReceived.tampa-bay-buccaneers.2
B_SUBSEQUENTLY_TRADED_MANUAL,src/data/nfl/trades.backup-before-bottom-batch-005-final-16-v1-2026-07-04T08-22-19-961Z.json,4285,2012-1st-round-pick-5th-overall-tampa-bay-buccaneers-2012,JAX-2012-0054,,,Tampa Bay Buccaneers Win,Mark Barron,tampa-bay-buccaneers,tampa-bay-buccaneers,"2012 1st round pick (7th overall, Mark Barron), 2012 4th round pick (101st overall subsequently traded, Omar Bolden)",Mark Barron),assetsReceived.tampa-bay-buccaneers.0,assetsReceived.tampa-bay-buccaneers.2
B_SUBSEQUENTLY_TRADED_MANUAL,src/data/nfl/trades.backup-before-bottom-batch-005-final-16-v1-2026-07-04T08-22-19-961Z.json,4406,2014-7th-round-pick-221st-overall-randell-johnson-and-2015-5th-round-pick-137th,BUF-2014-0285,,,Buffalo Bills Win,Randell Johnson,buffalo-bills,buffalo-bills,"2014 7th round pick (221st overall, Randell Johnson) and 2015 5th round pick (137th overall subsequently traded, Grady Jarrett)",Randell Johnson),assetsReceived.buffalo-bills.0,assetsReceived.buffalo-bills.2
B_SUBSEQUENTLY_TRADED_MANUAL,src/data/nfl/trades.backup-before-bottom-batch-005-final-16-v1-2026-07-04T08-22-19-961Z.json,4444,2015-2nd-round-pick-61st-overall-indianapolis-colts-2015,TB-2015-0233,,,Tampa Bay Buccaneers Win,Ali Marpet,tampa-bay-buccaneers,tampa-bay-buccaneers,"2015 2nd round pick (61st overall, Ali Marpet) and 2015 4th round pick (128th overall subsequently traded, Jon Feliciano)",Ali Marpet),assetsReceived.tampa-bay-buccaneers.3,assetsReceived.tampa-bay-buccaneers.1
B_SUBSEQUENTLY_TRADED_MANUAL,src/data/nfl/trades.backup-before-bottom-batch-005-final-16-v1-2026-07-04T08-22-19-961Z.json,4486,2016-1st-round-pick-11th-overall-chicago-bears-2016,TB-2016-0235,,,Chicago Bears Win,Vernon Hargreaves,tampa-bay-buccaneers,tampa-bay-buccaneers,"2016 1st round pick (11th overall, Vernon Hargreaves) and 2016 4th round pick (106th overall subsequently traded, Eric Murray)",Vernon Hargreaves),assetsReceived.tampa-bay-buccaneers.3,assetsReceived.tampa-bay-buccaneers.1
B_SUBSEQUENTLY_TRADED_MANUAL,src/data/nfl/trades.backup-before-bottom-batch-005-final-16-v1-2026-07-04T08-22-19-961Z.json,4560,2017-7th-round-pick-237th-overall-buccaneers-2017,MIA-2017-0273,,,Miami Dolphins Win,Isaiah Ford,miami-dolphins,miami-dolphins,"2017 7th round pick (237th overall, Isaiah Ford) and 2018 7th round pick (223rd overall subsequently traded, Jullian Taylor)",Isaiah Ford),assetsReceived.miami-dolphins.0,assetsReceived.miami-dolphins.2
B_SUBSEQUENTLY_TRADED_MANUAL,src/data/nfl/trades.backup-before-bottom-batch-005-final-16-v1-2026-07-04T08-22-19-961Z.json,4646,2018-4th-round-pick-102nd-overall-jalyn-holmes-tampa-bay-buccaneers-2018,MIN-2018-0260,,,Tampa Bay Buccaneers Win,Jalyn Holmes,minnesota-vikings,minnesota-vikings,"2018 4th round pick (102nd overall, Jalyn Holmes) and 2018 6th round pick (180th overall subsequently traded, Folorunso Fatukasi)",Jalyn Holmes),assetsReceived.minnesota-vikings.0,assetsReceived.minnesota-vikings.2
B_SUBSEQUENTLY_TRADED_MANUAL,src/data/nfl/trades.backup-before-bottom-batch-005-final-16-v1-2026-07-04T08-22-19-961Z.json,4825,2020-1st-round-pick-14th-overall-javon-kinlaw-tampa-bay-buccaneers-2020,SF-2020-0401,,,Tampa Bay Buccaneers Win,Javon Kinlaw,san-francisco-49ers,san-francisco-49ers,"2020 1st round pick (14th overall, Javon Kinlaw) and 2020 4th round pick (117th overall subsequently traded, D.J. Wonnum)",Javon Kinlaw),assetsReceived.san-francisco-49ers.0,assetsReceived.san-francisco-49ers.2
B_SUBSEQUENTLY_TRADED_MANUAL,src/data/nfl/trades.backup-before-bottom-batch-005-final-16-v1-2026-07-04T08-22-19-961Z.json,4993,2022-1st-round-pick-27th-overall-tampa-bay-buccaneers-2022,JAX-2022-0089,,,Tampa Bay Buccaneers Win,Logan Hall,tampa-bay-buccaneers,tampa-bay-buccaneers,"2022 2nd round pick (33rd overall, Logan Hall), 2022 4th round pick (106th overall, Cade Otton), 2022 6th round pick (180th overall subsequently traded, Matt Araiza)",Logan Hall),assetsReceived.tampa-bay-buccaneers.0,assetsReceived.tampa-bay-buccaneers.2
B_SUBSEQUENTLY_TRADED_MANUAL,src/data/nfl/trades.backup-before-bottom-batch-005-final-16-v1-2026-07-04T08-22-19-961Z.json,5017,2023-4th-round-pick-121st-overall-tampa-bay-buccaneers-2022,JAX-2022-0091,,,Jacksonville Jaguars Win,Zyon McCollum,tampa-bay-buccaneers,tampa-bay-buccaneers,"2022 5th round pick (157th overall, Zyon McCollum), 2022 7th round pick (235th overall subsequently traded, Daniel Hardy)",Zyon McCollum),assetsReceived.tampa-bay-buccaneers.0,assetsReceived.tampa-bay-buccaneers.2
B_SUBSEQUENTLY_TRADED_MANUAL,src/data/nfl/trades.backup-before-bottom-batch-006-auto-copy-v1-2026-07-04T08-29-03-566Z.json,3366,1995-1st-round-pick-12th-overall-philadelphia-eagles-1995,TB-1995-0155,,,Tampa Bay Buccaneers Win,Warren Sapp,tampa-bay-buccaneers,tampa-bay-buccaneers,"1995 1st round pick (12th overall, Warren Sapp), 1995 2nd round pick (43rd overall, Melvin Johnson) and 1995 2nd round pick (63rd overall subsequently traded, Shane Hannah)",Warren Sapp),assetsReceived.tampa-bay-buccaneers.3,assetsReceived.tampa-bay-buccaneers.1
B_SUBSEQUENTLY_TRADED_MANUAL,src/data/nfl/trades.backup-before-bottom-batch-006-auto-copy-v1-2026-07-04T08-29-03-566Z.json,3485,1998-1st-round-pick-23rd-overall-tampa-bay-buccaneers-1998,RAI-1998-0294,,,Oakland/Los Angeles/Las Vegas Raiders Win,Jacquez Green,tampa-bay-buccaneers,tampa-bay-buccaneers,"1998 2nd round pick (34th overall, Jacquez Green) and 1998 2nd round pick (59th overall subsequently traded, Mikhael Ricks)",Jacquez Green),assetsReceived.tampa-bay-buccaneers.0,assetsReceived.tampa-bay-buccaneers.2
B_SUBSEQUENTLY_TRADED_MANUAL,src/data/nfl/trades.backup-before-bottom-batch-006-auto-copy-v1-2026-07-04T08-29-03-566Z.json,3636,2001-1st-round-pick-21st-overall-nate-clements-and-2001-2nd-round-pick-51st-over,BUF-2001-0252,,,Buffalo Bills Win,Nate Clements,buffalo-bills,buffalo-bills,"2001 1st round pick (21st overall, Nate Clements) and 2001 2nd round pick (51st overall subsequently traded, Paul Toviessi)",Nate Clements),assetsReceived.buffalo-bills.0,assetsReceived.buffalo-bills.2
B_SUBSEQUENTLY_TRADED_MANUAL,src/data/nfl/trades.backup-before-bottom-batch-006-auto-copy-v1-2026-07-04T08-29-03-566Z.json,3830,keenan-mccardell-tampa-bay-buccaneers-2004,LAC-2004-0340,,,Los Angeles/San Diego Chargers Win,Chris Colmer,tampa-bay-buccaneers,tampa-bay-buccaneers,"2005 3rd round pick (91st overall, Chris Colmer) and 2005 6th round pick (203rd overall subsequently traded, Andrew Hoffman)",Chris Colmer),assetsReceived.tampa-bay-buccaneers.0,assetsReceived.tampa-bay-buccaneers.2
B_SUBSEQUENTLY_TRADED_MANUAL,src/data/nfl/trades.backup-before-bottom-batch-006-auto-copy-v1-2026-07-04T08-29-03-566Z.json,4026,2008-2nd-round-pick-52nd-overall-tampa-bay-buccaneers-2008,JAX-2008-0039,,,Tampa Bay Buccaneers Win,Dexter Jackson,tampa-bay-buccaneers,tampa-bay-buccaneers,"2008 2nd round pick (58th overall, Dexter Jackson), 2008 5th round pick (158th overall subsequently traded, Kellen Davis), 2009 7th round pick (217th overall, E.J. Biggers)",Dexter Jackson),assetsReceived.tampa-bay-buccaneers.0,assetsReceived.tampa-bay-buccaneers.2
B_SUBSEQUENTLY_TRADED_MANUAL,src/data/nfl/trades.backup-before-bottom-batch-006-auto-copy-v1-2026-07-04T08-29-03-566Z.json,4249,2011-4th-round-pick-104th-overall-philadelphia-eagles-2011,TB-2011-0215,,,Even Trade,Casey Matthews,philadelphia-eagles,philadelphia-eagles,"2011 4th round pick (116th overall, Casey Matthews) and 2012 4th round pick (99th overall subsequently traded, Ben Jones)",Casey Matthews),assetsReceived.philadelphia-eagles.3,assetsReceived.philadelphia-eagles.1
B_SUBSEQUENTLY_TRADED_MANUAL,src/data/nfl/trades.backup-before-bottom-batch-006-auto-copy-v1-2026-07-04T08-29-03-566Z.json,4284,2012-2nd-round-pick-36th-overall-derek-wolfe-and-2012-4th-round-pick-101st-overall-omar-bo,DEN-2012-04-26-0326,,,Tampa Bay Buccaneers Win,Doug Martin,tampa-bay-buccaneers,tampa-bay-buccaneers,"2012 1st round pick (31st overall, Doug Martin) and 2012 4th round pick (126th overall subsequently traded, Jared Crick)",Doug Martin),assetsReceived.tampa-bay-buccaneers.0,assetsReceived.tampa-bay-buccaneers.2
B_SUBSEQUENTLY_TRADED_MANUAL,src/data/nfl/trades.backup-before-bottom-batch-006-auto-copy-v1-2026-07-04T08-29-03-566Z.json,4285,2012-1st-round-pick-5th-overall-tampa-bay-buccaneers-2012,JAX-2012-0054,,,Tampa Bay Buccaneers Win,Mark Barron,tampa-bay-buccaneers,tampa-bay-buccaneers,"2012 1st round pick (7th overall, Mark Barron), 2012 4th round pick (101st overall subsequently traded, Omar Bolden)",Mark Barron),assetsReceived.tampa-bay-buccaneers.0,assetsReceived.tampa-bay-buccaneers.2
B_SUBSEQUENTLY_TRADED_MANUAL,src/data/nfl/trades.backup-before-bottom-batch-006-auto-copy-v1-2026-07-04T08-29-03-566Z.json,4406,2014-7th-round-pick-221st-overall-randell-johnson-and-2015-5th-round-pick-137th,BUF-2014-0285,,,Buffalo Bills Win,Randell Johnson,buffalo-bills,buffalo-bills,"2014 7th round pick (221st overall, Randell Johnson) and 2015 5th round pick (137th overall subsequently traded, Grady Jarrett)",Randell Johnson),assetsReceived.buffalo-bills.0,assetsReceived.buffalo-bills.2
B_SUBSEQUENTLY_TRADED_MANUAL,src/data/nfl/trades.backup-before-bottom-batch-006-auto-copy-v1-2026-07-04T08-29-03-566Z.json,4444,2015-2nd-round-pick-61st-overall-indianapolis-colts-2015,TB-2015-0233,,,Tampa Bay Buccaneers Win,Ali Marpet,tampa-bay-buccaneers,tampa-bay-buccaneers,"2015 2nd round pick (61st overall, Ali Marpet) and 2015 4th round pick (128th overall subsequently traded, Jon Feliciano)",Ali Marpet),assetsReceived.tampa-bay-buccaneers.3,assetsReceived.tampa-bay-buccaneers.1
B_SUBSEQUENTLY_TRADED_MANUAL,src/data/nfl/trades.backup-before-bottom-batch-006-auto-copy-v1-2026-07-04T08-29-03-566Z.json,4486,2016-1st-round-pick-11th-overall-chicago-bears-2016,TB-2016-0235,,,Chicago Bears Win,Vernon Hargreaves,tampa-bay-buccaneers,tampa-bay-buccaneers,"2016 1st round pick (11th overall, Vernon Hargreaves) and 2016 4th round pick (106th overall subsequently traded, Eric Murray)",Vernon Hargreaves),assetsReceived.tampa-bay-buccaneers.3,assetsReceived.tampa-bay-buccaneers.1
B_SUBSEQUENTLY_TRADED_MANUAL,src/data/nfl/trades.backup-before-bottom-batch-006-auto-copy-v1-2026-07-04T08-29-03-566Z.json,4560,2017-7th-round-pick-237th-overall-buccaneers-2017,MIA-2017-0273,,,Miami Dolphins Win,Isaiah Ford,miami-dolphins,miami-dolphins,"2017 7th round pick (237th overall, Isaiah Ford) and 2018 7th round pick (223rd overall subsequently traded, Jullian Taylor)",Isaiah Ford),assetsReceived.miami-dolphins.0,assetsReceived.miami-dolphins.2
B_SUBSEQUENTLY_TRADED_MANUAL,src/data/nfl/trades.backup-before-bottom-batch-006-auto-copy-v1-2026-07-04T08-29-03-566Z.json,4646,2018-4th-round-pick-102nd-overall-jalyn-holmes-tampa-bay-buccaneers-2018,MIN-2018-0260,,,Tampa Bay Buccaneers Win,Jalyn Holmes,minnesota-vikings,minnesota-vikings,"2018 4th round pick (102nd overall, Jalyn Holmes) and 2018 6th round pick (180th overall subsequently traded, Folorunso Fatukasi)",Jalyn Holmes),assetsReceived.minnesota-vikings.0,assetsReceived.minnesota-vikings.2
B_SUBSEQUENTLY_TRADED_MANUAL,src/data/nfl/trades.backup-before-bottom-batch-006-auto-copy-v1-2026-07-04T08-29-03-566Z.json,4825,2020-1st-round-pick-14th-overall-javon-kinlaw-tampa-bay-buccaneers-2020,SF-2020-0401,,,Tampa Bay Buccaneers Win,Javon Kinlaw,san-francisco-49ers,san-francisco-49ers,"2020 1st round pick (14th overall, Javon Kinlaw) and 2020 4th round pick (117th overall subsequently traded, D.J. Wonnum)",Javon Kinlaw),assetsReceived.san-francisco-49ers.0,assetsReceived.san-francisco-49ers.2
B_SUBSEQUENTLY_TRADED_MANUAL,src/data/nfl/trades.backup-before-bottom-batch-006-auto-copy-v1-2026-07-04T08-29-03-566Z.json,4992,2022-1st-round-pick-27th-overall-tampa-bay-buccaneers-2022,JAX-2022-0089,,,Tampa Bay Buccaneers Win,Logan Hall,tampa-bay-buccaneers,tampa-bay-buccaneers,"2022 2nd round pick (33rd overall, Logan Hall), 2022 4th round pick (106th overall, Cade Otton), 2022 6th round pick (180th overall subsequently traded, Matt Araiza)",Logan Hall),assetsReceived.tampa-bay-buccaneers.0,assetsReceived.tampa-bay-buccaneers.2
B_SUBSEQUENTLY_TRADED_MANUAL,src/data/nfl/trades.backup-before-bottom-batch-006-auto-copy-v1-2026-07-04T08-29-03-566Z.json,5016,2023-4th-round-pick-121st-overall-tampa-bay-buccaneers-2022,JAX-2022-0091,,,Jacksonville Jaguars Win,Zyon McCollum,tampa-bay-buccaneers,tampa-bay-buccaneers,"2022 5th round pick (157th overall, Zyon McCollum), 2022 7th round pick (235th overall subsequently traded, Daniel Hardy)",Zyon McCollum),assetsReceived.tampa-bay-buccaneers.0,assetsReceived.tampa-bay-buccaneers.2
B_SUBSEQUENTLY_TRADED_MANUAL,src/data/nfl/trades.backup-before-bottom-batch-006-auto-copy-v1-2026-07-04T08-30-00-977Z.json,3366,1995-1st-round-pick-12th-overall-philadelphia-eagles-1995,TB-1995-0155,,,Tampa Bay Buccaneers Win,Warren Sapp,tampa-bay-buccaneers,tampa-bay-buccaneers,"1995 1st round pick (12th overall, Warren Sapp), 1995 2nd round pick (43rd overall, Melvin Johnson) and 1995 2nd round pick (63rd overall subsequently traded, Shane Hannah)",Warren Sapp),assetsReceived.tampa-bay-buccaneers.3,assetsReceived.tampa-bay-buccaneers.1
B_SUBSEQUENTLY_TRADED_MANUAL,src/data/nfl/trades.backup-before-bottom-batch-006-auto-copy-v1-2026-07-04T08-30-00-977Z.json,3485,1998-1st-round-pick-23rd-overall-tampa-bay-buccaneers-1998,RAI-1998-0294,,,Oakland/Los Angeles/Las Vegas Raiders Win,Jacquez Green,tampa-bay-buccaneers,tampa-bay-buccaneers,"1998 2nd round pick (34th overall, Jacquez Green) and 1998 2nd round pick (59th overall subsequently traded, Mikhael Ricks)",Jacquez Green),assetsReceived.tampa-bay-buccaneers.0,assetsReceived.tampa-bay-buccaneers.2
B_SUBSEQUENTLY_TRADED_MANUAL,src/data/nfl/trades.backup-before-bottom-batch-006-auto-copy-v1-2026-07-04T08-30-00-977Z.json,3636,2001-1st-round-pick-21st-overall-nate-clements-and-2001-2nd-round-pick-51st-over,BUF-2001-0252,,,Buffalo Bills Win,Nate Clements,buffalo-bills,buffalo-bills,"2001 1st round pick (21st overall, Nate Clements) and 2001 2nd round pick (51st overall subsequently traded, Paul Toviessi)",Nate Clements),assetsReceived.buffalo-bills.0,assetsReceived.buffalo-bills.2
B_SUBSEQUENTLY_TRADED_MANUAL,src/data/nfl/trades.backup-before-bottom-batch-006-auto-copy-v1-2026-07-04T08-30-00-977Z.json,3830,keenan-mccardell-tampa-bay-buccaneers-2004,LAC-2004-0340,,,Los Angeles/San Diego Chargers Win,Chris Colmer,tampa-bay-buccaneers,tampa-bay-buccaneers,"2005 3rd round pick (91st overall, Chris Colmer) and 2005 6th round pick (203rd overall subsequently traded, Andrew Hoffman)",Chris Colmer),assetsReceived.tampa-bay-buccaneers.0,assetsReceived.tampa-bay-buccaneers.2
B_SUBSEQUENTLY_TRADED_MANUAL,src/data/nfl/trades.backup-before-bottom-batch-006-auto-copy-v1-2026-07-04T08-30-00-977Z.json,4026,2008-2nd-round-pick-52nd-overall-tampa-bay-buccaneers-2008,JAX-2008-0039,,,Tampa Bay Buccaneers Win,Dexter Jackson,tampa-bay-buccaneers,tampa-bay-buccaneers,"2008 2nd round pick (58th overall, Dexter Jackson), 2008 5th round pick (158th overall subsequently traded, Kellen Davis), 2009 7th round pick (217th overall, E.J. Biggers)",Dexter Jackson),assetsReceived.tampa-bay-buccaneers.0,assetsReceived.tampa-bay-buccaneers.2
B_SUBSEQUENTLY_TRADED_MANUAL,src/data/nfl/trades.backup-before-bottom-batch-006-auto-copy-v1-2026-07-04T08-30-00-977Z.json,4249,2011-4th-round-pick-104th-overall-philadelphia-eagles-2011,TB-2011-0215,,,Even Trade,Casey Matthews,philadelphia-eagles,philadelphia-eagles,"2011 4th round pick (116th overall, Casey Matthews) and 2012 4th round pick (99th overall subsequently traded, Ben Jones)",Casey Matthews),assetsReceived.philadelphia-eagles.3,assetsReceived.philadelphia-eagles.1
B_SUBSEQUENTLY_TRADED_MANUAL,src/data/nfl/trades.backup-before-bottom-batch-006-auto-copy-v1-2026-07-04T08-30-00-977Z.json,4284,2012-2nd-round-pick-36th-overall-derek-wolfe-and-2012-4th-round-pick-101st-overall-omar-bo,DEN-2012-04-26-0326,,,Tampa Bay Buccaneers Win,Doug Martin,tampa-bay-buccaneers,tampa-bay-buccaneers,"2012 1st round pick (31st overall, Doug Martin) and 2012 4th round pick (126th overall subsequently traded, Jared Crick)",Doug Martin),assetsReceived.tampa-bay-buccaneers.0,assetsReceived.tampa-bay-buccaneers.2
B_SUBSEQUENTLY_TRADED_MANUAL,src/data/nfl/trades.backup-before-bottom-batch-006-auto-copy-v1-2026-07-04T08-30-00-977Z.json,4285,2012-1st-round-pick-5th-overall-tampa-bay-buccaneers-2012,JAX-2012-0054,,,Tampa Bay Buccaneers Win,Mark Barron,tampa-bay-buccaneers,tampa-bay-buccaneers,"2012 1st round pick (7th overall, Mark Barron), 2012 4th round pick (101st overall subsequently traded, Omar Bolden)",Mark Barron),assetsReceived.tampa-bay-buccaneers.0,assetsReceived.tampa-bay-buccaneers.2
B_SUBSEQUENTLY_TRADED_MANUAL,src/data/nfl/trades.backup-before-bottom-batch-006-auto-copy-v1-2026-07-04T08-30-00-977Z.json,4406,2014-7th-round-pick-221st-overall-randell-johnson-and-2015-5th-round-pick-137th,BUF-2014-0285,,,Buffalo Bills Win,Randell Johnson,buffalo-bills,buffalo-bills,"2014 7th round pick (221st overall, Randell Johnson) and 2015 5th round pick (137th overall subsequently traded, Grady Jarrett)",Randell Johnson),assetsReceived.buffalo-bills.0,assetsReceived.buffalo-bills.2
B_SUBSEQUENTLY_TRADED_MANUAL,src/data/nfl/trades.backup-before-bottom-batch-006-auto-copy-v1-2026-07-04T08-30-00-977Z.json,4444,2015-2nd-round-pick-61st-overall-indianapolis-colts-2015,TB-2015-0233,,,Tampa Bay Buccaneers Win,Ali Marpet,tampa-bay-buccaneers,tampa-bay-buccaneers,"2015 2nd round pick (61st overall, Ali Marpet) and 2015 4th round pick (128th overall subsequently traded, Jon Feliciano)",Ali Marpet),assetsReceived.tampa-bay-buccaneers.3,assetsReceived.tampa-bay-buccaneers.1
B_SUBSEQUENTLY_TRADED_MANUAL,src/data/nfl/trades.backup-before-bottom-batch-006-auto-copy-v1-2026-07-04T08-30-00-977Z.json,4486,2016-1st-round-pick-11th-overall-chicago-bears-2016,TB-2016-0235,,,Chicago Bears Win,Vernon Hargreaves,tampa-bay-buccaneers,tampa-bay-buccaneers,"2016 1st round pick (11th overall, Vernon Hargreaves) and 2016 4th round pick (106th overall subsequently traded, Eric Murray)",Vernon Hargreaves),assetsReceived.tampa-bay-buccaneers.3,assetsReceived.tampa-bay-buccaneers.1
B_SUBSEQUENTLY_TRADED_MANUAL,src/data/nfl/trades.backup-before-bottom-batch-006-auto-copy-v1-2026-07-04T08-30-00-977Z.json,4560,2017-7th-round-pick-237th-overall-buccaneers-2017,MIA-2017-0273,,,Miami Dolphins Win,Isaiah Ford,miami-dolphins,miami-dolphins,"2017 7th round pick (237th overall, Isaiah Ford) and 2018 7th round pick (223rd overall subsequently traded, Jullian Taylor)",Isaiah Ford),assetsReceived.miami-dolphins.0,assetsReceived.miami-dolphins.2
B_SUBSEQUENTLY_TRADED_MANUAL,src/data/nfl/trades.backup-before-bottom-batch-006-auto-copy-v1-2026-07-04T08-30-00-977Z.json,4646,2018-4th-round-pick-102nd-overall-jalyn-holmes-tampa-bay-buccaneers-2018,MIN-2018-0260,,,Tampa Bay Buccaneers Win,Jalyn Holmes,minnesota-vikings,minnesota-vikings,"2018 4th round pick (102nd overall, Jalyn Holmes) and 2018 6th round pick (180th overall subsequently traded, Folorunso Fatukasi)",Jalyn Holmes),assetsReceived.minnesota-vikings.0,assetsReceived.minnesota-vikings.2
B_SUBSEQUENTLY_TRADED_MANUAL,src/data/nfl/trades.backup-before-bottom-batch-006-auto-copy-v1-2026-07-04T08-30-00-977Z.json,4825,2020-1st-round-pick-14th-overall-javon-kinlaw-tampa-bay-buccaneers-2020,SF-2020-0401,,,Tampa Bay Buccaneers Win,Javon Kinlaw,san-francisco-49ers,san-francisco-49ers,"2020 1st round pick (14th overall, Javon Kinlaw) and 2020 4th round pick (117th overall subsequently traded, D.J. Wonnum)",Javon Kinlaw),assetsReceived.san-francisco-49ers.0,assetsReceived.san-francisco-49ers.2
B_SUBSEQUENTLY_TRADED_MANUAL,src/data/nfl/trades.backup-before-bottom-batch-006-auto-copy-v1-2026-07-04T08-30-00-977Z.json,4992,2022-1st-round-pick-27th-overall-tampa-bay-buccaneers-2022,JAX-2022-0089,,,Tampa Bay Buccaneers Win,Logan Hall,tampa-bay-buccaneers,tampa-bay-buccaneers,"2022 2nd round pick (33rd overall, Logan Hall), 2022 4th round pick (106th overall, Cade Otton), 2022 6th round pick (180th overall subsequently traded, Matt Araiza)",Logan Hall),assetsReceived.tampa-bay-buccaneers.0,assetsReceived.tampa-bay-buccaneers.2
B_SUBSEQUENTLY_TRADED_MANUAL,src/data/nfl/trades.backup-before-bottom-batch-006-auto-copy-v1-2026-07-04T08-30-00-977Z.json,5016,2023-4th-round-pick-121st-overall-tampa-bay-buccaneers-2022,JAX-2022-0091,,,Jacksonville Jaguars Win,Zyon McCollum,tampa-bay-buccaneers,tampa-bay-buccaneers,"2022 5th round pick (157th overall, Zyon McCollum), 2022 7th round pick (235th overall subsequently traded, Daniel Hardy)",Zyon McCollum),assetsReceived.tampa-bay-buccaneers.0,assetsReceived.tampa-bay-buccaneers.2
B_SUBSEQUENTLY_TRADED_MANUAL,src/data/nfl/trades.backup-before-bottom-batch-006-final-9-v1-2026-07-04T08-34-21-562Z.json,3366,1995-1st-round-pick-12th-overall-philadelphia-eagles-1995,TB-1995-0155,,,Tampa Bay Buccaneers Win,Warren Sapp,tampa-bay-buccaneers,tampa-bay-buccaneers,"1995 1st round pick (12th overall, Warren Sapp), 1995 2nd round pick (43rd overall, Melvin Johnson) and 1995 2nd round pick (63rd overall subsequently traded, Shane Hannah)",Warren Sapp),assetsReceived.tampa-bay-buccaneers.3,assetsReceived.tampa-bay-buccaneers.1
B_SUBSEQUENTLY_TRADED_MANUAL,src/data/nfl/trades.backup-before-bottom-batch-006-final-9-v1-2026-07-04T08-34-21-562Z.json,3485,1998-1st-round-pick-23rd-overall-tampa-bay-buccaneers-1998,RAI-1998-0294,,,Oakland/Los Angeles/Las Vegas Raiders Win,Jacquez Green,tampa-bay-buccaneers,tampa-bay-buccaneers,"1998 2nd round pick (34th overall, Jacquez Green) and 1998 2nd round pick (59th overall subsequently traded, Mikhael Ricks)",Jacquez Green),assetsReceived.tampa-bay-buccaneers.0,assetsReceived.tampa-bay-buccaneers.2
B_SUBSEQUENTLY_TRADED_MANUAL,src/data/nfl/trades.backup-before-bottom-batch-006-final-9-v1-2026-07-04T08-34-21-562Z.json,3636,2001-1st-round-pick-21st-overall-nate-clements-and-2001-2nd-round-pick-51st-over,BUF-2001-0252,,,Buffalo Bills Win,Nate Clements,buffalo-bills,buffalo-bills,"2001 1st round pick (21st overall, Nate Clements) and 2001 2nd round pick (51st overall subsequently traded, Paul Toviessi)",Nate Clements),assetsReceived.buffalo-bills.0,assetsReceived.buffalo-bills.2
B_SUBSEQUENTLY_TRADED_MANUAL,src/data/nfl/trades.backup-before-bottom-batch-006-final-9-v1-2026-07-04T08-34-21-562Z.json,3830,keenan-mccardell-tampa-bay-buccaneers-2004,LAC-2004-0340,,,Los Angeles/San Diego Chargers Win,Chris Colmer,tampa-bay-buccaneers,tampa-bay-buccaneers,"2005 3rd round pick (91st overall, Chris Colmer) and 2005 6th round pick (203rd overall subsequently traded, Andrew Hoffman)",Chris Colmer),assetsReceived.tampa-bay-buccaneers.0,assetsReceived.tampa-bay-buccaneers.2
B_SUBSEQUENTLY_TRADED_MANUAL,src/data/nfl/trades.backup-before-bottom-batch-006-final-9-v1-2026-07-04T08-34-21-562Z.json,4026,2008-2nd-round-pick-52nd-overall-tampa-bay-buccaneers-2008,JAX-2008-0039,,,Tampa Bay Buccaneers Win,Dexter Jackson,tampa-bay-buccaneers,tampa-bay-buccaneers,"2008 2nd round pick (58th overall, Dexter Jackson), 2008 5th round pick (158th overall subsequently traded, Kellen Davis), 2009 7th round pick (217th overall, E.J. Biggers)",Dexter Jackson),assetsReceived.tampa-bay-buccaneers.0,assetsReceived.tampa-bay-buccaneers.2
B_SUBSEQUENTLY_TRADED_MANUAL,src/data/nfl/trades.backup-before-bottom-batch-006-final-9-v1-2026-07-04T08-34-21-562Z.json,4249,2011-4th-round-pick-104th-overall-philadelphia-eagles-2011,TB-2011-0215,,,Even Trade,Casey Matthews,philadelphia-eagles,philadelphia-eagles,"2011 4th round pick (116th overall, Casey Matthews) and 2012 4th round pick (99th overall subsequently traded, Ben Jones)",Casey Matthews),assetsReceived.philadelphia-eagles.3,assetsReceived.philadelphia-eagles.1
B_SUBSEQUENTLY_TRADED_MANUAL,src/data/nfl/trades.backup-before-bottom-batch-006-final-9-v1-2026-07-04T08-34-21-562Z.json,4284,2012-2nd-round-pick-36th-overall-derek-wolfe-and-2012-4th-round-pick-101st-overall-omar-bo,DEN-2012-04-26-0326,,,Tampa Bay Buccaneers Win,Doug Martin,tampa-bay-buccaneers,tampa-bay-buccaneers,"2012 1st round pick (31st overall, Doug Martin) and 2012 4th round pick (126th overall subsequently traded, Jared Crick)",Doug Martin),assetsReceived.tampa-bay-buccaneers.0,assetsReceived.tampa-bay-buccaneers.2
B_SUBSEQUENTLY_TRADED_MANUAL,src/data/nfl/trades.backup-before-bottom-batch-006-final-9-v1-2026-07-04T08-34-21-562Z.json,4285,2012-1st-round-pick-5th-overall-tampa-bay-buccaneers-2012,JAX-2012-0054,,,Tampa Bay Buccaneers Win,Mark Barron,tampa-bay-buccaneers,tampa-bay-buccaneers,"2012 1st round pick (7th overall, Mark Barron), 2012 4th round pick (101st overall subsequently traded, Omar Bolden)",Mark Barron),assetsReceived.tampa-bay-buccaneers.0,assetsReceived.tampa-bay-buccaneers.2
B_SUBSEQUENTLY_TRADED_MANUAL,src/data/nfl/trades.backup-before-bottom-batch-006-final-9-v1-2026-07-04T08-34-21-562Z.json,4406,2014-7th-round-pick-221st-overall-randell-johnson-and-2015-5th-round-pick-137th,BUF-2014-0285,,,Buffalo Bills Win,Randell Johnson,buffalo-bills,buffalo-bills,"2014 7th round pick (221st overall, Randell Johnson) and 2015 5th round pick (137th overall subsequently traded, Grady Jarrett)",Randell Johnson),assetsReceived.buffalo-bills.0,assetsReceived.buffalo-bills.2
B_SUBSEQUENTLY_TRADED_MANUAL,src/data/nfl/trades.backup-before-bottom-batch-006-final-9-v1-2026-07-04T08-34-21-562Z.json,4444,2015-2nd-round-pick-61st-overall-indianapolis-colts-2015,TB-2015-0233,,,Tampa Bay Buccaneers Win,Ali Marpet,tampa-bay-buccaneers,tampa-bay-buccaneers,"2015 2nd round pick (61st overall, Ali Marpet) and 2015 4th round pick (128th overall subsequently traded, Jon Feliciano)",Ali Marpet),assetsReceived.tampa-bay-buccaneers.3,assetsReceived.tampa-bay-buccaneers.1
B_SUBSEQUENTLY_TRADED_MANUAL,src/data/nfl/trades.backup-before-bottom-batch-006-final-9-v1-2026-07-04T08-34-21-562Z.json,4486,2016-1st-round-pick-11th-overall-chicago-bears-2016,TB-2016-0235,,,Chicago Bears Win,Vernon Hargreaves,tampa-bay-buccaneers,tampa-bay-buccaneers,"2016 1st round pick (11th overall, Vernon Hargreaves) and 2016 4th round pick (106th overall subsequently traded, Eric Murray)",Vernon Hargreaves),assetsReceived.tampa-bay-buccaneers.3,assetsReceived.tampa-bay-buccaneers.1
B_SUBSEQUENTLY_TRADED_MANUAL,src/data/nfl/trades.backup-before-bottom-batch-006-final-9-v1-2026-07-04T08-34-21-562Z.json,4560,2017-7th-round-pick-237th-overall-buccaneers-2017,MIA-2017-0273,,,Miami Dolphins Win,Isaiah Ford,miami-dolphins,miami-dolphins,"2017 7th round pick (237th overall, Isaiah Ford) and 2018 7th round pick (223rd overall subsequently traded, Jullian Taylor)",Isaiah Ford),assetsReceived.miami-dolphins.0,assetsReceived.miami-dolphins.2
B_SUBSEQUENTLY_TRADED_MANUAL,src/data/nfl/trades.backup-before-bottom-batch-006-final-9-v1-2026-07-04T08-34-21-562Z.json,4646,2018-4th-round-pick-102nd-overall-jalyn-holmes-tampa-bay-buccaneers-2018,MIN-2018-0260,,,Tampa Bay Buccaneers Win,Jalyn Holmes,minnesota-vikings,minnesota-vikings,"2018 4th round pick (102nd overall, Jalyn Holmes) and 2018 6th round pick (180th overall subsequently traded, Folorunso Fatukasi)",Jalyn Holmes),assetsReceived.minnesota-vikings.0,assetsReceived.minnesota-vikings.2
B_SUBSEQUENTLY_TRADED_MANUAL,src/data/nfl/trades.backup-before-bottom-batch-006-final-9-v1-2026-07-04T08-34-21-562Z.json,4825,2020-1st-round-pick-14th-overall-javon-kinlaw-tampa-bay-buccaneers-2020,SF-2020-0401,,,Tampa Bay Buccaneers Win,Javon Kinlaw,san-francisco-49ers,san-francisco-49ers,"2020 1st round pick (14th overall, Javon Kinlaw) and 2020 4th round pick (117th overall subsequently traded, D.J. Wonnum)",Javon Kinlaw),assetsReceived.san-francisco-49ers.0,assetsReceived.san-francisco-49ers.2
B_SUBSEQUENTLY_TRADED_MANUAL,src/data/nfl/trades.backup-before-bottom-batch-006-final-9-v1-2026-07-04T08-34-21-562Z.json,4992,2022-1st-round-pick-27th-overall-tampa-bay-buccaneers-2022,JAX-2022-0089,,,Tampa Bay Buccaneers Win,Logan Hall,tampa-bay-buccaneers,tampa-bay-buccaneers,"2022 2nd round pick (33rd overall, Logan Hall), 2022 4th round pick (106th overall, Cade Otton), 2022 6th round pick (180th overall subsequently traded, Matt Araiza)",Logan Hall),assetsReceived.tampa-bay-buccaneers.0,assetsReceived.tampa-bay-buccaneers.2
B_SUBSEQUENTLY_TRADED_MANUAL,src/data/nfl/trades.backup-before-bottom-batch-006-final-9-v1-2026-07-04T08-34-21-562Z.json,5016,2023-4th-round-pick-121st-overall-tampa-bay-buccaneers-2022,JAX-2022-0091,,,Jacksonville Jaguars Win,Zyon McCollum,tampa-bay-buccaneers,tampa-bay-buccaneers,"2022 5th round pick (157th overall, Zyon McCollum), 2022 7th round pick (235th overall subsequently traded, Daniel Hardy)",Zyon McCollum),assetsReceived.tampa-bay-buccaneers.0,assetsReceived.tampa-bay-buccaneers.2
B_SUBSEQUENTLY_TRADED_MANUAL,src/data/nfl/trades.backup-before-bottom-batch-006-final-9-v1-2026-07-04T08-36-39-827Z.json,3366,1995-1st-round-pick-12th-overall-philadelphia-eagles-1995,TB-1995-0155,,,Tampa Bay Buccaneers Win,Warren Sapp,tampa-bay-buccaneers,tampa-bay-buccaneers,"1995 1st round pick (12th overall, Warren Sapp), 1995 2nd round pick (43rd overall, Melvin Johnson) and 1995 2nd round pick (63rd overall subsequently traded, Shane Hannah)",Warren Sapp),assetsReceived.tampa-bay-buccaneers.3,assetsReceived.tampa-bay-buccaneers.1
B_SUBSEQUENTLY_TRADED_MANUAL,src/data/nfl/trades.backup-before-bottom-batch-006-final-9-v1-2026-07-04T08-36-39-827Z.json,3485,1998-1st-round-pick-23rd-overall-tampa-bay-buccaneers-1998,RAI-1998-0294,,,Oakland/Los Angeles/Las Vegas Raiders Win,Jacquez Green,tampa-bay-buccaneers,tampa-bay-buccaneers,"1998 2nd round pick (34th overall, Jacquez Green) and 1998 2nd round pick (59th overall subsequently traded, Mikhael Ricks)",Jacquez Green),assetsReceived.tampa-bay-buccaneers.0,assetsReceived.tampa-bay-buccaneers.2
B_SUBSEQUENTLY_TRADED_MANUAL,src/data/nfl/trades.backup-before-bottom-batch-006-final-9-v1-2026-07-04T08-36-39-827Z.json,3636,2001-1st-round-pick-21st-overall-nate-clements-and-2001-2nd-round-pick-51st-over,BUF-2001-0252,,,Buffalo Bills Win,Nate Clements,buffalo-bills,buffalo-bills,"2001 1st round pick (21st overall, Nate Clements) and 2001 2nd round pick (51st overall subsequently traded, Paul Toviessi)",Nate Clements),assetsReceived.buffalo-bills.0,assetsReceived.buffalo-bills.2
B_SUBSEQUENTLY_TRADED_MANUAL,src/data/nfl/trades.backup-before-bottom-batch-006-final-9-v1-2026-07-04T08-36-39-827Z.json,3830,keenan-mccardell-tampa-bay-buccaneers-2004,LAC-2004-0340,,,Los Angeles/San Diego Chargers Win,Chris Colmer,tampa-bay-buccaneers,tampa-bay-buccaneers,"2005 3rd round pick (91st overall, Chris Colmer) and 2005 6th round pick (203rd overall subsequently traded, Andrew Hoffman)",Chris Colmer),assetsReceived.tampa-bay-buccaneers.0,assetsReceived.tampa-bay-buccaneers.2
B_SUBSEQUENTLY_TRADED_MANUAL,src/data/nfl/trades.backup-before-bottom-batch-006-final-9-v1-2026-07-04T08-36-39-827Z.json,4026,2008-2nd-round-pick-52nd-overall-tampa-bay-buccaneers-2008,JAX-2008-0039,,,Tampa Bay Buccaneers Win,Dexter Jackson,tampa-bay-buccaneers,tampa-bay-buccaneers,"2008 2nd round pick (58th overall, Dexter Jackson), 2008 5th round pick (158th overall subsequently traded, Kellen Davis), 2009 7th round pick (217th overall, E.J. Biggers)",Dexter Jackson),assetsReceived.tampa-bay-buccaneers.0,assetsReceived.tampa-bay-buccaneers.2
B_SUBSEQUENTLY_TRADED_MANUAL,src/data/nfl/trades.backup-before-bottom-batch-006-final-9-v1-2026-07-04T08-36-39-827Z.json,4249,2011-4th-round-pick-104th-overall-philadelphia-eagles-2011,TB-2011-0215,,,Even Trade,Casey Matthews,philadelphia-eagles,philadelphia-eagles,"2011 4th round pick (116th overall, Casey Matthews) and 2012 4th round pick (99th overall subsequently traded, Ben Jones)",Casey Matthews),assetsReceived.philadelphia-eagles.3,assetsReceived.philadelphia-eagles.1
B_SUBSEQUENTLY_TRADED_MANUAL,src/data/nfl/trades.backup-before-bottom-batch-006-final-9-v1-2026-07-04T08-36-39-827Z.json,4284,2012-2nd-round-pick-36th-overall-derek-wolfe-and-2012-4th-round-pick-101st-overall-omar-bo,DEN-2012-04-26-0326,,,Tampa Bay Buccaneers Win,Doug Martin,tampa-bay-buccaneers,tampa-bay-buccaneers,"2012 1st round pick (31st overall, Doug Martin) and 2012 4th round pick (126th overall subsequently traded, Jared Crick)",Doug Martin),assetsReceived.tampa-bay-buccaneers.0,assetsReceived.tampa-bay-buccaneers.2
B_SUBSEQUENTLY_TRADED_MANUAL,src/data/nfl/trades.backup-before-bottom-batch-006-final-9-v1-2026-07-04T08-36-39-827Z.json,4285,2012-1st-round-pick-5th-overall-tampa-bay-buccaneers-2012,JAX-2012-0054,,,Tampa Bay Buccaneers Win,Mark Barron,tampa-bay-buccaneers,tampa-bay-buccaneers,"2012 1st round pick (7th overall, Mark Barron), 2012 4th round pick (101st overall subsequently traded, Omar Bolden)",Mark Barron),assetsReceived.tampa-bay-buccaneers.0,assetsReceived.tampa-bay-buccaneers.2
B_SUBSEQUENTLY_TRADED_MANUAL,src/data/nfl/trades.backup-before-bottom-batch-006-final-9-v1-2026-07-04T08-36-39-827Z.json,4406,2014-7th-round-pick-221st-overall-randell-johnson-and-2015-5th-round-pick-137th,BUF-2014-0285,,,Buffalo Bills Win,Randell Johnson,buffalo-bills,buffalo-bills,"2014 7th round pick (221st overall, Randell Johnson) and 2015 5th round pick (137th overall subsequently traded, Grady Jarrett)",Randell Johnson),assetsReceived.buffalo-bills.0,assetsReceived.buffalo-bills.2
B_SUBSEQUENTLY_TRADED_MANUAL,src/data/nfl/trades.backup-before-bottom-batch-006-final-9-v1-2026-07-04T08-36-39-827Z.json,4444,2015-2nd-round-pick-61st-overall-indianapolis-colts-2015,TB-2015-0233,,,Tampa Bay Buccaneers Win,Ali Marpet,tampa-bay-buccaneers,tampa-bay-buccaneers,"2015 2nd round pick (61st overall, Ali Marpet) and 2015 4th round pick (128th overall subsequently traded, Jon Feliciano)",Ali Marpet),assetsReceived.tampa-bay-buccaneers.3,assetsReceived.tampa-bay-buccaneers.1
B_SUBSEQUENTLY_TRADED_MANUAL,src/data/nfl/trades.backup-before-bottom-batch-006-final-9-v1-2026-07-04T08-36-39-827Z.json,4486,2016-1st-round-pick-11th-overall-chicago-bears-2016,TB-2016-0235,,,Chicago Bears Win,Vernon Hargreaves,tampa-bay-buccaneers,tampa-bay-buccaneers,"2016 1st round pick (11th overall, Vernon Hargreaves) and 2016 4th round pick (106th overall subsequently traded, Eric Murray)",Vernon Hargreaves),assetsReceived.tampa-bay-buccaneers.3,assetsReceived.tampa-bay-buccaneers.1
B_SUBSEQUENTLY_TRADED_MANUAL,src/data/nfl/trades.backup-before-bottom-batch-006-final-9-v1-2026-07-04T08-36-39-827Z.json,4560,2017-7th-round-pick-237th-overall-buccaneers-2017,MIA-2017-0273,,,Miami Dolphins Win,Isaiah Ford,miami-dolphins,miami-dolphins,"2017 7th round pick (237th overall, Isaiah Ford) and 2018 7th round pick (223rd overall subsequently traded, Jullian Taylor)",Isaiah Ford),assetsReceived.miami-dolphins.0,assetsReceived.miami-dolphins.2
B_SUBSEQUENTLY_TRADED_MANUAL,src/data/nfl/trades.backup-before-bottom-batch-006-final-9-v1-2026-07-04T08-36-39-827Z.json,4646,2018-4th-round-pick-102nd-overall-jalyn-holmes-tampa-bay-buccaneers-2018,MIN-2018-0260,,,Tampa Bay Buccaneers Win,Jalyn Holmes,minnesota-vikings,minnesota-vikings,"2018 4th round pick (102nd overall, Jalyn Holmes) and 2018 6th round pick (180th overall subsequently traded, Folorunso Fatukasi)",Jalyn Holmes),assetsReceived.minnesota-vikings.0,assetsReceived.minnesota-vikings.2
B_SUBSEQUENTLY_TRADED_MANUAL,src/data/nfl/trades.backup-before-bottom-batch-006-final-9-v1-2026-07-04T08-36-39-827Z.json,4825,2020-1st-round-pick-14th-overall-javon-kinlaw-tampa-bay-buccaneers-2020,SF-2020-0401,,,Tampa Bay Buccaneers Win,Javon Kinlaw,san-francisco-49ers,san-francisco-49ers,"2020 1st round pick (14th overall, Javon Kinlaw) and 2020 4th round pick (117th overall subsequently traded, D.J. Wonnum)",Javon Kinlaw),assetsReceived.san-francisco-49ers.0,assetsReceived.san-francisco-49ers.2
B_SUBSEQUENTLY_TRADED_MANUAL,src/data/nfl/trades.backup-before-bottom-batch-006-final-9-v1-2026-07-04T08-36-39-827Z.json,4992,2022-1st-round-pick-27th-overall-tampa-bay-buccaneers-2022,JAX-2022-0089,,,Tampa Bay Buccaneers Win,Logan Hall,tampa-bay-buccaneers,tampa-bay-buccaneers,"2022 2nd round pick (33rd overall, Logan Hall), 2022 4th round pick (106th overall, Cade Otton), 2022 6th round pick (180th overall subsequently traded, Matt Araiza)",Logan Hall),assetsReceived.tampa-bay-buccaneers.0,assetsReceived.tampa-bay-buccaneers.2
B_SUBSEQUENTLY_TRADED_MANUAL,src/data/nfl/trades.backup-before-bottom-batch-006-final-9-v1-2026-07-04T08-36-39-827Z.json,5016,2023-4th-round-pick-121st-overall-tampa-bay-buccaneers-2022,JAX-2022-0091,,,Jacksonville Jaguars Win,Zyon McCollum,tampa-bay-buccaneers,tampa-bay-buccaneers,"2022 5th round pick (157th overall, Zyon McCollum), 2022 7th round pick (235th overall subsequently traded, Daniel Hardy)",Zyon McCollum),assetsReceived.tampa-bay-buccaneers.0,assetsReceived.tampa-bay-buccaneers.2
B_SUBSEQUENTLY_TRADED_MANUAL,src/data/nfl/trades.backup-before-bottom-batch-007-auto-copy-v1-2026-07-04T08-40-37-779Z.json,3366,1995-1st-round-pick-12th-overall-philadelphia-eagles-1995,TB-1995-0155,,,Tampa Bay Buccaneers Win,Warren Sapp,tampa-bay-buccaneers,tampa-bay-buccaneers,"1995 1st round pick (12th overall, Warren Sapp), 1995 2nd round pick (43rd overall, Melvin Johnson) and 1995 2nd round pick (63rd overall subsequently traded, Shane Hannah)",Warren Sapp),assetsReceived.tampa-bay-buccaneers.3,assetsReceived.tampa-bay-buccaneers.1
B_SUBSEQUENTLY_TRADED_MANUAL,src/data/nfl/trades.backup-before-bottom-batch-007-auto-copy-v1-2026-07-04T08-40-37-779Z.json,3485,1998-1st-round-pick-23rd-overall-tampa-bay-buccaneers-1998,RAI-1998-0294,,,Oakland/Los Angeles/Las Vegas Raiders Win,Jacquez Green,tampa-bay-buccaneers,tampa-bay-buccaneers,"1998 2nd round pick (34th overall, Jacquez Green) and 1998 2nd round pick (59th overall subsequently traded, Mikhael Ricks)",Jacquez Green),assetsReceived.tampa-bay-buccaneers.0,assetsReceived.tampa-bay-buccaneers.2
B_SUBSEQUENTLY_TRADED_MANUAL,src/data/nfl/trades.backup-before-bottom-batch-007-auto-copy-v1-2026-07-04T08-40-37-779Z.json,3636,2001-1st-round-pick-21st-overall-nate-clements-and-2001-2nd-round-pick-51st-over,BUF-2001-0252,,,Buffalo Bills Win,Nate Clements,buffalo-bills,buffalo-bills,"2001 1st round pick (21st overall, Nate Clements) and 2001 2nd round pick (51st overall subsequently traded, Paul Toviessi)",Nate Clements),assetsReceived.buffalo-bills.0,assetsReceived.buffalo-bills.2
B_SUBSEQUENTLY_TRADED_MANUAL,src/data/nfl/trades.backup-before-bottom-batch-007-auto-copy-v1-2026-07-04T08-40-37-779Z.json,3830,keenan-mccardell-tampa-bay-buccaneers-2004,LAC-2004-0340,,,Los Angeles/San Diego Chargers Win,Chris Colmer,tampa-bay-buccaneers,tampa-bay-buccaneers,"2005 3rd round pick (91st overall, Chris Colmer) and 2005 6th round pick (203rd overall subsequently traded, Andrew Hoffman)",Chris Colmer),assetsReceived.tampa-bay-buccaneers.0,assetsReceived.tampa-bay-buccaneers.2
B_SUBSEQUENTLY_TRADED_MANUAL,src/data/nfl/trades.backup-before-bottom-batch-007-auto-copy-v1-2026-07-04T08-40-37-779Z.json,4026,2008-2nd-round-pick-52nd-overall-tampa-bay-buccaneers-2008,JAX-2008-0039,,,Tampa Bay Buccaneers Win,Dexter Jackson,tampa-bay-buccaneers,tampa-bay-buccaneers,"2008 2nd round pick (58th overall, Dexter Jackson), 2008 5th round pick (158th overall subsequently traded, Kellen Davis), 2009 7th round pick (217th overall, E.J. Biggers)",Dexter Jackson),assetsReceived.tampa-bay-buccaneers.0,assetsReceived.tampa-bay-buccaneers.2
B_SUBSEQUENTLY_TRADED_MANUAL,src/data/nfl/trades.backup-before-bottom-batch-007-auto-copy-v1-2026-07-04T08-40-37-779Z.json,4249,2011-4th-round-pick-104th-overall-philadelphia-eagles-2011,TB-2011-0215,,,Even Trade,Casey Matthews,philadelphia-eagles,philadelphia-eagles,"2011 4th round pick (116th overall, Casey Matthews) and 2012 4th round pick (99th overall subsequently traded, Ben Jones)",Casey Matthews),assetsReceived.philadelphia-eagles.3,assetsReceived.philadelphia-eagles.1
B_SUBSEQUENTLY_TRADED_MANUAL,src/data/nfl/trades.backup-before-bottom-batch-007-auto-copy-v1-2026-07-04T08-40-37-779Z.json,4284,2012-2nd-round-pick-36th-overall-derek-wolfe-and-2012-4th-round-pick-101st-overall-omar-bo,DEN-2012-04-26-0326,,,Tampa Bay Buccaneers Win,Doug Martin,tampa-bay-buccaneers,tampa-bay-buccaneers,"2012 1st round pick (31st overall, Doug Martin) and 2012 4th round pick (126th overall subsequently traded, Jared Crick)",Doug Martin),assetsReceived.tampa-bay-buccaneers.0,assetsReceived.tampa-bay-buccaneers.2
B_SUBSEQUENTLY_TRADED_MANUAL,src/data/nfl/trades.backup-before-bottom-batch-007-auto-copy-v1-2026-07-04T08-40-37-779Z.json,4285,2012-1st-round-pick-5th-overall-tampa-bay-buccaneers-2012,JAX-2012-0054,,,Tampa Bay Buccaneers Win,Mark Barron,tampa-bay-buccaneers,tampa-bay-buccaneers,"2012 1st round pick (7th overall, Mark Barron), 2012 4th round pick (101st overall subsequently traded, Omar Bolden)",Mark Barron),assetsReceived.tampa-bay-buccaneers.0,assetsReceived.tampa-bay-buccaneers.2
B_SUBSEQUENTLY_TRADED_MANUAL,src/data/nfl/trades.backup-before-bottom-batch-007-auto-copy-v1-2026-07-04T08-40-37-779Z.json,4406,2014-7th-round-pick-221st-overall-randell-johnson-and-2015-5th-round-pick-137th,BUF-2014-0285,,,Buffalo Bills Win,Randell Johnson,buffalo-bills,buffalo-bills,"2014 7th round pick (221st overall, Randell Johnson) and 2015 5th round pick (137th overall subsequently traded, Grady Jarrett)",Randell Johnson),assetsReceived.buffalo-bills.0,assetsReceived.buffalo-bills.2
B_SUBSEQUENTLY_TRADED_MANUAL,src/data/nfl/trades.backup-before-bottom-batch-007-auto-copy-v1-2026-07-04T08-40-37-779Z.json,4444,2015-2nd-round-pick-61st-overall-indianapolis-colts-2015,TB-2015-0233,,,Tampa Bay Buccaneers Win,Ali Marpet,tampa-bay-buccaneers,tampa-bay-buccaneers,"2015 2nd round pick (61st overall, Ali Marpet) and 2015 4th round pick (128th overall subsequently traded, Jon Feliciano)",Ali Marpet),assetsReceived.tampa-bay-buccaneers.3,assetsReceived.tampa-bay-buccaneers.1
B_SUBSEQUENTLY_TRADED_MANUAL,src/data/nfl/trades.backup-before-bottom-batch-007-auto-copy-v1-2026-07-04T08-40-37-779Z.json,4486,2016-1st-round-pick-11th-overall-chicago-bears-2016,TB-2016-0235,,,Chicago Bears Win,Vernon Hargreaves,tampa-bay-buccaneers,tampa-bay-buccaneers,"2016 1st round pick (11th overall, Vernon Hargreaves) and 2016 4th round pick (106th overall subsequently traded, Eric Murray)",Vernon Hargreaves),assetsReceived.tampa-bay-buccaneers.3,assetsReceived.tampa-bay-buccaneers.1
B_SUBSEQUENTLY_TRADED_MANUAL,src/data/nfl/trades.backup-before-bottom-batch-007-auto-copy-v1-2026-07-04T08-40-37-779Z.json,4560,2017-7th-round-pick-237th-overall-buccaneers-2017,MIA-2017-0273,,,Miami Dolphins Win,Isaiah Ford,miami-dolphins,miami-dolphins,"2017 7th round pick (237th overall, Isaiah Ford) and 2018 7th round pick (223rd overall subsequently traded, Jullian Taylor)",Isaiah Ford),assetsReceived.miami-dolphins.0,assetsReceived.miami-dolphins.2
B_SUBSEQUENTLY_TRADED_MANUAL,src/data/nfl/trades.backup-before-bottom-batch-007-auto-copy-v1-2026-07-04T08-40-37-779Z.json,4646,2018-4th-round-pick-102nd-overall-jalyn-holmes-tampa-bay-buccaneers-2018,MIN-2018-0260,,,Tampa Bay Buccaneers Win,Jalyn Holmes,minnesota-vikings,minnesota-vikings,"2018 4th round pick (102nd overall, Jalyn Holmes) and 2018 6th round pick (180th overall subsequently traded, Folorunso Fatukasi)",Jalyn Holmes),assetsReceived.minnesota-vikings.0,assetsReceived.minnesota-vikings.2
B_SUBSEQUENTLY_TRADED_MANUAL,src/data/nfl/trades.backup-before-bottom-batch-007-auto-copy-v1-2026-07-04T08-40-37-779Z.json,4825,2020-1st-round-pick-14th-overall-javon-kinlaw-tampa-bay-buccaneers-2020,SF-2020-0401,,,Tampa Bay Buccaneers Win,Javon Kinlaw,san-francisco-49ers,san-francisco-49ers,"2020 1st round pick (14th overall, Javon Kinlaw) and 2020 4th round pick (117th overall subsequently traded, D.J. Wonnum)",Javon Kinlaw),assetsReceived.san-francisco-49ers.0,assetsReceived.san-francisco-49ers.2
B_SUBSEQUENTLY_TRADED_MANUAL,src/data/nfl/trades.backup-before-bottom-batch-007-auto-copy-v1-2026-07-04T08-40-37-779Z.json,4992,2022-1st-round-pick-27th-overall-tampa-bay-buccaneers-2022,JAX-2022-0089,,,Tampa Bay Buccaneers Win,Logan Hall,tampa-bay-buccaneers,tampa-bay-buccaneers,"2022 2nd round pick (33rd overall, Logan Hall), 2022 4th round pick (106th overall, Cade Otton), 2022 6th round pick (180th overall subsequently traded, Matt Araiza)",Logan Hall),assetsReceived.tampa-bay-buccaneers.0,assetsReceived.tampa-bay-buccaneers.2
B_SUBSEQUENTLY_TRADED_MANUAL,src/data/nfl/trades.backup-before-bottom-batch-007-auto-copy-v1-2026-07-04T08-40-37-779Z.json,5016,2023-4th-round-pick-121st-overall-tampa-bay-buccaneers-2022,JAX-2022-0091,,,Jacksonville Jaguars Win,Zyon McCollum,tampa-bay-buccaneers,tampa-bay-buccaneers,"2022 5th round pick (157th overall, Zyon McCollum), 2022 7th round pick (235th overall subsequently traded, Daniel Hardy)",Zyon McCollum),assetsReceived.tampa-bay-buccaneers.0,assetsReceived.tampa-bay-buccaneers.2
B_SUBSEQUENTLY_TRADED_MANUAL,src/data/nfl/trades.backup-before-bottom-batch-007-auto-copy-v1-2026-07-04T08-41-29-452Z.json,3366,1995-1st-round-pick-12th-overall-philadelphia-eagles-1995,TB-1995-0155,,,Tampa Bay Buccaneers Win,Warren Sapp,tampa-bay-buccaneers,tampa-bay-buccaneers,"1995 1st round pick (12th overall, Warren Sapp), 1995 2nd round pick (43rd overall, Melvin Johnson) and 1995 2nd round pick (63rd overall subsequently traded, Shane Hannah)",Warren Sapp),assetsReceived.tampa-bay-buccaneers.3,assetsReceived.tampa-bay-buccaneers.1
B_SUBSEQUENTLY_TRADED_MANUAL,src/data/nfl/trades.backup-before-bottom-batch-007-auto-copy-v1-2026-07-04T08-41-29-452Z.json,3485,1998-1st-round-pick-23rd-overall-tampa-bay-buccaneers-1998,RAI-1998-0294,,,Oakland/Los Angeles/Las Vegas Raiders Win,Jacquez Green,tampa-bay-buccaneers,tampa-bay-buccaneers,"1998 2nd round pick (34th overall, Jacquez Green) and 1998 2nd round pick (59th overall subsequently traded, Mikhael Ricks)",Jacquez Green),assetsReceived.tampa-bay-buccaneers.0,assetsReceived.tampa-bay-buccaneers.2
B_SUBSEQUENTLY_TRADED_MANUAL,src/data/nfl/trades.backup-before-bottom-batch-007-auto-copy-v1-2026-07-04T08-41-29-452Z.json,3636,2001-1st-round-pick-21st-overall-nate-clements-and-2001-2nd-round-pick-51st-over,BUF-2001-0252,,,Buffalo Bills Win,Nate Clements,buffalo-bills,buffalo-bills,"2001 1st round pick (21st overall, Nate Clements) and 2001 2nd round pick (51st overall subsequently traded, Paul Toviessi)",Nate Clements),assetsReceived.buffalo-bills.0,assetsReceived.buffalo-bills.2
B_SUBSEQUENTLY_TRADED_MANUAL,src/data/nfl/trades.backup-before-bottom-batch-007-auto-copy-v1-2026-07-04T08-41-29-452Z.json,3830,keenan-mccardell-tampa-bay-buccaneers-2004,LAC-2004-0340,,,Los Angeles/San Diego Chargers Win,Chris Colmer,tampa-bay-buccaneers,tampa-bay-buccaneers,"2005 3rd round pick (91st overall, Chris Colmer) and 2005 6th round pick (203rd overall subsequently traded, Andrew Hoffman)",Chris Colmer),assetsReceived.tampa-bay-buccaneers.0,assetsReceived.tampa-bay-buccaneers.2
B_SUBSEQUENTLY_TRADED_MANUAL,src/data/nfl/trades.backup-before-bottom-batch-007-auto-copy-v1-2026-07-04T08-41-29-452Z.json,4026,2008-2nd-round-pick-52nd-overall-tampa-bay-buccaneers-2008,JAX-2008-0039,,,Tampa Bay Buccaneers Win,Dexter Jackson,tampa-bay-buccaneers,tampa-bay-buccaneers,"2008 2nd round pick (58th overall, Dexter Jackson), 2008 5th round pick (158th overall subsequently traded, Kellen Davis), 2009 7th round pick (217th overall, E.J. Biggers)",Dexter Jackson),assetsReceived.tampa-bay-buccaneers.0,assetsReceived.tampa-bay-buccaneers.2
B_SUBSEQUENTLY_TRADED_MANUAL,src/data/nfl/trades.backup-before-bottom-batch-007-auto-copy-v1-2026-07-04T08-41-29-452Z.json,4249,2011-4th-round-pick-104th-overall-philadelphia-eagles-2011,TB-2011-0215,,,Even Trade,Casey Matthews,philadelphia-eagles,philadelphia-eagles,"2011 4th round pick (116th overall, Casey Matthews) and 2012 4th round pick (99th overall subsequently traded, Ben Jones)",Casey Matthews),assetsReceived.philadelphia-eagles.3,assetsReceived.philadelphia-eagles.1
B_SUBSEQUENTLY_TRADED_MANUAL,src/data/nfl/trades.backup-before-bottom-batch-007-auto-copy-v1-2026-07-04T08-41-29-452Z.json,4284,2012-2nd-round-pick-36th-overall-derek-wolfe-and-2012-4th-round-pick-101st-overall-omar-bo,DEN-2012-04-26-0326,,,Tampa Bay Buccaneers Win,Doug Martin,tampa-bay-buccaneers,tampa-bay-buccaneers,"2012 1st round pick (31st overall, Doug Martin) and 2012 4th round pick (126th overall subsequently traded, Jared Crick)",Doug Martin),assetsReceived.tampa-bay-buccaneers.0,assetsReceived.tampa-bay-buccaneers.2
B_SUBSEQUENTLY_TRADED_MANUAL,src/data/nfl/trades.backup-before-bottom-batch-007-auto-copy-v1-2026-07-04T08-41-29-452Z.json,4285,2012-1st-round-pick-5th-overall-tampa-bay-buccaneers-2012,JAX-2012-0054,,,Tampa Bay Buccaneers Win,Mark Barron,tampa-bay-buccaneers,tampa-bay-buccaneers,"2012 1st round pick (7th overall, Mark Barron), 2012 4th round pick (101st overall subsequently traded, Omar Bolden)",Mark Barron),assetsReceived.tampa-bay-buccaneers.0,assetsReceived.tampa-bay-buccaneers.2
B_SUBSEQUENTLY_TRADED_MANUAL,src/data/nfl/trades.backup-before-bottom-batch-007-auto-copy-v1-2026-07-04T08-41-29-452Z.json,4406,2014-7th-round-pick-221st-overall-randell-johnson-and-2015-5th-round-pick-137th,BUF-2014-0285,,,Buffalo Bills Win,Randell Johnson,buffalo-bills,buffalo-bills,"2014 7th round pick (221st overall, Randell Johnson) and 2015 5th round pick (137th overall subsequently traded, Grady Jarrett)",Randell Johnson),assetsReceived.buffalo-bills.0,assetsReceived.buffalo-bills.2
B_SUBSEQUENTLY_TRADED_MANUAL,src/data/nfl/trades.backup-before-bottom-batch-007-auto-copy-v1-2026-07-04T08-41-29-452Z.json,4444,2015-2nd-round-pick-61st-overall-indianapolis-colts-2015,TB-2015-0233,,,Tampa Bay Buccaneers Win,Ali Marpet,tampa-bay-buccaneers,tampa-bay-buccaneers,"2015 2nd round pick (61st overall, Ali Marpet) and 2015 4th round pick (128th overall subsequently traded, Jon Feliciano)",Ali Marpet),assetsReceived.tampa-bay-buccaneers.3,assetsReceived.tampa-bay-buccaneers.1
B_SUBSEQUENTLY_TRADED_MANUAL,src/data/nfl/trades.backup-before-bottom-batch-007-auto-copy-v1-2026-07-04T08-41-29-452Z.json,4486,2016-1st-round-pick-11th-overall-chicago-bears-2016,TB-2016-0235,,,Chicago Bears Win,Vernon Hargreaves,tampa-bay-buccaneers,tampa-bay-buccaneers,"2016 1st round pick (11th overall, Vernon Hargreaves) and 2016 4th round pick (106th overall subsequently traded, Eric Murray)",Vernon Hargreaves),assetsReceived.tampa-bay-buccaneers.3,assetsReceived.tampa-bay-buccaneers.1
B_SUBSEQUENTLY_TRADED_MANUAL,src/data/nfl/trades.backup-before-bottom-batch-007-auto-copy-v1-2026-07-04T08-41-29-452Z.json,4560,2017-7th-round-pick-237th-overall-buccaneers-2017,MIA-2017-0273,,,Miami Dolphins Win,Isaiah Ford,miami-dolphins,miami-dolphins,"2017 7th round pick (237th overall, Isaiah Ford) and 2018 7th round pick (223rd overall subsequently traded, Jullian Taylor)",Isaiah Ford),assetsReceived.miami-dolphins.0,assetsReceived.miami-dolphins.2
B_SUBSEQUENTLY_TRADED_MANUAL,src/data/nfl/trades.backup-before-bottom-batch-007-auto-copy-v1-2026-07-04T08-41-29-452Z.json,4646,2018-4th-round-pick-102nd-overall-jalyn-holmes-tampa-bay-buccaneers-2018,MIN-2018-0260,,,Tampa Bay Buccaneers Win,Jalyn Holmes,minnesota-vikings,minnesota-vikings,"2018 4th round pick (102nd overall, Jalyn Holmes) and 2018 6th round pick (180th overall subsequently traded, Folorunso Fatukasi)",Jalyn Holmes),assetsReceived.minnesota-vikings.0,assetsReceived.minnesota-vikings.2
B_SUBSEQUENTLY_TRADED_MANUAL,src/data/nfl/trades.backup-before-bottom-batch-007-auto-copy-v1-2026-07-04T08-41-29-452Z.json,4825,2020-1st-round-pick-14th-overall-javon-kinlaw-tampa-bay-buccaneers-2020,SF-2020-0401,,,Tampa Bay Buccaneers Win,Javon Kinlaw,san-francisco-49ers,san-francisco-49ers,"2020 1st round pick (14th overall, Javon Kinlaw) and 2020 4th round pick (117th overall subsequently traded, D.J. Wonnum)",Javon Kinlaw),assetsReceived.san-francisco-49ers.0,assetsReceived.san-francisco-49ers.2
B_SUBSEQUENTLY_TRADED_MANUAL,src/data/nfl/trades.backup-before-bottom-batch-007-auto-copy-v1-2026-07-04T08-41-29-452Z.json,4992,2022-1st-round-pick-27th-overall-tampa-bay-buccaneers-2022,JAX-2022-0089,,,Tampa Bay Buccaneers Win,Logan Hall,tampa-bay-buccaneers,tampa-bay-buccaneers,"2022 2nd round pick (33rd overall, Logan Hall), 2022 4th round pick (106th overall, Cade Otton), 2022 6th round pick (180th overall subsequently traded, Matt Araiza)",Logan Hall),assetsReceived.tampa-bay-buccaneers.0,assetsReceived.tampa-bay-buccaneers.2
B_SUBSEQUENTLY_TRADED_MANUAL,src/data/nfl/trades.backup-before-bottom-batch-007-auto-copy-v1-2026-07-04T08-41-29-452Z.json,5016,2023-4th-round-pick-121st-overall-tampa-bay-buccaneers-2022,JAX-2022-0091,,,Jacksonville Jaguars Win,Zyon McCollum,tampa-bay-buccaneers,tampa-bay-buccaneers,"2022 5th round pick (157th overall, Zyon McCollum), 2022 7th round pick (235th overall subsequently traded, Daniel Hardy)",Zyon McCollum),assetsReceived.tampa-bay-buccaneers.0,assetsReceived.tampa-bay-buccaneers.2
B_SUBSEQUENTLY_TRADED_MANUAL,src/data/nfl/trades.backup-before-bottom-batch-007-final-22-v1-2026-07-04T08-48-08-914Z.json,3366,1995-1st-round-pick-12th-overall-philadelphia-eagles-1995,TB-1995-0155,,,Tampa Bay Buccaneers Win,Warren Sapp,tampa-bay-buccaneers,tampa-bay-buccaneers,"1995 1st round pick (12th overall, Warren Sapp), 1995 2nd round pick (43rd overall, Melvin Johnson) and 1995 2nd round pick (63rd overall subsequently traded, Shane Hannah)",Warren Sapp),assetsReceived.tampa-bay-buccaneers.3,assetsReceived.tampa-bay-buccaneers.1
B_SUBSEQUENTLY_TRADED_MANUAL,src/data/nfl/trades.backup-before-bottom-batch-007-final-22-v1-2026-07-04T08-48-08-914Z.json,3485,1998-1st-round-pick-23rd-overall-tampa-bay-buccaneers-1998,RAI-1998-0294,,,Oakland/Los Angeles/Las Vegas Raiders Win,Jacquez Green,tampa-bay-buccaneers,tampa-bay-buccaneers,"1998 2nd round pick (34th overall, Jacquez Green) and 1998 2nd round pick (59th overall subsequently traded, Mikhael Ricks)",Jacquez Green),assetsReceived.tampa-bay-buccaneers.0,assetsReceived.tampa-bay-buccaneers.2
B_SUBSEQUENTLY_TRADED_MANUAL,src/data/nfl/trades.backup-before-bottom-batch-007-final-22-v1-2026-07-04T08-48-08-914Z.json,3636,2001-1st-round-pick-21st-overall-nate-clements-and-2001-2nd-round-pick-51st-over,BUF-2001-0252,,,Buffalo Bills Win,Nate Clements,buffalo-bills,buffalo-bills,"2001 1st round pick (21st overall, Nate Clements) and 2001 2nd round pick (51st overall subsequently traded, Paul Toviessi)",Nate Clements),assetsReceived.buffalo-bills.0,assetsReceived.buffalo-bills.2
B_SUBSEQUENTLY_TRADED_MANUAL,src/data/nfl/trades.backup-before-bottom-batch-007-final-22-v1-2026-07-04T08-48-08-914Z.json,3830,keenan-mccardell-tampa-bay-buccaneers-2004,LAC-2004-0340,,,Los Angeles/San Diego Chargers Win,Chris Colmer,tampa-bay-buccaneers,tampa-bay-buccaneers,"2005 3rd round pick (91st overall, Chris Colmer) and 2005 6th round pick (203rd overall subsequently traded, Andrew Hoffman)",Chris Colmer),assetsReceived.tampa-bay-buccaneers.0,assetsReceived.tampa-bay-buccaneers.2
B_SUBSEQUENTLY_TRADED_MANUAL,src/data/nfl/trades.backup-before-bottom-batch-007-final-22-v1-2026-07-04T08-48-08-914Z.json,4026,2008-2nd-round-pick-52nd-overall-tampa-bay-buccaneers-2008,JAX-2008-0039,,,Tampa Bay Buccaneers Win,Dexter Jackson,tampa-bay-buccaneers,tampa-bay-buccaneers,"2008 2nd round pick (58th overall, Dexter Jackson), 2008 5th round pick (158th overall subsequently traded, Kellen Davis), 2009 7th round pick (217th overall, E.J. Biggers)",Dexter Jackson),assetsReceived.tampa-bay-buccaneers.0,assetsReceived.tampa-bay-buccaneers.2
B_SUBSEQUENTLY_TRADED_MANUAL,src/data/nfl/trades.backup-before-bottom-batch-007-final-22-v1-2026-07-04T08-48-08-914Z.json,4249,2011-4th-round-pick-104th-overall-philadelphia-eagles-2011,TB-2011-0215,,,Even Trade,Casey Matthews,philadelphia-eagles,philadelphia-eagles,"2011 4th round pick (116th overall, Casey Matthews) and 2012 4th round pick (99th overall subsequently traded, Ben Jones)",Casey Matthews),assetsReceived.philadelphia-eagles.3,assetsReceived.philadelphia-eagles.1
B_SUBSEQUENTLY_TRADED_MANUAL,src/data/nfl/trades.backup-before-bottom-batch-007-final-22-v1-2026-07-04T08-48-08-914Z.json,4284,2012-2nd-round-pick-36th-overall-derek-wolfe-and-2012-4th-round-pick-101st-overall-omar-bo,DEN-2012-04-26-0326,,,Tampa Bay Buccaneers Win,Doug Martin,tampa-bay-buccaneers,tampa-bay-buccaneers,"2012 1st round pick (31st overall, Doug Martin) and 2012 4th round pick (126th overall subsequently traded, Jared Crick)",Doug Martin),assetsReceived.tampa-bay-buccaneers.0,assetsReceived.tampa-bay-buccaneers.2
B_SUBSEQUENTLY_TRADED_MANUAL,src/data/nfl/trades.backup-before-bottom-batch-007-final-22-v1-2026-07-04T08-48-08-914Z.json,4285,2012-1st-round-pick-5th-overall-tampa-bay-buccaneers-2012,JAX-2012-0054,,,Tampa Bay Buccaneers Win,Mark Barron,tampa-bay-buccaneers,tampa-bay-buccaneers,"2012 1st round pick (7th overall, Mark Barron), 2012 4th round pick (101st overall subsequently traded, Omar Bolden)",Mark Barron),assetsReceived.tampa-bay-buccaneers.0,assetsReceived.tampa-bay-buccaneers.2
B_SUBSEQUENTLY_TRADED_MANUAL,src/data/nfl/trades.backup-before-bottom-batch-007-final-22-v1-2026-07-04T08-48-08-914Z.json,4406,2014-7th-round-pick-221st-overall-randell-johnson-and-2015-5th-round-pick-137th,BUF-2014-0285,,,Buffalo Bills Win,Randell Johnson,buffalo-bills,buffalo-bills,"2014 7th round pick (221st overall, Randell Johnson) and 2015 5th round pick (137th overall subsequently traded, Grady Jarrett)",Randell Johnson),assetsReceived.buffalo-bills.0,assetsReceived.buffalo-bills.2
B_SUBSEQUENTLY_TRADED_MANUAL,src/data/nfl/trades.backup-before-bottom-batch-007-final-22-v1-2026-07-04T08-48-08-914Z.json,4444,2015-2nd-round-pick-61st-overall-indianapolis-colts-2015,TB-2015-0233,,,Tampa Bay Buccaneers Win,Ali Marpet,tampa-bay-buccaneers,tampa-bay-buccaneers,"2015 2nd round pick (61st overall, Ali Marpet) and 2015 4th round pick (128th overall subsequently traded, Jon Feliciano)",Ali Marpet),assetsReceived.tampa-bay-buccaneers.3,assetsReceived.tampa-bay-buccaneers.1
B_SUBSEQUENTLY_TRADED_MANUAL,src/data/nfl/trades.backup-before-bottom-batch-007-final-22-v1-2026-07-04T08-48-08-914Z.json,4486,2016-1st-round-pick-11th-overall-chicago-bears-2016,TB-2016-0235,,,Chicago Bears Win,Vernon Hargreaves,tampa-bay-buccaneers,tampa-bay-buccaneers,"2016 1st round pick (11th overall, Vernon Hargreaves) and 2016 4th round pick (106th overall subsequently traded, Eric Murray)",Vernon Hargreaves),assetsReceived.tampa-bay-buccaneers.3,assetsReceived.tampa-bay-buccaneers.1
B_SUBSEQUENTLY_TRADED_MANUAL,src/data/nfl/trades.backup-before-bottom-batch-007-final-22-v1-2026-07-04T08-48-08-914Z.json,4560,2017-7th-round-pick-237th-overall-buccaneers-2017,MIA-2017-0273,,,Miami Dolphins Win,Isaiah Ford,miami-dolphins,miami-dolphins,"2017 7th round pick (237th overall, Isaiah Ford) and 2018 7th round pick (223rd overall subsequently traded, Jullian Taylor)",Isaiah Ford),assetsReceived.miami-dolphins.0,assetsReceived.miami-dolphins.2
B_SUBSEQUENTLY_TRADED_MANUAL,src/data/nfl/trades.backup-before-bottom-batch-007-final-22-v1-2026-07-04T08-48-08-914Z.json,4646,2018-4th-round-pick-102nd-overall-jalyn-holmes-tampa-bay-buccaneers-2018,MIN-2018-0260,,,Tampa Bay Buccaneers Win,Jalyn Holmes,minnesota-vikings,minnesota-vikings,"2018 4th round pick (102nd overall, Jalyn Holmes) and 2018 6th round pick (180th overall subsequently traded, Folorunso Fatukasi)",Jalyn Holmes),assetsReceived.minnesota-vikings.0,assetsReceived.minnesota-vikings.2
B_SUBSEQUENTLY_TRADED_MANUAL,src/data/nfl/trades.backup-before-bottom-batch-007-final-22-v1-2026-07-04T08-48-08-914Z.json,4825,2020-1st-round-pick-14th-overall-javon-kinlaw-tampa-bay-buccaneers-2020,SF-2020-0401,,,Tampa Bay Buccaneers Win,Javon Kinlaw,san-francisco-49ers,san-francisco-49ers,"2020 1st round pick (14th overall, Javon Kinlaw) and 2020 4th round pick (117th overall subsequently traded, D.J. Wonnum)",Javon Kinlaw),assetsReceived.san-francisco-49ers.0,assetsReceived.san-francisco-49ers.2
B_SUBSEQUENTLY_TRADED_MANUAL,src/data/nfl/trades.backup-before-bottom-batch-007-final-22-v1-2026-07-04T08-48-08-914Z.json,4992,2022-1st-round-pick-27th-overall-tampa-bay-buccaneers-2022,JAX-2022-0089,,,Tampa Bay Buccaneers Win,Logan Hall,tampa-bay-buccaneers,tampa-bay-buccaneers,"2022 2nd round pick (33rd overall, Logan Hall), 2022 4th round pick (106th overall, Cade Otton), 2022 6th round pick (180th overall subsequently traded, Matt Araiza)",Logan Hall),assetsReceived.tampa-bay-buccaneers.0,assetsReceived.tampa-bay-buccaneers.2
B_SUBSEQUENTLY_TRADED_MANUAL,src/data/nfl/trades.backup-before-bottom-batch-007-final-22-v1-2026-07-04T08-48-08-914Z.json,5016,2023-4th-round-pick-121st-overall-tampa-bay-buccaneers-2022,JAX-2022-0091,,,Jacksonville Jaguars Win,Zyon McCollum,tampa-bay-buccaneers,tampa-bay-buccaneers,"2022 5th round pick (157th overall, Zyon McCollum), 2022 7th round pick (235th overall subsequently traded, Daniel Hardy)",Zyon McCollum),assetsReceived.tampa-bay-buccaneers.0,assetsReceived.tampa-bay-buccaneers.2
B_SUBSEQUENTLY_TRADED_MANUAL,src/data/nfl/trades.backup-before-bottom-batch-007-final-22-v1-2026-07-04T08-48-54-794Z.json,3366,1995-1st-round-pick-12th-overall-philadelphia-eagles-1995,TB-1995-0155,,,Tampa Bay Buccaneers Win,Warren Sapp,tampa-bay-buccaneers,tampa-bay-buccaneers,"1995 1st round pick (12th overall, Warren Sapp), 1995 2nd round pick (43rd overall, Melvin Johnson) and 1995 2nd round pick (63rd overall subsequently traded, Shane Hannah)",Warren Sapp),assetsReceived.tampa-bay-buccaneers.3,assetsReceived.tampa-bay-buccaneers.1
B_SUBSEQUENTLY_TRADED_MANUAL,src/data/nfl/trades.backup-before-bottom-batch-007-final-22-v1-2026-07-04T08-48-54-794Z.json,3485,1998-1st-round-pick-23rd-overall-tampa-bay-buccaneers-1998,RAI-1998-0294,,,Oakland/Los Angeles/Las Vegas Raiders Win,Jacquez Green,tampa-bay-buccaneers,tampa-bay-buccaneers,"1998 2nd round pick (34th overall, Jacquez Green) and 1998 2nd round pick (59th overall subsequently traded, Mikhael Ricks)",Jacquez Green),assetsReceived.tampa-bay-buccaneers.0,assetsReceived.tampa-bay-buccaneers.2
B_SUBSEQUENTLY_TRADED_MANUAL,src/data/nfl/trades.backup-before-bottom-batch-007-final-22-v1-2026-07-04T08-48-54-794Z.json,3636,2001-1st-round-pick-21st-overall-nate-clements-and-2001-2nd-round-pick-51st-over,BUF-2001-0252,,,Buffalo Bills Win,Nate Clements,buffalo-bills,buffalo-bills,"2001 1st round pick (21st overall, Nate Clements) and 2001 2nd round pick (51st overall subsequently traded, Paul Toviessi)",Nate Clements),assetsReceived.buffalo-bills.0,assetsReceived.buffalo-bills.2
B_SUBSEQUENTLY_TRADED_MANUAL,src/data/nfl/trades.backup-before-bottom-batch-007-final-22-v1-2026-07-04T08-48-54-794Z.json,3830,keenan-mccardell-tampa-bay-buccaneers-2004,LAC-2004-0340,,,Los Angeles/San Diego Chargers Win,Chris Colmer,tampa-bay-buccaneers,tampa-bay-buccaneers,"2005 3rd round pick (91st overall, Chris Colmer) and 2005 6th round pick (203rd overall subsequently traded, Andrew Hoffman)",Chris Colmer),assetsReceived.tampa-bay-buccaneers.0,assetsReceived.tampa-bay-buccaneers.2
B_SUBSEQUENTLY_TRADED_MANUAL,src/data/nfl/trades.backup-before-bottom-batch-007-final-22-v1-2026-07-04T08-48-54-794Z.json,4026,2008-2nd-round-pick-52nd-overall-tampa-bay-buccaneers-2008,JAX-2008-0039,,,Tampa Bay Buccaneers Win,Dexter Jackson,tampa-bay-buccaneers,tampa-bay-buccaneers,"2008 2nd round pick (58th overall, Dexter Jackson), 2008 5th round pick (158th overall subsequently traded, Kellen Davis), 2009 7th round pick (217th overall, E.J. Biggers)",Dexter Jackson),assetsReceived.tampa-bay-buccaneers.0,assetsReceived.tampa-bay-buccaneers.2
B_SUBSEQUENTLY_TRADED_MANUAL,src/data/nfl/trades.backup-before-bottom-batch-007-final-22-v1-2026-07-04T08-48-54-794Z.json,4249,2011-4th-round-pick-104th-overall-philadelphia-eagles-2011,TB-2011-0215,,,Even Trade,Casey Matthews,philadelphia-eagles,philadelphia-eagles,"2011 4th round pick (116th overall, Casey Matthews) and 2012 4th round pick (99th overall subsequently traded, Ben Jones)",Casey Matthews),assetsReceived.philadelphia-eagles.3,assetsReceived.philadelphia-eagles.1
B_SUBSEQUENTLY_TRADED_MANUAL,src/data/nfl/trades.backup-before-bottom-batch-007-final-22-v1-2026-07-04T08-48-54-794Z.json,4284,2012-2nd-round-pick-36th-overall-derek-wolfe-and-2012-4th-round-pick-101st-overall-omar-bo,DEN-2012-04-26-0326,,,Tampa Bay Buccaneers Win,Doug Martin,tampa-bay-buccaneers,tampa-bay-buccaneers,"2012 1st round pick (31st overall, Doug Martin) and 2012 4th round pick (126th overall subsequently traded, Jared Crick)",Doug Martin),assetsReceived.tampa-bay-buccaneers.0,assetsReceived.tampa-bay-buccaneers.2
B_SUBSEQUENTLY_TRADED_MANUAL,src/data/nfl/trades.backup-before-bottom-batch-007-final-22-v1-2026-07-04T08-48-54-794Z.json,4285,2012-1st-round-pick-5th-overall-tampa-bay-buccaneers-2012,JAX-2012-0054,,,Tampa Bay Buccaneers Win,Mark Barron,tampa-bay-buccaneers,tampa-bay-buccaneers,"2012 1st round pick (7th overall, Mark Barron), 2012 4th round pick (101st overall subsequently traded, Omar Bolden)",Mark Barron),assetsReceived.tampa-bay-buccaneers.0,assetsReceived.tampa-bay-buccaneers.2
B_SUBSEQUENTLY_TRADED_MANUAL,src/data/nfl/trades.backup-before-bottom-batch-007-final-22-v1-2026-07-04T08-48-54-794Z.json,4406,2014-7th-round-pick-221st-overall-randell-johnson-and-2015-5th-round-pick-137th,BUF-2014-0285,,,Buffalo Bills Win,Randell Johnson,buffalo-bills,buffalo-bills,"2014 7th round pick (221st overall, Randell Johnson) and 2015 5th round pick (137th overall subsequently traded, Grady Jarrett)",Randell Johnson),assetsReceived.buffalo-bills.0,assetsReceived.buffalo-bills.2
B_SUBSEQUENTLY_TRADED_MANUAL,src/data/nfl/trades.backup-before-bottom-batch-007-final-22-v1-2026-07-04T08-48-54-794Z.json,4444,2015-2nd-round-pick-61st-overall-indianapolis-colts-2015,TB-2015-0233,,,Tampa Bay Buccaneers Win,Ali Marpet,tampa-bay-buccaneers,tampa-bay-buccaneers,"2015 2nd round pick (61st overall, Ali Marpet) and 2015 4th round pick (128th overall subsequently traded, Jon Feliciano)",Ali Marpet),assetsReceived.tampa-bay-buccaneers.3,assetsReceived.tampa-bay-buccaneers.1
B_SUBSEQUENTLY_TRADED_MANUAL,src/data/nfl/trades.backup-before-bottom-batch-007-final-22-v1-2026-07-04T08-48-54-794Z.json,4486,2016-1st-round-pick-11th-overall-chicago-bears-2016,TB-2016-0235,,,Chicago Bears Win,Vernon Hargreaves,tampa-bay-buccaneers,tampa-bay-buccaneers,"2016 1st round pick (11th overall, Vernon Hargreaves) and 2016 4th round pick (106th overall subsequently traded, Eric Murray)",Vernon Hargreaves),assetsReceived.tampa-bay-buccaneers.3,assetsReceived.tampa-bay-buccaneers.1
B_SUBSEQUENTLY_TRADED_MANUAL,src/data/nfl/trades.backup-before-bottom-batch-007-final-22-v1-2026-07-04T08-48-54-794Z.json,4560,2017-7th-round-pick-237th-overall-buccaneers-2017,MIA-2017-0273,,,Miami Dolphins Win,Isaiah Ford,miami-dolphins,miami-dolphins,"2017 7th round pick (237th overall, Isaiah Ford) and 2018 7th round pick (223rd overall subsequently traded, Jullian Taylor)",Isaiah Ford),assetsReceived.miami-dolphins.0,assetsReceived.miami-dolphins.2
B_SUBSEQUENTLY_TRADED_MANUAL,src/data/nfl/trades.backup-before-bottom-batch-007-final-22-v1-2026-07-04T08-48-54-794Z.json,4646,2018-4th-round-pick-102nd-overall-jalyn-holmes-tampa-bay-buccaneers-2018,MIN-2018-0260,,,Tampa Bay Buccaneers Win,Jalyn Holmes,minnesota-vikings,minnesota-vikings,"2018 4th round pick (102nd overall, Jalyn Holmes) and 2018 6th round pick (180th overall subsequently traded, Folorunso Fatukasi)",Jalyn Holmes),assetsReceived.minnesota-vikings.0,assetsReceived.minnesota-vikings.2
B_SUBSEQUENTLY_TRADED_MANUAL,src/data/nfl/trades.backup-before-bottom-batch-007-final-22-v1-2026-07-04T08-48-54-794Z.json,4825,2020-1st-round-pick-14th-overall-javon-kinlaw-tampa-bay-buccaneers-2020,SF-2020-0401,,,Tampa Bay Buccaneers Win,Javon Kinlaw,san-francisco-49ers,san-francisco-49ers,"2020 1st round pick (14th overall, Javon Kinlaw) and 2020 4th round pick (117th overall subsequently traded, D.J. Wonnum)",Javon Kinlaw),assetsReceived.san-francisco-49ers.0,assetsReceived.san-francisco-49ers.2
B_SUBSEQUENTLY_TRADED_MANUAL,src/data/nfl/trades.backup-before-bottom-batch-007-final-22-v1-2026-07-04T08-48-54-794Z.json,4992,2022-1st-round-pick-27th-overall-tampa-bay-buccaneers-2022,JAX-2022-0089,,,Tampa Bay Buccaneers Win,Logan Hall,tampa-bay-buccaneers,tampa-bay-buccaneers,"2022 2nd round pick (33rd overall, Logan Hall), 2022 4th round pick (106th overall, Cade Otton), 2022 6th round pick (180th overall subsequently traded, Matt Araiza)",Logan Hall),assetsReceived.tampa-bay-buccaneers.0,assetsReceived.tampa-bay-buccaneers.2
B_SUBSEQUENTLY_TRADED_MANUAL,src/data/nfl/trades.backup-before-bottom-batch-007-final-22-v1-2026-07-04T08-48-54-794Z.json,5016,2023-4th-round-pick-121st-overall-tampa-bay-buccaneers-2022,JAX-2022-0091,,,Jacksonville Jaguars Win,Zyon McCollum,tampa-bay-buccaneers,tampa-bay-buccaneers,"2022 5th round pick (157th overall, Zyon McCollum), 2022 7th round pick (235th overall subsequently traded, Daniel Hardy)",Zyon McCollum),assetsReceived.tampa-bay-buccaneers.0,assetsReceived.tampa-bay-buccaneers.2
B_SUBSEQUENTLY_TRADED_MANUAL,src/data/nfl/trades.backup-before-bottom-batch-008-auto-copy-v1-2026-07-04T08-52-08-961Z.json,3366,1995-1st-round-pick-12th-overall-philadelphia-eagles-1995,TB-1995-0155,,,Tampa Bay Buccaneers Win,Warren Sapp,tampa-bay-buccaneers,tampa-bay-buccaneers,"1995 1st round pick (12th overall, Warren Sapp), 1995 2nd round pick (43rd overall, Melvin Johnson) and 1995 2nd round pick (63rd overall subsequently traded, Shane Hannah)",Warren Sapp),assetsReceived.tampa-bay-buccaneers.3,assetsReceived.tampa-bay-buccaneers.1
B_SUBSEQUENTLY_TRADED_MANUAL,src/data/nfl/trades.backup-before-bottom-batch-008-auto-copy-v1-2026-07-04T08-52-08-961Z.json,3485,1998-1st-round-pick-23rd-overall-tampa-bay-buccaneers-1998,RAI-1998-0294,,,Oakland/Los Angeles/Las Vegas Raiders Win,Jacquez Green,tampa-bay-buccaneers,tampa-bay-buccaneers,"1998 2nd round pick (34th overall, Jacquez Green) and 1998 2nd round pick (59th overall subsequently traded, Mikhael Ricks)",Jacquez Green),assetsReceived.tampa-bay-buccaneers.0,assetsReceived.tampa-bay-buccaneers.2
B_SUBSEQUENTLY_TRADED_MANUAL,src/data/nfl/trades.backup-before-bottom-batch-008-auto-copy-v1-2026-07-04T08-52-08-961Z.json,3636,2001-1st-round-pick-21st-overall-nate-clements-and-2001-2nd-round-pick-51st-over,BUF-2001-0252,,,Buffalo Bills Win,Nate Clements,buffalo-bills,buffalo-bills,"2001 1st round pick (21st overall, Nate Clements) and 2001 2nd round pick (51st overall subsequently traded, Paul Toviessi)",Nate Clements),assetsReceived.buffalo-bills.0,assetsReceived.buffalo-bills.2
B_SUBSEQUENTLY_TRADED_MANUAL,src/data/nfl/trades.backup-before-bottom-batch-008-auto-copy-v1-2026-07-04T08-52-08-961Z.json,3830,keenan-mccardell-tampa-bay-buccaneers-2004,LAC-2004-0340,,,Los Angeles/San Diego Chargers Win,Chris Colmer,tampa-bay-buccaneers,tampa-bay-buccaneers,"2005 3rd round pick (91st overall, Chris Colmer) and 2005 6th round pick (203rd overall subsequently traded, Andrew Hoffman)",Chris Colmer),assetsReceived.tampa-bay-buccaneers.0,assetsReceived.tampa-bay-buccaneers.2
B_SUBSEQUENTLY_TRADED_MANUAL,src/data/nfl/trades.backup-before-bottom-batch-008-auto-copy-v1-2026-07-04T08-52-08-961Z.json,4026,2008-2nd-round-pick-52nd-overall-tampa-bay-buccaneers-2008,JAX-2008-0039,,,Tampa Bay Buccaneers Win,Dexter Jackson,tampa-bay-buccaneers,tampa-bay-buccaneers,"2008 2nd round pick (58th overall, Dexter Jackson), 2008 5th round pick (158th overall subsequently traded, Kellen Davis), 2009 7th round pick (217th overall, E.J. Biggers)",Dexter Jackson),assetsReceived.tampa-bay-buccaneers.0,assetsReceived.tampa-bay-buccaneers.2
B_SUBSEQUENTLY_TRADED_MANUAL,src/data/nfl/trades.backup-before-bottom-batch-008-auto-copy-v1-2026-07-04T08-52-08-961Z.json,4249,2011-4th-round-pick-104th-overall-philadelphia-eagles-2011,TB-2011-0215,,,Even Trade,Casey Matthews,philadelphia-eagles,philadelphia-eagles,"2011 4th round pick (116th overall, Casey Matthews) and 2012 4th round pick (99th overall subsequently traded, Ben Jones)",Casey Matthews),assetsReceived.philadelphia-eagles.3,assetsReceived.philadelphia-eagles.1
B_SUBSEQUENTLY_TRADED_MANUAL,src/data/nfl/trades.backup-before-bottom-batch-008-auto-copy-v1-2026-07-04T08-52-08-961Z.json,4284,2012-2nd-round-pick-36th-overall-derek-wolfe-and-2012-4th-round-pick-101st-overall-omar-bo,DEN-2012-04-26-0326,,,Tampa Bay Buccaneers Win,Doug Martin,tampa-bay-buccaneers,tampa-bay-buccaneers,"2012 1st round pick (31st overall, Doug Martin) and 2012 4th round pick (126th overall subsequently traded, Jared Crick)",Doug Martin),assetsReceived.tampa-bay-buccaneers.0,assetsReceived.tampa-bay-buccaneers.2
B_SUBSEQUENTLY_TRADED_MANUAL,src/data/nfl/trades.backup-before-bottom-batch-008-auto-copy-v1-2026-07-04T08-52-08-961Z.json,4285,2012-1st-round-pick-5th-overall-tampa-bay-buccaneers-2012,JAX-2012-0054,,,Tampa Bay Buccaneers Win,Mark Barron,tampa-bay-buccaneers,tampa-bay-buccaneers,"2012 1st round pick (7th overall, Mark Barron), 2012 4th round pick (101st overall subsequently traded, Omar Bolden)",Mark Barron),assetsReceived.tampa-bay-buccaneers.0,assetsReceived.tampa-bay-buccaneers.2
B_SUBSEQUENTLY_TRADED_MANUAL,src/data/nfl/trades.backup-before-bottom-batch-008-auto-copy-v1-2026-07-04T08-52-08-961Z.json,4406,2014-7th-round-pick-221st-overall-randell-johnson-and-2015-5th-round-pick-137th,BUF-2014-0285,,,Buffalo Bills Win,Randell Johnson,buffalo-bills,buffalo-bills,"2014 7th round pick (221st overall, Randell Johnson) and 2015 5th round pick (137th overall subsequently traded, Grady Jarrett)",Randell Johnson),assetsReceived.buffalo-bills.0,assetsReceived.buffalo-bills.2
B_SUBSEQUENTLY_TRADED_MANUAL,src/data/nfl/trades.backup-before-bottom-batch-008-auto-copy-v1-2026-07-04T08-52-08-961Z.json,4444,2015-2nd-round-pick-61st-overall-indianapolis-colts-2015,TB-2015-0233,,,Tampa Bay Buccaneers Win,Ali Marpet,tampa-bay-buccaneers,tampa-bay-buccaneers,"2015 2nd round pick (61st overall, Ali Marpet) and 2015 4th round pick (128th overall subsequently traded, Jon Feliciano)",Ali Marpet),assetsReceived.tampa-bay-buccaneers.3,assetsReceived.tampa-bay-buccaneers.1
B_SUBSEQUENTLY_TRADED_MANUAL,src/data/nfl/trades.backup-before-bottom-batch-008-auto-copy-v1-2026-07-04T08-52-08-961Z.json,4486,2016-1st-round-pick-11th-overall-chicago-bears-2016,TB-2016-0235,,,Chicago Bears Win,Vernon Hargreaves,tampa-bay-buccaneers,tampa-bay-buccaneers,"2016 1st round pick (11th overall, Vernon Hargreaves) and 2016 4th round pick (106th overall subsequently traded, Eric Murray)",Vernon Hargreaves),assetsReceived.tampa-bay-buccaneers.3,assetsReceived.tampa-bay-buccaneers.1
B_SUBSEQUENTLY_TRADED_MANUAL,src/data/nfl/trades.backup-before-bottom-batch-008-auto-copy-v1-2026-07-04T08-52-08-961Z.json,4560,2017-7th-round-pick-237th-overall-buccaneers-2017,MIA-2017-0273,,,Miami Dolphins Win,Isaiah Ford,miami-dolphins,miami-dolphins,"2017 7th round pick (237th overall, Isaiah Ford) and 2018 7th round pick (223rd overall subsequently traded, Jullian Taylor)",Isaiah Ford),assetsReceived.miami-dolphins.0,assetsReceived.miami-dolphins.2
B_SUBSEQUENTLY_TRADED_MANUAL,src/data/nfl/trades.backup-before-bottom-batch-008-auto-copy-v1-2026-07-04T08-52-08-961Z.json,4646,2018-4th-round-pick-102nd-overall-jalyn-holmes-tampa-bay-buccaneers-2018,MIN-2018-0260,,,Tampa Bay Buccaneers Win,Jalyn Holmes,minnesota-vikings,minnesota-vikings,"2018 4th round pick (102nd overall, Jalyn Holmes) and 2018 6th round pick (180th overall subsequently traded, Folorunso Fatukasi)",Jalyn Holmes),assetsReceived.minnesota-vikings.0,assetsReceived.minnesota-vikings.2
B_SUBSEQUENTLY_TRADED_MANUAL,src/data/nfl/trades.backup-before-bottom-batch-008-auto-copy-v1-2026-07-04T08-52-08-961Z.json,4825,2020-1st-round-pick-14th-overall-javon-kinlaw-tampa-bay-buccaneers-2020,SF-2020-0401,,,Tampa Bay Buccaneers Win,Javon Kinlaw,san-francisco-49ers,san-francisco-49ers,"2020 1st round pick (14th overall, Javon Kinlaw) and 2020 4th round pick (117th overall subsequently traded, D.J. Wonnum)",Javon Kinlaw),assetsReceived.san-francisco-49ers.0,assetsReceived.san-francisco-49ers.2
B_SUBSEQUENTLY_TRADED_MANUAL,src/data/nfl/trades.backup-before-bottom-batch-008-auto-copy-v1-2026-07-04T08-52-08-961Z.json,4992,2022-1st-round-pick-27th-overall-tampa-bay-buccaneers-2022,JAX-2022-0089,,,Tampa Bay Buccaneers Win,Logan Hall,tampa-bay-buccaneers,tampa-bay-buccaneers,"2022 2nd round pick (33rd overall, Logan Hall), 2022 4th round pick (106th overall, Cade Otton), 2022 6th round pick (180th overall subsequently traded, Matt Araiza)",Logan Hall),assetsReceived.tampa-bay-buccaneers.0,assetsReceived.tampa-bay-buccaneers.2
B_SUBSEQUENTLY_TRADED_MANUAL,src/data/nfl/trades.backup-before-bottom-batch-008-auto-copy-v1-2026-07-04T08-52-08-961Z.json,5016,2023-4th-round-pick-121st-overall-tampa-bay-buccaneers-2022,JAX-2022-0091,,,Jacksonville Jaguars Win,Zyon McCollum,tampa-bay-buccaneers,tampa-bay-buccaneers,"2022 5th round pick (157th overall, Zyon McCollum), 2022 7th round pick (235th overall subsequently traded, Daniel Hardy)",Zyon McCollum),assetsReceived.tampa-bay-buccaneers.0,assetsReceived.tampa-bay-buccaneers.2
B_SUBSEQUENTLY_TRADED_MANUAL,src/data/nfl/trades.backup-before-bottom-batch-008-final-12-v1-2026-07-04T08-58-43-132Z.json,3366,1995-1st-round-pick-12th-overall-philadelphia-eagles-1995,TB-1995-0155,,,Tampa Bay Buccaneers Win,Warren Sapp,tampa-bay-buccaneers,tampa-bay-buccaneers,"1995 1st round pick (12th overall, Warren Sapp), 1995 2nd round pick (43rd overall, Melvin Johnson) and 1995 2nd round pick (63rd overall subsequently traded, Shane Hannah)",Warren Sapp),assetsReceived.tampa-bay-buccaneers.3,assetsReceived.tampa-bay-buccaneers.1
B_SUBSEQUENTLY_TRADED_MANUAL,src/data/nfl/trades.backup-before-bottom-batch-008-final-12-v1-2026-07-04T08-58-43-132Z.json,3485,1998-1st-round-pick-23rd-overall-tampa-bay-buccaneers-1998,RAI-1998-0294,,,Oakland/Los Angeles/Las Vegas Raiders Win,Jacquez Green,tampa-bay-buccaneers,tampa-bay-buccaneers,"1998 2nd round pick (34th overall, Jacquez Green) and 1998 2nd round pick (59th overall subsequently traded, Mikhael Ricks)",Jacquez Green),assetsReceived.tampa-bay-buccaneers.0,assetsReceived.tampa-bay-buccaneers.2
B_SUBSEQUENTLY_TRADED_MANUAL,src/data/nfl/trades.backup-before-bottom-batch-008-final-12-v1-2026-07-04T08-58-43-132Z.json,3636,2001-1st-round-pick-21st-overall-nate-clements-and-2001-2nd-round-pick-51st-over,BUF-2001-0252,,,Buffalo Bills Win,Nate Clements,buffalo-bills,buffalo-bills,"2001 1st round pick (21st overall, Nate Clements) and 2001 2nd round pick (51st overall subsequently traded, Paul Toviessi)",Nate Clements),assetsReceived.buffalo-bills.0,assetsReceived.buffalo-bills.2
B_SUBSEQUENTLY_TRADED_MANUAL,src/data/nfl/trades.backup-before-bottom-batch-008-final-12-v1-2026-07-04T08-58-43-132Z.json,3830,keenan-mccardell-tampa-bay-buccaneers-2004,LAC-2004-0340,,,Los Angeles/San Diego Chargers Win,Chris Colmer,tampa-bay-buccaneers,tampa-bay-buccaneers,"2005 3rd round pick (91st overall, Chris Colmer) and 2005 6th round pick (203rd overall subsequently traded, Andrew Hoffman)",Chris Colmer),assetsReceived.tampa-bay-buccaneers.0,assetsReceived.tampa-bay-buccaneers.2
B_SUBSEQUENTLY_TRADED_MANUAL,src/data/nfl/trades.backup-before-bottom-batch-008-final-12-v1-2026-07-04T08-58-43-132Z.json,4026,2008-2nd-round-pick-52nd-overall-tampa-bay-buccaneers-2008,JAX-2008-0039,,,Tampa Bay Buccaneers Win,Dexter Jackson,tampa-bay-buccaneers,tampa-bay-buccaneers,"2008 2nd round pick (58th overall, Dexter Jackson), 2008 5th round pick (158th overall subsequently traded, Kellen Davis), 2009 7th round pick (217th overall, E.J. Biggers)",Dexter Jackson),assetsReceived.tampa-bay-buccaneers.0,assetsReceived.tampa-bay-buccaneers.2
B_SUBSEQUENTLY_TRADED_MANUAL,src/data/nfl/trades.backup-before-bottom-batch-008-final-12-v1-2026-07-04T08-58-43-132Z.json,4249,2011-4th-round-pick-104th-overall-philadelphia-eagles-2011,TB-2011-0215,,,Even Trade,Casey Matthews,philadelphia-eagles,philadelphia-eagles,"2011 4th round pick (116th overall, Casey Matthews) and 2012 4th round pick (99th overall subsequently traded, Ben Jones)",Casey Matthews),assetsReceived.philadelphia-eagles.3,assetsReceived.philadelphia-eagles.1
B_SUBSEQUENTLY_TRADED_MANUAL,src/data/nfl/trades.backup-before-bottom-batch-008-final-12-v1-2026-07-04T08-58-43-132Z.json,4284,2012-2nd-round-pick-36th-overall-derek-wolfe-and-2012-4th-round-pick-101st-overall-omar-bo,DEN-2012-04-26-0326,,,Tampa Bay Buccaneers Win,Doug Martin,tampa-bay-buccaneers,tampa-bay-buccaneers,"2012 1st round pick (31st overall, Doug Martin) and 2012 4th round pick (126th overall subsequently traded, Jared Crick)",Doug Martin),assetsReceived.tampa-bay-buccaneers.0,assetsReceived.tampa-bay-buccaneers.2
B_SUBSEQUENTLY_TRADED_MANUAL,src/data/nfl/trades.backup-before-bottom-batch-008-final-12-v1-2026-07-04T08-58-43-132Z.json,4285,2012-1st-round-pick-5th-overall-tampa-bay-buccaneers-2012,JAX-2012-0054,,,Tampa Bay Buccaneers Win,Mark Barron,tampa-bay-buccaneers,tampa-bay-buccaneers,"2012 1st round pick (7th overall, Mark Barron), 2012 4th round pick (101st overall subsequently traded, Omar Bolden)",Mark Barron),assetsReceived.tampa-bay-buccaneers.0,assetsReceived.tampa-bay-buccaneers.2
B_SUBSEQUENTLY_TRADED_MANUAL,src/data/nfl/trades.backup-before-bottom-batch-008-final-12-v1-2026-07-04T08-58-43-132Z.json,4406,2014-7th-round-pick-221st-overall-randell-johnson-and-2015-5th-round-pick-137th,BUF-2014-0285,,,Buffalo Bills Win,Randell Johnson,buffalo-bills,buffalo-bills,"2014 7th round pick (221st overall, Randell Johnson) and 2015 5th round pick (137th overall subsequently traded, Grady Jarrett)",Randell Johnson),assetsReceived.buffalo-bills.0,assetsReceived.buffalo-bills.2
B_SUBSEQUENTLY_TRADED_MANUAL,src/data/nfl/trades.backup-before-bottom-batch-008-final-12-v1-2026-07-04T08-58-43-132Z.json,4444,2015-2nd-round-pick-61st-overall-indianapolis-colts-2015,TB-2015-0233,,,Tampa Bay Buccaneers Win,Ali Marpet,tampa-bay-buccaneers,tampa-bay-buccaneers,"2015 2nd round pick (61st overall, Ali Marpet) and 2015 4th round pick (128th overall subsequently traded, Jon Feliciano)",Ali Marpet),assetsReceived.tampa-bay-buccaneers.3,assetsReceived.tampa-bay-buccaneers.1
B_SUBSEQUENTLY_TRADED_MANUAL,src/data/nfl/trades.backup-before-bottom-batch-008-final-12-v1-2026-07-04T08-58-43-132Z.json,4486,2016-1st-round-pick-11th-overall-chicago-bears-2016,TB-2016-0235,,,Chicago Bears Win,Vernon Hargreaves,tampa-bay-buccaneers,tampa-bay-buccaneers,"2016 1st round pick (11th overall, Vernon Hargreaves) and 2016 4th round pick (106th overall subsequently traded, Eric Murray)",Vernon Hargreaves),assetsReceived.tampa-bay-buccaneers.3,assetsReceived.tampa-bay-buccaneers.1
B_SUBSEQUENTLY_TRADED_MANUAL,src/data/nfl/trades.backup-before-bottom-batch-008-final-12-v1-2026-07-04T08-58-43-132Z.json,4560,2017-7th-round-pick-237th-overall-buccaneers-2017,MIA-2017-0273,,,Miami Dolphins Win,Isaiah Ford,miami-dolphins,miami-dolphins,"2017 7th round pick (237th overall, Isaiah Ford) and 2018 7th round pick (223rd overall subsequently traded, Jullian Taylor)",Isaiah Ford),assetsReceived.miami-dolphins.0,assetsReceived.miami-dolphins.2
B_SUBSEQUENTLY_TRADED_MANUAL,src/data/nfl/trades.backup-before-bottom-batch-008-final-12-v1-2026-07-04T08-58-43-132Z.json,4646,2018-4th-round-pick-102nd-overall-jalyn-holmes-tampa-bay-buccaneers-2018,MIN-2018-0260,,,Tampa Bay Buccaneers Win,Jalyn Holmes,minnesota-vikings,minnesota-vikings,"2018 4th round pick (102nd overall, Jalyn Holmes) and 2018 6th round pick (180th overall subsequently traded, Folorunso Fatukasi)",Jalyn Holmes),assetsReceived.minnesota-vikings.0,assetsReceived.minnesota-vikings.2
B_SUBSEQUENTLY_TRADED_MANUAL,src/data/nfl/trades.backup-before-bottom-batch-008-final-12-v1-2026-07-04T08-58-43-132Z.json,4825,2020-1st-round-pick-14th-overall-javon-kinlaw-tampa-bay-buccaneers-2020,SF-2020-0401,,,Tampa Bay Buccaneers Win,Javon Kinlaw,san-francisco-49ers,san-francisco-49ers,"2020 1st round pick (14th overall, Javon Kinlaw) and 2020 4th round pick (117th overall subsequently traded, D.J. Wonnum)",Javon Kinlaw),assetsReceived.san-francisco-49ers.0,assetsReceived.san-francisco-49ers.2
B_SUBSEQUENTLY_TRADED_MANUAL,src/data/nfl/trades.backup-before-bottom-batch-008-final-12-v1-2026-07-04T08-58-43-132Z.json,4992,2022-1st-round-pick-27th-overall-tampa-bay-buccaneers-2022,JAX-2022-0089,,,Tampa Bay Buccaneers Win,Logan Hall,tampa-bay-buccaneers,tampa-bay-buccaneers,"2022 2nd round pick (33rd overall, Logan Hall), 2022 4th round pick (106th overall, Cade Otton), 2022 6th round pick (180th overall subsequently traded, Matt Araiza)",Logan Hall),assetsReceived.tampa-bay-buccaneers.0,assetsReceived.tampa-bay-buccaneers.2
B_SUBSEQUENTLY_TRADED_MANUAL,src/data/nfl/trades.backup-before-bottom-batch-008-final-12-v1-2026-07-04T08-58-43-132Z.json,5016,2023-4th-round-pick-121st-overall-tampa-bay-buccaneers-2022,JAX-2022-0091,,,Jacksonville Jaguars Win,Zyon McCollum,tampa-bay-buccaneers,tampa-bay-buccaneers,"2022 5th round pick (157th overall, Zyon McCollum), 2022 7th round pick (235th overall subsequently traded, Daniel Hardy)",Zyon McCollum),assetsReceived.tampa-bay-buccaneers.0,assetsReceived.tampa-bay-buccaneers.2
B_SUBSEQUENTLY_TRADED_MANUAL,src/data/nfl/trades.backup-before-bottom-batch-008-final-12-v1-2026-07-04T08-59-42-269Z.json,3366,1995-1st-round-pick-12th-overall-philadelphia-eagles-1995,TB-1995-0155,,,Tampa Bay Buccaneers Win,Warren Sapp,tampa-bay-buccaneers,tampa-bay-buccaneers,"1995 1st round pick (12th overall, Warren Sapp), 1995 2nd round pick (43rd overall, Melvin Johnson) and 1995 2nd round pick (63rd overall subsequently traded, Shane Hannah)",Warren Sapp),assetsReceived.tampa-bay-buccaneers.3,assetsReceived.tampa-bay-buccaneers.1
B_SUBSEQUENTLY_TRADED_MANUAL,src/data/nfl/trades.backup-before-bottom-batch-008-final-12-v1-2026-07-04T08-59-42-269Z.json,3485,1998-1st-round-pick-23rd-overall-tampa-bay-buccaneers-1998,RAI-1998-0294,,,Oakland/Los Angeles/Las Vegas Raiders Win,Jacquez Green,tampa-bay-buccaneers,tampa-bay-buccaneers,"1998 2nd round pick (34th overall, Jacquez Green) and 1998 2nd round pick (59th overall subsequently traded, Mikhael Ricks)",Jacquez Green),assetsReceived.tampa-bay-buccaneers.0,assetsReceived.tampa-bay-buccaneers.2
B_SUBSEQUENTLY_TRADED_MANUAL,src/data/nfl/trades.backup-before-bottom-batch-008-final-12-v1-2026-07-04T08-59-42-269Z.json,3636,2001-1st-round-pick-21st-overall-nate-clements-and-2001-2nd-round-pick-51st-over,BUF-2001-0252,,,Buffalo Bills Win,Nate Clements,buffalo-bills,buffalo-bills,"2001 1st round pick (21st overall, Nate Clements) and 2001 2nd round pick (51st overall subsequently traded, Paul Toviessi)",Nate Clements),assetsReceived.buffalo-bills.0,assetsReceived.buffalo-bills.2
B_SUBSEQUENTLY_TRADED_MANUAL,src/data/nfl/trades.backup-before-bottom-batch-008-final-12-v1-2026-07-04T08-59-42-269Z.json,3830,keenan-mccardell-tampa-bay-buccaneers-2004,LAC-2004-0340,,,Los Angeles/San Diego Chargers Win,Chris Colmer,tampa-bay-buccaneers,tampa-bay-buccaneers,"2005 3rd round pick (91st overall, Chris Colmer) and 2005 6th round pick (203rd overall subsequently traded, Andrew Hoffman)",Chris Colmer),assetsReceived.tampa-bay-buccaneers.0,assetsReceived.tampa-bay-buccaneers.2
B_SUBSEQUENTLY_TRADED_MANUAL,src/data/nfl/trades.backup-before-bottom-batch-008-final-12-v1-2026-07-04T08-59-42-269Z.json,4026,2008-2nd-round-pick-52nd-overall-tampa-bay-buccaneers-2008,JAX-2008-0039,,,Tampa Bay Buccaneers Win,Dexter Jackson,tampa-bay-buccaneers,tampa-bay-buccaneers,"2008 2nd round pick (58th overall, Dexter Jackson), 2008 5th round pick (158th overall subsequently traded, Kellen Davis), 2009 7th round pick (217th overall, E.J. Biggers)",Dexter Jackson),assetsReceived.tampa-bay-buccaneers.0,assetsReceived.tampa-bay-buccaneers.2
B_SUBSEQUENTLY_TRADED_MANUAL,src/data/nfl/trades.backup-before-bottom-batch-008-final-12-v1-2026-07-04T08-59-42-269Z.json,4249,2011-4th-round-pick-104th-overall-philadelphia-eagles-2011,TB-2011-0215,,,Even Trade,Casey Matthews,philadelphia-eagles,philadelphia-eagles,"2011 4th round pick (116th overall, Casey Matthews) and 2012 4th round pick (99th overall subsequently traded, Ben Jones)",Casey Matthews),assetsReceived.philadelphia-eagles.3,assetsReceived.philadelphia-eagles.1
B_SUBSEQUENTLY_TRADED_MANUAL,src/data/nfl/trades.backup-before-bottom-batch-008-final-12-v1-2026-07-04T08-59-42-269Z.json,4284,2012-2nd-round-pick-36th-overall-derek-wolfe-and-2012-4th-round-pick-101st-overall-omar-bo,DEN-2012-04-26-0326,,,Tampa Bay Buccaneers Win,Doug Martin,tampa-bay-buccaneers,tampa-bay-buccaneers,"2012 1st round pick (31st overall, Doug Martin) and 2012 4th round pick (126th overall subsequently traded, Jared Crick)",Doug Martin),assetsReceived.tampa-bay-buccaneers.0,assetsReceived.tampa-bay-buccaneers.2
B_SUBSEQUENTLY_TRADED_MANUAL,src/data/nfl/trades.backup-before-bottom-batch-008-final-12-v1-2026-07-04T08-59-42-269Z.json,4285,2012-1st-round-pick-5th-overall-tampa-bay-buccaneers-2012,JAX-2012-0054,,,Tampa Bay Buccaneers Win,Mark Barron,tampa-bay-buccaneers,tampa-bay-buccaneers,"2012 1st round pick (7th overall, Mark Barron), 2012 4th round pick (101st overall subsequently traded, Omar Bolden)",Mark Barron),assetsReceived.tampa-bay-buccaneers.0,assetsReceived.tampa-bay-buccaneers.2
B_SUBSEQUENTLY_TRADED_MANUAL,src/data/nfl/trades.backup-before-bottom-batch-008-final-12-v1-2026-07-04T08-59-42-269Z.json,4406,2014-7th-round-pick-221st-overall-randell-johnson-and-2015-5th-round-pick-137th,BUF-2014-0285,,,Buffalo Bills Win,Randell Johnson,buffalo-bills,buffalo-bills,"2014 7th round pick (221st overall, Randell Johnson) and 2015 5th round pick (137th overall subsequently traded, Grady Jarrett)",Randell Johnson),assetsReceived.buffalo-bills.0,assetsReceived.buffalo-bills.2
B_SUBSEQUENTLY_TRADED_MANUAL,src/data/nfl/trades.backup-before-bottom-batch-008-final-12-v1-2026-07-04T08-59-42-269Z.json,4444,2015-2nd-round-pick-61st-overall-indianapolis-colts-2015,TB-2015-0233,,,Tampa Bay Buccaneers Win,Ali Marpet,tampa-bay-buccaneers,tampa-bay-buccaneers,"2015 2nd round pick (61st overall, Ali Marpet) and 2015 4th round pick (128th overall subsequently traded, Jon Feliciano)",Ali Marpet),assetsReceived.tampa-bay-buccaneers.3,assetsReceived.tampa-bay-buccaneers.1
B_SUBSEQUENTLY_TRADED_MANUAL,src/data/nfl/trades.backup-before-bottom-batch-008-final-12-v1-2026-07-04T08-59-42-269Z.json,4486,2016-1st-round-pick-11th-overall-chicago-bears-2016,TB-2016-0235,,,Chicago Bears Win,Vernon Hargreaves,tampa-bay-buccaneers,tampa-bay-buccaneers,"2016 1st round pick (11th overall, Vernon Hargreaves) and 2016 4th round pick (106th overall subsequently traded, Eric Murray)",Vernon Hargreaves),assetsReceived.tampa-bay-buccaneers.3,assetsReceived.tampa-bay-buccaneers.1
B_SUBSEQUENTLY_TRADED_MANUAL,src/data/nfl/trades.backup-before-bottom-batch-008-final-12-v1-2026-07-04T08-59-42-269Z.json,4560,2017-7th-round-pick-237th-overall-buccaneers-2017,MIA-2017-0273,,,Miami Dolphins Win,Isaiah Ford,miami-dolphins,miami-dolphins,"2017 7th round pick (237th overall, Isaiah Ford) and 2018 7th round pick (223rd overall subsequently traded, Jullian Taylor)",Isaiah Ford),assetsReceived.miami-dolphins.0,assetsReceived.miami-dolphins.2
B_SUBSEQUENTLY_TRADED_MANUAL,src/data/nfl/trades.backup-before-bottom-batch-008-final-12-v1-2026-07-04T08-59-42-269Z.json,4646,2018-4th-round-pick-102nd-overall-jalyn-holmes-tampa-bay-buccaneers-2018,MIN-2018-0260,,,Tampa Bay Buccaneers Win,Jalyn Holmes,minnesota-vikings,minnesota-vikings,"2018 4th round pick (102nd overall, Jalyn Holmes) and 2018 6th round pick (180th overall subsequently traded, Folorunso Fatukasi)",Jalyn Holmes),assetsReceived.minnesota-vikings.0,assetsReceived.minnesota-vikings.2
B_SUBSEQUENTLY_TRADED_MANUAL,src/data/nfl/trades.backup-before-bottom-batch-008-final-12-v1-2026-07-04T08-59-42-269Z.json,4825,2020-1st-round-pick-14th-overall-javon-kinlaw-tampa-bay-buccaneers-2020,SF-2020-0401,,,Tampa Bay Buccaneers Win,Javon Kinlaw,san-francisco-49ers,san-francisco-49ers,"2020 1st round pick (14th overall, Javon Kinlaw) and 2020 4th round pick (117th overall subsequently traded, D.J. Wonnum)",Javon Kinlaw),assetsReceived.san-francisco-49ers.0,assetsReceived.san-francisco-49ers.2
B_SUBSEQUENTLY_TRADED_MANUAL,src/data/nfl/trades.backup-before-bottom-batch-008-final-12-v1-2026-07-04T08-59-42-269Z.json,4992,2022-1st-round-pick-27th-overall-tampa-bay-buccaneers-2022,JAX-2022-0089,,,Tampa Bay Buccaneers Win,Logan Hall,tampa-bay-buccaneers,tampa-bay-buccaneers,"2022 2nd round pick (33rd overall, Logan Hall), 2022 4th round pick (106th overall, Cade Otton), 2022 6th round pick (180th overall subsequently traded, Matt Araiza)",Logan Hall),assetsReceived.tampa-bay-buccaneers.0,assetsReceived.tampa-bay-buccaneers.2
B_SUBSEQUENTLY_TRADED_MANUAL,src/data/nfl/trades.backup-before-bottom-batch-008-final-12-v1-2026-07-04T08-59-42-269Z.json,5016,2023-4th-round-pick-121st-overall-tampa-bay-buccaneers-2022,JAX-2022-0091,,,Jacksonville Jaguars Win,Zyon McCollum,tampa-bay-buccaneers,tampa-bay-buccaneers,"2022 5th round pick (157th overall, Zyon McCollum), 2022 7th round pick (235th overall subsequently traded, Daniel Hardy)",Zyon McCollum),assetsReceived.tampa-bay-buccaneers.0,assetsReceived.tampa-bay-buccaneers.2
B_SUBSEQUENTLY_TRADED_MANUAL,src/data/nfl/trades.backup-before-bottom-batch-009-auto-copy-v1-2026-07-04T09-03-13-044Z.json,3366,1995-1st-round-pick-12th-overall-philadelphia-eagles-1995,TB-1995-0155,,,Tampa Bay Buccaneers Win,Warren Sapp,tampa-bay-buccaneers,tampa-bay-buccaneers,"1995 1st round pick (12th overall, Warren Sapp), 1995 2nd round pick (43rd overall, Melvin Johnson) and 1995 2nd round pick (63rd overall subsequently traded, Shane Hannah)",Warren Sapp),assetsReceived.tampa-bay-buccaneers.3,assetsReceived.tampa-bay-buccaneers.1
B_SUBSEQUENTLY_TRADED_MANUAL,src/data/nfl/trades.backup-before-bottom-batch-009-auto-copy-v1-2026-07-04T09-03-13-044Z.json,3485,1998-1st-round-pick-23rd-overall-tampa-bay-buccaneers-1998,RAI-1998-0294,,,Oakland/Los Angeles/Las Vegas Raiders Win,Jacquez Green,tampa-bay-buccaneers,tampa-bay-buccaneers,"1998 2nd round pick (34th overall, Jacquez Green) and 1998 2nd round pick (59th overall subsequently traded, Mikhael Ricks)",Jacquez Green),assetsReceived.tampa-bay-buccaneers.0,assetsReceived.tampa-bay-buccaneers.2
B_SUBSEQUENTLY_TRADED_MANUAL,src/data/nfl/trades.backup-before-bottom-batch-009-auto-copy-v1-2026-07-04T09-03-13-044Z.json,3636,2001-1st-round-pick-21st-overall-nate-clements-and-2001-2nd-round-pick-51st-over,BUF-2001-0252,,,Buffalo Bills Win,Nate Clements,buffalo-bills,buffalo-bills,"2001 1st round pick (21st overall, Nate Clements) and 2001 2nd round pick (51st overall subsequently traded, Paul Toviessi)",Nate Clements),assetsReceived.buffalo-bills.0,assetsReceived.buffalo-bills.2
B_SUBSEQUENTLY_TRADED_MANUAL,src/data/nfl/trades.backup-before-bottom-batch-009-auto-copy-v1-2026-07-04T09-03-13-044Z.json,3830,keenan-mccardell-tampa-bay-buccaneers-2004,LAC-2004-0340,,,Los Angeles/San Diego Chargers Win,Chris Colmer,tampa-bay-buccaneers,tampa-bay-buccaneers,"2005 3rd round pick (91st overall, Chris Colmer) and 2005 6th round pick (203rd overall subsequently traded, Andrew Hoffman)",Chris Colmer),assetsReceived.tampa-bay-buccaneers.0,assetsReceived.tampa-bay-buccaneers.2
B_SUBSEQUENTLY_TRADED_MANUAL,src/data/nfl/trades.backup-before-bottom-batch-009-auto-copy-v1-2026-07-04T09-03-13-044Z.json,4026,2008-2nd-round-pick-52nd-overall-tampa-bay-buccaneers-2008,JAX-2008-0039,,,Tampa Bay Buccaneers Win,Dexter Jackson,tampa-bay-buccaneers,tampa-bay-buccaneers,"2008 2nd round pick (58th overall, Dexter Jackson), 2008 5th round pick (158th overall subsequently traded, Kellen Davis), 2009 7th round pick (217th overall, E.J. Biggers)",Dexter Jackson),assetsReceived.tampa-bay-buccaneers.0,assetsReceived.tampa-bay-buccaneers.2
B_SUBSEQUENTLY_TRADED_MANUAL,src/data/nfl/trades.backup-before-bottom-batch-009-auto-copy-v1-2026-07-04T09-03-13-044Z.json,4249,2011-4th-round-pick-104th-overall-philadelphia-eagles-2011,TB-2011-0215,,,Even Trade,Casey Matthews,philadelphia-eagles,philadelphia-eagles,"2011 4th round pick (116th overall, Casey Matthews) and 2012 4th round pick (99th overall subsequently traded, Ben Jones)",Casey Matthews),assetsReceived.philadelphia-eagles.3,assetsReceived.philadelphia-eagles.1
B_SUBSEQUENTLY_TRADED_MANUAL,src/data/nfl/trades.backup-before-bottom-batch-009-auto-copy-v1-2026-07-04T09-03-13-044Z.json,4284,2012-2nd-round-pick-36th-overall-derek-wolfe-and-2012-4th-round-pick-101st-overall-omar-bo,DEN-2012-04-26-0326,,,Tampa Bay Buccaneers Win,Doug Martin,tampa-bay-buccaneers,tampa-bay-buccaneers,"2012 1st round pick (31st overall, Doug Martin) and 2012 4th round pick (126th overall subsequently traded, Jared Crick)",Doug Martin),assetsReceived.tampa-bay-buccaneers.0,assetsReceived.tampa-bay-buccaneers.2
B_SUBSEQUENTLY_TRADED_MANUAL,src/data/nfl/trades.backup-before-bottom-batch-009-auto-copy-v1-2026-07-04T09-03-13-044Z.json,4285,2012-1st-round-pick-5th-overall-tampa-bay-buccaneers-2012,JAX-2012-0054,,,Tampa Bay Buccaneers Win,Mark Barron,tampa-bay-buccaneers,tampa-bay-buccaneers,"2012 1st round pick (7th overall, Mark Barron), 2012 4th round pick (101st overall subsequently traded, Omar Bolden)",Mark Barron),assetsReceived.tampa-bay-buccaneers.0,assetsReceived.tampa-bay-buccaneers.2
B_SUBSEQUENTLY_TRADED_MANUAL,src/data/nfl/trades.backup-before-bottom-batch-009-auto-copy-v1-2026-07-04T09-03-13-044Z.json,4406,2014-7th-round-pick-221st-overall-randell-johnson-and-2015-5th-round-pick-137th,BUF-2014-0285,,,Buffalo Bills Win,Randell Johnson,buffalo-bills,buffalo-bills,"2014 7th round pick (221st overall, Randell Johnson) and 2015 5th round pick (137th overall subsequently traded, Grady Jarrett)",Randell Johnson),assetsReceived.buffalo-bills.0,assetsReceived.buffalo-bills.2
B_SUBSEQUENTLY_TRADED_MANUAL,src/data/nfl/trades.backup-before-bottom-batch-009-auto-copy-v1-2026-07-04T09-03-13-044Z.json,4444,2015-2nd-round-pick-61st-overall-indianapolis-colts-2015,TB-2015-0233,,,Tampa Bay Buccaneers Win,Ali Marpet,tampa-bay-buccaneers,tampa-bay-buccaneers,"2015 2nd round pick (61st overall, Ali Marpet) and 2015 4th round pick (128th overall subsequently traded, Jon Feliciano)",Ali Marpet),assetsReceived.tampa-bay-buccaneers.3,assetsReceived.tampa-bay-buccaneers.1
B_SUBSEQUENTLY_TRADED_MANUAL,src/data/nfl/trades.backup-before-bottom-batch-009-auto-copy-v1-2026-07-04T09-03-13-044Z.json,4486,2016-1st-round-pick-11th-overall-chicago-bears-2016,TB-2016-0235,,,Chicago Bears Win,Vernon Hargreaves,tampa-bay-buccaneers,tampa-bay-buccaneers,"2016 1st round pick (11th overall, Vernon Hargreaves) and 2016 4th round pick (106th overall subsequently traded, Eric Murray)",Vernon Hargreaves),assetsReceived.tampa-bay-buccaneers.3,assetsReceived.tampa-bay-buccaneers.1
B_SUBSEQUENTLY_TRADED_MANUAL,src/data/nfl/trades.backup-before-bottom-batch-009-auto-copy-v1-2026-07-04T09-03-13-044Z.json,4560,2017-7th-round-pick-237th-overall-buccaneers-2017,MIA-2017-0273,,,Miami Dolphins Win,Isaiah Ford,miami-dolphins,miami-dolphins,"2017 7th round pick (237th overall, Isaiah Ford) and 2018 7th round pick (223rd overall subsequently traded, Jullian Taylor)",Isaiah Ford),assetsReceived.miami-dolphins.0,assetsReceived.miami-dolphins.2
B_SUBSEQUENTLY_TRADED_MANUAL,src/data/nfl/trades.backup-before-bottom-batch-009-auto-copy-v1-2026-07-04T09-03-13-044Z.json,4646,2018-4th-round-pick-102nd-overall-jalyn-holmes-tampa-bay-buccaneers-2018,MIN-2018-0260,,,Tampa Bay Buccaneers Win,Jalyn Holmes,minnesota-vikings,minnesota-vikings,"2018 4th round pick (102nd overall, Jalyn Holmes) and 2018 6th round pick (180th overall subsequently traded, Folorunso Fatukasi)",Jalyn Holmes),assetsReceived.minnesota-vikings.0,assetsReceived.minnesota-vikings.2
B_SUBSEQUENTLY_TRADED_MANUAL,src/data/nfl/trades.backup-before-bottom-batch-009-auto-copy-v1-2026-07-04T09-03-13-044Z.json,4825,2020-1st-round-pick-14th-overall-javon-kinlaw-tampa-bay-buccaneers-2020,SF-2020-0401,,,Tampa Bay Buccaneers Win,Javon Kinlaw,san-francisco-49ers,san-francisco-49ers,"2020 1st round pick (14th overall, Javon Kinlaw) and 2020 4th round pick (117th overall subsequently traded, D.J. Wonnum)",Javon Kinlaw),assetsReceived.san-francisco-49ers.0,assetsReceived.san-francisco-49ers.2
B_SUBSEQUENTLY_TRADED_MANUAL,src/data/nfl/trades.backup-before-bottom-batch-009-auto-copy-v1-2026-07-04T09-03-13-044Z.json,4992,2022-1st-round-pick-27th-overall-tampa-bay-buccaneers-2022,JAX-2022-0089,,,Tampa Bay Buccaneers Win,Logan Hall,tampa-bay-buccaneers,tampa-bay-buccaneers,"2022 2nd round pick (33rd overall, Logan Hall), 2022 4th round pick (106th overall, Cade Otton), 2022 6th round pick (180th overall subsequently traded, Matt Araiza)",Logan Hall),assetsReceived.tampa-bay-buccaneers.0,assetsReceived.tampa-bay-buccaneers.2
B_SUBSEQUENTLY_TRADED_MANUAL,src/data/nfl/trades.backup-before-bottom-batch-009-auto-copy-v1-2026-07-04T09-03-13-044Z.json,5016,2023-4th-round-pick-121st-overall-tampa-bay-buccaneers-2022,JAX-2022-0091,,,Jacksonville Jaguars Win,Zyon McCollum,tampa-bay-buccaneers,tampa-bay-buccaneers,"2022 5th round pick (157th overall, Zyon McCollum), 2022 7th round pick (235th overall subsequently traded, Daniel Hardy)",Zyon McCollum),assetsReceived.tampa-bay-buccaneers.0,assetsReceived.tampa-bay-buccaneers.2
B_SUBSEQUENTLY_TRADED_MANUAL,src/data/nfl/trades.backup-before-bottom-batch-009-auto-copy-v1-2026-07-04T09-03-39-506Z.json,3366,1995-1st-round-pick-12th-overall-philadelphia-eagles-1995,TB-1995-0155,,,Tampa Bay Buccaneers Win,Warren Sapp,tampa-bay-buccaneers,tampa-bay-buccaneers,"1995 1st round pick (12th overall, Warren Sapp), 1995 2nd round pick (43rd overall, Melvin Johnson) and 1995 2nd round pick (63rd overall subsequently traded, Shane Hannah)",Warren Sapp),assetsReceived.tampa-bay-buccaneers.3,assetsReceived.tampa-bay-buccaneers.1
B_SUBSEQUENTLY_TRADED_MANUAL,src/data/nfl/trades.backup-before-bottom-batch-009-auto-copy-v1-2026-07-04T09-03-39-506Z.json,3485,1998-1st-round-pick-23rd-overall-tampa-bay-buccaneers-1998,RAI-1998-0294,,,Oakland/Los Angeles/Las Vegas Raiders Win,Jacquez Green,tampa-bay-buccaneers,tampa-bay-buccaneers,"1998 2nd round pick (34th overall, Jacquez Green) and 1998 2nd round pick (59th overall subsequently traded, Mikhael Ricks)",Jacquez Green),assetsReceived.tampa-bay-buccaneers.0,assetsReceived.tampa-bay-buccaneers.2
B_SUBSEQUENTLY_TRADED_MANUAL,src/data/nfl/trades.backup-before-bottom-batch-009-auto-copy-v1-2026-07-04T09-03-39-506Z.json,3636,2001-1st-round-pick-21st-overall-nate-clements-and-2001-2nd-round-pick-51st-over,BUF-2001-0252,,,Buffalo Bills Win,Nate Clements,buffalo-bills,buffalo-bills,"2001 1st round pick (21st overall, Nate Clements) and 2001 2nd round pick (51st overall subsequently traded, Paul Toviessi)",Nate Clements),assetsReceived.buffalo-bills.0,assetsReceived.buffalo-bills.2
B_SUBSEQUENTLY_TRADED_MANUAL,src/data/nfl/trades.backup-before-bottom-batch-009-auto-copy-v1-2026-07-04T09-03-39-506Z.json,3830,keenan-mccardell-tampa-bay-buccaneers-2004,LAC-2004-0340,,,Los Angeles/San Diego Chargers Win,Chris Colmer,tampa-bay-buccaneers,tampa-bay-buccaneers,"2005 3rd round pick (91st overall, Chris Colmer) and 2005 6th round pick (203rd overall subsequently traded, Andrew Hoffman)",Chris Colmer),assetsReceived.tampa-bay-buccaneers.0,assetsReceived.tampa-bay-buccaneers.2
B_SUBSEQUENTLY_TRADED_MANUAL,src/data/nfl/trades.backup-before-bottom-batch-009-auto-copy-v1-2026-07-04T09-03-39-506Z.json,4026,2008-2nd-round-pick-52nd-overall-tampa-bay-buccaneers-2008,JAX-2008-0039,,,Tampa Bay Buccaneers Win,Dexter Jackson,tampa-bay-buccaneers,tampa-bay-buccaneers,"2008 2nd round pick (58th overall, Dexter Jackson), 2008 5th round pick (158th overall subsequently traded, Kellen Davis), 2009 7th round pick (217th overall, E.J. Biggers)",Dexter Jackson),assetsReceived.tampa-bay-buccaneers.0,assetsReceived.tampa-bay-buccaneers.2
B_SUBSEQUENTLY_TRADED_MANUAL,src/data/nfl/trades.backup-before-bottom-batch-009-auto-copy-v1-2026-07-04T09-03-39-506Z.json,4249,2011-4th-round-pick-104th-overall-philadelphia-eagles-2011,TB-2011-0215,,,Even Trade,Casey Matthews,philadelphia-eagles,philadelphia-eagles,"2011 4th round pick (116th overall, Casey Matthews) and 2012 4th round pick (99th overall subsequently traded, Ben Jones)",Casey Matthews),assetsReceived.philadelphia-eagles.3,assetsReceived.philadelphia-eagles.1
B_SUBSEQUENTLY_TRADED_MANUAL,src/data/nfl/trades.backup-before-bottom-batch-009-auto-copy-v1-2026-07-04T09-03-39-506Z.json,4284,2012-2nd-round-pick-36th-overall-derek-wolfe-and-2012-4th-round-pick-101st-overall-omar-bo,DEN-2012-04-26-0326,,,Tampa Bay Buccaneers Win,Doug Martin,tampa-bay-buccaneers,tampa-bay-buccaneers,"2012 1st round pick (31st overall, Doug Martin) and 2012 4th round pick (126th overall subsequently traded, Jared Crick)",Doug Martin),assetsReceived.tampa-bay-buccaneers.0,assetsReceived.tampa-bay-buccaneers.2
B_SUBSEQUENTLY_TRADED_MANUAL,src/data/nfl/trades.backup-before-bottom-batch-009-auto-copy-v1-2026-07-04T09-03-39-506Z.json,4285,2012-1st-round-pick-5th-overall-tampa-bay-buccaneers-2012,JAX-2012-0054,,,Tampa Bay Buccaneers Win,Mark Barron,tampa-bay-buccaneers,tampa-bay-buccaneers,"2012 1st round pick (7th overall, Mark Barron), 2012 4th round pick (101st overall subsequently traded, Omar Bolden)",Mark Barron),assetsReceived.tampa-bay-buccaneers.0,assetsReceived.tampa-bay-buccaneers.2
B_SUBSEQUENTLY_TRADED_MANUAL,src/data/nfl/trades.backup-before-bottom-batch-009-auto-copy-v1-2026-07-04T09-03-39-506Z.json,4406,2014-7th-round-pick-221st-overall-randell-johnson-and-2015-5th-round-pick-137th,BUF-2014-0285,,,Buffalo Bills Win,Randell Johnson,buffalo-bills,buffalo-bills,"2014 7th round pick (221st overall, Randell Johnson) and 2015 5th round pick (137th overall subsequently traded, Grady Jarrett)",Randell Johnson),assetsReceived.buffalo-bills.0,assetsReceived.buffalo-bills.2
B_SUBSEQUENTLY_TRADED_MANUAL,src/data/nfl/trades.backup-before-bottom-batch-009-auto-copy-v1-2026-07-04T09-03-39-506Z.json,4444,2015-2nd-round-pick-61st-overall-indianapolis-colts-2015,TB-2015-0233,,,Tampa Bay Buccaneers Win,Ali Marpet,tampa-bay-buccaneers,tampa-bay-buccaneers,"2015 2nd round pick (61st overall, Ali Marpet) and 2015 4th round pick (128th overall subsequently traded, Jon Feliciano)",Ali Marpet),assetsReceived.tampa-bay-buccaneers.3,assetsReceived.tampa-bay-buccaneers.1
B_SUBSEQUENTLY_TRADED_MANUAL,src/data/nfl/trades.backup-before-bottom-batch-009-auto-copy-v1-2026-07-04T09-03-39-506Z.json,4486,2016-1st-round-pick-11th-overall-chicago-bears-2016,TB-2016-0235,,,Chicago Bears Win,Vernon Hargreaves,tampa-bay-buccaneers,tampa-bay-buccaneers,"2016 1st round pick (11th overall, Vernon Hargreaves) and 2016 4th round pick (106th overall subsequently traded, Eric Murray)",Vernon Hargreaves),assetsReceived.tampa-bay-buccaneers.3,assetsReceived.tampa-bay-buccaneers.1
B_SUBSEQUENTLY_TRADED_MANUAL,src/data/nfl/trades.backup-before-bottom-batch-009-auto-copy-v1-2026-07-04T09-03-39-506Z.json,4560,2017-7th-round-pick-237th-overall-buccaneers-2017,MIA-2017-0273,,,Miami Dolphins Win,Isaiah Ford,miami-dolphins,miami-dolphins,"2017 7th round pick (237th overall, Isaiah Ford) and 2018 7th round pick (223rd overall subsequently traded, Jullian Taylor)",Isaiah Ford),assetsReceived.miami-dolphins.0,assetsReceived.miami-dolphins.2
B_SUBSEQUENTLY_TRADED_MANUAL,src/data/nfl/trades.backup-before-bottom-batch-009-auto-copy-v1-2026-07-04T09-03-39-506Z.json,4646,2018-4th-round-pick-102nd-overall-jalyn-holmes-tampa-bay-buccaneers-2018,MIN-2018-0260,,,Tampa Bay Buccaneers Win,Jalyn Holmes,minnesota-vikings,minnesota-vikings,"2018 4th round pick (102nd overall, Jalyn Holmes) and 2018 6th round pick (180th overall subsequently traded, Folorunso Fatukasi)",Jalyn Holmes),assetsReceived.minnesota-vikings.0,assetsReceived.minnesota-vikings.2
B_SUBSEQUENTLY_TRADED_MANUAL,src/data/nfl/trades.backup-before-bottom-batch-009-auto-copy-v1-2026-07-04T09-03-39-506Z.json,4825,2020-1st-round-pick-14th-overall-javon-kinlaw-tampa-bay-buccaneers-2020,SF-2020-0401,,,Tampa Bay Buccaneers Win,Javon Kinlaw,san-francisco-49ers,san-francisco-49ers,"2020 1st round pick (14th overall, Javon Kinlaw) and 2020 4th round pick (117th overall subsequently traded, D.J. Wonnum)",Javon Kinlaw),assetsReceived.san-francisco-49ers.0,assetsReceived.san-francisco-49ers.2
B_SUBSEQUENTLY_TRADED_MANUAL,src/data/nfl/trades.backup-before-bottom-batch-009-auto-copy-v1-2026-07-04T09-03-39-506Z.json,4992,2022-1st-round-pick-27th-overall-tampa-bay-buccaneers-2022,JAX-2022-0089,,,Tampa Bay Buccaneers Win,Logan Hall,tampa-bay-buccaneers,tampa-bay-buccaneers,"2022 2nd round pick (33rd overall, Logan Hall), 2022 4th round pick (106th overall, Cade Otton), 2022 6th round pick (180th overall subsequently traded, Matt Araiza)",Logan Hall),assetsReceived.tampa-bay-buccaneers.0,assetsReceived.tampa-bay-buccaneers.2
B_SUBSEQUENTLY_TRADED_MANUAL,src/data/nfl/trades.backup-before-bottom-batch-009-auto-copy-v1-2026-07-04T09-03-39-506Z.json,5016,2023-4th-round-pick-121st-overall-tampa-bay-buccaneers-2022,JAX-2022-0091,,,Jacksonville Jaguars Win,Zyon McCollum,tampa-bay-buccaneers,tampa-bay-buccaneers,"2022 5th round pick (157th overall, Zyon McCollum), 2022 7th round pick (235th overall subsequently traded, Daniel Hardy)",Zyon McCollum),assetsReceived.tampa-bay-buccaneers.0,assetsReceived.tampa-bay-buccaneers.2
B_SUBSEQUENTLY_TRADED_MANUAL,src/data/nfl/trades.backup-before-bottom-batch-009-auto-copy-v1-2026-07-04T09-09-17-863Z.json,3366,1995-1st-round-pick-12th-overall-philadelphia-eagles-1995,TB-1995-0155,,,Tampa Bay Buccaneers Win,Warren Sapp,tampa-bay-buccaneers,tampa-bay-buccaneers,"1995 1st round pick (12th overall, Warren Sapp), 1995 2nd round pick (43rd overall, Melvin Johnson) and 1995 2nd round pick (63rd overall subsequently traded, Shane Hannah)",Warren Sapp),assetsReceived.tampa-bay-buccaneers.3,assetsReceived.tampa-bay-buccaneers.1
B_SUBSEQUENTLY_TRADED_MANUAL,src/data/nfl/trades.backup-before-bottom-batch-009-auto-copy-v1-2026-07-04T09-09-17-863Z.json,3485,1998-1st-round-pick-23rd-overall-tampa-bay-buccaneers-1998,RAI-1998-0294,,,Oakland/Los Angeles/Las Vegas Raiders Win,Jacquez Green,tampa-bay-buccaneers,tampa-bay-buccaneers,"1998 2nd round pick (34th overall, Jacquez Green) and 1998 2nd round pick (59th overall subsequently traded, Mikhael Ricks)",Jacquez Green),assetsReceived.tampa-bay-buccaneers.0,assetsReceived.tampa-bay-buccaneers.2
B_SUBSEQUENTLY_TRADED_MANUAL,src/data/nfl/trades.backup-before-bottom-batch-009-auto-copy-v1-2026-07-04T09-09-17-863Z.json,3636,2001-1st-round-pick-21st-overall-nate-clements-and-2001-2nd-round-pick-51st-over,BUF-2001-0252,,,Buffalo Bills Win,Nate Clements,buffalo-bills,buffalo-bills,"2001 1st round pick (21st overall, Nate Clements) and 2001 2nd round pick (51st overall subsequently traded, Paul Toviessi)",Nate Clements),assetsReceived.buffalo-bills.0,assetsReceived.buffalo-bills.2
B_SUBSEQUENTLY_TRADED_MANUAL,src/data/nfl/trades.backup-before-bottom-batch-009-auto-copy-v1-2026-07-04T09-09-17-863Z.json,3830,keenan-mccardell-tampa-bay-buccaneers-2004,LAC-2004-0340,,,Los Angeles/San Diego Chargers Win,Chris Colmer,tampa-bay-buccaneers,tampa-bay-buccaneers,"2005 3rd round pick (91st overall, Chris Colmer) and 2005 6th round pick (203rd overall subsequently traded, Andrew Hoffman)",Chris Colmer),assetsReceived.tampa-bay-buccaneers.0,assetsReceived.tampa-bay-buccaneers.2
B_SUBSEQUENTLY_TRADED_MANUAL,src/data/nfl/trades.backup-before-bottom-batch-009-auto-copy-v1-2026-07-04T09-09-17-863Z.json,4026,2008-2nd-round-pick-52nd-overall-tampa-bay-buccaneers-2008,JAX-2008-0039,,,Tampa Bay Buccaneers Win,Dexter Jackson,tampa-bay-buccaneers,tampa-bay-buccaneers,"2008 2nd round pick (58th overall, Dexter Jackson), 2008 5th round pick (158th overall subsequently traded, Kellen Davis), 2009 7th round pick (217th overall, E.J. Biggers)",Dexter Jackson),assetsReceived.tampa-bay-buccaneers.0,assetsReceived.tampa-bay-buccaneers.2
B_SUBSEQUENTLY_TRADED_MANUAL,src/data/nfl/trades.backup-before-bottom-batch-009-auto-copy-v1-2026-07-04T09-09-17-863Z.json,4249,2011-4th-round-pick-104th-overall-philadelphia-eagles-2011,TB-2011-0215,,,Even Trade,Casey Matthews,philadelphia-eagles,philadelphia-eagles,"2011 4th round pick (116th overall, Casey Matthews) and 2012 4th round pick (99th overall subsequently traded, Ben Jones)",Casey Matthews),assetsReceived.philadelphia-eagles.3,assetsReceived.philadelphia-eagles.1
B_SUBSEQUENTLY_TRADED_MANUAL,src/data/nfl/trades.backup-before-bottom-batch-009-auto-copy-v1-2026-07-04T09-09-17-863Z.json,4284,2012-2nd-round-pick-36th-overall-derek-wolfe-and-2012-4th-round-pick-101st-overall-omar-bo,DEN-2012-04-26-0326,,,Tampa Bay Buccaneers Win,Doug Martin,tampa-bay-buccaneers,tampa-bay-buccaneers,"2012 1st round pick (31st overall, Doug Martin) and 2012 4th round pick (126th overall subsequently traded, Jared Crick)",Doug Martin),assetsReceived.tampa-bay-buccaneers.0,assetsReceived.tampa-bay-buccaneers.2
B_SUBSEQUENTLY_TRADED_MANUAL,src/data/nfl/trades.backup-before-bottom-batch-009-auto-copy-v1-2026-07-04T09-09-17-863Z.json,4285,2012-1st-round-pick-5th-overall-tampa-bay-buccaneers-2012,JAX-2012-0054,,,Tampa Bay Buccaneers Win,Mark Barron,tampa-bay-buccaneers,tampa-bay-buccaneers,"2012 1st round pick (7th overall, Mark Barron), 2012 4th round pick (101st overall subsequently traded, Omar Bolden)",Mark Barron),assetsReceived.tampa-bay-buccaneers.0,assetsReceived.tampa-bay-buccaneers.2
B_SUBSEQUENTLY_TRADED_MANUAL,src/data/nfl/trades.backup-before-bottom-batch-009-auto-copy-v1-2026-07-04T09-09-17-863Z.json,4406,2014-7th-round-pick-221st-overall-randell-johnson-and-2015-5th-round-pick-137th,BUF-2014-0285,,,Buffalo Bills Win,Randell Johnson,buffalo-bills,buffalo-bills,"2014 7th round pick (221st overall, Randell Johnson) and 2015 5th round pick (137th overall subsequently traded, Grady Jarrett)",Randell Johnson),assetsReceived.buffalo-bills.0,assetsReceived.buffalo-bills.2
B_SUBSEQUENTLY_TRADED_MANUAL,src/data/nfl/trades.backup-before-bottom-batch-009-auto-copy-v1-2026-07-04T09-09-17-863Z.json,4444,2015-2nd-round-pick-61st-overall-indianapolis-colts-2015,TB-2015-0233,,,Tampa Bay Buccaneers Win,Ali Marpet,tampa-bay-buccaneers,tampa-bay-buccaneers,"2015 2nd round pick (61st overall, Ali Marpet) and 2015 4th round pick (128th overall subsequently traded, Jon Feliciano)",Ali Marpet),assetsReceived.tampa-bay-buccaneers.3,assetsReceived.tampa-bay-buccaneers.1
B_SUBSEQUENTLY_TRADED_MANUAL,src/data/nfl/trades.backup-before-bottom-batch-009-auto-copy-v1-2026-07-04T09-09-17-863Z.json,4486,2016-1st-round-pick-11th-overall-chicago-bears-2016,TB-2016-0235,,,Chicago Bears Win,Vernon Hargreaves,tampa-bay-buccaneers,tampa-bay-buccaneers,"2016 1st round pick (11th overall, Vernon Hargreaves) and 2016 4th round pick (106th overall subsequently traded, Eric Murray)",Vernon Hargreaves),assetsReceived.tampa-bay-buccaneers.3,assetsReceived.tampa-bay-buccaneers.1
B_SUBSEQUENTLY_TRADED_MANUAL,src/data/nfl/trades.backup-before-bottom-batch-009-auto-copy-v1-2026-07-04T09-09-17-863Z.json,4560,2017-7th-round-pick-237th-overall-buccaneers-2017,MIA-2017-0273,,,Miami Dolphins Win,Isaiah Ford,miami-dolphins,miami-dolphins,"2017 7th round pick (237th overall, Isaiah Ford) and 2018 7th round pick (223rd overall subsequently traded, Jullian Taylor)",Isaiah Ford),assetsReceived.miami-dolphins.0,assetsReceived.miami-dolphins.2
B_SUBSEQUENTLY_TRADED_MANUAL,src/data/nfl/trades.backup-before-bottom-batch-009-auto-copy-v1-2026-07-04T09-09-17-863Z.json,4646,2018-4th-round-pick-102nd-overall-jalyn-holmes-tampa-bay-buccaneers-2018,MIN-2018-0260,,,Tampa Bay Buccaneers Win,Jalyn Holmes,minnesota-vikings,minnesota-vikings,"2018 4th round pick (102nd overall, Jalyn Holmes) and 2018 6th round pick (180th overall subsequently traded, Folorunso Fatukasi)",Jalyn Holmes),assetsReceived.minnesota-vikings.0,assetsReceived.minnesota-vikings.2
B_SUBSEQUENTLY_TRADED_MANUAL,src/data/nfl/trades.backup-before-bottom-batch-009-auto-copy-v1-2026-07-04T09-09-17-863Z.json,4825,2020-1st-round-pick-14th-overall-javon-kinlaw-tampa-bay-buccaneers-2020,SF-2020-0401,,,Tampa Bay Buccaneers Win,Javon Kinlaw,san-francisco-49ers,san-francisco-49ers,"2020 1st round pick (14th overall, Javon Kinlaw) and 2020 4th round pick (117th overall subsequently traded, D.J. Wonnum)",Javon Kinlaw),assetsReceived.san-francisco-49ers.0,assetsReceived.san-francisco-49ers.2
B_SUBSEQUENTLY_TRADED_MANUAL,src/data/nfl/trades.backup-before-bottom-batch-009-auto-copy-v1-2026-07-04T09-09-17-863Z.json,4992,2022-1st-round-pick-27th-overall-tampa-bay-buccaneers-2022,JAX-2022-0089,,,Tampa Bay Buccaneers Win,Logan Hall,tampa-bay-buccaneers,tampa-bay-buccaneers,"2022 2nd round pick (33rd overall, Logan Hall), 2022 4th round pick (106th overall, Cade Otton), 2022 6th round pick (180th overall subsequently traded, Matt Araiza)",Logan Hall),assetsReceived.tampa-bay-buccaneers.0,assetsReceived.tampa-bay-buccaneers.2
B_SUBSEQUENTLY_TRADED_MANUAL,src/data/nfl/trades.backup-before-bottom-batch-009-auto-copy-v1-2026-07-04T09-09-17-863Z.json,5016,2023-4th-round-pick-121st-overall-tampa-bay-buccaneers-2022,JAX-2022-0091,,,Jacksonville Jaguars Win,Zyon McCollum,tampa-bay-buccaneers,tampa-bay-buccaneers,"2022 5th round pick (157th overall, Zyon McCollum), 2022 7th round pick (235th overall subsequently traded, Daniel Hardy)",Zyon McCollum),assetsReceived.tampa-bay-buccaneers.0,assetsReceived.tampa-bay-buccaneers.2
B_SUBSEQUENTLY_TRADED_MANUAL,src/data/nfl/trades.backup-before-bottom-batch-009-final-14-v1-2026-07-04T09-07-18-851Z.json,3366,1995-1st-round-pick-12th-overall-philadelphia-eagles-1995,TB-1995-0155,,,Tampa Bay Buccaneers Win,Warren Sapp,tampa-bay-buccaneers,tampa-bay-buccaneers,"1995 1st round pick (12th overall, Warren Sapp), 1995 2nd round pick (43rd overall, Melvin Johnson) and 1995 2nd round pick (63rd overall subsequently traded, Shane Hannah)",Warren Sapp),assetsReceived.tampa-bay-buccaneers.3,assetsReceived.tampa-bay-buccaneers.1
B_SUBSEQUENTLY_TRADED_MANUAL,src/data/nfl/trades.backup-before-bottom-batch-009-final-14-v1-2026-07-04T09-07-18-851Z.json,3485,1998-1st-round-pick-23rd-overall-tampa-bay-buccaneers-1998,RAI-1998-0294,,,Oakland/Los Angeles/Las Vegas Raiders Win,Jacquez Green,tampa-bay-buccaneers,tampa-bay-buccaneers,"1998 2nd round pick (34th overall, Jacquez Green) and 1998 2nd round pick (59th overall subsequently traded, Mikhael Ricks)",Jacquez Green),assetsReceived.tampa-bay-buccaneers.0,assetsReceived.tampa-bay-buccaneers.2
B_SUBSEQUENTLY_TRADED_MANUAL,src/data/nfl/trades.backup-before-bottom-batch-009-final-14-v1-2026-07-04T09-07-18-851Z.json,3636,2001-1st-round-pick-21st-overall-nate-clements-and-2001-2nd-round-pick-51st-over,BUF-2001-0252,,,Buffalo Bills Win,Nate Clements,buffalo-bills,buffalo-bills,"2001 1st round pick (21st overall, Nate Clements) and 2001 2nd round pick (51st overall subsequently traded, Paul Toviessi)",Nate Clements),assetsReceived.buffalo-bills.0,assetsReceived.buffalo-bills.2
B_SUBSEQUENTLY_TRADED_MANUAL,src/data/nfl/trades.backup-before-bottom-batch-009-final-14-v1-2026-07-04T09-07-18-851Z.json,3830,keenan-mccardell-tampa-bay-buccaneers-2004,LAC-2004-0340,,,Los Angeles/San Diego Chargers Win,Chris Colmer,tampa-bay-buccaneers,tampa-bay-buccaneers,"2005 3rd round pick (91st overall, Chris Colmer) and 2005 6th round pick (203rd overall subsequently traded, Andrew Hoffman)",Chris Colmer),assetsReceived.tampa-bay-buccaneers.0,assetsReceived.tampa-bay-buccaneers.2
B_SUBSEQUENTLY_TRADED_MANUAL,src/data/nfl/trades.backup-before-bottom-batch-009-final-14-v1-2026-07-04T09-07-18-851Z.json,4026,2008-2nd-round-pick-52nd-overall-tampa-bay-buccaneers-2008,JAX-2008-0039,,,Tampa Bay Buccaneers Win,Dexter Jackson,tampa-bay-buccaneers,tampa-bay-buccaneers,"2008 2nd round pick (58th overall, Dexter Jackson), 2008 5th round pick (158th overall subsequently traded, Kellen Davis), 2009 7th round pick (217th overall, E.J. Biggers)",Dexter Jackson),assetsReceived.tampa-bay-buccaneers.0,assetsReceived.tampa-bay-buccaneers.2
B_SUBSEQUENTLY_TRADED_MANUAL,src/data/nfl/trades.backup-before-bottom-batch-009-final-14-v1-2026-07-04T09-07-18-851Z.json,4249,2011-4th-round-pick-104th-overall-philadelphia-eagles-2011,TB-2011-0215,,,Even Trade,Casey Matthews,philadelphia-eagles,philadelphia-eagles,"2011 4th round pick (116th overall, Casey Matthews) and 2012 4th round pick (99th overall subsequently traded, Ben Jones)",Casey Matthews),assetsReceived.philadelphia-eagles.3,assetsReceived.philadelphia-eagles.1
B_SUBSEQUENTLY_TRADED_MANUAL,src/data/nfl/trades.backup-before-bottom-batch-009-final-14-v1-2026-07-04T09-07-18-851Z.json,4284,2012-2nd-round-pick-36th-overall-derek-wolfe-and-2012-4th-round-pick-101st-overall-omar-bo,DEN-2012-04-26-0326,,,Tampa Bay Buccaneers Win,Doug Martin,tampa-bay-buccaneers,tampa-bay-buccaneers,"2012 1st round pick (31st overall, Doug Martin) and 2012 4th round pick (126th overall subsequently traded, Jared Crick)",Doug Martin),assetsReceived.tampa-bay-buccaneers.0,assetsReceived.tampa-bay-buccaneers.2
B_SUBSEQUENTLY_TRADED_MANUAL,src/data/nfl/trades.backup-before-bottom-batch-009-final-14-v1-2026-07-04T09-07-18-851Z.json,4285,2012-1st-round-pick-5th-overall-tampa-bay-buccaneers-2012,JAX-2012-0054,,,Tampa Bay Buccaneers Win,Mark Barron,tampa-bay-buccaneers,tampa-bay-buccaneers,"2012 1st round pick (7th overall, Mark Barron), 2012 4th round pick (101st overall subsequently traded, Omar Bolden)",Mark Barron),assetsReceived.tampa-bay-buccaneers.0,assetsReceived.tampa-bay-buccaneers.2
B_SUBSEQUENTLY_TRADED_MANUAL,src/data/nfl/trades.backup-before-bottom-batch-009-final-14-v1-2026-07-04T09-07-18-851Z.json,4406,2014-7th-round-pick-221st-overall-randell-johnson-and-2015-5th-round-pick-137th,BUF-2014-0285,,,Buffalo Bills Win,Randell Johnson,buffalo-bills,buffalo-bills,"2014 7th round pick (221st overall, Randell Johnson) and 2015 5th round pick (137th overall subsequently traded, Grady Jarrett)",Randell Johnson),assetsReceived.buffalo-bills.0,assetsReceived.buffalo-bills.2
B_SUBSEQUENTLY_TRADED_MANUAL,src/data/nfl/trades.backup-before-bottom-batch-009-final-14-v1-2026-07-04T09-07-18-851Z.json,4444,2015-2nd-round-pick-61st-overall-indianapolis-colts-2015,TB-2015-0233,,,Tampa Bay Buccaneers Win,Ali Marpet,tampa-bay-buccaneers,tampa-bay-buccaneers,"2015 2nd round pick (61st overall, Ali Marpet) and 2015 4th round pick (128th overall subsequently traded, Jon Feliciano)",Ali Marpet),assetsReceived.tampa-bay-buccaneers.3,assetsReceived.tampa-bay-buccaneers.1
B_SUBSEQUENTLY_TRADED_MANUAL,src/data/nfl/trades.backup-before-bottom-batch-009-final-14-v1-2026-07-04T09-07-18-851Z.json,4486,2016-1st-round-pick-11th-overall-chicago-bears-2016,TB-2016-0235,,,Chicago Bears Win,Vernon Hargreaves,tampa-bay-buccaneers,tampa-bay-buccaneers,"2016 1st round pick (11th overall, Vernon Hargreaves) and 2016 4th round pick (106th overall subsequently traded, Eric Murray)",Vernon Hargreaves),assetsReceived.tampa-bay-buccaneers.3,assetsReceived.tampa-bay-buccaneers.1
B_SUBSEQUENTLY_TRADED_MANUAL,src/data/nfl/trades.backup-before-bottom-batch-009-final-14-v1-2026-07-04T09-07-18-851Z.json,4560,2017-7th-round-pick-237th-overall-buccaneers-2017,MIA-2017-0273,,,Miami Dolphins Win,Isaiah Ford,miami-dolphins,miami-dolphins,"2017 7th round pick (237th overall, Isaiah Ford) and 2018 7th round pick (223rd overall subsequently traded, Jullian Taylor)",Isaiah Ford),assetsReceived.miami-dolphins.0,assetsReceived.miami-dolphins.2
B_SUBSEQUENTLY_TRADED_MANUAL,src/data/nfl/trades.backup-before-bottom-batch-009-final-14-v1-2026-07-04T09-07-18-851Z.json,4646,2018-4th-round-pick-102nd-overall-jalyn-holmes-tampa-bay-buccaneers-2018,MIN-2018-0260,,,Tampa Bay Buccaneers Win,Jalyn Holmes,minnesota-vikings,minnesota-vikings,"2018 4th round pick (102nd overall, Jalyn Holmes) and 2018 6th round pick (180th overall subsequently traded, Folorunso Fatukasi)",Jalyn Holmes),assetsReceived.minnesota-vikings.0,assetsReceived.minnesota-vikings.2
B_SUBSEQUENTLY_TRADED_MANUAL,src/data/nfl/trades.backup-before-bottom-batch-009-final-14-v1-2026-07-04T09-07-18-851Z.json,4825,2020-1st-round-pick-14th-overall-javon-kinlaw-tampa-bay-buccaneers-2020,SF-2020-0401,,,Tampa Bay Buccaneers Win,Javon Kinlaw,san-francisco-49ers,san-francisco-49ers,"2020 1st round pick (14th overall, Javon Kinlaw) and 2020 4th round pick (117th overall subsequently traded, D.J. Wonnum)",Javon Kinlaw),assetsReceived.san-francisco-49ers.0,assetsReceived.san-francisco-49ers.2
B_SUBSEQUENTLY_TRADED_MANUAL,src/data/nfl/trades.backup-before-bottom-batch-009-final-14-v1-2026-07-04T09-07-18-851Z.json,4992,2022-1st-round-pick-27th-overall-tampa-bay-buccaneers-2022,JAX-2022-0089,,,Tampa Bay Buccaneers Win,Logan Hall,tampa-bay-buccaneers,tampa-bay-buccaneers,"2022 2nd round pick (33rd overall, Logan Hall), 2022 4th round pick (106th overall, Cade Otton), 2022 6th round pick (180th overall subsequently traded, Matt Araiza)",Logan Hall),assetsReceived.tampa-bay-buccaneers.0,assetsReceived.tampa-bay-buccaneers.2
B_SUBSEQUENTLY_TRADED_MANUAL,src/data/nfl/trades.backup-before-bottom-batch-009-final-14-v1-2026-07-04T09-07-18-851Z.json,5016,2023-4th-round-pick-121st-overall-tampa-bay-buccaneers-2022,JAX-2022-0091,,,Jacksonville Jaguars Win,Zyon McCollum,tampa-bay-buccaneers,tampa-bay-buccaneers,"2022 5th round pick (157th overall, Zyon McCollum), 2022 7th round pick (235th overall subsequently traded, Daniel Hardy)",Zyon McCollum),assetsReceived.tampa-bay-buccaneers.0,assetsReceived.tampa-bay-buccaneers.2
B_SUBSEQUENTLY_TRADED_MANUAL,src/data/nfl/trades.backup-before-bottom-batch-009-final-14-v1-2026-07-04T09-07-59-095Z.json,3366,1995-1st-round-pick-12th-overall-philadelphia-eagles-1995,TB-1995-0155,,,Tampa Bay Buccaneers Win,Warren Sapp,tampa-bay-buccaneers,tampa-bay-buccaneers,"1995 1st round pick (12th overall, Warren Sapp), 1995 2nd round pick (43rd overall, Melvin Johnson) and 1995 2nd round pick (63rd overall subsequently traded, Shane Hannah)",Warren Sapp),assetsReceived.tampa-bay-buccaneers.3,assetsReceived.tampa-bay-buccaneers.1
B_SUBSEQUENTLY_TRADED_MANUAL,src/data/nfl/trades.backup-before-bottom-batch-009-final-14-v1-2026-07-04T09-07-59-095Z.json,3485,1998-1st-round-pick-23rd-overall-tampa-bay-buccaneers-1998,RAI-1998-0294,,,Oakland/Los Angeles/Las Vegas Raiders Win,Jacquez Green,tampa-bay-buccaneers,tampa-bay-buccaneers,"1998 2nd round pick (34th overall, Jacquez Green) and 1998 2nd round pick (59th overall subsequently traded, Mikhael Ricks)",Jacquez Green),assetsReceived.tampa-bay-buccaneers.0,assetsReceived.tampa-bay-buccaneers.2
B_SUBSEQUENTLY_TRADED_MANUAL,src/data/nfl/trades.backup-before-bottom-batch-009-final-14-v1-2026-07-04T09-07-59-095Z.json,3636,2001-1st-round-pick-21st-overall-nate-clements-and-2001-2nd-round-pick-51st-over,BUF-2001-0252,,,Buffalo Bills Win,Nate Clements,buffalo-bills,buffalo-bills,"2001 1st round pick (21st overall, Nate Clements) and 2001 2nd round pick (51st overall subsequently traded, Paul Toviessi)",Nate Clements),assetsReceived.buffalo-bills.0,assetsReceived.buffalo-bills.2
B_SUBSEQUENTLY_TRADED_MANUAL,src/data/nfl/trades.backup-before-bottom-batch-009-final-14-v1-2026-07-04T09-07-59-095Z.json,3830,keenan-mccardell-tampa-bay-buccaneers-2004,LAC-2004-0340,,,Los Angeles/San Diego Chargers Win,Chris Colmer,tampa-bay-buccaneers,tampa-bay-buccaneers,"2005 3rd round pick (91st overall, Chris Colmer) and 2005 6th round pick (203rd overall subsequently traded, Andrew Hoffman)",Chris Colmer),assetsReceived.tampa-bay-buccaneers.0,assetsReceived.tampa-bay-buccaneers.2
B_SUBSEQUENTLY_TRADED_MANUAL,src/data/nfl/trades.backup-before-bottom-batch-009-final-14-v1-2026-07-04T09-07-59-095Z.json,4026,2008-2nd-round-pick-52nd-overall-tampa-bay-buccaneers-2008,JAX-2008-0039,,,Tampa Bay Buccaneers Win,Dexter Jackson,tampa-bay-buccaneers,tampa-bay-buccaneers,"2008 2nd round pick (58th overall, Dexter Jackson), 2008 5th round pick (158th overall subsequently traded, Kellen Davis), 2009 7th round pick (217th overall, E.J. Biggers)",Dexter Jackson),assetsReceived.tampa-bay-buccaneers.0,assetsReceived.tampa-bay-buccaneers.2
B_SUBSEQUENTLY_TRADED_MANUAL,src/data/nfl/trades.backup-before-bottom-batch-009-final-14-v1-2026-07-04T09-07-59-095Z.json,4249,2011-4th-round-pick-104th-overall-philadelphia-eagles-2011,TB-2011-0215,,,Even Trade,Casey Matthews,philadelphia-eagles,philadelphia-eagles,"2011 4th round pick (116th overall, Casey Matthews) and 2012 4th round pick (99th overall subsequently traded, Ben Jones)",Casey Matthews),assetsReceived.philadelphia-eagles.3,assetsReceived.philadelphia-eagles.1
B_SUBSEQUENTLY_TRADED_MANUAL,src/data/nfl/trades.backup-before-bottom-batch-009-final-14-v1-2026-07-04T09-07-59-095Z.json,4284,2012-2nd-round-pick-36th-overall-derek-wolfe-and-2012-4th-round-pick-101st-overall-omar-bo,DEN-2012-04-26-0326,,,Tampa Bay Buccaneers Win,Doug Martin,tampa-bay-buccaneers,tampa-bay-buccaneers,"2012 1st round pick (31st overall, Doug Martin) and 2012 4th round pick (126th overall subsequently traded, Jared Crick)",Doug Martin),assetsReceived.tampa-bay-buccaneers.0,assetsReceived.tampa-bay-buccaneers.2
B_SUBSEQUENTLY_TRADED_MANUAL,src/data/nfl/trades.backup-before-bottom-batch-009-final-14-v1-2026-07-04T09-07-59-095Z.json,4285,2012-1st-round-pick-5th-overall-tampa-bay-buccaneers-2012,JAX-2012-0054,,,Tampa Bay Buccaneers Win,Mark Barron,tampa-bay-buccaneers,tampa-bay-buccaneers,"2012 1st round pick (7th overall, Mark Barron), 2012 4th round pick (101st overall subsequently traded, Omar Bolden)",Mark Barron),assetsReceived.tampa-bay-buccaneers.0,assetsReceived.tampa-bay-buccaneers.2
B_SUBSEQUENTLY_TRADED_MANUAL,src/data/nfl/trades.backup-before-bottom-batch-009-final-14-v1-2026-07-04T09-07-59-095Z.json,4406,2014-7th-round-pick-221st-overall-randell-johnson-and-2015-5th-round-pick-137th,BUF-2014-0285,,,Buffalo Bills Win,Randell Johnson,buffalo-bills,buffalo-bills,"2014 7th round pick (221st overall, Randell Johnson) and 2015 5th round pick (137th overall subsequently traded, Grady Jarrett)",Randell Johnson),assetsReceived.buffalo-bills.0,assetsReceived.buffalo-bills.2
B_SUBSEQUENTLY_TRADED_MANUAL,src/data/nfl/trades.backup-before-bottom-batch-009-final-14-v1-2026-07-04T09-07-59-095Z.json,4444,2015-2nd-round-pick-61st-overall-indianapolis-colts-2015,TB-2015-0233,,,Tampa Bay Buccaneers Win,Ali Marpet,tampa-bay-buccaneers,tampa-bay-buccaneers,"2015 2nd round pick (61st overall, Ali Marpet) and 2015 4th round pick (128th overall subsequently traded, Jon Feliciano)",Ali Marpet),assetsReceived.tampa-bay-buccaneers.3,assetsReceived.tampa-bay-buccaneers.1
B_SUBSEQUENTLY_TRADED_MANUAL,src/data/nfl/trades.backup-before-bottom-batch-009-final-14-v1-2026-07-04T09-07-59-095Z.json,4486,2016-1st-round-pick-11th-overall-chicago-bears-2016,TB-2016-0235,,,Chicago Bears Win,Vernon Hargreaves,tampa-bay-buccaneers,tampa-bay-buccaneers,"2016 1st round pick (11th overall, Vernon Hargreaves) and 2016 4th round pick (106th overall subsequently traded, Eric Murray)",Vernon Hargreaves),assetsReceived.tampa-bay-buccaneers.3,assetsReceived.tampa-bay-buccaneers.1
B_SUBSEQUENTLY_TRADED_MANUAL,src/data/nfl/trades.backup-before-bottom-batch-009-final-14-v1-2026-07-04T09-07-59-095Z.json,4560,2017-7th-round-pick-237th-overall-buccaneers-2017,MIA-2017-0273,,,Miami Dolphins Win,Isaiah Ford,miami-dolphins,miami-dolphins,"2017 7th round pick (237th overall, Isaiah Ford) and 2018 7th round pick (223rd overall subsequently traded, Jullian Taylor)",Isaiah Ford),assetsReceived.miami-dolphins.0,assetsReceived.miami-dolphins.2
B_SUBSEQUENTLY_TRADED_MANUAL,src/data/nfl/trades.backup-before-bottom-batch-009-final-14-v1-2026-07-04T09-07-59-095Z.json,4646,2018-4th-round-pick-102nd-overall-jalyn-holmes-tampa-bay-buccaneers-2018,MIN-2018-0260,,,Tampa Bay Buccaneers Win,Jalyn Holmes,minnesota-vikings,minnesota-vikings,"2018 4th round pick (102nd overall, Jalyn Holmes) and 2018 6th round pick (180th overall subsequently traded, Folorunso Fatukasi)",Jalyn Holmes),assetsReceived.minnesota-vikings.0,assetsReceived.minnesota-vikings.2
B_SUBSEQUENTLY_TRADED_MANUAL,src/data/nfl/trades.backup-before-bottom-batch-009-final-14-v1-2026-07-04T09-07-59-095Z.json,4825,2020-1st-round-pick-14th-overall-javon-kinlaw-tampa-bay-buccaneers-2020,SF-2020-0401,,,Tampa Bay Buccaneers Win,Javon Kinlaw,san-francisco-49ers,san-francisco-49ers,"2020 1st round pick (14th overall, Javon Kinlaw) and 2020 4th round pick (117th overall subsequently traded, D.J. Wonnum)",Javon Kinlaw),assetsReceived.san-francisco-49ers.0,assetsReceived.san-francisco-49ers.2
B_SUBSEQUENTLY_TRADED_MANUAL,src/data/nfl/trades.backup-before-bottom-batch-009-final-14-v1-2026-07-04T09-07-59-095Z.json,4992,2022-1st-round-pick-27th-overall-tampa-bay-buccaneers-2022,JAX-2022-0089,,,Tampa Bay Buccaneers Win,Logan Hall,tampa-bay-buccaneers,tampa-bay-buccaneers,"2022 2nd round pick (33rd overall, Logan Hall), 2022 4th round pick (106th overall, Cade Otton), 2022 6th round pick (180th overall subsequently traded, Matt Araiza)",Logan Hall),assetsReceived.tampa-bay-buccaneers.0,assetsReceived.tampa-bay-buccaneers.2
B_SUBSEQUENTLY_TRADED_MANUAL,src/data/nfl/trades.backup-before-bottom-batch-009-final-14-v1-2026-07-04T09-07-59-095Z.json,5016,2023-4th-round-pick-121st-overall-tampa-bay-buccaneers-2022,JAX-2022-0091,,,Jacksonville Jaguars Win,Zyon McCollum,tampa-bay-buccaneers,tampa-bay-buccaneers,"2022 5th round pick (157th overall, Zyon McCollum), 2022 7th round pick (235th overall subsequently traded, Daniel Hardy)",Zyon McCollum),assetsReceived.tampa-bay-buccaneers.0,assetsReceived.tampa-bay-buccaneers.2
B_SUBSEQUENTLY_TRADED_MANUAL,src/data/nfl/trades.backup-before-bottom-batch-010-artifact-polish-2026-07-05T06-23-32-182Z.json,3366,1995-1st-round-pick-12th-overall-philadelphia-eagles-1995,TB-1995-0155,,,Tampa Bay Buccaneers Win,Warren Sapp,tampa-bay-buccaneers,tampa-bay-buccaneers,"1995 1st round pick (12th overall, Warren Sapp), 1995 2nd round pick (43rd overall, Melvin Johnson) and 1995 2nd round pick (63rd overall subsequently traded, Shane Hannah)",Warren Sapp),assetsReceived.tampa-bay-buccaneers.3,assetsReceived.tampa-bay-buccaneers.1
B_SUBSEQUENTLY_TRADED_MANUAL,src/data/nfl/trades.backup-before-bottom-batch-010-artifact-polish-2026-07-05T06-23-32-182Z.json,3485,1998-1st-round-pick-23rd-overall-tampa-bay-buccaneers-1998,RAI-1998-0294,,,Oakland/Los Angeles/Las Vegas Raiders Win,Jacquez Green,tampa-bay-buccaneers,tampa-bay-buccaneers,"1998 2nd round pick (34th overall, Jacquez Green) and 1998 2nd round pick (59th overall subsequently traded, Mikhael Ricks)",Jacquez Green),assetsReceived.tampa-bay-buccaneers.0,assetsReceived.tampa-bay-buccaneers.2
B_SUBSEQUENTLY_TRADED_MANUAL,src/data/nfl/trades.backup-before-bottom-batch-010-artifact-polish-2026-07-05T06-23-32-182Z.json,3636,2001-1st-round-pick-21st-overall-nate-clements-and-2001-2nd-round-pick-51st-over,BUF-2001-0252,,,Buffalo Bills Win,Nate Clements,buffalo-bills,buffalo-bills,"2001 1st round pick (21st overall, Nate Clements) and 2001 2nd round pick (51st overall subsequently traded, Paul Toviessi)",Nate Clements),assetsReceived.buffalo-bills.0,assetsReceived.buffalo-bills.2
B_SUBSEQUENTLY_TRADED_MANUAL,src/data/nfl/trades.backup-before-bottom-batch-010-artifact-polish-2026-07-05T06-23-32-182Z.json,3830,keenan-mccardell-tampa-bay-buccaneers-2004,LAC-2004-0340,,,Los Angeles/San Diego Chargers Win,Chris Colmer,tampa-bay-buccaneers,tampa-bay-buccaneers,"2005 3rd round pick (91st overall, Chris Colmer) and 2005 6th round pick (203rd overall subsequently traded, Andrew Hoffman)",Chris Colmer),assetsReceived.tampa-bay-buccaneers.0,assetsReceived.tampa-bay-buccaneers.2
B_SUBSEQUENTLY_TRADED_MANUAL,src/data/nfl/trades.backup-before-bottom-batch-010-artifact-polish-2026-07-05T06-23-32-182Z.json,4026,2008-2nd-round-pick-52nd-overall-tampa-bay-buccaneers-2008,JAX-2008-0039,,,Tampa Bay Buccaneers Win,Dexter Jackson,tampa-bay-buccaneers,tampa-bay-buccaneers,"2008 2nd round pick (58th overall, Dexter Jackson), 2008 5th round pick (158th overall subsequently traded, Kellen Davis), 2009 7th round pick (217th overall, E.J. Biggers)",Dexter Jackson),assetsReceived.tampa-bay-buccaneers.0,assetsReceived.tampa-bay-buccaneers.2
B_SUBSEQUENTLY_TRADED_MANUAL,src/data/nfl/trades.backup-before-bottom-batch-010-artifact-polish-2026-07-05T06-23-32-182Z.json,4249,2011-4th-round-pick-104th-overall-philadelphia-eagles-2011,TB-2011-0215,,,Even Trade,Casey Matthews,philadelphia-eagles,philadelphia-eagles,"2011 4th round pick (116th overall, Casey Matthews) and 2012 4th round pick (99th overall subsequently traded, Ben Jones)",Casey Matthews),assetsReceived.philadelphia-eagles.3,assetsReceived.philadelphia-eagles.1
B_SUBSEQUENTLY_TRADED_MANUAL,src/data/nfl/trades.backup-before-bottom-batch-010-artifact-polish-2026-07-05T06-23-32-182Z.json,4284,2012-2nd-round-pick-36th-overall-derek-wolfe-and-2012-4th-round-pick-101st-overall-omar-bo,DEN-2012-04-26-0326,,,Tampa Bay Buccaneers Win,Doug Martin,tampa-bay-buccaneers,tampa-bay-buccaneers,"2012 1st round pick (31st overall, Doug Martin) and 2012 4th round pick (126th overall subsequently traded, Jared Crick)",Doug Martin),assetsReceived.tampa-bay-buccaneers.0,assetsReceived.tampa-bay-buccaneers.2
B_SUBSEQUENTLY_TRADED_MANUAL,src/data/nfl/trades.backup-before-bottom-batch-010-artifact-polish-2026-07-05T06-23-32-182Z.json,4285,2012-1st-round-pick-5th-overall-tampa-bay-buccaneers-2012,JAX-2012-0054,,,Tampa Bay Buccaneers Win,Mark Barron,tampa-bay-buccaneers,tampa-bay-buccaneers,"2012 1st round pick (7th overall, Mark Barron), 2012 4th round pick (101st overall subsequently traded, Omar Bolden)",Mark Barron),assetsReceived.tampa-bay-buccaneers.0,assetsReceived.tampa-bay-buccaneers.2
B_SUBSEQUENTLY_TRADED_MANUAL,src/data/nfl/trades.backup-before-bottom-batch-010-artifact-polish-2026-07-05T06-23-32-182Z.json,4406,2014-7th-round-pick-221st-overall-randell-johnson-and-2015-5th-round-pick-137th,BUF-2014-0285,,,Buffalo Bills Win,Randell Johnson,buffalo-bills,buffalo-bills,"2014 7th round pick (221st overall, Randell Johnson) and 2015 5th round pick (137th overall subsequently traded, Grady Jarrett)",Randell Johnson),assetsReceived.buffalo-bills.0,assetsReceived.buffalo-bills.2
B_SUBSEQUENTLY_TRADED_MANUAL,src/data/nfl/trades.backup-before-bottom-batch-010-artifact-polish-2026-07-05T06-23-32-182Z.json,4444,2015-2nd-round-pick-61st-overall-indianapolis-colts-2015,TB-2015-0233,,,Tampa Bay Buccaneers Win,Ali Marpet,tampa-bay-buccaneers,tampa-bay-buccaneers,"2015 2nd round pick (61st overall, Ali Marpet) and 2015 4th round pick (128th overall subsequently traded, Jon Feliciano)",Ali Marpet),assetsReceived.tampa-bay-buccaneers.3,assetsReceived.tampa-bay-buccaneers.1
B_SUBSEQUENTLY_TRADED_MANUAL,src/data/nfl/trades.backup-before-bottom-batch-010-artifact-polish-2026-07-05T06-23-32-182Z.json,4486,2016-1st-round-pick-11th-overall-chicago-bears-2016,TB-2016-0235,,,Chicago Bears Win,Vernon Hargreaves,tampa-bay-buccaneers,tampa-bay-buccaneers,"2016 1st round pick (11th overall, Vernon Hargreaves) and 2016 4th round pick (106th overall subsequently traded, Eric Murray)",Vernon Hargreaves),assetsReceived.tampa-bay-buccaneers.3,assetsReceived.tampa-bay-buccaneers.1
B_SUBSEQUENTLY_TRADED_MANUAL,src/data/nfl/trades.backup-before-bottom-batch-010-artifact-polish-2026-07-05T06-23-32-182Z.json,4560,2017-7th-round-pick-237th-overall-buccaneers-2017,MIA-2017-0273,,,Miami Dolphins Win,Isaiah Ford,miami-dolphins,miami-dolphins,"2017 7th round pick (237th overall, Isaiah Ford) and 2018 7th round pick (223rd overall subsequently traded, Jullian Taylor)",Isaiah Ford),assetsReceived.miami-dolphins.0,assetsReceived.miami-dolphins.2
B_SUBSEQUENTLY_TRADED_MANUAL,src/data/nfl/trades.backup-before-bottom-batch-010-artifact-polish-2026-07-05T06-23-32-182Z.json,4646,2018-4th-round-pick-102nd-overall-jalyn-holmes-tampa-bay-buccaneers-2018,MIN-2018-0260,,,Tampa Bay Buccaneers Win,Jalyn Holmes,minnesota-vikings,minnesota-vikings,"2018 4th round pick (102nd overall, Jalyn Holmes) and 2018 6th round pick (180th overall subsequently traded, Folorunso Fatukasi)",Jalyn Holmes),assetsReceived.minnesota-vikings.0,assetsReceived.minnesota-vikings.2
B_SUBSEQUENTLY_TRADED_MANUAL,src/data/nfl/trades.backup-before-bottom-batch-010-artifact-polish-2026-07-05T06-23-32-182Z.json,4825,2020-1st-round-pick-14th-overall-javon-kinlaw-tampa-bay-buccaneers-2020,SF-2020-0401,,,Tampa Bay Buccaneers Win,Javon Kinlaw,san-francisco-49ers,san-francisco-49ers,"2020 1st round pick (14th overall, Javon Kinlaw) and 2020 4th round pick (117th overall subsequently traded, D.J. Wonnum)",Javon Kinlaw),assetsReceived.san-francisco-49ers.0,assetsReceived.san-francisco-49ers.2
B_SUBSEQUENTLY_TRADED_MANUAL,src/data/nfl/trades.backup-before-bottom-batch-010-artifact-polish-2026-07-05T06-23-32-182Z.json,4992,2022-1st-round-pick-27th-overall-tampa-bay-buccaneers-2022,JAX-2022-0089,,,Tampa Bay Buccaneers Win,Logan Hall,tampa-bay-buccaneers,tampa-bay-buccaneers,"2022 2nd round pick (33rd overall, Logan Hall), 2022 4th round pick (106th overall, Cade Otton), 2022 6th round pick (180th overall subsequently traded, Matt Araiza)",Logan Hall),assetsReceived.tampa-bay-buccaneers.0,assetsReceived.tampa-bay-buccaneers.2
B_SUBSEQUENTLY_TRADED_MANUAL,src/data/nfl/trades.backup-before-bottom-batch-010-artifact-polish-2026-07-05T06-23-32-182Z.json,5016,2023-4th-round-pick-121st-overall-tampa-bay-buccaneers-2022,JAX-2022-0091,,,Jacksonville Jaguars Win,Zyon McCollum,tampa-bay-buccaneers,tampa-bay-buccaneers,"2022 5th round pick (157th overall, Zyon McCollum), 2022 7th round pick (235th overall subsequently traded, Daniel Hardy)",Zyon McCollum),assetsReceived.tampa-bay-buccaneers.0,assetsReceived.tampa-bay-buccaneers.2
B_SUBSEQUENTLY_TRADED_MANUAL,src/data/nfl/trades.backup-before-bottom-batch-010-copy-2026-07-05T06-00-26-179Z.json,3366,1995-1st-round-pick-12th-overall-philadelphia-eagles-1995,TB-1995-0155,,,Tampa Bay Buccaneers Win,Warren Sapp,tampa-bay-buccaneers,tampa-bay-buccaneers,"1995 1st round pick (12th overall, Warren Sapp), 1995 2nd round pick (43rd overall, Melvin Johnson) and 1995 2nd round pick (63rd overall subsequently traded, Shane Hannah)",Warren Sapp),assetsReceived.tampa-bay-buccaneers.3,assetsReceived.tampa-bay-buccaneers.1
B_SUBSEQUENTLY_TRADED_MANUAL,src/data/nfl/trades.backup-before-bottom-batch-010-copy-2026-07-05T06-00-26-179Z.json,3485,1998-1st-round-pick-23rd-overall-tampa-bay-buccaneers-1998,RAI-1998-0294,,,Oakland/Los Angeles/Las Vegas Raiders Win,Jacquez Green,tampa-bay-buccaneers,tampa-bay-buccaneers,"1998 2nd round pick (34th overall, Jacquez Green) and 1998 2nd round pick (59th overall subsequently traded, Mikhael Ricks)",Jacquez Green),assetsReceived.tampa-bay-buccaneers.0,assetsReceived.tampa-bay-buccaneers.2
B_SUBSEQUENTLY_TRADED_MANUAL,src/data/nfl/trades.backup-before-bottom-batch-010-copy-2026-07-05T06-00-26-179Z.json,3636,2001-1st-round-pick-21st-overall-nate-clements-and-2001-2nd-round-pick-51st-over,BUF-2001-0252,,,Buffalo Bills Win,Nate Clements,buffalo-bills,buffalo-bills,"2001 1st round pick (21st overall, Nate Clements) and 2001 2nd round pick (51st overall subsequently traded, Paul Toviessi)",Nate Clements),assetsReceived.buffalo-bills.0,assetsReceived.buffalo-bills.2
B_SUBSEQUENTLY_TRADED_MANUAL,src/data/nfl/trades.backup-before-bottom-batch-010-copy-2026-07-05T06-00-26-179Z.json,3830,keenan-mccardell-tampa-bay-buccaneers-2004,LAC-2004-0340,,,Los Angeles/San Diego Chargers Win,Chris Colmer,tampa-bay-buccaneers,tampa-bay-buccaneers,"2005 3rd round pick (91st overall, Chris Colmer) and 2005 6th round pick (203rd overall subsequently traded, Andrew Hoffman)",Chris Colmer),assetsReceived.tampa-bay-buccaneers.0,assetsReceived.tampa-bay-buccaneers.2
B_SUBSEQUENTLY_TRADED_MANUAL,src/data/nfl/trades.backup-before-bottom-batch-010-copy-2026-07-05T06-00-26-179Z.json,4026,2008-2nd-round-pick-52nd-overall-tampa-bay-buccaneers-2008,JAX-2008-0039,,,Tampa Bay Buccaneers Win,Dexter Jackson,tampa-bay-buccaneers,tampa-bay-buccaneers,"2008 2nd round pick (58th overall, Dexter Jackson), 2008 5th round pick (158th overall subsequently traded, Kellen Davis), 2009 7th round pick (217th overall, E.J. Biggers)",Dexter Jackson),assetsReceived.tampa-bay-buccaneers.0,assetsReceived.tampa-bay-buccaneers.2
B_SUBSEQUENTLY_TRADED_MANUAL,src/data/nfl/trades.backup-before-bottom-batch-010-copy-2026-07-05T06-00-26-179Z.json,4249,2011-4th-round-pick-104th-overall-philadelphia-eagles-2011,TB-2011-0215,,,Even Trade,Casey Matthews,philadelphia-eagles,philadelphia-eagles,"2011 4th round pick (116th overall, Casey Matthews) and 2012 4th round pick (99th overall subsequently traded, Ben Jones)",Casey Matthews),assetsReceived.philadelphia-eagles.3,assetsReceived.philadelphia-eagles.1
B_SUBSEQUENTLY_TRADED_MANUAL,src/data/nfl/trades.backup-before-bottom-batch-010-copy-2026-07-05T06-00-26-179Z.json,4284,2012-2nd-round-pick-36th-overall-derek-wolfe-and-2012-4th-round-pick-101st-overall-omar-bo,DEN-2012-04-26-0326,,,Tampa Bay Buccaneers Win,Doug Martin,tampa-bay-buccaneers,tampa-bay-buccaneers,"2012 1st round pick (31st overall, Doug Martin) and 2012 4th round pick (126th overall subsequently traded, Jared Crick)",Doug Martin),assetsReceived.tampa-bay-buccaneers.0,assetsReceived.tampa-bay-buccaneers.2
B_SUBSEQUENTLY_TRADED_MANUAL,src/data/nfl/trades.backup-before-bottom-batch-010-copy-2026-07-05T06-00-26-179Z.json,4285,2012-1st-round-pick-5th-overall-tampa-bay-buccaneers-2012,JAX-2012-0054,,,Tampa Bay Buccaneers Win,Mark Barron,tampa-bay-buccaneers,tampa-bay-buccaneers,"2012 1st round pick (7th overall, Mark Barron), 2012 4th round pick (101st overall subsequently traded, Omar Bolden)",Mark Barron),assetsReceived.tampa-bay-buccaneers.0,assetsReceived.tampa-bay-buccaneers.2
B_SUBSEQUENTLY_TRADED_MANUAL,src/data/nfl/trades.backup-before-bottom-batch-010-copy-2026-07-05T06-00-26-179Z.json,4406,2014-7th-round-pick-221st-overall-randell-johnson-and-2015-5th-round-pick-137th,BUF-2014-0285,,,Buffalo Bills Win,Randell Johnson,buffalo-bills,buffalo-bills,"2014 7th round pick (221st overall, Randell Johnson) and 2015 5th round pick (137th overall subsequently traded, Grady Jarrett)",Randell Johnson),assetsReceived.buffalo-bills.0,assetsReceived.buffalo-bills.2
B_SUBSEQUENTLY_TRADED_MANUAL,src/data/nfl/trades.backup-before-bottom-batch-010-copy-2026-07-05T06-00-26-179Z.json,4444,2015-2nd-round-pick-61st-overall-indianapolis-colts-2015,TB-2015-0233,,,Tampa Bay Buccaneers Win,Ali Marpet,tampa-bay-buccaneers,tampa-bay-buccaneers,"2015 2nd round pick (61st overall, Ali Marpet) and 2015 4th round pick (128th overall subsequently traded, Jon Feliciano)",Ali Marpet),assetsReceived.tampa-bay-buccaneers.3,assetsReceived.tampa-bay-buccaneers.1
B_SUBSEQUENTLY_TRADED_MANUAL,src/data/nfl/trades.backup-before-bottom-batch-010-copy-2026-07-05T06-00-26-179Z.json,4486,2016-1st-round-pick-11th-overall-chicago-bears-2016,TB-2016-0235,,,Chicago Bears Win,Vernon Hargreaves,tampa-bay-buccaneers,tampa-bay-buccaneers,"2016 1st round pick (11th overall, Vernon Hargreaves) and 2016 4th round pick (106th overall subsequently traded, Eric Murray)",Vernon Hargreaves),assetsReceived.tampa-bay-buccaneers.3,assetsReceived.tampa-bay-buccaneers.1
B_SUBSEQUENTLY_TRADED_MANUAL,src/data/nfl/trades.backup-before-bottom-batch-010-copy-2026-07-05T06-00-26-179Z.json,4560,2017-7th-round-pick-237th-overall-buccaneers-2017,MIA-2017-0273,,,Miami Dolphins Win,Isaiah Ford,miami-dolphins,miami-dolphins,"2017 7th round pick (237th overall, Isaiah Ford) and 2018 7th round pick (223rd overall subsequently traded, Jullian Taylor)",Isaiah Ford),assetsReceived.miami-dolphins.0,assetsReceived.miami-dolphins.2
B_SUBSEQUENTLY_TRADED_MANUAL,src/data/nfl/trades.backup-before-bottom-batch-010-copy-2026-07-05T06-00-26-179Z.json,4646,2018-4th-round-pick-102nd-overall-jalyn-holmes-tampa-bay-buccaneers-2018,MIN-2018-0260,,,Tampa Bay Buccaneers Win,Jalyn Holmes,minnesota-vikings,minnesota-vikings,"2018 4th round pick (102nd overall, Jalyn Holmes) and 2018 6th round pick (180th overall subsequently traded, Folorunso Fatukasi)",Jalyn Holmes),assetsReceived.minnesota-vikings.0,assetsReceived.minnesota-vikings.2
B_SUBSEQUENTLY_TRADED_MANUAL,src/data/nfl/trades.backup-before-bottom-batch-010-copy-2026-07-05T06-00-26-179Z.json,4825,2020-1st-round-pick-14th-overall-javon-kinlaw-tampa-bay-buccaneers-2020,SF-2020-0401,,,Tampa Bay Buccaneers Win,Javon Kinlaw,san-francisco-49ers,san-francisco-49ers,"2020 1st round pick (14th overall, Javon Kinlaw) and 2020 4th round pick (117th overall subsequently traded, D.J. Wonnum)",Javon Kinlaw),assetsReceived.san-francisco-49ers.0,assetsReceived.san-francisco-49ers.2
B_SUBSEQUENTLY_TRADED_MANUAL,src/data/nfl/trades.backup-before-bottom-batch-010-copy-2026-07-05T06-00-26-179Z.json,4992,2022-1st-round-pick-27th-overall-tampa-bay-buccaneers-2022,JAX-2022-0089,,,Tampa Bay Buccaneers Win,Logan Hall,tampa-bay-buccaneers,tampa-bay-buccaneers,"2022 2nd round pick (33rd overall, Logan Hall), 2022 4th round pick (106th overall, Cade Otton), 2022 6th round pick (180th overall subsequently traded, Matt Araiza)",Logan Hall),assetsReceived.tampa-bay-buccaneers.0,assetsReceived.tampa-bay-buccaneers.2
B_SUBSEQUENTLY_TRADED_MANUAL,src/data/nfl/trades.backup-before-bottom-batch-010-copy-2026-07-05T06-00-26-179Z.json,5016,2023-4th-round-pick-121st-overall-tampa-bay-buccaneers-2022,JAX-2022-0091,,,Jacksonville Jaguars Win,Zyon McCollum,tampa-bay-buccaneers,tampa-bay-buccaneers,"2022 5th round pick (157th overall, Zyon McCollum), 2022 7th round pick (235th overall subsequently traded, Daniel Hardy)",Zyon McCollum),assetsReceived.tampa-bay-buccaneers.0,assetsReceived.tampa-bay-buccaneers.2
B_SUBSEQUENTLY_TRADED_MANUAL,src/data/nfl/trades.backup-before-bottom-batch-010-final-patch-v1-2026-07-05T06-14-49-566Z.json,3366,1995-1st-round-pick-12th-overall-philadelphia-eagles-1995,TB-1995-0155,,,Tampa Bay Buccaneers Win,Warren Sapp,tampa-bay-buccaneers,tampa-bay-buccaneers,"1995 1st round pick (12th overall, Warren Sapp), 1995 2nd round pick (43rd overall, Melvin Johnson) and 1995 2nd round pick (63rd overall subsequently traded, Shane Hannah)",Warren Sapp),assetsReceived.tampa-bay-buccaneers.3,assetsReceived.tampa-bay-buccaneers.1
B_SUBSEQUENTLY_TRADED_MANUAL,src/data/nfl/trades.backup-before-bottom-batch-010-final-patch-v1-2026-07-05T06-14-49-566Z.json,3485,1998-1st-round-pick-23rd-overall-tampa-bay-buccaneers-1998,RAI-1998-0294,,,Oakland/Los Angeles/Las Vegas Raiders Win,Jacquez Green,tampa-bay-buccaneers,tampa-bay-buccaneers,"1998 2nd round pick (34th overall, Jacquez Green) and 1998 2nd round pick (59th overall subsequently traded, Mikhael Ricks)",Jacquez Green),assetsReceived.tampa-bay-buccaneers.0,assetsReceived.tampa-bay-buccaneers.2
B_SUBSEQUENTLY_TRADED_MANUAL,src/data/nfl/trades.backup-before-bottom-batch-010-final-patch-v1-2026-07-05T06-14-49-566Z.json,3636,2001-1st-round-pick-21st-overall-nate-clements-and-2001-2nd-round-pick-51st-over,BUF-2001-0252,,,Buffalo Bills Win,Nate Clements,buffalo-bills,buffalo-bills,"2001 1st round pick (21st overall, Nate Clements) and 2001 2nd round pick (51st overall subsequently traded, Paul Toviessi)",Nate Clements),assetsReceived.buffalo-bills.0,assetsReceived.buffalo-bills.2
B_SUBSEQUENTLY_TRADED_MANUAL,src/data/nfl/trades.backup-before-bottom-batch-010-final-patch-v1-2026-07-05T06-14-49-566Z.json,3830,keenan-mccardell-tampa-bay-buccaneers-2004,LAC-2004-0340,,,Los Angeles/San Diego Chargers Win,Chris Colmer,tampa-bay-buccaneers,tampa-bay-buccaneers,"2005 3rd round pick (91st overall, Chris Colmer) and 2005 6th round pick (203rd overall subsequently traded, Andrew Hoffman)",Chris Colmer),assetsReceived.tampa-bay-buccaneers.0,assetsReceived.tampa-bay-buccaneers.2
B_SUBSEQUENTLY_TRADED_MANUAL,src/data/nfl/trades.backup-before-bottom-batch-010-final-patch-v1-2026-07-05T06-14-49-566Z.json,4026,2008-2nd-round-pick-52nd-overall-tampa-bay-buccaneers-2008,JAX-2008-0039,,,Tampa Bay Buccaneers Win,Dexter Jackson,tampa-bay-buccaneers,tampa-bay-buccaneers,"2008 2nd round pick (58th overall, Dexter Jackson), 2008 5th round pick (158th overall subsequently traded, Kellen Davis), 2009 7th round pick (217th overall, E.J. Biggers)",Dexter Jackson),assetsReceived.tampa-bay-buccaneers.0,assetsReceived.tampa-bay-buccaneers.2
B_SUBSEQUENTLY_TRADED_MANUAL,src/data/nfl/trades.backup-before-bottom-batch-010-final-patch-v1-2026-07-05T06-14-49-566Z.json,4249,2011-4th-round-pick-104th-overall-philadelphia-eagles-2011,TB-2011-0215,,,Even Trade,Casey Matthews,philadelphia-eagles,philadelphia-eagles,"2011 4th round pick (116th overall, Casey Matthews) and 2012 4th round pick (99th overall subsequently traded, Ben Jones)",Casey Matthews),assetsReceived.philadelphia-eagles.3,assetsReceived.philadelphia-eagles.1
B_SUBSEQUENTLY_TRADED_MANUAL,src/data/nfl/trades.backup-before-bottom-batch-010-final-patch-v1-2026-07-05T06-14-49-566Z.json,4284,2012-2nd-round-pick-36th-overall-derek-wolfe-and-2012-4th-round-pick-101st-overall-omar-bo,DEN-2012-04-26-0326,,,Tampa Bay Buccaneers Win,Doug Martin,tampa-bay-buccaneers,tampa-bay-buccaneers,"2012 1st round pick (31st overall, Doug Martin) and 2012 4th round pick (126th overall subsequently traded, Jared Crick)",Doug Martin),assetsReceived.tampa-bay-buccaneers.0,assetsReceived.tampa-bay-buccaneers.2
B_SUBSEQUENTLY_TRADED_MANUAL,src/data/nfl/trades.backup-before-bottom-batch-010-final-patch-v1-2026-07-05T06-14-49-566Z.json,4285,2012-1st-round-pick-5th-overall-tampa-bay-buccaneers-2012,JAX-2012-0054,,,Tampa Bay Buccaneers Win,Mark Barron,tampa-bay-buccaneers,tampa-bay-buccaneers,"2012 1st round pick (7th overall, Mark Barron), 2012 4th round pick (101st overall subsequently traded, Omar Bolden)",Mark Barron),assetsReceived.tampa-bay-buccaneers.0,assetsReceived.tampa-bay-buccaneers.2
B_SUBSEQUENTLY_TRADED_MANUAL,src/data/nfl/trades.backup-before-bottom-batch-010-final-patch-v1-2026-07-05T06-14-49-566Z.json,4406,2014-7th-round-pick-221st-overall-randell-johnson-and-2015-5th-round-pick-137th,BUF-2014-0285,,,Buffalo Bills Win,Randell Johnson,buffalo-bills,buffalo-bills,"2014 7th round pick (221st overall, Randell Johnson) and 2015 5th round pick (137th overall subsequently traded, Grady Jarrett)",Randell Johnson),assetsReceived.buffalo-bills.0,assetsReceived.buffalo-bills.2
B_SUBSEQUENTLY_TRADED_MANUAL,src/data/nfl/trades.backup-before-bottom-batch-010-final-patch-v1-2026-07-05T06-14-49-566Z.json,4444,2015-2nd-round-pick-61st-overall-indianapolis-colts-2015,TB-2015-0233,,,Tampa Bay Buccaneers Win,Ali Marpet,tampa-bay-buccaneers,tampa-bay-buccaneers,"2015 2nd round pick (61st overall, Ali Marpet) and 2015 4th round pick (128th overall subsequently traded, Jon Feliciano)",Ali Marpet),assetsReceived.tampa-bay-buccaneers.3,assetsReceived.tampa-bay-buccaneers.1
B_SUBSEQUENTLY_TRADED_MANUAL,src/data/nfl/trades.backup-before-bottom-batch-010-final-patch-v1-2026-07-05T06-14-49-566Z.json,4486,2016-1st-round-pick-11th-overall-chicago-bears-2016,TB-2016-0235,,,Chicago Bears Win,Vernon Hargreaves,tampa-bay-buccaneers,tampa-bay-buccaneers,"2016 1st round pick (11th overall, Vernon Hargreaves) and 2016 4th round pick (106th overall subsequently traded, Eric Murray)",Vernon Hargreaves),assetsReceived.tampa-bay-buccaneers.3,assetsReceived.tampa-bay-buccaneers.1
B_SUBSEQUENTLY_TRADED_MANUAL,src/data/nfl/trades.backup-before-bottom-batch-010-final-patch-v1-2026-07-05T06-14-49-566Z.json,4560,2017-7th-round-pick-237th-overall-buccaneers-2017,MIA-2017-0273,,,Miami Dolphins Win,Isaiah Ford,miami-dolphins,miami-dolphins,"2017 7th round pick (237th overall, Isaiah Ford) and 2018 7th round pick (223rd overall subsequently traded, Jullian Taylor)",Isaiah Ford),assetsReceived.miami-dolphins.0,assetsReceived.miami-dolphins.2
B_SUBSEQUENTLY_TRADED_MANUAL,src/data/nfl/trades.backup-before-bottom-batch-010-final-patch-v1-2026-07-05T06-14-49-566Z.json,4646,2018-4th-round-pick-102nd-overall-jalyn-holmes-tampa-bay-buccaneers-2018,MIN-2018-0260,,,Tampa Bay Buccaneers Win,Jalyn Holmes,minnesota-vikings,minnesota-vikings,"2018 4th round pick (102nd overall, Jalyn Holmes) and 2018 6th round pick (180th overall subsequently traded, Folorunso Fatukasi)",Jalyn Holmes),assetsReceived.minnesota-vikings.0,assetsReceived.minnesota-vikings.2
B_SUBSEQUENTLY_TRADED_MANUAL,src/data/nfl/trades.backup-before-bottom-batch-010-final-patch-v1-2026-07-05T06-14-49-566Z.json,4825,2020-1st-round-pick-14th-overall-javon-kinlaw-tampa-bay-buccaneers-2020,SF-2020-0401,,,Tampa Bay Buccaneers Win,Javon Kinlaw,san-francisco-49ers,san-francisco-49ers,"2020 1st round pick (14th overall, Javon Kinlaw) and 2020 4th round pick (117th overall subsequently traded, D.J. Wonnum)",Javon Kinlaw),assetsReceived.san-francisco-49ers.0,assetsReceived.san-francisco-49ers.2
B_SUBSEQUENTLY_TRADED_MANUAL,src/data/nfl/trades.backup-before-bottom-batch-010-final-patch-v1-2026-07-05T06-14-49-566Z.json,4992,2022-1st-round-pick-27th-overall-tampa-bay-buccaneers-2022,JAX-2022-0089,,,Tampa Bay Buccaneers Win,Logan Hall,tampa-bay-buccaneers,tampa-bay-buccaneers,"2022 2nd round pick (33rd overall, Logan Hall), 2022 4th round pick (106th overall, Cade Otton), 2022 6th round pick (180th overall subsequently traded, Matt Araiza)",Logan Hall),assetsReceived.tampa-bay-buccaneers.0,assetsReceived.tampa-bay-buccaneers.2
B_SUBSEQUENTLY_TRADED_MANUAL,src/data/nfl/trades.backup-before-bottom-batch-010-final-patch-v1-2026-07-05T06-14-49-566Z.json,5016,2023-4th-round-pick-121st-overall-tampa-bay-buccaneers-2022,JAX-2022-0091,,,Jacksonville Jaguars Win,Zyon McCollum,tampa-bay-buccaneers,tampa-bay-buccaneers,"2022 5th round pick (157th overall, Zyon McCollum), 2022 7th round pick (235th overall subsequently traded, Daniel Hardy)",Zyon McCollum),assetsReceived.tampa-bay-buccaneers.0,assetsReceived.tampa-bay-buccaneers.2
B_SUBSEQUENTLY_TRADED_MANUAL,src/data/nfl/trades.backup-before-bottom-batch-010-partner-language-v1-2026-07-05T06-30-45-505Z.json,3366,1995-1st-round-pick-12th-overall-philadelphia-eagles-1995,TB-1995-0155,,,Tampa Bay Buccaneers Win,Warren Sapp,tampa-bay-buccaneers,tampa-bay-buccaneers,"1995 1st round pick (12th overall, Warren Sapp), 1995 2nd round pick (43rd overall, Melvin Johnson) and 1995 2nd round pick (63rd overall subsequently traded, Shane Hannah)",Warren Sapp),assetsReceived.tampa-bay-buccaneers.3,assetsReceived.tampa-bay-buccaneers.1
B_SUBSEQUENTLY_TRADED_MANUAL,src/data/nfl/trades.backup-before-bottom-batch-010-partner-language-v1-2026-07-05T06-30-45-505Z.json,3485,1998-1st-round-pick-23rd-overall-tampa-bay-buccaneers-1998,RAI-1998-0294,,,Oakland/Los Angeles/Las Vegas Raiders Win,Jacquez Green,tampa-bay-buccaneers,tampa-bay-buccaneers,"1998 2nd round pick (34th overall, Jacquez Green) and 1998 2nd round pick (59th overall subsequently traded, Mikhael Ricks)",Jacquez Green),assetsReceived.tampa-bay-buccaneers.0,assetsReceived.tampa-bay-buccaneers.2
B_SUBSEQUENTLY_TRADED_MANUAL,src/data/nfl/trades.backup-before-bottom-batch-010-partner-language-v1-2026-07-05T06-30-45-505Z.json,3636,2001-1st-round-pick-21st-overall-nate-clements-and-2001-2nd-round-pick-51st-over,BUF-2001-0252,,,Buffalo Bills Win,Nate Clements,buffalo-bills,buffalo-bills,"2001 1st round pick (21st overall, Nate Clements) and 2001 2nd round pick (51st overall subsequently traded, Paul Toviessi)",Nate Clements),assetsReceived.buffalo-bills.0,assetsReceived.buffalo-bills.2
B_SUBSEQUENTLY_TRADED_MANUAL,src/data/nfl/trades.backup-before-bottom-batch-010-partner-language-v1-2026-07-05T06-30-45-505Z.json,3830,keenan-mccardell-tampa-bay-buccaneers-2004,LAC-2004-0340,,,Los Angeles/San Diego Chargers Win,Chris Colmer,tampa-bay-buccaneers,tampa-bay-buccaneers,"2005 3rd round pick (91st overall, Chris Colmer) and 2005 6th round pick (203rd overall subsequently traded, Andrew Hoffman)",Chris Colmer),assetsReceived.tampa-bay-buccaneers.0,assetsReceived.tampa-bay-buccaneers.2
B_SUBSEQUENTLY_TRADED_MANUAL,src/data/nfl/trades.backup-before-bottom-batch-010-partner-language-v1-2026-07-05T06-30-45-505Z.json,4026,2008-2nd-round-pick-52nd-overall-tampa-bay-buccaneers-2008,JAX-2008-0039,,,Tampa Bay Buccaneers Win,Dexter Jackson,tampa-bay-buccaneers,tampa-bay-buccaneers,"2008 2nd round pick (58th overall, Dexter Jackson), 2008 5th round pick (158th overall subsequently traded, Kellen Davis), 2009 7th round pick (217th overall, E.J. Biggers)",Dexter Jackson),assetsReceived.tampa-bay-buccaneers.0,assetsReceived.tampa-bay-buccaneers.2
B_SUBSEQUENTLY_TRADED_MANUAL,src/data/nfl/trades.backup-before-bottom-batch-010-partner-language-v1-2026-07-05T06-30-45-505Z.json,4249,2011-4th-round-pick-104th-overall-philadelphia-eagles-2011,TB-2011-0215,,,Even Trade,Casey Matthews,philadelphia-eagles,philadelphia-eagles,"2011 4th round pick (116th overall, Casey Matthews) and 2012 4th round pick (99th overall subsequently traded, Ben Jones)",Casey Matthews),assetsReceived.philadelphia-eagles.3,assetsReceived.philadelphia-eagles.1
B_SUBSEQUENTLY_TRADED_MANUAL,src/data/nfl/trades.backup-before-bottom-batch-010-partner-language-v1-2026-07-05T06-30-45-505Z.json,4284,2012-2nd-round-pick-36th-overall-derek-wolfe-and-2012-4th-round-pick-101st-overall-omar-bo,DEN-2012-04-26-0326,,,Tampa Bay Buccaneers Win,Doug Martin,tampa-bay-buccaneers,tampa-bay-buccaneers,"2012 1st round pick (31st overall, Doug Martin) and 2012 4th round pick (126th overall subsequently traded, Jared Crick)",Doug Martin),assetsReceived.tampa-bay-buccaneers.0,assetsReceived.tampa-bay-buccaneers.2
B_SUBSEQUENTLY_TRADED_MANUAL,src/data/nfl/trades.backup-before-bottom-batch-010-partner-language-v1-2026-07-05T06-30-45-505Z.json,4285,2012-1st-round-pick-5th-overall-tampa-bay-buccaneers-2012,JAX-2012-0054,,,Tampa Bay Buccaneers Win,Mark Barron,tampa-bay-buccaneers,tampa-bay-buccaneers,"2012 1st round pick (7th overall, Mark Barron), 2012 4th round pick (101st overall subsequently traded, Omar Bolden)",Mark Barron),assetsReceived.tampa-bay-buccaneers.0,assetsReceived.tampa-bay-buccaneers.2
B_SUBSEQUENTLY_TRADED_MANUAL,src/data/nfl/trades.backup-before-bottom-batch-010-partner-language-v1-2026-07-05T06-30-45-505Z.json,4406,2014-7th-round-pick-221st-overall-randell-johnson-and-2015-5th-round-pick-137th,BUF-2014-0285,,,Buffalo Bills Win,Randell Johnson,buffalo-bills,buffalo-bills,"2014 7th round pick (221st overall, Randell Johnson) and 2015 5th round pick (137th overall subsequently traded, Grady Jarrett)",Randell Johnson),assetsReceived.buffalo-bills.0,assetsReceived.buffalo-bills.2
B_SUBSEQUENTLY_TRADED_MANUAL,src/data/nfl/trades.backup-before-bottom-batch-010-partner-language-v1-2026-07-05T06-30-45-505Z.json,4444,2015-2nd-round-pick-61st-overall-indianapolis-colts-2015,TB-2015-0233,,,Tampa Bay Buccaneers Win,Ali Marpet,tampa-bay-buccaneers,tampa-bay-buccaneers,"2015 2nd round pick (61st overall, Ali Marpet) and 2015 4th round pick (128th overall subsequently traded, Jon Feliciano)",Ali Marpet),assetsReceived.tampa-bay-buccaneers.3,assetsReceived.tampa-bay-buccaneers.1
B_SUBSEQUENTLY_TRADED_MANUAL,src/data/nfl/trades.backup-before-bottom-batch-010-partner-language-v1-2026-07-05T06-30-45-505Z.json,4486,2016-1st-round-pick-11th-overall-chicago-bears-2016,TB-2016-0235,,,Chicago Bears Win,Vernon Hargreaves,tampa-bay-buccaneers,tampa-bay-buccaneers,"2016 1st round pick (11th overall, Vernon Hargreaves) and 2016 4th round pick (106th overall subsequently traded, Eric Murray)",Vernon Hargreaves),assetsReceived.tampa-bay-buccaneers.3,assetsReceived.tampa-bay-buccaneers.1
B_SUBSEQUENTLY_TRADED_MANUAL,src/data/nfl/trades.backup-before-bottom-batch-010-partner-language-v1-2026-07-05T06-30-45-505Z.json,4560,2017-7th-round-pick-237th-overall-buccaneers-2017,MIA-2017-0273,,,Miami Dolphins Win,Isaiah Ford,miami-dolphins,miami-dolphins,"2017 7th round pick (237th overall, Isaiah Ford) and 2018 7th round pick (223rd overall subsequently traded, Jullian Taylor)",Isaiah Ford),assetsReceived.miami-dolphins.0,assetsReceived.miami-dolphins.2
B_SUBSEQUENTLY_TRADED_MANUAL,src/data/nfl/trades.backup-before-bottom-batch-010-partner-language-v1-2026-07-05T06-30-45-505Z.json,4646,2018-4th-round-pick-102nd-overall-jalyn-holmes-tampa-bay-buccaneers-2018,MIN-2018-0260,,,Tampa Bay Buccaneers Win,Jalyn Holmes,minnesota-vikings,minnesota-vikings,"2018 4th round pick (102nd overall, Jalyn Holmes) and 2018 6th round pick (180th overall subsequently traded, Folorunso Fatukasi)",Jalyn Holmes),assetsReceived.minnesota-vikings.0,assetsReceived.minnesota-vikings.2
B_SUBSEQUENTLY_TRADED_MANUAL,src/data/nfl/trades.backup-before-bottom-batch-010-partner-language-v1-2026-07-05T06-30-45-505Z.json,4825,2020-1st-round-pick-14th-overall-javon-kinlaw-tampa-bay-buccaneers-2020,SF-2020-0401,,,Tampa Bay Buccaneers Win,Javon Kinlaw,san-francisco-49ers,san-francisco-49ers,"2020 1st round pick (14th overall, Javon Kinlaw) and 2020 4th round pick (117th overall subsequently traded, D.J. Wonnum)",Javon Kinlaw),assetsReceived.san-francisco-49ers.0,assetsReceived.san-francisco-49ers.2
B_SUBSEQUENTLY_TRADED_MANUAL,src/data/nfl/trades.backup-before-bottom-batch-010-partner-language-v1-2026-07-05T06-30-45-505Z.json,4992,2022-1st-round-pick-27th-overall-tampa-bay-buccaneers-2022,JAX-2022-0089,,,Tampa Bay Buccaneers Win,Logan Hall,tampa-bay-buccaneers,tampa-bay-buccaneers,"2022 2nd round pick (33rd overall, Logan Hall), 2022 4th round pick (106th overall, Cade Otton), 2022 6th round pick (180th overall subsequently traded, Matt Araiza)",Logan Hall),assetsReceived.tampa-bay-buccaneers.0,assetsReceived.tampa-bay-buccaneers.2
B_SUBSEQUENTLY_TRADED_MANUAL,src/data/nfl/trades.backup-before-bottom-batch-010-partner-language-v1-2026-07-05T06-30-45-505Z.json,5016,2023-4th-round-pick-121st-overall-tampa-bay-buccaneers-2022,JAX-2022-0091,,,Jacksonville Jaguars Win,Zyon McCollum,tampa-bay-buccaneers,tampa-bay-buccaneers,"2022 5th round pick (157th overall, Zyon McCollum), 2022 7th round pick (235th overall subsequently traded, Daniel Hardy)",Zyon McCollum),assetsReceived.tampa-bay-buccaneers.0,assetsReceived.tampa-bay-buccaneers.2
B_SUBSEQUENTLY_TRADED_MANUAL,src/data/nfl/trades.backup-before-bottom-batch-010-stubborn-copy-v1-2026-07-05T06-26-17-613Z.json,3366,1995-1st-round-pick-12th-overall-philadelphia-eagles-1995,TB-1995-0155,,,Tampa Bay Buccaneers Win,Warren Sapp,tampa-bay-buccaneers,tampa-bay-buccaneers,"1995 1st round pick (12th overall, Warren Sapp), 1995 2nd round pick (43rd overall, Melvin Johnson) and 1995 2nd round pick (63rd overall subsequently traded, Shane Hannah)",Warren Sapp),assetsReceived.tampa-bay-buccaneers.3,assetsReceived.tampa-bay-buccaneers.1
B_SUBSEQUENTLY_TRADED_MANUAL,src/data/nfl/trades.backup-before-bottom-batch-010-stubborn-copy-v1-2026-07-05T06-26-17-613Z.json,3485,1998-1st-round-pick-23rd-overall-tampa-bay-buccaneers-1998,RAI-1998-0294,,,Oakland/Los Angeles/Las Vegas Raiders Win,Jacquez Green,tampa-bay-buccaneers,tampa-bay-buccaneers,"1998 2nd round pick (34th overall, Jacquez Green) and 1998 2nd round pick (59th overall subsequently traded, Mikhael Ricks)",Jacquez Green),assetsReceived.tampa-bay-buccaneers.0,assetsReceived.tampa-bay-buccaneers.2
B_SUBSEQUENTLY_TRADED_MANUAL,src/data/nfl/trades.backup-before-bottom-batch-010-stubborn-copy-v1-2026-07-05T06-26-17-613Z.json,3636,2001-1st-round-pick-21st-overall-nate-clements-and-2001-2nd-round-pick-51st-over,BUF-2001-0252,,,Buffalo Bills Win,Nate Clements,buffalo-bills,buffalo-bills,"2001 1st round pick (21st overall, Nate Clements) and 2001 2nd round pick (51st overall subsequently traded, Paul Toviessi)",Nate Clements),assetsReceived.buffalo-bills.0,assetsReceived.buffalo-bills.2
B_SUBSEQUENTLY_TRADED_MANUAL,src/data/nfl/trades.backup-before-bottom-batch-010-stubborn-copy-v1-2026-07-05T06-26-17-613Z.json,3830,keenan-mccardell-tampa-bay-buccaneers-2004,LAC-2004-0340,,,Los Angeles/San Diego Chargers Win,Chris Colmer,tampa-bay-buccaneers,tampa-bay-buccaneers,"2005 3rd round pick (91st overall, Chris Colmer) and 2005 6th round pick (203rd overall subsequently traded, Andrew Hoffman)",Chris Colmer),assetsReceived.tampa-bay-buccaneers.0,assetsReceived.tampa-bay-buccaneers.2
B_SUBSEQUENTLY_TRADED_MANUAL,src/data/nfl/trades.backup-before-bottom-batch-010-stubborn-copy-v1-2026-07-05T06-26-17-613Z.json,4026,2008-2nd-round-pick-52nd-overall-tampa-bay-buccaneers-2008,JAX-2008-0039,,,Tampa Bay Buccaneers Win,Dexter Jackson,tampa-bay-buccaneers,tampa-bay-buccaneers,"2008 2nd round pick (58th overall, Dexter Jackson), 2008 5th round pick (158th overall subsequently traded, Kellen Davis), 2009 7th round pick (217th overall, E.J. Biggers)",Dexter Jackson),assetsReceived.tampa-bay-buccaneers.0,assetsReceived.tampa-bay-buccaneers.2
B_SUBSEQUENTLY_TRADED_MANUAL,src/data/nfl/trades.backup-before-bottom-batch-010-stubborn-copy-v1-2026-07-05T06-26-17-613Z.json,4249,2011-4th-round-pick-104th-overall-philadelphia-eagles-2011,TB-2011-0215,,,Even Trade,Casey Matthews,philadelphia-eagles,philadelphia-eagles,"2011 4th round pick (116th overall, Casey Matthews) and 2012 4th round pick (99th overall subsequently traded, Ben Jones)",Casey Matthews),assetsReceived.philadelphia-eagles.3,assetsReceived.philadelphia-eagles.1
B_SUBSEQUENTLY_TRADED_MANUAL,src/data/nfl/trades.backup-before-bottom-batch-010-stubborn-copy-v1-2026-07-05T06-26-17-613Z.json,4284,2012-2nd-round-pick-36th-overall-derek-wolfe-and-2012-4th-round-pick-101st-overall-omar-bo,DEN-2012-04-26-0326,,,Tampa Bay Buccaneers Win,Doug Martin,tampa-bay-buccaneers,tampa-bay-buccaneers,"2012 1st round pick (31st overall, Doug Martin) and 2012 4th round pick (126th overall subsequently traded, Jared Crick)",Doug Martin),assetsReceived.tampa-bay-buccaneers.0,assetsReceived.tampa-bay-buccaneers.2
B_SUBSEQUENTLY_TRADED_MANUAL,src/data/nfl/trades.backup-before-bottom-batch-010-stubborn-copy-v1-2026-07-05T06-26-17-613Z.json,4285,2012-1st-round-pick-5th-overall-tampa-bay-buccaneers-2012,JAX-2012-0054,,,Tampa Bay Buccaneers Win,Mark Barron,tampa-bay-buccaneers,tampa-bay-buccaneers,"2012 1st round pick (7th overall, Mark Barron), 2012 4th round pick (101st overall subsequently traded, Omar Bolden)",Mark Barron),assetsReceived.tampa-bay-buccaneers.0,assetsReceived.tampa-bay-buccaneers.2
B_SUBSEQUENTLY_TRADED_MANUAL,src/data/nfl/trades.backup-before-bottom-batch-010-stubborn-copy-v1-2026-07-05T06-26-17-613Z.json,4406,2014-7th-round-pick-221st-overall-randell-johnson-and-2015-5th-round-pick-137th,BUF-2014-0285,,,Buffalo Bills Win,Randell Johnson,buffalo-bills,buffalo-bills,"2014 7th round pick (221st overall, Randell Johnson) and 2015 5th round pick (137th overall subsequently traded, Grady Jarrett)",Randell Johnson),assetsReceived.buffalo-bills.0,assetsReceived.buffalo-bills.2
B_SUBSEQUENTLY_TRADED_MANUAL,src/data/nfl/trades.backup-before-bottom-batch-010-stubborn-copy-v1-2026-07-05T06-26-17-613Z.json,4444,2015-2nd-round-pick-61st-overall-indianapolis-colts-2015,TB-2015-0233,,,Tampa Bay Buccaneers Win,Ali Marpet,tampa-bay-buccaneers,tampa-bay-buccaneers,"2015 2nd round pick (61st overall, Ali Marpet) and 2015 4th round pick (128th overall subsequently traded, Jon Feliciano)",Ali Marpet),assetsReceived.tampa-bay-buccaneers.3,assetsReceived.tampa-bay-buccaneers.1
B_SUBSEQUENTLY_TRADED_MANUAL,src/data/nfl/trades.backup-before-bottom-batch-010-stubborn-copy-v1-2026-07-05T06-26-17-613Z.json,4486,2016-1st-round-pick-11th-overall-chicago-bears-2016,TB-2016-0235,,,Chicago Bears Win,Vernon Hargreaves,tampa-bay-buccaneers,tampa-bay-buccaneers,"2016 1st round pick (11th overall, Vernon Hargreaves) and 2016 4th round pick (106th overall subsequently traded, Eric Murray)",Vernon Hargreaves),assetsReceived.tampa-bay-buccaneers.3,assetsReceived.tampa-bay-buccaneers.1
B_SUBSEQUENTLY_TRADED_MANUAL,src/data/nfl/trades.backup-before-bottom-batch-010-stubborn-copy-v1-2026-07-05T06-26-17-613Z.json,4560,2017-7th-round-pick-237th-overall-buccaneers-2017,MIA-2017-0273,,,Miami Dolphins Win,Isaiah Ford,miami-dolphins,miami-dolphins,"2017 7th round pick (237th overall, Isaiah Ford) and 2018 7th round pick (223rd overall subsequently traded, Jullian Taylor)",Isaiah Ford),assetsReceived.miami-dolphins.0,assetsReceived.miami-dolphins.2
B_SUBSEQUENTLY_TRADED_MANUAL,src/data/nfl/trades.backup-before-bottom-batch-010-stubborn-copy-v1-2026-07-05T06-26-17-613Z.json,4646,2018-4th-round-pick-102nd-overall-jalyn-holmes-tampa-bay-buccaneers-2018,MIN-2018-0260,,,Tampa Bay Buccaneers Win,Jalyn Holmes,minnesota-vikings,minnesota-vikings,"2018 4th round pick (102nd overall, Jalyn Holmes) and 2018 6th round pick (180th overall subsequently traded, Folorunso Fatukasi)",Jalyn Holmes),assetsReceived.minnesota-vikings.0,assetsReceived.minnesota-vikings.2
B_SUBSEQUENTLY_TRADED_MANUAL,src/data/nfl/trades.backup-before-bottom-batch-010-stubborn-copy-v1-2026-07-05T06-26-17-613Z.json,4825,2020-1st-round-pick-14th-overall-javon-kinlaw-tampa-bay-buccaneers-2020,SF-2020-0401,,,Tampa Bay Buccaneers Win,Javon Kinlaw,san-francisco-49ers,san-francisco-49ers,"2020 1st round pick (14th overall, Javon Kinlaw) and 2020 4th round pick (117th overall subsequently traded, D.J. Wonnum)",Javon Kinlaw),assetsReceived.san-francisco-49ers.0,assetsReceived.san-francisco-49ers.2
B_SUBSEQUENTLY_TRADED_MANUAL,src/data/nfl/trades.backup-before-bottom-batch-010-stubborn-copy-v1-2026-07-05T06-26-17-613Z.json,4992,2022-1st-round-pick-27th-overall-tampa-bay-buccaneers-2022,JAX-2022-0089,,,Tampa Bay Buccaneers Win,Logan Hall,tampa-bay-buccaneers,tampa-bay-buccaneers,"2022 2nd round pick (33rd overall, Logan Hall), 2022 4th round pick (106th overall, Cade Otton), 2022 6th round pick (180th overall subsequently traded, Matt Araiza)",Logan Hall),assetsReceived.tampa-bay-buccaneers.0,assetsReceived.tampa-bay-buccaneers.2
B_SUBSEQUENTLY_TRADED_MANUAL,src/data/nfl/trades.backup-before-bottom-batch-010-stubborn-copy-v1-2026-07-05T06-26-17-613Z.json,5016,2023-4th-round-pick-121st-overall-tampa-bay-buccaneers-2022,JAX-2022-0091,,,Jacksonville Jaguars Win,Zyon McCollum,tampa-bay-buccaneers,tampa-bay-buccaneers,"2022 5th round pick (157th overall, Zyon McCollum), 2022 7th round pick (235th overall subsequently traded, Daniel Hardy)",Zyon McCollum),assetsReceived.tampa-bay-buccaneers.0,assetsReceived.tampa-bay-buccaneers.2
B_SUBSEQUENTLY_TRADED_MANUAL,src/data/nfl/trades.backup-before-bottom-batch-011-auto-copy-v1-2026-07-05T06-40-36-229Z.json,3366,1995-1st-round-pick-12th-overall-philadelphia-eagles-1995,TB-1995-0155,,,Tampa Bay Buccaneers Win,Warren Sapp,tampa-bay-buccaneers,tampa-bay-buccaneers,"1995 1st round pick (12th overall, Warren Sapp), 1995 2nd round pick (43rd overall, Melvin Johnson) and 1995 2nd round pick (63rd overall subsequently traded, Shane Hannah)",Warren Sapp),assetsReceived.tampa-bay-buccaneers.3,assetsReceived.tampa-bay-buccaneers.1
B_SUBSEQUENTLY_TRADED_MANUAL,src/data/nfl/trades.backup-before-bottom-batch-011-auto-copy-v1-2026-07-05T06-40-36-229Z.json,3485,1998-1st-round-pick-23rd-overall-tampa-bay-buccaneers-1998,RAI-1998-0294,,,Oakland/Los Angeles/Las Vegas Raiders Win,Jacquez Green,tampa-bay-buccaneers,tampa-bay-buccaneers,"1998 2nd round pick (34th overall, Jacquez Green) and 1998 2nd round pick (59th overall subsequently traded, Mikhael Ricks)",Jacquez Green),assetsReceived.tampa-bay-buccaneers.0,assetsReceived.tampa-bay-buccaneers.2
B_SUBSEQUENTLY_TRADED_MANUAL,src/data/nfl/trades.backup-before-bottom-batch-011-auto-copy-v1-2026-07-05T06-40-36-229Z.json,3636,2001-1st-round-pick-21st-overall-nate-clements-and-2001-2nd-round-pick-51st-over,BUF-2001-0252,,,Buffalo Bills Win,Nate Clements,buffalo-bills,buffalo-bills,"2001 1st round pick (21st overall, Nate Clements) and 2001 2nd round pick (51st overall subsequently traded, Paul Toviessi)",Nate Clements),assetsReceived.buffalo-bills.0,assetsReceived.buffalo-bills.2
B_SUBSEQUENTLY_TRADED_MANUAL,src/data/nfl/trades.backup-before-bottom-batch-011-auto-copy-v1-2026-07-05T06-40-36-229Z.json,3830,keenan-mccardell-tampa-bay-buccaneers-2004,LAC-2004-0340,,,Los Angeles/San Diego Chargers Win,Chris Colmer,tampa-bay-buccaneers,tampa-bay-buccaneers,"2005 3rd round pick (91st overall, Chris Colmer) and 2005 6th round pick (203rd overall subsequently traded, Andrew Hoffman)",Chris Colmer),assetsReceived.tampa-bay-buccaneers.0,assetsReceived.tampa-bay-buccaneers.2
B_SUBSEQUENTLY_TRADED_MANUAL,src/data/nfl/trades.backup-before-bottom-batch-011-auto-copy-v1-2026-07-05T06-40-36-229Z.json,4026,2008-2nd-round-pick-52nd-overall-tampa-bay-buccaneers-2008,JAX-2008-0039,,,Tampa Bay Buccaneers Win,Dexter Jackson,tampa-bay-buccaneers,tampa-bay-buccaneers,"2008 2nd round pick (58th overall, Dexter Jackson), 2008 5th round pick (158th overall subsequently traded, Kellen Davis), 2009 7th round pick (217th overall, E.J. Biggers)",Dexter Jackson),assetsReceived.tampa-bay-buccaneers.0,assetsReceived.tampa-bay-buccaneers.2
B_SUBSEQUENTLY_TRADED_MANUAL,src/data/nfl/trades.backup-before-bottom-batch-011-auto-copy-v1-2026-07-05T06-40-36-229Z.json,4249,2011-4th-round-pick-104th-overall-philadelphia-eagles-2011,TB-2011-0215,,,Even Trade,Casey Matthews,philadelphia-eagles,philadelphia-eagles,"2011 4th round pick (116th overall, Casey Matthews) and 2012 4th round pick (99th overall subsequently traded, Ben Jones)",Casey Matthews),assetsReceived.philadelphia-eagles.3,assetsReceived.philadelphia-eagles.1
B_SUBSEQUENTLY_TRADED_MANUAL,src/data/nfl/trades.backup-before-bottom-batch-011-auto-copy-v1-2026-07-05T06-40-36-229Z.json,4284,2012-2nd-round-pick-36th-overall-derek-wolfe-and-2012-4th-round-pick-101st-overall-omar-bo,DEN-2012-04-26-0326,,,Tampa Bay Buccaneers Win,Doug Martin,tampa-bay-buccaneers,tampa-bay-buccaneers,"2012 1st round pick (31st overall, Doug Martin) and 2012 4th round pick (126th overall subsequently traded, Jared Crick)",Doug Martin),assetsReceived.tampa-bay-buccaneers.0,assetsReceived.tampa-bay-buccaneers.2
B_SUBSEQUENTLY_TRADED_MANUAL,src/data/nfl/trades.backup-before-bottom-batch-011-auto-copy-v1-2026-07-05T06-40-36-229Z.json,4285,2012-1st-round-pick-5th-overall-tampa-bay-buccaneers-2012,JAX-2012-0054,,,Tampa Bay Buccaneers Win,Mark Barron,tampa-bay-buccaneers,tampa-bay-buccaneers,"2012 1st round pick (7th overall, Mark Barron), 2012 4th round pick (101st overall subsequently traded, Omar Bolden)",Mark Barron),assetsReceived.tampa-bay-buccaneers.0,assetsReceived.tampa-bay-buccaneers.2
B_SUBSEQUENTLY_TRADED_MANUAL,src/data/nfl/trades.backup-before-bottom-batch-011-auto-copy-v1-2026-07-05T06-40-36-229Z.json,4406,2014-7th-round-pick-221st-overall-randell-johnson-and-2015-5th-round-pick-137th,BUF-2014-0285,,,Buffalo Bills Win,Randell Johnson,buffalo-bills,buffalo-bills,"2014 7th round pick (221st overall, Randell Johnson) and 2015 5th round pick (137th overall subsequently traded, Grady Jarrett)",Randell Johnson),assetsReceived.buffalo-bills.0,assetsReceived.buffalo-bills.2
B_SUBSEQUENTLY_TRADED_MANUAL,src/data/nfl/trades.backup-before-bottom-batch-011-auto-copy-v1-2026-07-05T06-40-36-229Z.json,4444,2015-2nd-round-pick-61st-overall-indianapolis-colts-2015,TB-2015-0233,,,Tampa Bay Buccaneers Win,Ali Marpet,tampa-bay-buccaneers,tampa-bay-buccaneers,"2015 2nd round pick (61st overall, Ali Marpet) and 2015 4th round pick (128th overall subsequently traded, Jon Feliciano)",Ali Marpet),assetsReceived.tampa-bay-buccaneers.3,assetsReceived.tampa-bay-buccaneers.1
B_SUBSEQUENTLY_TRADED_MANUAL,src/data/nfl/trades.backup-before-bottom-batch-011-auto-copy-v1-2026-07-05T06-40-36-229Z.json,4486,2016-1st-round-pick-11th-overall-chicago-bears-2016,TB-2016-0235,,,Chicago Bears Win,Vernon Hargreaves,tampa-bay-buccaneers,tampa-bay-buccaneers,"2016 1st round pick (11th overall, Vernon Hargreaves) and 2016 4th round pick (106th overall subsequently traded, Eric Murray)",Vernon Hargreaves),assetsReceived.tampa-bay-buccaneers.3,assetsReceived.tampa-bay-buccaneers.1
B_SUBSEQUENTLY_TRADED_MANUAL,src/data/nfl/trades.backup-before-bottom-batch-011-auto-copy-v1-2026-07-05T06-40-36-229Z.json,4560,2017-7th-round-pick-237th-overall-buccaneers-2017,MIA-2017-0273,,,Miami Dolphins Win,Isaiah Ford,miami-dolphins,miami-dolphins,"2017 7th round pick (237th overall, Isaiah Ford) and 2018 7th round pick (223rd overall subsequently traded, Jullian Taylor)",Isaiah Ford),assetsReceived.miami-dolphins.0,assetsReceived.miami-dolphins.2
B_SUBSEQUENTLY_TRADED_MANUAL,src/data/nfl/trades.backup-before-bottom-batch-011-auto-copy-v1-2026-07-05T06-40-36-229Z.json,4646,2018-4th-round-pick-102nd-overall-jalyn-holmes-tampa-bay-buccaneers-2018,MIN-2018-0260,,,Tampa Bay Buccaneers Win,Jalyn Holmes,minnesota-vikings,minnesota-vikings,"2018 4th round pick (102nd overall, Jalyn Holmes) and 2018 6th round pick (180th overall subsequently traded, Folorunso Fatukasi)",Jalyn Holmes),assetsReceived.minnesota-vikings.0,assetsReceived.minnesota-vikings.2
B_SUBSEQUENTLY_TRADED_MANUAL,src/data/nfl/trades.backup-before-bottom-batch-011-auto-copy-v1-2026-07-05T06-40-36-229Z.json,4825,2020-1st-round-pick-14th-overall-javon-kinlaw-tampa-bay-buccaneers-2020,SF-2020-0401,,,Tampa Bay Buccaneers Win,Javon Kinlaw,san-francisco-49ers,san-francisco-49ers,"2020 1st round pick (14th overall, Javon Kinlaw) and 2020 4th round pick (117th overall subsequently traded, D.J. Wonnum)",Javon Kinlaw),assetsReceived.san-francisco-49ers.0,assetsReceived.san-francisco-49ers.2
B_SUBSEQUENTLY_TRADED_MANUAL,src/data/nfl/trades.backup-before-bottom-batch-011-auto-copy-v1-2026-07-05T06-40-36-229Z.json,4992,2022-1st-round-pick-27th-overall-tampa-bay-buccaneers-2022,JAX-2022-0089,,,Tampa Bay Buccaneers Win,Logan Hall,tampa-bay-buccaneers,tampa-bay-buccaneers,"2022 2nd round pick (33rd overall, Logan Hall), 2022 4th round pick (106th overall, Cade Otton), 2022 6th round pick (180th overall subsequently traded, Matt Araiza)",Logan Hall),assetsReceived.tampa-bay-buccaneers.0,assetsReceived.tampa-bay-buccaneers.2
B_SUBSEQUENTLY_TRADED_MANUAL,src/data/nfl/trades.backup-before-bottom-batch-011-auto-copy-v1-2026-07-05T06-40-36-229Z.json,5016,2023-4th-round-pick-121st-overall-tampa-bay-buccaneers-2022,JAX-2022-0091,,,Jacksonville Jaguars Win,Zyon McCollum,tampa-bay-buccaneers,tampa-bay-buccaneers,"2022 5th round pick (157th overall, Zyon McCollum), 2022 7th round pick (235th overall subsequently traded, Daniel Hardy)",Zyon McCollum),assetsReceived.tampa-bay-buccaneers.0,assetsReceived.tampa-bay-buccaneers.2
B_SUBSEQUENTLY_TRADED_MANUAL,src/data/nfl/trades.backup-before-bottom-batch-011-final-12-v1-2026-07-05T06-45-29-302Z.json,3366,1995-1st-round-pick-12th-overall-philadelphia-eagles-1995,TB-1995-0155,,,Tampa Bay Buccaneers Win,Warren Sapp,tampa-bay-buccaneers,tampa-bay-buccaneers,"1995 1st round pick (12th overall, Warren Sapp), 1995 2nd round pick (43rd overall, Melvin Johnson) and 1995 2nd round pick (63rd overall subsequently traded, Shane Hannah)",Warren Sapp),assetsReceived.tampa-bay-buccaneers.3,assetsReceived.tampa-bay-buccaneers.1
B_SUBSEQUENTLY_TRADED_MANUAL,src/data/nfl/trades.backup-before-bottom-batch-011-final-12-v1-2026-07-05T06-45-29-302Z.json,3485,1998-1st-round-pick-23rd-overall-tampa-bay-buccaneers-1998,RAI-1998-0294,,,Oakland/Los Angeles/Las Vegas Raiders Win,Jacquez Green,tampa-bay-buccaneers,tampa-bay-buccaneers,"1998 2nd round pick (34th overall, Jacquez Green) and 1998 2nd round pick (59th overall subsequently traded, Mikhael Ricks)",Jacquez Green),assetsReceived.tampa-bay-buccaneers.0,assetsReceived.tampa-bay-buccaneers.2
B_SUBSEQUENTLY_TRADED_MANUAL,src/data/nfl/trades.backup-before-bottom-batch-011-final-12-v1-2026-07-05T06-45-29-302Z.json,3636,2001-1st-round-pick-21st-overall-nate-clements-and-2001-2nd-round-pick-51st-over,BUF-2001-0252,,,Buffalo Bills Win,Nate Clements,buffalo-bills,buffalo-bills,"2001 1st round pick (21st overall, Nate Clements) and 2001 2nd round pick (51st overall subsequently traded, Paul Toviessi)",Nate Clements),assetsReceived.buffalo-bills.0,assetsReceived.buffalo-bills.2
B_SUBSEQUENTLY_TRADED_MANUAL,src/data/nfl/trades.backup-before-bottom-batch-011-final-12-v1-2026-07-05T06-45-29-302Z.json,3830,keenan-mccardell-tampa-bay-buccaneers-2004,LAC-2004-0340,,,Los Angeles/San Diego Chargers Win,Chris Colmer,tampa-bay-buccaneers,tampa-bay-buccaneers,"2005 3rd round pick (91st overall, Chris Colmer) and 2005 6th round pick (203rd overall subsequently traded, Andrew Hoffman)",Chris Colmer),assetsReceived.tampa-bay-buccaneers.0,assetsReceived.tampa-bay-buccaneers.2
B_SUBSEQUENTLY_TRADED_MANUAL,src/data/nfl/trades.backup-before-bottom-batch-011-final-12-v1-2026-07-05T06-45-29-302Z.json,4026,2008-2nd-round-pick-52nd-overall-tampa-bay-buccaneers-2008,JAX-2008-0039,,,Tampa Bay Buccaneers Win,Dexter Jackson,tampa-bay-buccaneers,tampa-bay-buccaneers,"2008 2nd round pick (58th overall, Dexter Jackson), 2008 5th round pick (158th overall subsequently traded, Kellen Davis), 2009 7th round pick (217th overall, E.J. Biggers)",Dexter Jackson),assetsReceived.tampa-bay-buccaneers.0,assetsReceived.tampa-bay-buccaneers.2
B_SUBSEQUENTLY_TRADED_MANUAL,src/data/nfl/trades.backup-before-bottom-batch-011-final-12-v1-2026-07-05T06-45-29-302Z.json,4249,2011-4th-round-pick-104th-overall-philadelphia-eagles-2011,TB-2011-0215,,,Even Trade,Casey Matthews,philadelphia-eagles,philadelphia-eagles,"2011 4th round pick (116th overall, Casey Matthews) and 2012 4th round pick (99th overall subsequently traded, Ben Jones)",Casey Matthews),assetsReceived.philadelphia-eagles.3,assetsReceived.philadelphia-eagles.1
B_SUBSEQUENTLY_TRADED_MANUAL,src/data/nfl/trades.backup-before-bottom-batch-011-final-12-v1-2026-07-05T06-45-29-302Z.json,4284,2012-2nd-round-pick-36th-overall-derek-wolfe-and-2012-4th-round-pick-101st-overall-omar-bo,DEN-2012-04-26-0326,,,Tampa Bay Buccaneers Win,Doug Martin,tampa-bay-buccaneers,tampa-bay-buccaneers,"2012 1st round pick (31st overall, Doug Martin) and 2012 4th round pick (126th overall subsequently traded, Jared Crick)",Doug Martin),assetsReceived.tampa-bay-buccaneers.0,assetsReceived.tampa-bay-buccaneers.2
B_SUBSEQUENTLY_TRADED_MANUAL,src/data/nfl/trades.backup-before-bottom-batch-011-final-12-v1-2026-07-05T06-45-29-302Z.json,4285,2012-1st-round-pick-5th-overall-tampa-bay-buccaneers-2012,JAX-2012-0054,,,Tampa Bay Buccaneers Win,Mark Barron,tampa-bay-buccaneers,tampa-bay-buccaneers,"2012 1st round pick (7th overall, Mark Barron), 2012 4th round pick (101st overall subsequently traded, Omar Bolden)",Mark Barron),assetsReceived.tampa-bay-buccaneers.0,assetsReceived.tampa-bay-buccaneers.2
B_SUBSEQUENTLY_TRADED_MANUAL,src/data/nfl/trades.backup-before-bottom-batch-011-final-12-v1-2026-07-05T06-45-29-302Z.json,4406,2014-7th-round-pick-221st-overall-randell-johnson-and-2015-5th-round-pick-137th,BUF-2014-0285,,,Buffalo Bills Win,Randell Johnson,buffalo-bills,buffalo-bills,"2014 7th round pick (221st overall, Randell Johnson) and 2015 5th round pick (137th overall subsequently traded, Grady Jarrett)",Randell Johnson),assetsReceived.buffalo-bills.0,assetsReceived.buffalo-bills.2
B_SUBSEQUENTLY_TRADED_MANUAL,src/data/nfl/trades.backup-before-bottom-batch-011-final-12-v1-2026-07-05T06-45-29-302Z.json,4444,2015-2nd-round-pick-61st-overall-indianapolis-colts-2015,TB-2015-0233,,,Tampa Bay Buccaneers Win,Ali Marpet,tampa-bay-buccaneers,tampa-bay-buccaneers,"2015 2nd round pick (61st overall, Ali Marpet) and 2015 4th round pick (128th overall subsequently traded, Jon Feliciano)",Ali Marpet),assetsReceived.tampa-bay-buccaneers.3,assetsReceived.tampa-bay-buccaneers.1
B_SUBSEQUENTLY_TRADED_MANUAL,src/data/nfl/trades.backup-before-bottom-batch-011-final-12-v1-2026-07-05T06-45-29-302Z.json,4486,2016-1st-round-pick-11th-overall-chicago-bears-2016,TB-2016-0235,,,Chicago Bears Win,Vernon Hargreaves,tampa-bay-buccaneers,tampa-bay-buccaneers,"2016 1st round pick (11th overall, Vernon Hargreaves) and 2016 4th round pick (106th overall subsequently traded, Eric Murray)",Vernon Hargreaves),assetsReceived.tampa-bay-buccaneers.3,assetsReceived.tampa-bay-buccaneers.1
B_SUBSEQUENTLY_TRADED_MANUAL,src/data/nfl/trades.backup-before-bottom-batch-011-final-12-v1-2026-07-05T06-45-29-302Z.json,4560,2017-7th-round-pick-237th-overall-buccaneers-2017,MIA-2017-0273,,,Miami Dolphins Win,Isaiah Ford,miami-dolphins,miami-dolphins,"2017 7th round pick (237th overall, Isaiah Ford) and 2018 7th round pick (223rd overall subsequently traded, Jullian Taylor)",Isaiah Ford),assetsReceived.miami-dolphins.0,assetsReceived.miami-dolphins.2
B_SUBSEQUENTLY_TRADED_MANUAL,src/data/nfl/trades.backup-before-bottom-batch-011-final-12-v1-2026-07-05T06-45-29-302Z.json,4646,2018-4th-round-pick-102nd-overall-jalyn-holmes-tampa-bay-buccaneers-2018,MIN-2018-0260,,,Tampa Bay Buccaneers Win,Jalyn Holmes,minnesota-vikings,minnesota-vikings,"2018 4th round pick (102nd overall, Jalyn Holmes) and 2018 6th round pick (180th overall subsequently traded, Folorunso Fatukasi)",Jalyn Holmes),assetsReceived.minnesota-vikings.0,assetsReceived.minnesota-vikings.2
B_SUBSEQUENTLY_TRADED_MANUAL,src/data/nfl/trades.backup-before-bottom-batch-011-final-12-v1-2026-07-05T06-45-29-302Z.json,4825,2020-1st-round-pick-14th-overall-javon-kinlaw-tampa-bay-buccaneers-2020,SF-2020-0401,,,Tampa Bay Buccaneers Win,Javon Kinlaw,san-francisco-49ers,san-francisco-49ers,"2020 1st round pick (14th overall, Javon Kinlaw) and 2020 4th round pick (117th overall subsequently traded, D.J. Wonnum)",Javon Kinlaw),assetsReceived.san-francisco-49ers.0,assetsReceived.san-francisco-49ers.2
B_SUBSEQUENTLY_TRADED_MANUAL,src/data/nfl/trades.backup-before-bottom-batch-011-final-12-v1-2026-07-05T06-45-29-302Z.json,4992,2022-1st-round-pick-27th-overall-tampa-bay-buccaneers-2022,JAX-2022-0089,,,Tampa Bay Buccaneers Win,Logan Hall,tampa-bay-buccaneers,tampa-bay-buccaneers,"2022 2nd round pick (33rd overall, Logan Hall), 2022 4th round pick (106th overall, Cade Otton), 2022 6th round pick (180th overall subsequently traded, Matt Araiza)",Logan Hall),assetsReceived.tampa-bay-buccaneers.0,assetsReceived.tampa-bay-buccaneers.2
B_SUBSEQUENTLY_TRADED_MANUAL,src/data/nfl/trades.backup-before-bottom-batch-011-final-12-v1-2026-07-05T06-45-29-302Z.json,5016,2023-4th-round-pick-121st-overall-tampa-bay-buccaneers-2022,JAX-2022-0091,,,Jacksonville Jaguars Win,Zyon McCollum,tampa-bay-buccaneers,tampa-bay-buccaneers,"2022 5th round pick (157th overall, Zyon McCollum), 2022 7th round pick (235th overall subsequently traded, Daniel Hardy)",Zyon McCollum),assetsReceived.tampa-bay-buccaneers.0,assetsReceived.tampa-bay-buccaneers.2
B_SUBSEQUENTLY_TRADED_MANUAL,src/data/nfl/trades.backup-before-bottom-batch-012-auto-copy-v1-2026-07-05T06-48-18-139Z.json,3366,1995-1st-round-pick-12th-overall-philadelphia-eagles-1995,TB-1995-0155,,,Tampa Bay Buccaneers Win,Warren Sapp,tampa-bay-buccaneers,tampa-bay-buccaneers,"1995 1st round pick (12th overall, Warren Sapp), 1995 2nd round pick (43rd overall, Melvin Johnson) and 1995 2nd round pick (63rd overall subsequently traded, Shane Hannah)",Warren Sapp),assetsReceived.tampa-bay-buccaneers.3,assetsReceived.tampa-bay-buccaneers.1
B_SUBSEQUENTLY_TRADED_MANUAL,src/data/nfl/trades.backup-before-bottom-batch-012-auto-copy-v1-2026-07-05T06-48-18-139Z.json,3485,1998-1st-round-pick-23rd-overall-tampa-bay-buccaneers-1998,RAI-1998-0294,,,Oakland/Los Angeles/Las Vegas Raiders Win,Jacquez Green,tampa-bay-buccaneers,tampa-bay-buccaneers,"1998 2nd round pick (34th overall, Jacquez Green) and 1998 2nd round pick (59th overall subsequently traded, Mikhael Ricks)",Jacquez Green),assetsReceived.tampa-bay-buccaneers.0,assetsReceived.tampa-bay-buccaneers.2
B_SUBSEQUENTLY_TRADED_MANUAL,src/data/nfl/trades.backup-before-bottom-batch-012-auto-copy-v1-2026-07-05T06-48-18-139Z.json,3636,2001-1st-round-pick-21st-overall-nate-clements-and-2001-2nd-round-pick-51st-over,BUF-2001-0252,,,Buffalo Bills Win,Nate Clements,buffalo-bills,buffalo-bills,"2001 1st round pick (21st overall, Nate Clements) and 2001 2nd round pick (51st overall subsequently traded, Paul Toviessi)",Nate Clements),assetsReceived.buffalo-bills.0,assetsReceived.buffalo-bills.2
B_SUBSEQUENTLY_TRADED_MANUAL,src/data/nfl/trades.backup-before-bottom-batch-012-auto-copy-v1-2026-07-05T06-48-18-139Z.json,3830,keenan-mccardell-tampa-bay-buccaneers-2004,LAC-2004-0340,,,Los Angeles/San Diego Chargers Win,Chris Colmer,tampa-bay-buccaneers,tampa-bay-buccaneers,"2005 3rd round pick (91st overall, Chris Colmer) and 2005 6th round pick (203rd overall subsequently traded, Andrew Hoffman)",Chris Colmer),assetsReceived.tampa-bay-buccaneers.0,assetsReceived.tampa-bay-buccaneers.2
B_SUBSEQUENTLY_TRADED_MANUAL,src/data/nfl/trades.backup-before-bottom-batch-012-auto-copy-v1-2026-07-05T06-48-18-139Z.json,4026,2008-2nd-round-pick-52nd-overall-tampa-bay-buccaneers-2008,JAX-2008-0039,,,Tampa Bay Buccaneers Win,Dexter Jackson,tampa-bay-buccaneers,tampa-bay-buccaneers,"2008 2nd round pick (58th overall, Dexter Jackson), 2008 5th round pick (158th overall subsequently traded, Kellen Davis), 2009 7th round pick (217th overall, E.J. Biggers)",Dexter Jackson),assetsReceived.tampa-bay-buccaneers.0,assetsReceived.tampa-bay-buccaneers.2
B_SUBSEQUENTLY_TRADED_MANUAL,src/data/nfl/trades.backup-before-bottom-batch-012-auto-copy-v1-2026-07-05T06-48-18-139Z.json,4249,2011-4th-round-pick-104th-overall-philadelphia-eagles-2011,TB-2011-0215,,,Even Trade,Casey Matthews,philadelphia-eagles,philadelphia-eagles,"2011 4th round pick (116th overall, Casey Matthews) and 2012 4th round pick (99th overall subsequently traded, Ben Jones)",Casey Matthews),assetsReceived.philadelphia-eagles.3,assetsReceived.philadelphia-eagles.1
B_SUBSEQUENTLY_TRADED_MANUAL,src/data/nfl/trades.backup-before-bottom-batch-012-auto-copy-v1-2026-07-05T06-48-18-139Z.json,4284,2012-2nd-round-pick-36th-overall-derek-wolfe-and-2012-4th-round-pick-101st-overall-omar-bo,DEN-2012-04-26-0326,,,Tampa Bay Buccaneers Win,Doug Martin,tampa-bay-buccaneers,tampa-bay-buccaneers,"2012 1st round pick (31st overall, Doug Martin) and 2012 4th round pick (126th overall subsequently traded, Jared Crick)",Doug Martin),assetsReceived.tampa-bay-buccaneers.0,assetsReceived.tampa-bay-buccaneers.2
B_SUBSEQUENTLY_TRADED_MANUAL,src/data/nfl/trades.backup-before-bottom-batch-012-auto-copy-v1-2026-07-05T06-48-18-139Z.json,4285,2012-1st-round-pick-5th-overall-tampa-bay-buccaneers-2012,JAX-2012-0054,,,Tampa Bay Buccaneers Win,Mark Barron,tampa-bay-buccaneers,tampa-bay-buccaneers,"2012 1st round pick (7th overall, Mark Barron), 2012 4th round pick (101st overall subsequently traded, Omar Bolden)",Mark Barron),assetsReceived.tampa-bay-buccaneers.0,assetsReceived.tampa-bay-buccaneers.2
B_SUBSEQUENTLY_TRADED_MANUAL,src/data/nfl/trades.backup-before-bottom-batch-012-auto-copy-v1-2026-07-05T06-48-18-139Z.json,4406,2014-7th-round-pick-221st-overall-randell-johnson-and-2015-5th-round-pick-137th,BUF-2014-0285,,,Buffalo Bills Win,Randell Johnson,buffalo-bills,buffalo-bills,"2014 7th round pick (221st overall, Randell Johnson) and 2015 5th round pick (137th overall subsequently traded, Grady Jarrett)",Randell Johnson),assetsReceived.buffalo-bills.0,assetsReceived.buffalo-bills.2
B_SUBSEQUENTLY_TRADED_MANUAL,src/data/nfl/trades.backup-before-bottom-batch-012-auto-copy-v1-2026-07-05T06-48-18-139Z.json,4444,2015-2nd-round-pick-61st-overall-indianapolis-colts-2015,TB-2015-0233,,,Tampa Bay Buccaneers Win,Ali Marpet,tampa-bay-buccaneers,tampa-bay-buccaneers,"2015 2nd round pick (61st overall, Ali Marpet) and 2015 4th round pick (128th overall subsequently traded, Jon Feliciano)",Ali Marpet),assetsReceived.tampa-bay-buccaneers.3,assetsReceived.tampa-bay-buccaneers.1
B_SUBSEQUENTLY_TRADED_MANUAL,src/data/nfl/trades.backup-before-bottom-batch-012-auto-copy-v1-2026-07-05T06-48-18-139Z.json,4486,2016-1st-round-pick-11th-overall-chicago-bears-2016,TB-2016-0235,,,Chicago Bears Win,Vernon Hargreaves,tampa-bay-buccaneers,tampa-bay-buccaneers,"2016 1st round pick (11th overall, Vernon Hargreaves) and 2016 4th round pick (106th overall subsequently traded, Eric Murray)",Vernon Hargreaves),assetsReceived.tampa-bay-buccaneers.3,assetsReceived.tampa-bay-buccaneers.1
B_SUBSEQUENTLY_TRADED_MANUAL,src/data/nfl/trades.backup-before-bottom-batch-012-auto-copy-v1-2026-07-05T06-48-18-139Z.json,4560,2017-7th-round-pick-237th-overall-buccaneers-2017,MIA-2017-0273,,,Miami Dolphins Win,Isaiah Ford,miami-dolphins,miami-dolphins,"2017 7th round pick (237th overall, Isaiah Ford) and 2018 7th round pick (223rd overall subsequently traded, Jullian Taylor)",Isaiah Ford),assetsReceived.miami-dolphins.0,assetsReceived.miami-dolphins.2
B_SUBSEQUENTLY_TRADED_MANUAL,src/data/nfl/trades.backup-before-bottom-batch-012-auto-copy-v1-2026-07-05T06-48-18-139Z.json,4646,2018-4th-round-pick-102nd-overall-jalyn-holmes-tampa-bay-buccaneers-2018,MIN-2018-0260,,,Tampa Bay Buccaneers Win,Jalyn Holmes,minnesota-vikings,minnesota-vikings,"2018 4th round pick (102nd overall, Jalyn Holmes) and 2018 6th round pick (180th overall subsequently traded, Folorunso Fatukasi)",Jalyn Holmes),assetsReceived.minnesota-vikings.0,assetsReceived.minnesota-vikings.2
B_SUBSEQUENTLY_TRADED_MANUAL,src/data/nfl/trades.backup-before-bottom-batch-012-auto-copy-v1-2026-07-05T06-48-18-139Z.json,4825,2020-1st-round-pick-14th-overall-javon-kinlaw-tampa-bay-buccaneers-2020,SF-2020-0401,,,Tampa Bay Buccaneers Win,Javon Kinlaw,san-francisco-49ers,san-francisco-49ers,"2020 1st round pick (14th overall, Javon Kinlaw) and 2020 4th round pick (117th overall subsequently traded, D.J. Wonnum)",Javon Kinlaw),assetsReceived.san-francisco-49ers.0,assetsReceived.san-francisco-49ers.2
B_SUBSEQUENTLY_TRADED_MANUAL,src/data/nfl/trades.backup-before-bottom-batch-012-auto-copy-v1-2026-07-05T06-48-18-139Z.json,4992,2022-1st-round-pick-27th-overall-tampa-bay-buccaneers-2022,JAX-2022-0089,,,Tampa Bay Buccaneers Win,Logan Hall,tampa-bay-buccaneers,tampa-bay-buccaneers,"2022 2nd round pick (33rd overall, Logan Hall), 2022 4th round pick (106th overall, Cade Otton), 2022 6th round pick (180th overall subsequently traded, Matt Araiza)",Logan Hall),assetsReceived.tampa-bay-buccaneers.0,assetsReceived.tampa-bay-buccaneers.2
B_SUBSEQUENTLY_TRADED_MANUAL,src/data/nfl/trades.backup-before-bottom-batch-012-auto-copy-v1-2026-07-05T06-48-18-139Z.json,5016,2023-4th-round-pick-121st-overall-tampa-bay-buccaneers-2022,JAX-2022-0091,,,Jacksonville Jaguars Win,Zyon McCollum,tampa-bay-buccaneers,tampa-bay-buccaneers,"2022 5th round pick (157th overall, Zyon McCollum), 2022 7th round pick (235th overall subsequently traded, Daniel Hardy)",Zyon McCollum),assetsReceived.tampa-bay-buccaneers.0,assetsReceived.tampa-bay-buccaneers.2
B_SUBSEQUENTLY_TRADED_MANUAL,src/data/nfl/trades.backup-before-bottom-batch-012-final-14-v1-2026-07-05T06-54-19-075Z.json,3366,1995-1st-round-pick-12th-overall-philadelphia-eagles-1995,TB-1995-0155,,,Tampa Bay Buccaneers Win,Warren Sapp,tampa-bay-buccaneers,tampa-bay-buccaneers,"1995 1st round pick (12th overall, Warren Sapp), 1995 2nd round pick (43rd overall, Melvin Johnson) and 1995 2nd round pick (63rd overall subsequently traded, Shane Hannah)",Warren Sapp),assetsReceived.tampa-bay-buccaneers.3,assetsReceived.tampa-bay-buccaneers.1
B_SUBSEQUENTLY_TRADED_MANUAL,src/data/nfl/trades.backup-before-bottom-batch-012-final-14-v1-2026-07-05T06-54-19-075Z.json,3485,1998-1st-round-pick-23rd-overall-tampa-bay-buccaneers-1998,RAI-1998-0294,,,Oakland/Los Angeles/Las Vegas Raiders Win,Jacquez Green,tampa-bay-buccaneers,tampa-bay-buccaneers,"1998 2nd round pick (34th overall, Jacquez Green) and 1998 2nd round pick (59th overall subsequently traded, Mikhael Ricks)",Jacquez Green),assetsReceived.tampa-bay-buccaneers.0,assetsReceived.tampa-bay-buccaneers.2
B_SUBSEQUENTLY_TRADED_MANUAL,src/data/nfl/trades.backup-before-bottom-batch-012-final-14-v1-2026-07-05T06-54-19-075Z.json,3636,2001-1st-round-pick-21st-overall-nate-clements-and-2001-2nd-round-pick-51st-over,BUF-2001-0252,,,Buffalo Bills Win,Nate Clements,buffalo-bills,buffalo-bills,"2001 1st round pick (21st overall, Nate Clements) and 2001 2nd round pick (51st overall subsequently traded, Paul Toviessi)",Nate Clements),assetsReceived.buffalo-bills.0,assetsReceived.buffalo-bills.2
B_SUBSEQUENTLY_TRADED_MANUAL,src/data/nfl/trades.backup-before-bottom-batch-012-final-14-v1-2026-07-05T06-54-19-075Z.json,3830,keenan-mccardell-tampa-bay-buccaneers-2004,LAC-2004-0340,,,Los Angeles/San Diego Chargers Win,Chris Colmer,tampa-bay-buccaneers,tampa-bay-buccaneers,"2005 3rd round pick (91st overall, Chris Colmer) and 2005 6th round pick (203rd overall subsequently traded, Andrew Hoffman)",Chris Colmer),assetsReceived.tampa-bay-buccaneers.0,assetsReceived.tampa-bay-buccaneers.2
B_SUBSEQUENTLY_TRADED_MANUAL,src/data/nfl/trades.backup-before-bottom-batch-012-final-14-v1-2026-07-05T06-54-19-075Z.json,4026,2008-2nd-round-pick-52nd-overall-tampa-bay-buccaneers-2008,JAX-2008-0039,,,Tampa Bay Buccaneers Win,Dexter Jackson,tampa-bay-buccaneers,tampa-bay-buccaneers,"2008 2nd round pick (58th overall, Dexter Jackson), 2008 5th round pick (158th overall subsequently traded, Kellen Davis), 2009 7th round pick (217th overall, E.J. Biggers)",Dexter Jackson),assetsReceived.tampa-bay-buccaneers.0,assetsReceived.tampa-bay-buccaneers.2
B_SUBSEQUENTLY_TRADED_MANUAL,src/data/nfl/trades.backup-before-bottom-batch-012-final-14-v1-2026-07-05T06-54-19-075Z.json,4249,2011-4th-round-pick-104th-overall-philadelphia-eagles-2011,TB-2011-0215,,,Even Trade,Casey Matthews,philadelphia-eagles,philadelphia-eagles,"2011 4th round pick (116th overall, Casey Matthews) and 2012 4th round pick (99th overall subsequently traded, Ben Jones)",Casey Matthews),assetsReceived.philadelphia-eagles.3,assetsReceived.philadelphia-eagles.1
B_SUBSEQUENTLY_TRADED_MANUAL,src/data/nfl/trades.backup-before-bottom-batch-012-final-14-v1-2026-07-05T06-54-19-075Z.json,4285,2012-1st-round-pick-5th-overall-tampa-bay-buccaneers-2012,JAX-2012-0054,,,Tampa Bay Buccaneers Win,Mark Barron,tampa-bay-buccaneers,tampa-bay-buccaneers,"2012 1st round pick (7th overall, Mark Barron), 2012 4th round pick (101st overall subsequently traded, Omar Bolden)",Mark Barron),assetsReceived.tampa-bay-buccaneers.0,assetsReceived.tampa-bay-buccaneers.2
B_SUBSEQUENTLY_TRADED_MANUAL,src/data/nfl/trades.backup-before-bottom-batch-012-final-14-v1-2026-07-05T06-54-19-075Z.json,4406,2014-7th-round-pick-221st-overall-randell-johnson-and-2015-5th-round-pick-137th,BUF-2014-0285,,,Buffalo Bills Win,Randell Johnson,buffalo-bills,buffalo-bills,"2014 7th round pick (221st overall, Randell Johnson) and 2015 5th round pick (137th overall subsequently traded, Grady Jarrett)",Randell Johnson),assetsReceived.buffalo-bills.0,assetsReceived.buffalo-bills.2
B_SUBSEQUENTLY_TRADED_MANUAL,src/data/nfl/trades.backup-before-bottom-batch-012-final-14-v1-2026-07-05T06-54-19-075Z.json,4444,2015-2nd-round-pick-61st-overall-indianapolis-colts-2015,TB-2015-0233,,,Tampa Bay Buccaneers Win,Ali Marpet,tampa-bay-buccaneers,tampa-bay-buccaneers,"2015 2nd round pick (61st overall, Ali Marpet) and 2015 4th round pick (128th overall subsequently traded, Jon Feliciano)",Ali Marpet),assetsReceived.tampa-bay-buccaneers.3,assetsReceived.tampa-bay-buccaneers.1
B_SUBSEQUENTLY_TRADED_MANUAL,src/data/nfl/trades.backup-before-bottom-batch-012-final-14-v1-2026-07-05T06-54-19-075Z.json,4486,2016-1st-round-pick-11th-overall-chicago-bears-2016,TB-2016-0235,,,Chicago Bears Win,Vernon Hargreaves,tampa-bay-buccaneers,tampa-bay-buccaneers,"2016 1st round pick (11th overall, Vernon Hargreaves) and 2016 4th round pick (106th overall subsequently traded, Eric Murray)",Vernon Hargreaves),assetsReceived.tampa-bay-buccaneers.3,assetsReceived.tampa-bay-buccaneers.1
B_SUBSEQUENTLY_TRADED_MANUAL,src/data/nfl/trades.backup-before-bottom-batch-012-final-14-v1-2026-07-05T06-54-19-075Z.json,4560,2017-7th-round-pick-237th-overall-buccaneers-2017,MIA-2017-0273,,,Miami Dolphins Win,Isaiah Ford,miami-dolphins,miami-dolphins,"2017 7th round pick (237th overall, Isaiah Ford) and 2018 7th round pick (223rd overall subsequently traded, Jullian Taylor)",Isaiah Ford),assetsReceived.miami-dolphins.0,assetsReceived.miami-dolphins.2
B_SUBSEQUENTLY_TRADED_MANUAL,src/data/nfl/trades.backup-before-bottom-batch-012-final-14-v1-2026-07-05T06-54-19-075Z.json,4646,2018-4th-round-pick-102nd-overall-jalyn-holmes-tampa-bay-buccaneers-2018,MIN-2018-0260,,,Tampa Bay Buccaneers Win,Jalyn Holmes,minnesota-vikings,minnesota-vikings,"2018 4th round pick (102nd overall, Jalyn Holmes) and 2018 6th round pick (180th overall subsequently traded, Folorunso Fatukasi)",Jalyn Holmes),assetsReceived.minnesota-vikings.0,assetsReceived.minnesota-vikings.2
B_SUBSEQUENTLY_TRADED_MANUAL,src/data/nfl/trades.backup-before-bottom-batch-012-final-14-v1-2026-07-05T06-54-19-075Z.json,4825,2020-1st-round-pick-14th-overall-javon-kinlaw-tampa-bay-buccaneers-2020,SF-2020-0401,,,Tampa Bay Buccaneers Win,Javon Kinlaw,san-francisco-49ers,san-francisco-49ers,"2020 1st round pick (14th overall, Javon Kinlaw) and 2020 4th round pick (117th overall subsequently traded, D.J. Wonnum)",Javon Kinlaw),assetsReceived.san-francisco-49ers.0,assetsReceived.san-francisco-49ers.2
B_SUBSEQUENTLY_TRADED_MANUAL,src/data/nfl/trades.backup-before-bottom-batch-012-final-14-v1-2026-07-05T06-54-19-075Z.json,4992,2022-1st-round-pick-27th-overall-tampa-bay-buccaneers-2022,JAX-2022-0089,,,Tampa Bay Buccaneers Win,Logan Hall,tampa-bay-buccaneers,tampa-bay-buccaneers,"2022 2nd round pick (33rd overall, Logan Hall), 2022 4th round pick (106th overall, Cade Otton), 2022 6th round pick (180th overall subsequently traded, Matt Araiza)",Logan Hall),assetsReceived.tampa-bay-buccaneers.0,assetsReceived.tampa-bay-buccaneers.2
B_SUBSEQUENTLY_TRADED_MANUAL,src/data/nfl/trades.backup-before-bottom-batch-012-final-14-v1-2026-07-05T06-54-19-075Z.json,5016,2023-4th-round-pick-121st-overall-tampa-bay-buccaneers-2022,JAX-2022-0091,,,Jacksonville Jaguars Win,Zyon McCollum,tampa-bay-buccaneers,tampa-bay-buccaneers,"2022 5th round pick (157th overall, Zyon McCollum), 2022 7th round pick (235th overall subsequently traded, Daniel Hardy)",Zyon McCollum),assetsReceived.tampa-bay-buccaneers.0,assetsReceived.tampa-bay-buccaneers.2
B_SUBSEQUENTLY_TRADED_MANUAL,src/data/nfl/trades.backup-before-bottom-batch-013-auto-copy-v1-2026-07-05T06-56-50-757Z.json,3366,1995-1st-round-pick-12th-overall-philadelphia-eagles-1995,TB-1995-0155,,,Tampa Bay Buccaneers Win,Warren Sapp,tampa-bay-buccaneers,tampa-bay-buccaneers,"1995 1st round pick (12th overall, Warren Sapp), 1995 2nd round pick (43rd overall, Melvin Johnson) and 1995 2nd round pick (63rd overall subsequently traded, Shane Hannah)",Warren Sapp),assetsReceived.tampa-bay-buccaneers.3,assetsReceived.tampa-bay-buccaneers.1
B_SUBSEQUENTLY_TRADED_MANUAL,src/data/nfl/trades.backup-before-bottom-batch-013-auto-copy-v1-2026-07-05T06-56-50-757Z.json,3485,1998-1st-round-pick-23rd-overall-tampa-bay-buccaneers-1998,RAI-1998-0294,,,Oakland/Los Angeles/Las Vegas Raiders Win,Jacquez Green,tampa-bay-buccaneers,tampa-bay-buccaneers,"1998 2nd round pick (34th overall, Jacquez Green) and 1998 2nd round pick (59th overall subsequently traded, Mikhael Ricks)",Jacquez Green),assetsReceived.tampa-bay-buccaneers.0,assetsReceived.tampa-bay-buccaneers.2
B_SUBSEQUENTLY_TRADED_MANUAL,src/data/nfl/trades.backup-before-bottom-batch-013-auto-copy-v1-2026-07-05T06-56-50-757Z.json,3636,2001-1st-round-pick-21st-overall-nate-clements-and-2001-2nd-round-pick-51st-over,BUF-2001-0252,,,Buffalo Bills Win,Nate Clements,buffalo-bills,buffalo-bills,"2001 1st round pick (21st overall, Nate Clements) and 2001 2nd round pick (51st overall subsequently traded, Paul Toviessi)",Nate Clements),assetsReceived.buffalo-bills.0,assetsReceived.buffalo-bills.2
B_SUBSEQUENTLY_TRADED_MANUAL,src/data/nfl/trades.backup-before-bottom-batch-013-auto-copy-v1-2026-07-05T06-56-50-757Z.json,3830,keenan-mccardell-tampa-bay-buccaneers-2004,LAC-2004-0340,,,Los Angeles/San Diego Chargers Win,Chris Colmer,tampa-bay-buccaneers,tampa-bay-buccaneers,"2005 3rd round pick (91st overall, Chris Colmer) and 2005 6th round pick (203rd overall subsequently traded, Andrew Hoffman)",Chris Colmer),assetsReceived.tampa-bay-buccaneers.0,assetsReceived.tampa-bay-buccaneers.2
B_SUBSEQUENTLY_TRADED_MANUAL,src/data/nfl/trades.backup-before-bottom-batch-013-auto-copy-v1-2026-07-05T06-56-50-757Z.json,4026,2008-2nd-round-pick-52nd-overall-tampa-bay-buccaneers-2008,JAX-2008-0039,,,Tampa Bay Buccaneers Win,Dexter Jackson,tampa-bay-buccaneers,tampa-bay-buccaneers,"2008 2nd round pick (58th overall, Dexter Jackson), 2008 5th round pick (158th overall subsequently traded, Kellen Davis), 2009 7th round pick (217th overall, E.J. Biggers)",Dexter Jackson),assetsReceived.tampa-bay-buccaneers.0,assetsReceived.tampa-bay-buccaneers.2
B_SUBSEQUENTLY_TRADED_MANUAL,src/data/nfl/trades.backup-before-bottom-batch-013-auto-copy-v1-2026-07-05T06-56-50-757Z.json,4249,2011-4th-round-pick-104th-overall-philadelphia-eagles-2011,TB-2011-0215,,,Even Trade,Casey Matthews,philadelphia-eagles,philadelphia-eagles,"2011 4th round pick (116th overall, Casey Matthews) and 2012 4th round pick (99th overall subsequently traded, Ben Jones)",Casey Matthews),assetsReceived.philadelphia-eagles.3,assetsReceived.philadelphia-eagles.1
B_SUBSEQUENTLY_TRADED_MANUAL,src/data/nfl/trades.backup-before-bottom-batch-013-auto-copy-v1-2026-07-05T06-56-50-757Z.json,4285,2012-1st-round-pick-5th-overall-tampa-bay-buccaneers-2012,JAX-2012-0054,,,Tampa Bay Buccaneers Win,Mark Barron,tampa-bay-buccaneers,tampa-bay-buccaneers,"2012 1st round pick (7th overall, Mark Barron), 2012 4th round pick (101st overall subsequently traded, Omar Bolden)",Mark Barron),assetsReceived.tampa-bay-buccaneers.0,assetsReceived.tampa-bay-buccaneers.2
B_SUBSEQUENTLY_TRADED_MANUAL,src/data/nfl/trades.backup-before-bottom-batch-013-auto-copy-v1-2026-07-05T06-56-50-757Z.json,4406,2014-7th-round-pick-221st-overall-randell-johnson-and-2015-5th-round-pick-137th,BUF-2014-0285,,,Buffalo Bills Win,Randell Johnson,buffalo-bills,buffalo-bills,"2014 7th round pick (221st overall, Randell Johnson) and 2015 5th round pick (137th overall subsequently traded, Grady Jarrett)",Randell Johnson),assetsReceived.buffalo-bills.0,assetsReceived.buffalo-bills.2
B_SUBSEQUENTLY_TRADED_MANUAL,src/data/nfl/trades.backup-before-bottom-batch-013-auto-copy-v1-2026-07-05T06-56-50-757Z.json,4444,2015-2nd-round-pick-61st-overall-indianapolis-colts-2015,TB-2015-0233,,,Tampa Bay Buccaneers Win,Ali Marpet,tampa-bay-buccaneers,tampa-bay-buccaneers,"2015 2nd round pick (61st overall, Ali Marpet) and 2015 4th round pick (128th overall subsequently traded, Jon Feliciano)",Ali Marpet),assetsReceived.tampa-bay-buccaneers.3,assetsReceived.tampa-bay-buccaneers.1
B_SUBSEQUENTLY_TRADED_MANUAL,src/data/nfl/trades.backup-before-bottom-batch-013-auto-copy-v1-2026-07-05T06-56-50-757Z.json,4486,2016-1st-round-pick-11th-overall-chicago-bears-2016,TB-2016-0235,,,Chicago Bears Win,Vernon Hargreaves,tampa-bay-buccaneers,tampa-bay-buccaneers,"2016 1st round pick (11th overall, Vernon Hargreaves) and 2016 4th round pick (106th overall subsequently traded, Eric Murray)",Vernon Hargreaves),assetsReceived.tampa-bay-buccaneers.3,assetsReceived.tampa-bay-buccaneers.1
B_SUBSEQUENTLY_TRADED_MANUAL,src/data/nfl/trades.backup-before-bottom-batch-013-auto-copy-v1-2026-07-05T06-56-50-757Z.json,4560,2017-7th-round-pick-237th-overall-buccaneers-2017,MIA-2017-0273,,,Miami Dolphins Win,Isaiah Ford,miami-dolphins,miami-dolphins,"2017 7th round pick (237th overall, Isaiah Ford) and 2018 7th round pick (223rd overall subsequently traded, Jullian Taylor)",Isaiah Ford),assetsReceived.miami-dolphins.0,assetsReceived.miami-dolphins.2
B_SUBSEQUENTLY_TRADED_MANUAL,src/data/nfl/trades.backup-before-bottom-batch-013-auto-copy-v1-2026-07-05T06-56-50-757Z.json,4646,2018-4th-round-pick-102nd-overall-jalyn-holmes-tampa-bay-buccaneers-2018,MIN-2018-0260,,,Tampa Bay Buccaneers Win,Jalyn Holmes,minnesota-vikings,minnesota-vikings,"2018 4th round pick (102nd overall, Jalyn Holmes) and 2018 6th round pick (180th overall subsequently traded, Folorunso Fatukasi)",Jalyn Holmes),assetsReceived.minnesota-vikings.0,assetsReceived.minnesota-vikings.2
B_SUBSEQUENTLY_TRADED_MANUAL,src/data/nfl/trades.backup-before-bottom-batch-013-auto-copy-v1-2026-07-05T06-56-50-757Z.json,4825,2020-1st-round-pick-14th-overall-javon-kinlaw-tampa-bay-buccaneers-2020,SF-2020-0401,,,Tampa Bay Buccaneers Win,Javon Kinlaw,san-francisco-49ers,san-francisco-49ers,"2020 1st round pick (14th overall, Javon Kinlaw) and 2020 4th round pick (117th overall subsequently traded, D.J. Wonnum)",Javon Kinlaw),assetsReceived.san-francisco-49ers.0,assetsReceived.san-francisco-49ers.2
B_SUBSEQUENTLY_TRADED_MANUAL,src/data/nfl/trades.backup-before-bottom-batch-013-auto-copy-v1-2026-07-05T06-56-50-757Z.json,4992,2022-1st-round-pick-27th-overall-tampa-bay-buccaneers-2022,JAX-2022-0089,,,Tampa Bay Buccaneers Win,Logan Hall,tampa-bay-buccaneers,tampa-bay-buccaneers,"2022 2nd round pick (33rd overall, Logan Hall), 2022 4th round pick (106th overall, Cade Otton), 2022 6th round pick (180th overall subsequently traded, Matt Araiza)",Logan Hall),assetsReceived.tampa-bay-buccaneers.0,assetsReceived.tampa-bay-buccaneers.2
B_SUBSEQUENTLY_TRADED_MANUAL,src/data/nfl/trades.backup-before-bottom-batch-013-auto-copy-v1-2026-07-05T06-56-50-757Z.json,5016,2023-4th-round-pick-121st-overall-tampa-bay-buccaneers-2022,JAX-2022-0091,,,Jacksonville Jaguars Win,Zyon McCollum,tampa-bay-buccaneers,tampa-bay-buccaneers,"2022 5th round pick (157th overall, Zyon McCollum), 2022 7th round pick (235th overall subsequently traded, Daniel Hardy)",Zyon McCollum),assetsReceived.tampa-bay-buccaneers.0,assetsReceived.tampa-bay-buccaneers.2
B_SUBSEQUENTLY_TRADED_MANUAL,src/data/nfl/trades.backup-before-bottom-batch-013-final-20-v1-2026-07-05T07-01-22-254Z.json,3366,1995-1st-round-pick-12th-overall-philadelphia-eagles-1995,TB-1995-0155,,,Tampa Bay Buccaneers Win,Warren Sapp,tampa-bay-buccaneers,tampa-bay-buccaneers,"1995 1st round pick (12th overall, Warren Sapp), 1995 2nd round pick (43rd overall, Melvin Johnson) and 1995 2nd round pick (63rd overall subsequently traded, Shane Hannah)",Warren Sapp),assetsReceived.tampa-bay-buccaneers.3,assetsReceived.tampa-bay-buccaneers.1
B_SUBSEQUENTLY_TRADED_MANUAL,src/data/nfl/trades.backup-before-bottom-batch-013-final-20-v1-2026-07-05T07-01-22-254Z.json,3485,1998-1st-round-pick-23rd-overall-tampa-bay-buccaneers-1998,RAI-1998-0294,,,Oakland/Los Angeles/Las Vegas Raiders Win,Jacquez Green,tampa-bay-buccaneers,tampa-bay-buccaneers,"1998 2nd round pick (34th overall, Jacquez Green) and 1998 2nd round pick (59th overall subsequently traded, Mikhael Ricks)",Jacquez Green),assetsReceived.tampa-bay-buccaneers.0,assetsReceived.tampa-bay-buccaneers.2
B_SUBSEQUENTLY_TRADED_MANUAL,src/data/nfl/trades.backup-before-bottom-batch-013-final-20-v1-2026-07-05T07-01-22-254Z.json,3636,2001-1st-round-pick-21st-overall-nate-clements-and-2001-2nd-round-pick-51st-over,BUF-2001-0252,,,Buffalo Bills Win,Nate Clements,buffalo-bills,buffalo-bills,"2001 1st round pick (21st overall, Nate Clements) and 2001 2nd round pick (51st overall subsequently traded, Paul Toviessi)",Nate Clements),assetsReceived.buffalo-bills.0,assetsReceived.buffalo-bills.2
B_SUBSEQUENTLY_TRADED_MANUAL,src/data/nfl/trades.backup-before-bottom-batch-013-final-20-v1-2026-07-05T07-01-22-254Z.json,3830,keenan-mccardell-tampa-bay-buccaneers-2004,LAC-2004-0340,,,Los Angeles/San Diego Chargers Win,Chris Colmer,tampa-bay-buccaneers,tampa-bay-buccaneers,"2005 3rd round pick (91st overall, Chris Colmer) and 2005 6th round pick (203rd overall subsequently traded, Andrew Hoffman)",Chris Colmer),assetsReceived.tampa-bay-buccaneers.0,assetsReceived.tampa-bay-buccaneers.2
B_SUBSEQUENTLY_TRADED_MANUAL,src/data/nfl/trades.backup-before-bottom-batch-013-final-20-v1-2026-07-05T07-01-22-254Z.json,4026,2008-2nd-round-pick-52nd-overall-tampa-bay-buccaneers-2008,JAX-2008-0039,,,Tampa Bay Buccaneers Win,Dexter Jackson,tampa-bay-buccaneers,tampa-bay-buccaneers,"2008 2nd round pick (58th overall, Dexter Jackson), 2008 5th round pick (158th overall subsequently traded, Kellen Davis), 2009 7th round pick (217th overall, E.J. Biggers)",Dexter Jackson),assetsReceived.tampa-bay-buccaneers.0,assetsReceived.tampa-bay-buccaneers.2
B_SUBSEQUENTLY_TRADED_MANUAL,src/data/nfl/trades.backup-before-bottom-batch-013-final-20-v1-2026-07-05T07-01-22-254Z.json,4249,2011-4th-round-pick-104th-overall-philadelphia-eagles-2011,TB-2011-0215,,,Even Trade,Casey Matthews,philadelphia-eagles,philadelphia-eagles,"2011 4th round pick (116th overall, Casey Matthews) and 2012 4th round pick (99th overall subsequently traded, Ben Jones)",Casey Matthews),assetsReceived.philadelphia-eagles.3,assetsReceived.philadelphia-eagles.1
B_SUBSEQUENTLY_TRADED_MANUAL,src/data/nfl/trades.backup-before-bottom-batch-013-final-20-v1-2026-07-05T07-01-22-254Z.json,4285,2012-1st-round-pick-5th-overall-tampa-bay-buccaneers-2012,JAX-2012-0054,,,Tampa Bay Buccaneers Win,Mark Barron,tampa-bay-buccaneers,tampa-bay-buccaneers,"2012 1st round pick (7th overall, Mark Barron), 2012 4th round pick (101st overall subsequently traded, Omar Bolden)",Mark Barron),assetsReceived.tampa-bay-buccaneers.0,assetsReceived.tampa-bay-buccaneers.2
B_SUBSEQUENTLY_TRADED_MANUAL,src/data/nfl/trades.backup-before-bottom-batch-013-final-20-v1-2026-07-05T07-01-22-254Z.json,4406,2014-7th-round-pick-221st-overall-randell-johnson-and-2015-5th-round-pick-137th,BUF-2014-0285,,,Buffalo Bills Win,Randell Johnson,buffalo-bills,buffalo-bills,"2014 7th round pick (221st overall, Randell Johnson) and 2015 5th round pick (137th overall subsequently traded, Grady Jarrett)",Randell Johnson),assetsReceived.buffalo-bills.0,assetsReceived.buffalo-bills.2
B_SUBSEQUENTLY_TRADED_MANUAL,src/data/nfl/trades.backup-before-bottom-batch-013-final-20-v1-2026-07-05T07-01-22-254Z.json,4444,2015-2nd-round-pick-61st-overall-indianapolis-colts-2015,TB-2015-0233,,,Tampa Bay Buccaneers Win,Ali Marpet,tampa-bay-buccaneers,tampa-bay-buccaneers,"2015 2nd round pick (61st overall, Ali Marpet) and 2015 4th round pick (128th overall subsequently traded, Jon Feliciano)",Ali Marpet),assetsReceived.tampa-bay-buccaneers.3,assetsReceived.tampa-bay-buccaneers.1
B_SUBSEQUENTLY_TRADED_MANUAL,src/data/nfl/trades.backup-before-bottom-batch-013-final-20-v1-2026-07-05T07-01-22-254Z.json,4486,2016-1st-round-pick-11th-overall-chicago-bears-2016,TB-2016-0235,,,Chicago Bears Win,Vernon Hargreaves,tampa-bay-buccaneers,tampa-bay-buccaneers,"2016 1st round pick (11th overall, Vernon Hargreaves) and 2016 4th round pick (106th overall subsequently traded, Eric Murray)",Vernon Hargreaves),assetsReceived.tampa-bay-buccaneers.3,assetsReceived.tampa-bay-buccaneers.1
B_SUBSEQUENTLY_TRADED_MANUAL,src/data/nfl/trades.backup-before-bottom-batch-013-final-20-v1-2026-07-05T07-01-22-254Z.json,4560,2017-7th-round-pick-237th-overall-buccaneers-2017,MIA-2017-0273,,,Miami Dolphins Win,Isaiah Ford,miami-dolphins,miami-dolphins,"2017 7th round pick (237th overall, Isaiah Ford) and 2018 7th round pick (223rd overall subsequently traded, Jullian Taylor)",Isaiah Ford),assetsReceived.miami-dolphins.0,assetsReceived.miami-dolphins.2
B_SUBSEQUENTLY_TRADED_MANUAL,src/data/nfl/trades.backup-before-bottom-batch-013-final-20-v1-2026-07-05T07-01-22-254Z.json,4646,2018-4th-round-pick-102nd-overall-jalyn-holmes-tampa-bay-buccaneers-2018,MIN-2018-0260,,,Tampa Bay Buccaneers Win,Jalyn Holmes,minnesota-vikings,minnesota-vikings,"2018 4th round pick (102nd overall, Jalyn Holmes) and 2018 6th round pick (180th overall subsequently traded, Folorunso Fatukasi)",Jalyn Holmes),assetsReceived.minnesota-vikings.0,assetsReceived.minnesota-vikings.2
B_SUBSEQUENTLY_TRADED_MANUAL,src/data/nfl/trades.backup-before-bottom-batch-013-final-20-v1-2026-07-05T07-01-22-254Z.json,4825,2020-1st-round-pick-14th-overall-javon-kinlaw-tampa-bay-buccaneers-2020,SF-2020-0401,,,Tampa Bay Buccaneers Win,Javon Kinlaw,san-francisco-49ers,san-francisco-49ers,"2020 1st round pick (14th overall, Javon Kinlaw) and 2020 4th round pick (117th overall subsequently traded, D.J. Wonnum)",Javon Kinlaw),assetsReceived.san-francisco-49ers.0,assetsReceived.san-francisco-49ers.2
B_SUBSEQUENTLY_TRADED_MANUAL,src/data/nfl/trades.backup-before-bottom-batch-013-final-20-v1-2026-07-05T07-01-22-254Z.json,4992,2022-1st-round-pick-27th-overall-tampa-bay-buccaneers-2022,JAX-2022-0089,,,Tampa Bay Buccaneers Win,Logan Hall,tampa-bay-buccaneers,tampa-bay-buccaneers,"2022 2nd round pick (33rd overall, Logan Hall), 2022 4th round pick (106th overall, Cade Otton), 2022 6th round pick (180th overall subsequently traded, Matt Araiza)",Logan Hall),assetsReceived.tampa-bay-buccaneers.0,assetsReceived.tampa-bay-buccaneers.2
B_SUBSEQUENTLY_TRADED_MANUAL,src/data/nfl/trades.backup-before-bottom-batch-013-final-20-v1-2026-07-05T07-01-22-254Z.json,5016,2023-4th-round-pick-121st-overall-tampa-bay-buccaneers-2022,JAX-2022-0091,,,Jacksonville Jaguars Win,Zyon McCollum,tampa-bay-buccaneers,tampa-bay-buccaneers,"2022 5th round pick (157th overall, Zyon McCollum), 2022 7th round pick (235th overall subsequently traded, Daniel Hardy)",Zyon McCollum),assetsReceived.tampa-bay-buccaneers.0,assetsReceived.tampa-bay-buccaneers.2
B_SUBSEQUENTLY_TRADED_MANUAL,src/data/nfl/trades.backup-before-bottom-batch-013-quarantine-PHI-2010-0334-2026-07-05T07-03-18-796Z.json,3366,1995-1st-round-pick-12th-overall-philadelphia-eagles-1995,TB-1995-0155,,,Tampa Bay Buccaneers Win,Warren Sapp,tampa-bay-buccaneers,tampa-bay-buccaneers,"1995 1st round pick (12th overall, Warren Sapp), 1995 2nd round pick (43rd overall, Melvin Johnson) and 1995 2nd round pick (63rd overall subsequently traded, Shane Hannah)",Warren Sapp),assetsReceived.tampa-bay-buccaneers.3,assetsReceived.tampa-bay-buccaneers.1
B_SUBSEQUENTLY_TRADED_MANUAL,src/data/nfl/trades.backup-before-bottom-batch-013-quarantine-PHI-2010-0334-2026-07-05T07-03-18-796Z.json,3485,1998-1st-round-pick-23rd-overall-tampa-bay-buccaneers-1998,RAI-1998-0294,,,Oakland/Los Angeles/Las Vegas Raiders Win,Jacquez Green,tampa-bay-buccaneers,tampa-bay-buccaneers,"1998 2nd round pick (34th overall, Jacquez Green) and 1998 2nd round pick (59th overall subsequently traded, Mikhael Ricks)",Jacquez Green),assetsReceived.tampa-bay-buccaneers.0,assetsReceived.tampa-bay-buccaneers.2
B_SUBSEQUENTLY_TRADED_MANUAL,src/data/nfl/trades.backup-before-bottom-batch-013-quarantine-PHI-2010-0334-2026-07-05T07-03-18-796Z.json,3636,2001-1st-round-pick-21st-overall-nate-clements-and-2001-2nd-round-pick-51st-over,BUF-2001-0252,,,Buffalo Bills Win,Nate Clements,buffalo-bills,buffalo-bills,"2001 1st round pick (21st overall, Nate Clements) and 2001 2nd round pick (51st overall subsequently traded, Paul Toviessi)",Nate Clements),assetsReceived.buffalo-bills.0,assetsReceived.buffalo-bills.2
B_SUBSEQUENTLY_TRADED_MANUAL,src/data/nfl/trades.backup-before-bottom-batch-013-quarantine-PHI-2010-0334-2026-07-05T07-03-18-796Z.json,3830,keenan-mccardell-tampa-bay-buccaneers-2004,LAC-2004-0340,,,Los Angeles/San Diego Chargers Win,Chris Colmer,tampa-bay-buccaneers,tampa-bay-buccaneers,"2005 3rd round pick (91st overall, Chris Colmer) and 2005 6th round pick (203rd overall subsequently traded, Andrew Hoffman)",Chris Colmer),assetsReceived.tampa-bay-buccaneers.0,assetsReceived.tampa-bay-buccaneers.2
B_SUBSEQUENTLY_TRADED_MANUAL,src/data/nfl/trades.backup-before-bottom-batch-013-quarantine-PHI-2010-0334-2026-07-05T07-03-18-796Z.json,4026,2008-2nd-round-pick-52nd-overall-tampa-bay-buccaneers-2008,JAX-2008-0039,,,Tampa Bay Buccaneers Win,Dexter Jackson,tampa-bay-buccaneers,tampa-bay-buccaneers,"2008 2nd round pick (58th overall, Dexter Jackson), 2008 5th round pick (158th overall subsequently traded, Kellen Davis), 2009 7th round pick (217th overall, E.J. Biggers)",Dexter Jackson),assetsReceived.tampa-bay-buccaneers.0,assetsReceived.tampa-bay-buccaneers.2
B_SUBSEQUENTLY_TRADED_MANUAL,src/data/nfl/trades.backup-before-bottom-batch-013-quarantine-PHI-2010-0334-2026-07-05T07-03-18-796Z.json,4249,2011-4th-round-pick-104th-overall-philadelphia-eagles-2011,TB-2011-0215,,,Even Trade,Casey Matthews,philadelphia-eagles,philadelphia-eagles,"2011 4th round pick (116th overall, Casey Matthews) and 2012 4th round pick (99th overall subsequently traded, Ben Jones)",Casey Matthews),assetsReceived.philadelphia-eagles.3,assetsReceived.philadelphia-eagles.1
B_SUBSEQUENTLY_TRADED_MANUAL,src/data/nfl/trades.backup-before-bottom-batch-013-quarantine-PHI-2010-0334-2026-07-05T07-03-18-796Z.json,4285,2012-1st-round-pick-5th-overall-tampa-bay-buccaneers-2012,JAX-2012-0054,,,Tampa Bay Buccaneers Win,Mark Barron,tampa-bay-buccaneers,tampa-bay-buccaneers,"2012 1st round pick (7th overall, Mark Barron), 2012 4th round pick (101st overall subsequently traded, Omar Bolden)",Mark Barron),assetsReceived.tampa-bay-buccaneers.0,assetsReceived.tampa-bay-buccaneers.2
B_SUBSEQUENTLY_TRADED_MANUAL,src/data/nfl/trades.backup-before-bottom-batch-013-quarantine-PHI-2010-0334-2026-07-05T07-03-18-796Z.json,4406,2014-7th-round-pick-221st-overall-randell-johnson-and-2015-5th-round-pick-137th,BUF-2014-0285,,,Buffalo Bills Win,Randell Johnson,buffalo-bills,buffalo-bills,"2014 7th round pick (221st overall, Randell Johnson) and 2015 5th round pick (137th overall subsequently traded, Grady Jarrett)",Randell Johnson),assetsReceived.buffalo-bills.0,assetsReceived.buffalo-bills.2
B_SUBSEQUENTLY_TRADED_MANUAL,src/data/nfl/trades.backup-before-bottom-batch-013-quarantine-PHI-2010-0334-2026-07-05T07-03-18-796Z.json,4444,2015-2nd-round-pick-61st-overall-indianapolis-colts-2015,TB-2015-0233,,,Tampa Bay Buccaneers Win,Ali Marpet,tampa-bay-buccaneers,tampa-bay-buccaneers,"2015 2nd round pick (61st overall, Ali Marpet) and 2015 4th round pick (128th overall subsequently traded, Jon Feliciano)",Ali Marpet),assetsReceived.tampa-bay-buccaneers.3,assetsReceived.tampa-bay-buccaneers.1
B_SUBSEQUENTLY_TRADED_MANUAL,src/data/nfl/trades.backup-before-bottom-batch-013-quarantine-PHI-2010-0334-2026-07-05T07-03-18-796Z.json,4486,2016-1st-round-pick-11th-overall-chicago-bears-2016,TB-2016-0235,,,Chicago Bears Win,Vernon Hargreaves,tampa-bay-buccaneers,tampa-bay-buccaneers,"2016 1st round pick (11th overall, Vernon Hargreaves) and 2016 4th round pick (106th overall subsequently traded, Eric Murray)",Vernon Hargreaves),assetsReceived.tampa-bay-buccaneers.3,assetsReceived.tampa-bay-buccaneers.1
B_SUBSEQUENTLY_TRADED_MANUAL,src/data/nfl/trades.backup-before-bottom-batch-013-quarantine-PHI-2010-0334-2026-07-05T07-03-18-796Z.json,4560,2017-7th-round-pick-237th-overall-buccaneers-2017,MIA-2017-0273,,,Miami Dolphins Win,Isaiah Ford,miami-dolphins,miami-dolphins,"2017 7th round pick (237th overall, Isaiah Ford) and 2018 7th round pick (223rd overall subsequently traded, Jullian Taylor)",Isaiah Ford),assetsReceived.miami-dolphins.0,assetsReceived.miami-dolphins.2
B_SUBSEQUENTLY_TRADED_MANUAL,src/data/nfl/trades.backup-before-bottom-batch-013-quarantine-PHI-2010-0334-2026-07-05T07-03-18-796Z.json,4646,2018-4th-round-pick-102nd-overall-jalyn-holmes-tampa-bay-buccaneers-2018,MIN-2018-0260,,,Tampa Bay Buccaneers Win,Jalyn Holmes,minnesota-vikings,minnesota-vikings,"2018 4th round pick (102nd overall, Jalyn Holmes) and 2018 6th round pick (180th overall subsequently traded, Folorunso Fatukasi)",Jalyn Holmes),assetsReceived.minnesota-vikings.0,assetsReceived.minnesota-vikings.2
B_SUBSEQUENTLY_TRADED_MANUAL,src/data/nfl/trades.backup-before-bottom-batch-013-quarantine-PHI-2010-0334-2026-07-05T07-03-18-796Z.json,4825,2020-1st-round-pick-14th-overall-javon-kinlaw-tampa-bay-buccaneers-2020,SF-2020-0401,,,Tampa Bay Buccaneers Win,Javon Kinlaw,san-francisco-49ers,san-francisco-49ers,"2020 1st round pick (14th overall, Javon Kinlaw) and 2020 4th round pick (117th overall subsequently traded, D.J. Wonnum)",Javon Kinlaw),assetsReceived.san-francisco-49ers.0,assetsReceived.san-francisco-49ers.2
B_SUBSEQUENTLY_TRADED_MANUAL,src/data/nfl/trades.backup-before-bottom-batch-013-quarantine-PHI-2010-0334-2026-07-05T07-03-18-796Z.json,4992,2022-1st-round-pick-27th-overall-tampa-bay-buccaneers-2022,JAX-2022-0089,,,Tampa Bay Buccaneers Win,Logan Hall,tampa-bay-buccaneers,tampa-bay-buccaneers,"2022 2nd round pick (33rd overall, Logan Hall), 2022 4th round pick (106th overall, Cade Otton), 2022 6th round pick (180th overall subsequently traded, Matt Araiza)",Logan Hall),assetsReceived.tampa-bay-buccaneers.0,assetsReceived.tampa-bay-buccaneers.2
B_SUBSEQUENTLY_TRADED_MANUAL,src/data/nfl/trades.backup-before-bottom-batch-013-quarantine-PHI-2010-0334-2026-07-05T07-03-18-796Z.json,5016,2023-4th-round-pick-121st-overall-tampa-bay-buccaneers-2022,JAX-2022-0091,,,Jacksonville Jaguars Win,Zyon McCollum,tampa-bay-buccaneers,tampa-bay-buccaneers,"2022 5th round pick (157th overall, Zyon McCollum), 2022 7th round pick (235th overall subsequently traded, Daniel Hardy)",Zyon McCollum),assetsReceived.tampa-bay-buccaneers.0,assetsReceived.tampa-bay-buccaneers.2
B_SUBSEQUENTLY_TRADED_MANUAL,src/data/nfl/trades.backup-before-bottom-batch-013-sanity-alignment-v1-2026-07-05T07-06-06-463Z.json,3366,1995-1st-round-pick-12th-overall-philadelphia-eagles-1995,TB-1995-0155,,,Tampa Bay Buccaneers Win,Warren Sapp,tampa-bay-buccaneers,tampa-bay-buccaneers,"1995 1st round pick (12th overall, Warren Sapp), 1995 2nd round pick (43rd overall, Melvin Johnson) and 1995 2nd round pick (63rd overall subsequently traded, Shane Hannah)",Warren Sapp),assetsReceived.tampa-bay-buccaneers.3,assetsReceived.tampa-bay-buccaneers.1
B_SUBSEQUENTLY_TRADED_MANUAL,src/data/nfl/trades.backup-before-bottom-batch-013-sanity-alignment-v1-2026-07-05T07-06-06-463Z.json,3485,1998-1st-round-pick-23rd-overall-tampa-bay-buccaneers-1998,RAI-1998-0294,,,Oakland/Los Angeles/Las Vegas Raiders Win,Jacquez Green,tampa-bay-buccaneers,tampa-bay-buccaneers,"1998 2nd round pick (34th overall, Jacquez Green) and 1998 2nd round pick (59th overall subsequently traded, Mikhael Ricks)",Jacquez Green),assetsReceived.tampa-bay-buccaneers.0,assetsReceived.tampa-bay-buccaneers.2
B_SUBSEQUENTLY_TRADED_MANUAL,src/data/nfl/trades.backup-before-bottom-batch-013-sanity-alignment-v1-2026-07-05T07-06-06-463Z.json,3636,2001-1st-round-pick-21st-overall-nate-clements-and-2001-2nd-round-pick-51st-over,BUF-2001-0252,,,Buffalo Bills Win,Nate Clements,buffalo-bills,buffalo-bills,"2001 1st round pick (21st overall, Nate Clements) and 2001 2nd round pick (51st overall subsequently traded, Paul Toviessi)",Nate Clements),assetsReceived.buffalo-bills.0,assetsReceived.buffalo-bills.2
B_SUBSEQUENTLY_TRADED_MANUAL,src/data/nfl/trades.backup-before-bottom-batch-013-sanity-alignment-v1-2026-07-05T07-06-06-463Z.json,3830,keenan-mccardell-tampa-bay-buccaneers-2004,LAC-2004-0340,,,Los Angeles/San Diego Chargers Win,Chris Colmer,tampa-bay-buccaneers,tampa-bay-buccaneers,"2005 3rd round pick (91st overall, Chris Colmer) and 2005 6th round pick (203rd overall subsequently traded, Andrew Hoffman)",Chris Colmer),assetsReceived.tampa-bay-buccaneers.0,assetsReceived.tampa-bay-buccaneers.2
B_SUBSEQUENTLY_TRADED_MANUAL,src/data/nfl/trades.backup-before-bottom-batch-013-sanity-alignment-v1-2026-07-05T07-06-06-463Z.json,4026,2008-2nd-round-pick-52nd-overall-tampa-bay-buccaneers-2008,JAX-2008-0039,,,Tampa Bay Buccaneers Win,Dexter Jackson,tampa-bay-buccaneers,tampa-bay-buccaneers,"2008 2nd round pick (58th overall, Dexter Jackson), 2008 5th round pick (158th overall subsequently traded, Kellen Davis), 2009 7th round pick (217th overall, E.J. Biggers)",Dexter Jackson),assetsReceived.tampa-bay-buccaneers.0,assetsReceived.tampa-bay-buccaneers.2
B_SUBSEQUENTLY_TRADED_MANUAL,src/data/nfl/trades.backup-before-bottom-batch-013-sanity-alignment-v1-2026-07-05T07-06-06-463Z.json,4248,2011-4th-round-pick-104th-overall-philadelphia-eagles-2011,TB-2011-0215,,,Even Trade,Casey Matthews,philadelphia-eagles,philadelphia-eagles,"2011 4th round pick (116th overall, Casey Matthews) and 2012 4th round pick (99th overall subsequently traded, Ben Jones)",Casey Matthews),assetsReceived.philadelphia-eagles.3,assetsReceived.philadelphia-eagles.1
B_SUBSEQUENTLY_TRADED_MANUAL,src/data/nfl/trades.backup-before-bottom-batch-013-sanity-alignment-v1-2026-07-05T07-06-06-463Z.json,4284,2012-1st-round-pick-5th-overall-tampa-bay-buccaneers-2012,JAX-2012-0054,,,Tampa Bay Buccaneers Win,Mark Barron,tampa-bay-buccaneers,tampa-bay-buccaneers,"2012 1st round pick (7th overall, Mark Barron), 2012 4th round pick (101st overall subsequently traded, Omar Bolden)",Mark Barron),assetsReceived.tampa-bay-buccaneers.0,assetsReceived.tampa-bay-buccaneers.2
B_SUBSEQUENTLY_TRADED_MANUAL,src/data/nfl/trades.backup-before-bottom-batch-013-sanity-alignment-v1-2026-07-05T07-06-06-463Z.json,4405,2014-7th-round-pick-221st-overall-randell-johnson-and-2015-5th-round-pick-137th,BUF-2014-0285,,,Buffalo Bills Win,Randell Johnson,buffalo-bills,buffalo-bills,"2014 7th round pick (221st overall, Randell Johnson) and 2015 5th round pick (137th overall subsequently traded, Grady Jarrett)",Randell Johnson),assetsReceived.buffalo-bills.0,assetsReceived.buffalo-bills.2
B_SUBSEQUENTLY_TRADED_MANUAL,src/data/nfl/trades.backup-before-bottom-batch-013-sanity-alignment-v1-2026-07-05T07-06-06-463Z.json,4443,2015-2nd-round-pick-61st-overall-indianapolis-colts-2015,TB-2015-0233,,,Tampa Bay Buccaneers Win,Ali Marpet,tampa-bay-buccaneers,tampa-bay-buccaneers,"2015 2nd round pick (61st overall, Ali Marpet) and 2015 4th round pick (128th overall subsequently traded, Jon Feliciano)",Ali Marpet),assetsReceived.tampa-bay-buccaneers.3,assetsReceived.tampa-bay-buccaneers.1
B_SUBSEQUENTLY_TRADED_MANUAL,src/data/nfl/trades.backup-before-bottom-batch-013-sanity-alignment-v1-2026-07-05T07-06-06-463Z.json,4485,2016-1st-round-pick-11th-overall-chicago-bears-2016,TB-2016-0235,,,Chicago Bears Win,Vernon Hargreaves,tampa-bay-buccaneers,tampa-bay-buccaneers,"2016 1st round pick (11th overall, Vernon Hargreaves) and 2016 4th round pick (106th overall subsequently traded, Eric Murray)",Vernon Hargreaves),assetsReceived.tampa-bay-buccaneers.3,assetsReceived.tampa-bay-buccaneers.1
B_SUBSEQUENTLY_TRADED_MANUAL,src/data/nfl/trades.backup-before-bottom-batch-013-sanity-alignment-v1-2026-07-05T07-06-06-463Z.json,4559,2017-7th-round-pick-237th-overall-buccaneers-2017,MIA-2017-0273,,,Miami Dolphins Win,Isaiah Ford,miami-dolphins,miami-dolphins,"2017 7th round pick (237th overall, Isaiah Ford) and 2018 7th round pick (223rd overall subsequently traded, Jullian Taylor)",Isaiah Ford),assetsReceived.miami-dolphins.0,assetsReceived.miami-dolphins.2
B_SUBSEQUENTLY_TRADED_MANUAL,src/data/nfl/trades.backup-before-bottom-batch-013-sanity-alignment-v1-2026-07-05T07-06-06-463Z.json,4645,2018-4th-round-pick-102nd-overall-jalyn-holmes-tampa-bay-buccaneers-2018,MIN-2018-0260,,,Tampa Bay Buccaneers Win,Jalyn Holmes,minnesota-vikings,minnesota-vikings,"2018 4th round pick (102nd overall, Jalyn Holmes) and 2018 6th round pick (180th overall subsequently traded, Folorunso Fatukasi)",Jalyn Holmes),assetsReceived.minnesota-vikings.0,assetsReceived.minnesota-vikings.2
B_SUBSEQUENTLY_TRADED_MANUAL,src/data/nfl/trades.backup-before-bottom-batch-013-sanity-alignment-v1-2026-07-05T07-06-06-463Z.json,4824,2020-1st-round-pick-14th-overall-javon-kinlaw-tampa-bay-buccaneers-2020,SF-2020-0401,,,Tampa Bay Buccaneers Win,Javon Kinlaw,san-francisco-49ers,san-francisco-49ers,"2020 1st round pick (14th overall, Javon Kinlaw) and 2020 4th round pick (117th overall subsequently traded, D.J. Wonnum)",Javon Kinlaw),assetsReceived.san-francisco-49ers.0,assetsReceived.san-francisco-49ers.2
B_SUBSEQUENTLY_TRADED_MANUAL,src/data/nfl/trades.backup-before-bottom-batch-013-sanity-alignment-v1-2026-07-05T07-06-06-463Z.json,4991,2022-1st-round-pick-27th-overall-tampa-bay-buccaneers-2022,JAX-2022-0089,,,Tampa Bay Buccaneers Win,Logan Hall,tampa-bay-buccaneers,tampa-bay-buccaneers,"2022 2nd round pick (33rd overall, Logan Hall), 2022 4th round pick (106th overall, Cade Otton), 2022 6th round pick (180th overall subsequently traded, Matt Araiza)",Logan Hall),assetsReceived.tampa-bay-buccaneers.0,assetsReceived.tampa-bay-buccaneers.2
B_SUBSEQUENTLY_TRADED_MANUAL,src/data/nfl/trades.backup-before-bottom-batch-013-sanity-alignment-v1-2026-07-05T07-06-06-463Z.json,5015,2023-4th-round-pick-121st-overall-tampa-bay-buccaneers-2022,JAX-2022-0091,,,Jacksonville Jaguars Win,Zyon McCollum,tampa-bay-buccaneers,tampa-bay-buccaneers,"2022 5th round pick (157th overall, Zyon McCollum), 2022 7th round pick (235th overall subsequently traded, Daniel Hardy)",Zyon McCollum),assetsReceived.tampa-bay-buccaneers.0,assetsReceived.tampa-bay-buccaneers.2
B_SUBSEQUENTLY_TRADED_MANUAL,src/data/nfl/trades.backup-before-bottom-batch-014-auto-copy-v1-2026-07-05T07-24-55-529Z.json,3366,1995-1st-round-pick-12th-overall-philadelphia-eagles-1995,TB-1995-0155,,,Tampa Bay Buccaneers Win,Warren Sapp,tampa-bay-buccaneers,tampa-bay-buccaneers,"1995 1st round pick (12th overall, Warren Sapp), 1995 2nd round pick (43rd overall, Melvin Johnson) and 1995 2nd round pick (63rd overall subsequently traded, Shane Hannah)",Warren Sapp),assetsReceived.tampa-bay-buccaneers.3,assetsReceived.tampa-bay-buccaneers.1
B_SUBSEQUENTLY_TRADED_MANUAL,src/data/nfl/trades.backup-before-bottom-batch-014-auto-copy-v1-2026-07-05T07-24-55-529Z.json,3485,1998-1st-round-pick-23rd-overall-tampa-bay-buccaneers-1998,RAI-1998-0294,,,Oakland/Los Angeles/Las Vegas Raiders Win,Jacquez Green,tampa-bay-buccaneers,tampa-bay-buccaneers,"1998 2nd round pick (34th overall, Jacquez Green) and 1998 2nd round pick (59th overall subsequently traded, Mikhael Ricks)",Jacquez Green),assetsReceived.tampa-bay-buccaneers.0,assetsReceived.tampa-bay-buccaneers.2
B_SUBSEQUENTLY_TRADED_MANUAL,src/data/nfl/trades.backup-before-bottom-batch-014-auto-copy-v1-2026-07-05T07-24-55-529Z.json,3636,2001-1st-round-pick-21st-overall-nate-clements-and-2001-2nd-round-pick-51st-over,BUF-2001-0252,,,Buffalo Bills Win,Nate Clements,buffalo-bills,buffalo-bills,"2001 1st round pick (21st overall, Nate Clements) and 2001 2nd round pick (51st overall subsequently traded, Paul Toviessi)",Nate Clements),assetsReceived.buffalo-bills.0,assetsReceived.buffalo-bills.2
B_SUBSEQUENTLY_TRADED_MANUAL,src/data/nfl/trades.backup-before-bottom-batch-014-auto-copy-v1-2026-07-05T07-24-55-529Z.json,3830,keenan-mccardell-tampa-bay-buccaneers-2004,LAC-2004-0340,,,Los Angeles/San Diego Chargers Win,Chris Colmer,tampa-bay-buccaneers,tampa-bay-buccaneers,"2005 3rd round pick (91st overall, Chris Colmer) and 2005 6th round pick (203rd overall subsequently traded, Andrew Hoffman)",Chris Colmer),assetsReceived.tampa-bay-buccaneers.0,assetsReceived.tampa-bay-buccaneers.2
B_SUBSEQUENTLY_TRADED_MANUAL,src/data/nfl/trades.backup-before-bottom-batch-014-auto-copy-v1-2026-07-05T07-24-55-529Z.json,4026,2008-2nd-round-pick-52nd-overall-tampa-bay-buccaneers-2008,JAX-2008-0039,,,Tampa Bay Buccaneers Win,Dexter Jackson,tampa-bay-buccaneers,tampa-bay-buccaneers,"2008 2nd round pick (58th overall, Dexter Jackson), 2008 5th round pick (158th overall subsequently traded, Kellen Davis), 2009 7th round pick (217th overall, E.J. Biggers)",Dexter Jackson),assetsReceived.tampa-bay-buccaneers.0,assetsReceived.tampa-bay-buccaneers.2
B_SUBSEQUENTLY_TRADED_MANUAL,src/data/nfl/trades.backup-before-bottom-batch-014-auto-copy-v1-2026-07-05T07-24-55-529Z.json,4248,2011-4th-round-pick-104th-overall-philadelphia-eagles-2011,TB-2011-0215,,,Even Trade,Casey Matthews,philadelphia-eagles,philadelphia-eagles,"2011 4th round pick (116th overall, Casey Matthews) and 2012 4th round pick (99th overall subsequently traded, Ben Jones)",Casey Matthews),assetsReceived.philadelphia-eagles.3,assetsReceived.philadelphia-eagles.1
B_SUBSEQUENTLY_TRADED_MANUAL,src/data/nfl/trades.backup-before-bottom-batch-014-auto-copy-v1-2026-07-05T07-24-55-529Z.json,4284,2012-1st-round-pick-5th-overall-tampa-bay-buccaneers-2012,JAX-2012-0054,,,Tampa Bay Buccaneers Win,Mark Barron,tampa-bay-buccaneers,tampa-bay-buccaneers,"2012 1st round pick (7th overall, Mark Barron), 2012 4th round pick (101st overall subsequently traded, Omar Bolden)",Mark Barron),assetsReceived.tampa-bay-buccaneers.0,assetsReceived.tampa-bay-buccaneers.2
B_SUBSEQUENTLY_TRADED_MANUAL,src/data/nfl/trades.backup-before-bottom-batch-014-auto-copy-v1-2026-07-05T07-24-55-529Z.json,4405,2014-7th-round-pick-221st-overall-randell-johnson-and-2015-5th-round-pick-137th,BUF-2014-0285,,,Buffalo Bills Win,Randell Johnson,buffalo-bills,buffalo-bills,"2014 7th round pick (221st overall, Randell Johnson) and 2015 5th round pick (137th overall subsequently traded, Grady Jarrett)",Randell Johnson),assetsReceived.buffalo-bills.0,assetsReceived.buffalo-bills.2
B_SUBSEQUENTLY_TRADED_MANUAL,src/data/nfl/trades.backup-before-bottom-batch-014-auto-copy-v1-2026-07-05T07-24-55-529Z.json,4443,2015-2nd-round-pick-61st-overall-indianapolis-colts-2015,TB-2015-0233,,,Tampa Bay Buccaneers Win,Ali Marpet,tampa-bay-buccaneers,tampa-bay-buccaneers,"2015 2nd round pick (61st overall, Ali Marpet) and 2015 4th round pick (128th overall subsequently traded, Jon Feliciano)",Ali Marpet),assetsReceived.tampa-bay-buccaneers.3,assetsReceived.tampa-bay-buccaneers.1
B_SUBSEQUENTLY_TRADED_MANUAL,src/data/nfl/trades.backup-before-bottom-batch-014-auto-copy-v1-2026-07-05T07-24-55-529Z.json,4485,2016-1st-round-pick-11th-overall-chicago-bears-2016,TB-2016-0235,,,Chicago Bears Win,Vernon Hargreaves,tampa-bay-buccaneers,tampa-bay-buccaneers,"2016 1st round pick (11th overall, Vernon Hargreaves) and 2016 4th round pick (106th overall subsequently traded, Eric Murray)",Vernon Hargreaves),assetsReceived.tampa-bay-buccaneers.3,assetsReceived.tampa-bay-buccaneers.1
B_SUBSEQUENTLY_TRADED_MANUAL,src/data/nfl/trades.backup-before-bottom-batch-014-auto-copy-v1-2026-07-05T07-24-55-529Z.json,4559,2017-7th-round-pick-237th-overall-buccaneers-2017,MIA-2017-0273,,,Miami Dolphins Win,Isaiah Ford,miami-dolphins,miami-dolphins,"2017 7th round pick (237th overall, Isaiah Ford) and 2018 7th round pick (223rd overall subsequently traded, Jullian Taylor)",Isaiah Ford),assetsReceived.miami-dolphins.0,assetsReceived.miami-dolphins.2
B_SUBSEQUENTLY_TRADED_MANUAL,src/data/nfl/trades.backup-before-bottom-batch-014-auto-copy-v1-2026-07-05T07-24-55-529Z.json,4645,2018-4th-round-pick-102nd-overall-jalyn-holmes-tampa-bay-buccaneers-2018,MIN-2018-0260,,,Tampa Bay Buccaneers Win,Jalyn Holmes,minnesota-vikings,minnesota-vikings,"2018 4th round pick (102nd overall, Jalyn Holmes) and 2018 6th round pick (180th overall subsequently traded, Folorunso Fatukasi)",Jalyn Holmes),assetsReceived.minnesota-vikings.0,assetsReceived.minnesota-vikings.2
B_SUBSEQUENTLY_TRADED_MANUAL,src/data/nfl/trades.backup-before-bottom-batch-014-auto-copy-v1-2026-07-05T07-24-55-529Z.json,4824,2020-1st-round-pick-14th-overall-javon-kinlaw-tampa-bay-buccaneers-2020,SF-2020-0401,,,Tampa Bay Buccaneers Win,Javon Kinlaw,san-francisco-49ers,san-francisco-49ers,"2020 1st round pick (14th overall, Javon Kinlaw) and 2020 4th round pick (117th overall subsequently traded, D.J. Wonnum)",Javon Kinlaw),assetsReceived.san-francisco-49ers.0,assetsReceived.san-francisco-49ers.2
B_SUBSEQUENTLY_TRADED_MANUAL,src/data/nfl/trades.backup-before-bottom-batch-014-auto-copy-v1-2026-07-05T07-24-55-529Z.json,4991,2022-1st-round-pick-27th-overall-tampa-bay-buccaneers-2022,JAX-2022-0089,,,Tampa Bay Buccaneers Win,Logan Hall,tampa-bay-buccaneers,tampa-bay-buccaneers,"2022 2nd round pick (33rd overall, Logan Hall), 2022 4th round pick (106th overall, Cade Otton), 2022 6th round pick (180th overall subsequently traded, Matt Araiza)",Logan Hall),assetsReceived.tampa-bay-buccaneers.0,assetsReceived.tampa-bay-buccaneers.2
B_SUBSEQUENTLY_TRADED_MANUAL,src/data/nfl/trades.backup-before-bottom-batch-014-auto-copy-v1-2026-07-05T07-24-55-529Z.json,5015,2023-4th-round-pick-121st-overall-tampa-bay-buccaneers-2022,JAX-2022-0091,,,Jacksonville Jaguars Win,Zyon McCollum,tampa-bay-buccaneers,tampa-bay-buccaneers,"2022 5th round pick (157th overall, Zyon McCollum), 2022 7th round pick (235th overall subsequently traded, Daniel Hardy)",Zyon McCollum),assetsReceived.tampa-bay-buccaneers.0,assetsReceived.tampa-bay-buccaneers.2
B_SUBSEQUENTLY_TRADED_MANUAL,src/data/nfl/trades.backup-before-bottom-batch-014-final-15-v1-2026-07-05T07-30-26-617Z.json,3366,1995-1st-round-pick-12th-overall-philadelphia-eagles-1995,TB-1995-0155,,,Tampa Bay Buccaneers Win,Warren Sapp,tampa-bay-buccaneers,tampa-bay-buccaneers,"1995 1st round pick (12th overall, Warren Sapp), 1995 2nd round pick (43rd overall, Melvin Johnson) and 1995 2nd round pick (63rd overall subsequently traded, Shane Hannah)",Warren Sapp),assetsReceived.tampa-bay-buccaneers.3,assetsReceived.tampa-bay-buccaneers.1
B_SUBSEQUENTLY_TRADED_MANUAL,src/data/nfl/trades.backup-before-bottom-batch-014-final-15-v1-2026-07-05T07-30-26-617Z.json,3485,1998-1st-round-pick-23rd-overall-tampa-bay-buccaneers-1998,RAI-1998-0294,,,Oakland/Los Angeles/Las Vegas Raiders Win,Jacquez Green,tampa-bay-buccaneers,tampa-bay-buccaneers,"1998 2nd round pick (34th overall, Jacquez Green) and 1998 2nd round pick (59th overall subsequently traded, Mikhael Ricks)",Jacquez Green),assetsReceived.tampa-bay-buccaneers.0,assetsReceived.tampa-bay-buccaneers.2
B_SUBSEQUENTLY_TRADED_MANUAL,src/data/nfl/trades.backup-before-bottom-batch-014-final-15-v1-2026-07-05T07-30-26-617Z.json,3636,2001-1st-round-pick-21st-overall-nate-clements-and-2001-2nd-round-pick-51st-over,BUF-2001-0252,,,Buffalo Bills Win,Nate Clements,buffalo-bills,buffalo-bills,"2001 1st round pick (21st overall, Nate Clements) and 2001 2nd round pick (51st overall subsequently traded, Paul Toviessi)",Nate Clements),assetsReceived.buffalo-bills.0,assetsReceived.buffalo-bills.2
B_SUBSEQUENTLY_TRADED_MANUAL,src/data/nfl/trades.backup-before-bottom-batch-014-final-15-v1-2026-07-05T07-30-26-617Z.json,3830,keenan-mccardell-tampa-bay-buccaneers-2004,LAC-2004-0340,,,Los Angeles/San Diego Chargers Win,Chris Colmer,tampa-bay-buccaneers,tampa-bay-buccaneers,"2005 3rd round pick (91st overall, Chris Colmer) and 2005 6th round pick (203rd overall subsequently traded, Andrew Hoffman)",Chris Colmer),assetsReceived.tampa-bay-buccaneers.0,assetsReceived.tampa-bay-buccaneers.2
B_SUBSEQUENTLY_TRADED_MANUAL,src/data/nfl/trades.backup-before-bottom-batch-014-final-15-v1-2026-07-05T07-30-26-617Z.json,4026,2008-2nd-round-pick-52nd-overall-tampa-bay-buccaneers-2008,JAX-2008-0039,,,Tampa Bay Buccaneers Win,Dexter Jackson,tampa-bay-buccaneers,tampa-bay-buccaneers,"2008 2nd round pick (58th overall, Dexter Jackson), 2008 5th round pick (158th overall subsequently traded, Kellen Davis), 2009 7th round pick (217th overall, E.J. Biggers)",Dexter Jackson),assetsReceived.tampa-bay-buccaneers.0,assetsReceived.tampa-bay-buccaneers.2
B_SUBSEQUENTLY_TRADED_MANUAL,src/data/nfl/trades.backup-before-bottom-batch-014-final-15-v1-2026-07-05T07-30-26-617Z.json,4248,2011-4th-round-pick-104th-overall-philadelphia-eagles-2011,TB-2011-0215,,,Even Trade,Casey Matthews,philadelphia-eagles,philadelphia-eagles,"2011 4th round pick (116th overall, Casey Matthews) and 2012 4th round pick (99th overall subsequently traded, Ben Jones)",Casey Matthews),assetsReceived.philadelphia-eagles.3,assetsReceived.philadelphia-eagles.1
B_SUBSEQUENTLY_TRADED_MANUAL,src/data/nfl/trades.backup-before-bottom-batch-014-final-15-v1-2026-07-05T07-30-26-617Z.json,4284,2012-1st-round-pick-5th-overall-tampa-bay-buccaneers-2012,JAX-2012-0054,,,Tampa Bay Buccaneers Win,Mark Barron,tampa-bay-buccaneers,tampa-bay-buccaneers,"2012 1st round pick (7th overall, Mark Barron), 2012 4th round pick (101st overall subsequently traded, Omar Bolden)",Mark Barron),assetsReceived.tampa-bay-buccaneers.0,assetsReceived.tampa-bay-buccaneers.2
B_SUBSEQUENTLY_TRADED_MANUAL,src/data/nfl/trades.backup-before-bottom-batch-014-final-15-v1-2026-07-05T07-30-26-617Z.json,4405,2014-7th-round-pick-221st-overall-randell-johnson-and-2015-5th-round-pick-137th,BUF-2014-0285,,,Buffalo Bills Win,Randell Johnson,buffalo-bills,buffalo-bills,"2014 7th round pick (221st overall, Randell Johnson) and 2015 5th round pick (137th overall subsequently traded, Grady Jarrett)",Randell Johnson),assetsReceived.buffalo-bills.0,assetsReceived.buffalo-bills.2
B_SUBSEQUENTLY_TRADED_MANUAL,src/data/nfl/trades.backup-before-bottom-batch-014-final-15-v1-2026-07-05T07-30-26-617Z.json,4443,2015-2nd-round-pick-61st-overall-indianapolis-colts-2015,TB-2015-0233,,,Tampa Bay Buccaneers Win,Ali Marpet,tampa-bay-buccaneers,tampa-bay-buccaneers,"2015 2nd round pick (61st overall, Ali Marpet) and 2015 4th round pick (128th overall subsequently traded, Jon Feliciano)",Ali Marpet),assetsReceived.tampa-bay-buccaneers.3,assetsReceived.tampa-bay-buccaneers.1
B_SUBSEQUENTLY_TRADED_MANUAL,src/data/nfl/trades.backup-before-bottom-batch-014-final-15-v1-2026-07-05T07-30-26-617Z.json,4485,2016-1st-round-pick-11th-overall-chicago-bears-2016,TB-2016-0235,,,Chicago Bears Win,Vernon Hargreaves,tampa-bay-buccaneers,tampa-bay-buccaneers,"2016 1st round pick (11th overall, Vernon Hargreaves) and 2016 4th round pick (106th overall subsequently traded, Eric Murray)",Vernon Hargreaves),assetsReceived.tampa-bay-buccaneers.3,assetsReceived.tampa-bay-buccaneers.1
B_SUBSEQUENTLY_TRADED_MANUAL,src/data/nfl/trades.backup-before-bottom-batch-014-final-15-v1-2026-07-05T07-30-26-617Z.json,4559,2017-7th-round-pick-237th-overall-buccaneers-2017,MIA-2017-0273,,,Miami Dolphins Win,Isaiah Ford,miami-dolphins,miami-dolphins,"2017 7th round pick (237th overall, Isaiah Ford) and 2018 7th round pick (223rd overall subsequently traded, Jullian Taylor)",Isaiah Ford),assetsReceived.miami-dolphins.0,assetsReceived.miami-dolphins.2
B_SUBSEQUENTLY_TRADED_MANUAL,src/data/nfl/trades.backup-before-bottom-batch-014-final-15-v1-2026-07-05T07-30-26-617Z.json,4645,2018-4th-round-pick-102nd-overall-jalyn-holmes-tampa-bay-buccaneers-2018,MIN-2018-0260,,,Tampa Bay Buccaneers Win,Jalyn Holmes,minnesota-vikings,minnesota-vikings,"2018 4th round pick (102nd overall, Jalyn Holmes) and 2018 6th round pick (180th overall subsequently traded, Folorunso Fatukasi)",Jalyn Holmes),assetsReceived.minnesota-vikings.0,assetsReceived.minnesota-vikings.2
B_SUBSEQUENTLY_TRADED_MANUAL,src/data/nfl/trades.backup-before-bottom-batch-014-final-15-v1-2026-07-05T07-30-26-617Z.json,4824,2020-1st-round-pick-14th-overall-javon-kinlaw-tampa-bay-buccaneers-2020,SF-2020-0401,,,Tampa Bay Buccaneers Win,Javon Kinlaw,san-francisco-49ers,san-francisco-49ers,"2020 1st round pick (14th overall, Javon Kinlaw) and 2020 4th round pick (117th overall subsequently traded, D.J. Wonnum)",Javon Kinlaw),assetsReceived.san-francisco-49ers.0,assetsReceived.san-francisco-49ers.2
B_SUBSEQUENTLY_TRADED_MANUAL,src/data/nfl/trades.backup-before-bottom-batch-014-final-15-v1-2026-07-05T07-30-26-617Z.json,4991,2022-1st-round-pick-27th-overall-tampa-bay-buccaneers-2022,JAX-2022-0089,,,Tampa Bay Buccaneers Win,Logan Hall,tampa-bay-buccaneers,tampa-bay-buccaneers,"2022 2nd round pick (33rd overall, Logan Hall), 2022 4th round pick (106th overall, Cade Otton), 2022 6th round pick (180th overall subsequently traded, Matt Araiza)",Logan Hall),assetsReceived.tampa-bay-buccaneers.0,assetsReceived.tampa-bay-buccaneers.2
B_SUBSEQUENTLY_TRADED_MANUAL,src/data/nfl/trades.backup-before-bottom-batch-014-final-15-v1-2026-07-05T07-30-26-617Z.json,5015,2023-4th-round-pick-121st-overall-tampa-bay-buccaneers-2022,JAX-2022-0091,,,Jacksonville Jaguars Win,Zyon McCollum,tampa-bay-buccaneers,tampa-bay-buccaneers,"2022 5th round pick (157th overall, Zyon McCollum), 2022 7th round pick (235th overall subsequently traded, Daniel Hardy)",Zyon McCollum),assetsReceived.tampa-bay-buccaneers.0,assetsReceived.tampa-bay-buccaneers.2
B_SUBSEQUENTLY_TRADED_MANUAL,src/data/nfl/trades.backup-before-bottom-batch-015-auto-copy-v1-2026-07-05T07-34-06-031Z.json,3366,1995-1st-round-pick-12th-overall-philadelphia-eagles-1995,TB-1995-0155,,,Tampa Bay Buccaneers Win,Warren Sapp,tampa-bay-buccaneers,tampa-bay-buccaneers,"1995 1st round pick (12th overall, Warren Sapp), 1995 2nd round pick (43rd overall, Melvin Johnson) and 1995 2nd round pick (63rd overall subsequently traded, Shane Hannah)",Warren Sapp),assetsReceived.tampa-bay-buccaneers.3,assetsReceived.tampa-bay-buccaneers.1
B_SUBSEQUENTLY_TRADED_MANUAL,src/data/nfl/trades.backup-before-bottom-batch-015-auto-copy-v1-2026-07-05T07-34-06-031Z.json,3485,1998-1st-round-pick-23rd-overall-tampa-bay-buccaneers-1998,RAI-1998-0294,,,Oakland/Los Angeles/Las Vegas Raiders Win,Jacquez Green,tampa-bay-buccaneers,tampa-bay-buccaneers,"1998 2nd round pick (34th overall, Jacquez Green) and 1998 2nd round pick (59th overall subsequently traded, Mikhael Ricks)",Jacquez Green),assetsReceived.tampa-bay-buccaneers.0,assetsReceived.tampa-bay-buccaneers.2
B_SUBSEQUENTLY_TRADED_MANUAL,src/data/nfl/trades.backup-before-bottom-batch-015-auto-copy-v1-2026-07-05T07-34-06-031Z.json,3636,2001-1st-round-pick-21st-overall-nate-clements-and-2001-2nd-round-pick-51st-over,BUF-2001-0252,,,Buffalo Bills Win,Nate Clements,buffalo-bills,buffalo-bills,"2001 1st round pick (21st overall, Nate Clements) and 2001 2nd round pick (51st overall subsequently traded, Paul Toviessi)",Nate Clements),assetsReceived.buffalo-bills.0,assetsReceived.buffalo-bills.2
B_SUBSEQUENTLY_TRADED_MANUAL,src/data/nfl/trades.backup-before-bottom-batch-015-auto-copy-v1-2026-07-05T07-34-06-031Z.json,3830,keenan-mccardell-tampa-bay-buccaneers-2004,LAC-2004-0340,,,Los Angeles/San Diego Chargers Win,Chris Colmer,tampa-bay-buccaneers,tampa-bay-buccaneers,"2005 3rd round pick (91st overall, Chris Colmer) and 2005 6th round pick (203rd overall subsequently traded, Andrew Hoffman)",Chris Colmer),assetsReceived.tampa-bay-buccaneers.0,assetsReceived.tampa-bay-buccaneers.2
B_SUBSEQUENTLY_TRADED_MANUAL,src/data/nfl/trades.backup-before-bottom-batch-015-auto-copy-v1-2026-07-05T07-34-06-031Z.json,4026,2008-2nd-round-pick-52nd-overall-tampa-bay-buccaneers-2008,JAX-2008-0039,,,Tampa Bay Buccaneers Win,Dexter Jackson,tampa-bay-buccaneers,tampa-bay-buccaneers,"2008 2nd round pick (58th overall, Dexter Jackson), 2008 5th round pick (158th overall subsequently traded, Kellen Davis), 2009 7th round pick (217th overall, E.J. Biggers)",Dexter Jackson),assetsReceived.tampa-bay-buccaneers.0,assetsReceived.tampa-bay-buccaneers.2
B_SUBSEQUENTLY_TRADED_MANUAL,src/data/nfl/trades.backup-before-bottom-batch-015-auto-copy-v1-2026-07-05T07-34-06-031Z.json,4248,2011-4th-round-pick-104th-overall-philadelphia-eagles-2011,TB-2011-0215,,,Even Trade,Casey Matthews,philadelphia-eagles,philadelphia-eagles,"2011 4th round pick (116th overall, Casey Matthews) and 2012 4th round pick (99th overall subsequently traded, Ben Jones)",Casey Matthews),assetsReceived.philadelphia-eagles.3,assetsReceived.philadelphia-eagles.1
B_SUBSEQUENTLY_TRADED_MANUAL,src/data/nfl/trades.backup-before-bottom-batch-015-auto-copy-v1-2026-07-05T07-34-06-031Z.json,4284,2012-1st-round-pick-5th-overall-tampa-bay-buccaneers-2012,JAX-2012-0054,,,Tampa Bay Buccaneers Win,Mark Barron,tampa-bay-buccaneers,tampa-bay-buccaneers,"2012 1st round pick (7th overall, Mark Barron), 2012 4th round pick (101st overall subsequently traded, Omar Bolden)",Mark Barron),assetsReceived.tampa-bay-buccaneers.0,assetsReceived.tampa-bay-buccaneers.2
B_SUBSEQUENTLY_TRADED_MANUAL,src/data/nfl/trades.backup-before-bottom-batch-015-auto-copy-v1-2026-07-05T07-34-06-031Z.json,4405,2014-7th-round-pick-221st-overall-randell-johnson-and-2015-5th-round-pick-137th,BUF-2014-0285,,,Buffalo Bills Win,Randell Johnson,buffalo-bills,buffalo-bills,"2014 7th round pick (221st overall, Randell Johnson) and 2015 5th round pick (137th overall subsequently traded, Grady Jarrett)",Randell Johnson),assetsReceived.buffalo-bills.0,assetsReceived.buffalo-bills.2
B_SUBSEQUENTLY_TRADED_MANUAL,src/data/nfl/trades.backup-before-bottom-batch-015-auto-copy-v1-2026-07-05T07-34-06-031Z.json,4443,2015-2nd-round-pick-61st-overall-indianapolis-colts-2015,TB-2015-0233,,,Tampa Bay Buccaneers Win,Ali Marpet,tampa-bay-buccaneers,tampa-bay-buccaneers,"2015 2nd round pick (61st overall, Ali Marpet) and 2015 4th round pick (128th overall subsequently traded, Jon Feliciano)",Ali Marpet),assetsReceived.tampa-bay-buccaneers.3,assetsReceived.tampa-bay-buccaneers.1
B_SUBSEQUENTLY_TRADED_MANUAL,src/data/nfl/trades.backup-before-bottom-batch-015-auto-copy-v1-2026-07-05T07-34-06-031Z.json,4485,2016-1st-round-pick-11th-overall-chicago-bears-2016,TB-2016-0235,,,Chicago Bears Win,Vernon Hargreaves,tampa-bay-buccaneers,tampa-bay-buccaneers,"2016 1st round pick (11th overall, Vernon Hargreaves) and 2016 4th round pick (106th overall subsequently traded, Eric Murray)",Vernon Hargreaves),assetsReceived.tampa-bay-buccaneers.3,assetsReceived.tampa-bay-buccaneers.1
B_SUBSEQUENTLY_TRADED_MANUAL,src/data/nfl/trades.backup-before-bottom-batch-015-auto-copy-v1-2026-07-05T07-34-06-031Z.json,4559,2017-7th-round-pick-237th-overall-buccaneers-2017,MIA-2017-0273,,,Miami Dolphins Win,Isaiah Ford,miami-dolphins,miami-dolphins,"2017 7th round pick (237th overall, Isaiah Ford) and 2018 7th round pick (223rd overall subsequently traded, Jullian Taylor)",Isaiah Ford),assetsReceived.miami-dolphins.0,assetsReceived.miami-dolphins.2
B_SUBSEQUENTLY_TRADED_MANUAL,src/data/nfl/trades.backup-before-bottom-batch-015-auto-copy-v1-2026-07-05T07-34-06-031Z.json,4645,2018-4th-round-pick-102nd-overall-jalyn-holmes-tampa-bay-buccaneers-2018,MIN-2018-0260,,,Tampa Bay Buccaneers Win,Jalyn Holmes,minnesota-vikings,minnesota-vikings,"2018 4th round pick (102nd overall, Jalyn Holmes) and 2018 6th round pick (180th overall subsequently traded, Folorunso Fatukasi)",Jalyn Holmes),assetsReceived.minnesota-vikings.0,assetsReceived.minnesota-vikings.2
B_SUBSEQUENTLY_TRADED_MANUAL,src/data/nfl/trades.backup-before-bottom-batch-015-auto-copy-v1-2026-07-05T07-34-06-031Z.json,4824,2020-1st-round-pick-14th-overall-javon-kinlaw-tampa-bay-buccaneers-2020,SF-2020-0401,,,Tampa Bay Buccaneers Win,Javon Kinlaw,san-francisco-49ers,san-francisco-49ers,"2020 1st round pick (14th overall, Javon Kinlaw) and 2020 4th round pick (117th overall subsequently traded, D.J. Wonnum)",Javon Kinlaw),assetsReceived.san-francisco-49ers.0,assetsReceived.san-francisco-49ers.2
B_SUBSEQUENTLY_TRADED_MANUAL,src/data/nfl/trades.backup-before-bottom-batch-015-auto-copy-v1-2026-07-05T07-34-06-031Z.json,4991,2022-1st-round-pick-27th-overall-tampa-bay-buccaneers-2022,JAX-2022-0089,,,Tampa Bay Buccaneers Win,Logan Hall,tampa-bay-buccaneers,tampa-bay-buccaneers,"2022 2nd round pick (33rd overall, Logan Hall), 2022 4th round pick (106th overall, Cade Otton), 2022 6th round pick (180th overall subsequently traded, Matt Araiza)",Logan Hall),assetsReceived.tampa-bay-buccaneers.0,assetsReceived.tampa-bay-buccaneers.2
B_SUBSEQUENTLY_TRADED_MANUAL,src/data/nfl/trades.backup-before-bottom-batch-015-auto-copy-v1-2026-07-05T07-34-06-031Z.json,5015,2023-4th-round-pick-121st-overall-tampa-bay-buccaneers-2022,JAX-2022-0091,,,Jacksonville Jaguars Win,Zyon McCollum,tampa-bay-buccaneers,tampa-bay-buccaneers,"2022 5th round pick (157th overall, Zyon McCollum), 2022 7th round pick (235th overall subsequently traded, Daniel Hardy)",Zyon McCollum),assetsReceived.tampa-bay-buccaneers.0,assetsReceived.tampa-bay-buccaneers.2
B_SUBSEQUENTLY_TRADED_MANUAL,src/data/nfl/trades.backup-before-bottom-batch-015-final-10-v1-2026-07-05T07-40-36-633Z.json,3366,1995-1st-round-pick-12th-overall-philadelphia-eagles-1995,TB-1995-0155,,,Tampa Bay Buccaneers Win,Warren Sapp,tampa-bay-buccaneers,tampa-bay-buccaneers,"1995 1st round pick (12th overall, Warren Sapp), 1995 2nd round pick (43rd overall, Melvin Johnson) and 1995 2nd round pick (63rd overall subsequently traded, Shane Hannah)",Warren Sapp),assetsReceived.tampa-bay-buccaneers.3,assetsReceived.tampa-bay-buccaneers.1
B_SUBSEQUENTLY_TRADED_MANUAL,src/data/nfl/trades.backup-before-bottom-batch-015-final-10-v1-2026-07-05T07-40-36-633Z.json,3485,1998-1st-round-pick-23rd-overall-tampa-bay-buccaneers-1998,RAI-1998-0294,,,Oakland/Los Angeles/Las Vegas Raiders Win,Jacquez Green,tampa-bay-buccaneers,tampa-bay-buccaneers,"1998 2nd round pick (34th overall, Jacquez Green) and 1998 2nd round pick (59th overall subsequently traded, Mikhael Ricks)",Jacquez Green),assetsReceived.tampa-bay-buccaneers.0,assetsReceived.tampa-bay-buccaneers.2
B_SUBSEQUENTLY_TRADED_MANUAL,src/data/nfl/trades.backup-before-bottom-batch-015-final-10-v1-2026-07-05T07-40-36-633Z.json,3636,2001-1st-round-pick-21st-overall-nate-clements-and-2001-2nd-round-pick-51st-over,BUF-2001-0252,,,Buffalo Bills Win,Nate Clements,buffalo-bills,buffalo-bills,"2001 1st round pick (21st overall, Nate Clements) and 2001 2nd round pick (51st overall subsequently traded, Paul Toviessi)",Nate Clements),assetsReceived.buffalo-bills.0,assetsReceived.buffalo-bills.2
B_SUBSEQUENTLY_TRADED_MANUAL,src/data/nfl/trades.backup-before-bottom-batch-015-final-10-v1-2026-07-05T07-40-36-633Z.json,3830,keenan-mccardell-tampa-bay-buccaneers-2004,LAC-2004-0340,,,Los Angeles/San Diego Chargers Win,Chris Colmer,tampa-bay-buccaneers,tampa-bay-buccaneers,"2005 3rd round pick (91st overall, Chris Colmer) and 2005 6th round pick (203rd overall subsequently traded, Andrew Hoffman)",Chris Colmer),assetsReceived.tampa-bay-buccaneers.0,assetsReceived.tampa-bay-buccaneers.2
B_SUBSEQUENTLY_TRADED_MANUAL,src/data/nfl/trades.backup-before-bottom-batch-015-final-10-v1-2026-07-05T07-40-36-633Z.json,4026,2008-2nd-round-pick-52nd-overall-tampa-bay-buccaneers-2008,JAX-2008-0039,,,Tampa Bay Buccaneers Win,Dexter Jackson,tampa-bay-buccaneers,tampa-bay-buccaneers,"2008 2nd round pick (58th overall, Dexter Jackson), 2008 5th round pick (158th overall subsequently traded, Kellen Davis), 2009 7th round pick (217th overall, E.J. Biggers)",Dexter Jackson),assetsReceived.tampa-bay-buccaneers.0,assetsReceived.tampa-bay-buccaneers.2
B_SUBSEQUENTLY_TRADED_MANUAL,src/data/nfl/trades.backup-before-bottom-batch-015-final-10-v1-2026-07-05T07-40-36-633Z.json,4248,2011-4th-round-pick-104th-overall-philadelphia-eagles-2011,TB-2011-0215,,,Even Trade,Casey Matthews,philadelphia-eagles,philadelphia-eagles,"2011 4th round pick (116th overall, Casey Matthews) and 2012 4th round pick (99th overall subsequently traded, Ben Jones)",Casey Matthews),assetsReceived.philadelphia-eagles.3,assetsReceived.philadelphia-eagles.1
B_SUBSEQUENTLY_TRADED_MANUAL,src/data/nfl/trades.backup-before-bottom-batch-015-final-10-v1-2026-07-05T07-40-36-633Z.json,4284,2012-1st-round-pick-5th-overall-tampa-bay-buccaneers-2012,JAX-2012-0054,,,Tampa Bay Buccaneers Win,Mark Barron,tampa-bay-buccaneers,tampa-bay-buccaneers,"2012 1st round pick (7th overall, Mark Barron), 2012 4th round pick (101st overall subsequently traded, Omar Bolden)",Mark Barron),assetsReceived.tampa-bay-buccaneers.0,assetsReceived.tampa-bay-buccaneers.2
B_SUBSEQUENTLY_TRADED_MANUAL,src/data/nfl/trades.backup-before-bottom-batch-015-final-10-v1-2026-07-05T07-40-36-633Z.json,4405,2014-7th-round-pick-221st-overall-randell-johnson-and-2015-5th-round-pick-137th,BUF-2014-0285,,,Buffalo Bills Win,Randell Johnson,buffalo-bills,buffalo-bills,"2014 7th round pick (221st overall, Randell Johnson) and 2015 5th round pick (137th overall subsequently traded, Grady Jarrett)",Randell Johnson),assetsReceived.buffalo-bills.0,assetsReceived.buffalo-bills.2
B_SUBSEQUENTLY_TRADED_MANUAL,src/data/nfl/trades.backup-before-bottom-batch-015-final-10-v1-2026-07-05T07-40-36-633Z.json,4443,2015-2nd-round-pick-61st-overall-indianapolis-colts-2015,TB-2015-0233,,,Tampa Bay Buccaneers Win,Ali Marpet,tampa-bay-buccaneers,tampa-bay-buccaneers,"2015 2nd round pick (61st overall, Ali Marpet) and 2015 4th round pick (128th overall subsequently traded, Jon Feliciano)",Ali Marpet),assetsReceived.tampa-bay-buccaneers.3,assetsReceived.tampa-bay-buccaneers.1
B_SUBSEQUENTLY_TRADED_MANUAL,src/data/nfl/trades.backup-before-bottom-batch-015-final-10-v1-2026-07-05T07-40-36-633Z.json,4485,2016-1st-round-pick-11th-overall-chicago-bears-2016,TB-2016-0235,,,Chicago Bears Win,Vernon Hargreaves,tampa-bay-buccaneers,tampa-bay-buccaneers,"2016 1st round pick (11th overall, Vernon Hargreaves) and 2016 4th round pick (106th overall subsequently traded, Eric Murray)",Vernon Hargreaves),assetsReceived.tampa-bay-buccaneers.3,assetsReceived.tampa-bay-buccaneers.1
B_SUBSEQUENTLY_TRADED_MANUAL,src/data/nfl/trades.backup-before-bottom-batch-015-final-10-v1-2026-07-05T07-40-36-633Z.json,4559,2017-7th-round-pick-237th-overall-buccaneers-2017,MIA-2017-0273,,,Miami Dolphins Win,Isaiah Ford,miami-dolphins,miami-dolphins,"2017 7th round pick (237th overall, Isaiah Ford) and 2018 7th round pick (223rd overall subsequently traded, Jullian Taylor)",Isaiah Ford),assetsReceived.miami-dolphins.0,assetsReceived.miami-dolphins.2
B_SUBSEQUENTLY_TRADED_MANUAL,src/data/nfl/trades.backup-before-bottom-batch-015-final-10-v1-2026-07-05T07-40-36-633Z.json,4645,2018-4th-round-pick-102nd-overall-jalyn-holmes-tampa-bay-buccaneers-2018,MIN-2018-0260,,,Tampa Bay Buccaneers Win,Jalyn Holmes,minnesota-vikings,minnesota-vikings,"2018 4th round pick (102nd overall, Jalyn Holmes) and 2018 6th round pick (180th overall subsequently traded, Folorunso Fatukasi)",Jalyn Holmes),assetsReceived.minnesota-vikings.0,assetsReceived.minnesota-vikings.2
B_SUBSEQUENTLY_TRADED_MANUAL,src/data/nfl/trades.backup-before-bottom-batch-015-final-10-v1-2026-07-05T07-40-36-633Z.json,4824,2020-1st-round-pick-14th-overall-javon-kinlaw-tampa-bay-buccaneers-2020,SF-2020-0401,,,Tampa Bay Buccaneers Win,Javon Kinlaw,san-francisco-49ers,san-francisco-49ers,"2020 1st round pick (14th overall, Javon Kinlaw) and 2020 4th round pick (117th overall subsequently traded, D.J. Wonnum)",Javon Kinlaw),assetsReceived.san-francisco-49ers.0,assetsReceived.san-francisco-49ers.2
B_SUBSEQUENTLY_TRADED_MANUAL,src/data/nfl/trades.backup-before-bottom-batch-015-final-10-v1-2026-07-05T07-40-36-633Z.json,4991,2022-1st-round-pick-27th-overall-tampa-bay-buccaneers-2022,JAX-2022-0089,,,Tampa Bay Buccaneers Win,Logan Hall,tampa-bay-buccaneers,tampa-bay-buccaneers,"2022 2nd round pick (33rd overall, Logan Hall), 2022 4th round pick (106th overall, Cade Otton), 2022 6th round pick (180th overall subsequently traded, Matt Araiza)",Logan Hall),assetsReceived.tampa-bay-buccaneers.0,assetsReceived.tampa-bay-buccaneers.2
B_SUBSEQUENTLY_TRADED_MANUAL,src/data/nfl/trades.backup-before-bottom-batch-015-final-10-v1-2026-07-05T07-40-36-633Z.json,5015,2023-4th-round-pick-121st-overall-tampa-bay-buccaneers-2022,JAX-2022-0091,,,Jacksonville Jaguars Win,Zyon McCollum,tampa-bay-buccaneers,tampa-bay-buccaneers,"2022 5th round pick (157th overall, Zyon McCollum), 2022 7th round pick (235th overall subsequently traded, Daniel Hardy)",Zyon McCollum),assetsReceived.tampa-bay-buccaneers.0,assetsReceived.tampa-bay-buccaneers.2
B_SUBSEQUENTLY_TRADED_MANUAL,src/data/nfl/trades.backup-before-bottom-batch-016-auto-copy-v1-2026-07-05T07-46-49-197Z.json,3366,1995-1st-round-pick-12th-overall-philadelphia-eagles-1995,TB-1995-0155,,,Tampa Bay Buccaneers Win,Warren Sapp,tampa-bay-buccaneers,tampa-bay-buccaneers,"1995 1st round pick (12th overall, Warren Sapp), 1995 2nd round pick (43rd overall, Melvin Johnson) and 1995 2nd round pick (63rd overall subsequently traded, Shane Hannah)",Warren Sapp),assetsReceived.tampa-bay-buccaneers.3,assetsReceived.tampa-bay-buccaneers.1
B_SUBSEQUENTLY_TRADED_MANUAL,src/data/nfl/trades.backup-before-bottom-batch-016-auto-copy-v1-2026-07-05T07-46-49-197Z.json,3485,1998-1st-round-pick-23rd-overall-tampa-bay-buccaneers-1998,RAI-1998-0294,,,Oakland/Los Angeles/Las Vegas Raiders Win,Jacquez Green,tampa-bay-buccaneers,tampa-bay-buccaneers,"1998 2nd round pick (34th overall, Jacquez Green) and 1998 2nd round pick (59th overall subsequently traded, Mikhael Ricks)",Jacquez Green),assetsReceived.tampa-bay-buccaneers.0,assetsReceived.tampa-bay-buccaneers.2
B_SUBSEQUENTLY_TRADED_MANUAL,src/data/nfl/trades.backup-before-bottom-batch-016-auto-copy-v1-2026-07-05T07-46-49-197Z.json,3636,2001-1st-round-pick-21st-overall-nate-clements-and-2001-2nd-round-pick-51st-over,BUF-2001-0252,,,Buffalo Bills Win,Nate Clements,buffalo-bills,buffalo-bills,"2001 1st round pick (21st overall, Nate Clements) and 2001 2nd round pick (51st overall subsequently traded, Paul Toviessi)",Nate Clements),assetsReceived.buffalo-bills.0,assetsReceived.buffalo-bills.2
B_SUBSEQUENTLY_TRADED_MANUAL,src/data/nfl/trades.backup-before-bottom-batch-016-auto-copy-v1-2026-07-05T07-46-49-197Z.json,3830,keenan-mccardell-tampa-bay-buccaneers-2004,LAC-2004-0340,,,Los Angeles/San Diego Chargers Win,Chris Colmer,tampa-bay-buccaneers,tampa-bay-buccaneers,"2005 3rd round pick (91st overall, Chris Colmer) and 2005 6th round pick (203rd overall subsequently traded, Andrew Hoffman)",Chris Colmer),assetsReceived.tampa-bay-buccaneers.0,assetsReceived.tampa-bay-buccaneers.2
B_SUBSEQUENTLY_TRADED_MANUAL,src/data/nfl/trades.backup-before-bottom-batch-016-auto-copy-v1-2026-07-05T07-46-49-197Z.json,4026,2008-2nd-round-pick-52nd-overall-tampa-bay-buccaneers-2008,JAX-2008-0039,,,Tampa Bay Buccaneers Win,Dexter Jackson,tampa-bay-buccaneers,tampa-bay-buccaneers,"2008 2nd round pick (58th overall, Dexter Jackson), 2008 5th round pick (158th overall subsequently traded, Kellen Davis), 2009 7th round pick (217th overall, E.J. Biggers)",Dexter Jackson),assetsReceived.tampa-bay-buccaneers.0,assetsReceived.tampa-bay-buccaneers.2
B_SUBSEQUENTLY_TRADED_MANUAL,src/data/nfl/trades.backup-before-bottom-batch-016-auto-copy-v1-2026-07-05T07-46-49-197Z.json,4248,2011-4th-round-pick-104th-overall-philadelphia-eagles-2011,TB-2011-0215,,,Even Trade,Casey Matthews,philadelphia-eagles,philadelphia-eagles,"2011 4th round pick (116th overall, Casey Matthews) and 2012 4th round pick (99th overall subsequently traded, Ben Jones)",Casey Matthews),assetsReceived.philadelphia-eagles.3,assetsReceived.philadelphia-eagles.1
B_SUBSEQUENTLY_TRADED_MANUAL,src/data/nfl/trades.backup-before-bottom-batch-016-auto-copy-v1-2026-07-05T07-46-49-197Z.json,4284,2012-1st-round-pick-5th-overall-tampa-bay-buccaneers-2012,JAX-2012-0054,,,Tampa Bay Buccaneers Win,Mark Barron,tampa-bay-buccaneers,tampa-bay-buccaneers,"2012 1st round pick (7th overall, Mark Barron), 2012 4th round pick (101st overall subsequently traded, Omar Bolden)",Mark Barron),assetsReceived.tampa-bay-buccaneers.0,assetsReceived.tampa-bay-buccaneers.2
B_SUBSEQUENTLY_TRADED_MANUAL,src/data/nfl/trades.backup-before-bottom-batch-016-auto-copy-v1-2026-07-05T07-46-49-197Z.json,4405,2014-7th-round-pick-221st-overall-randell-johnson-and-2015-5th-round-pick-137th,BUF-2014-0285,,,Buffalo Bills Win,Randell Johnson,buffalo-bills,buffalo-bills,"2014 7th round pick (221st overall, Randell Johnson) and 2015 5th round pick (137th overall subsequently traded, Grady Jarrett)",Randell Johnson),assetsReceived.buffalo-bills.0,assetsReceived.buffalo-bills.2
B_SUBSEQUENTLY_TRADED_MANUAL,src/data/nfl/trades.backup-before-bottom-batch-016-auto-copy-v1-2026-07-05T07-46-49-197Z.json,4443,2015-2nd-round-pick-61st-overall-indianapolis-colts-2015,TB-2015-0233,,,Tampa Bay Buccaneers Win,Ali Marpet,tampa-bay-buccaneers,tampa-bay-buccaneers,"2015 2nd round pick (61st overall, Ali Marpet) and 2015 4th round pick (128th overall subsequently traded, Jon Feliciano)",Ali Marpet),assetsReceived.tampa-bay-buccaneers.3,assetsReceived.tampa-bay-buccaneers.1
B_SUBSEQUENTLY_TRADED_MANUAL,src/data/nfl/trades.backup-before-bottom-batch-016-auto-copy-v1-2026-07-05T07-46-49-197Z.json,4485,2016-1st-round-pick-11th-overall-chicago-bears-2016,TB-2016-0235,,,Chicago Bears Win,Vernon Hargreaves,tampa-bay-buccaneers,tampa-bay-buccaneers,"2016 1st round pick (11th overall, Vernon Hargreaves) and 2016 4th round pick (106th overall subsequently traded, Eric Murray)",Vernon Hargreaves),assetsReceived.tampa-bay-buccaneers.3,assetsReceived.tampa-bay-buccaneers.1
B_SUBSEQUENTLY_TRADED_MANUAL,src/data/nfl/trades.backup-before-bottom-batch-016-auto-copy-v1-2026-07-05T07-46-49-197Z.json,4559,2017-7th-round-pick-237th-overall-buccaneers-2017,MIA-2017-0273,,,Miami Dolphins Win,Isaiah Ford,miami-dolphins,miami-dolphins,"2017 7th round pick (237th overall, Isaiah Ford) and 2018 7th round pick (223rd overall subsequently traded, Jullian Taylor)",Isaiah Ford),assetsReceived.miami-dolphins.0,assetsReceived.miami-dolphins.2
B_SUBSEQUENTLY_TRADED_MANUAL,src/data/nfl/trades.backup-before-bottom-batch-016-auto-copy-v1-2026-07-05T07-46-49-197Z.json,4645,2018-4th-round-pick-102nd-overall-jalyn-holmes-tampa-bay-buccaneers-2018,MIN-2018-0260,,,Tampa Bay Buccaneers Win,Jalyn Holmes,minnesota-vikings,minnesota-vikings,"2018 4th round pick (102nd overall, Jalyn Holmes) and 2018 6th round pick (180th overall subsequently traded, Folorunso Fatukasi)",Jalyn Holmes),assetsReceived.minnesota-vikings.0,assetsReceived.minnesota-vikings.2
B_SUBSEQUENTLY_TRADED_MANUAL,src/data/nfl/trades.backup-before-bottom-batch-016-auto-copy-v1-2026-07-05T07-46-49-197Z.json,4824,2020-1st-round-pick-14th-overall-javon-kinlaw-tampa-bay-buccaneers-2020,SF-2020-0401,,,Tampa Bay Buccaneers Win,Javon Kinlaw,san-francisco-49ers,san-francisco-49ers,"2020 1st round pick (14th overall, Javon Kinlaw) and 2020 4th round pick (117th overall subsequently traded, D.J. Wonnum)",Javon Kinlaw),assetsReceived.san-francisco-49ers.0,assetsReceived.san-francisco-49ers.2
B_SUBSEQUENTLY_TRADED_MANUAL,src/data/nfl/trades.backup-before-bottom-batch-016-auto-copy-v1-2026-07-05T07-46-49-197Z.json,4991,2022-1st-round-pick-27th-overall-tampa-bay-buccaneers-2022,JAX-2022-0089,,,Tampa Bay Buccaneers Win,Logan Hall,tampa-bay-buccaneers,tampa-bay-buccaneers,"2022 2nd round pick (33rd overall, Logan Hall), 2022 4th round pick (106th overall, Cade Otton), 2022 6th round pick (180th overall subsequently traded, Matt Araiza)",Logan Hall),assetsReceived.tampa-bay-buccaneers.0,assetsReceived.tampa-bay-buccaneers.2
B_SUBSEQUENTLY_TRADED_MANUAL,src/data/nfl/trades.backup-before-bottom-batch-016-auto-copy-v1-2026-07-05T07-46-49-197Z.json,5015,2023-4th-round-pick-121st-overall-tampa-bay-buccaneers-2022,JAX-2022-0091,,,Jacksonville Jaguars Win,Zyon McCollum,tampa-bay-buccaneers,tampa-bay-buccaneers,"2022 5th round pick (157th overall, Zyon McCollum), 2022 7th round pick (235th overall subsequently traded, Daniel Hardy)",Zyon McCollum),assetsReceived.tampa-bay-buccaneers.0,assetsReceived.tampa-bay-buccaneers.2
B_SUBSEQUENTLY_TRADED_MANUAL,src/data/nfl/trades.backup-before-bottom-batch-016-final-18-v1-2026-07-05T07-53-32-376Z.json,3366,1995-1st-round-pick-12th-overall-philadelphia-eagles-1995,TB-1995-0155,,,Tampa Bay Buccaneers Win,Warren Sapp,tampa-bay-buccaneers,tampa-bay-buccaneers,"1995 1st round pick (12th overall, Warren Sapp), 1995 2nd round pick (43rd overall, Melvin Johnson) and 1995 2nd round pick (63rd overall subsequently traded, Shane Hannah)",Warren Sapp),assetsReceived.tampa-bay-buccaneers.3,assetsReceived.tampa-bay-buccaneers.1
B_SUBSEQUENTLY_TRADED_MANUAL,src/data/nfl/trades.backup-before-bottom-batch-016-final-18-v1-2026-07-05T07-53-32-376Z.json,3485,1998-1st-round-pick-23rd-overall-tampa-bay-buccaneers-1998,RAI-1998-0294,,,Oakland/Los Angeles/Las Vegas Raiders Win,Jacquez Green,tampa-bay-buccaneers,tampa-bay-buccaneers,"1998 2nd round pick (34th overall, Jacquez Green) and 1998 2nd round pick (59th overall subsequently traded, Mikhael Ricks)",Jacquez Green),assetsReceived.tampa-bay-buccaneers.0,assetsReceived.tampa-bay-buccaneers.2
B_SUBSEQUENTLY_TRADED_MANUAL,src/data/nfl/trades.backup-before-bottom-batch-016-final-18-v1-2026-07-05T07-53-32-376Z.json,3636,2001-1st-round-pick-21st-overall-nate-clements-and-2001-2nd-round-pick-51st-over,BUF-2001-0252,,,Buffalo Bills Win,Nate Clements,buffalo-bills,buffalo-bills,"2001 1st round pick (21st overall, Nate Clements) and 2001 2nd round pick (51st overall subsequently traded, Paul Toviessi)",Nate Clements),assetsReceived.buffalo-bills.0,assetsReceived.buffalo-bills.2
B_SUBSEQUENTLY_TRADED_MANUAL,src/data/nfl/trades.backup-before-bottom-batch-016-final-18-v1-2026-07-05T07-53-32-376Z.json,3830,keenan-mccardell-tampa-bay-buccaneers-2004,LAC-2004-0340,,,Los Angeles/San Diego Chargers Win,Chris Colmer,tampa-bay-buccaneers,tampa-bay-buccaneers,"2005 3rd round pick (91st overall, Chris Colmer) and 2005 6th round pick (203rd overall subsequently traded, Andrew Hoffman)",Chris Colmer),assetsReceived.tampa-bay-buccaneers.0,assetsReceived.tampa-bay-buccaneers.2
B_SUBSEQUENTLY_TRADED_MANUAL,src/data/nfl/trades.backup-before-bottom-batch-016-final-18-v1-2026-07-05T07-53-32-376Z.json,4026,2008-2nd-round-pick-52nd-overall-tampa-bay-buccaneers-2008,JAX-2008-0039,,,Tampa Bay Buccaneers Win,Dexter Jackson,tampa-bay-buccaneers,tampa-bay-buccaneers,"2008 2nd round pick (58th overall, Dexter Jackson), 2008 5th round pick (158th overall subsequently traded, Kellen Davis), 2009 7th round pick (217th overall, E.J. Biggers)",Dexter Jackson),assetsReceived.tampa-bay-buccaneers.0,assetsReceived.tampa-bay-buccaneers.2
B_SUBSEQUENTLY_TRADED_MANUAL,src/data/nfl/trades.backup-before-bottom-batch-016-final-18-v1-2026-07-05T07-53-32-376Z.json,4248,2011-4th-round-pick-104th-overall-philadelphia-eagles-2011,TB-2011-0215,,,Even Trade,Casey Matthews,philadelphia-eagles,philadelphia-eagles,"2011 4th round pick (116th overall, Casey Matthews) and 2012 4th round pick (99th overall subsequently traded, Ben Jones)",Casey Matthews),assetsReceived.philadelphia-eagles.3,assetsReceived.philadelphia-eagles.1
B_SUBSEQUENTLY_TRADED_MANUAL,src/data/nfl/trades.backup-before-bottom-batch-016-final-18-v1-2026-07-05T07-53-32-376Z.json,4284,2012-1st-round-pick-5th-overall-tampa-bay-buccaneers-2012,JAX-2012-0054,,,Tampa Bay Buccaneers Win,Mark Barron,tampa-bay-buccaneers,tampa-bay-buccaneers,"2012 1st round pick (7th overall, Mark Barron), 2012 4th round pick (101st overall subsequently traded, Omar Bolden)",Mark Barron),assetsReceived.tampa-bay-buccaneers.0,assetsReceived.tampa-bay-buccaneers.2
B_SUBSEQUENTLY_TRADED_MANUAL,src/data/nfl/trades.backup-before-bottom-batch-016-final-18-v1-2026-07-05T07-53-32-376Z.json,4405,2014-7th-round-pick-221st-overall-randell-johnson-and-2015-5th-round-pick-137th,BUF-2014-0285,,,Buffalo Bills Win,Randell Johnson,buffalo-bills,buffalo-bills,"2014 7th round pick (221st overall, Randell Johnson) and 2015 5th round pick (137th overall subsequently traded, Grady Jarrett)",Randell Johnson),assetsReceived.buffalo-bills.0,assetsReceived.buffalo-bills.2
B_SUBSEQUENTLY_TRADED_MANUAL,src/data/nfl/trades.backup-before-bottom-batch-016-final-18-v1-2026-07-05T07-53-32-376Z.json,4443,2015-2nd-round-pick-61st-overall-indianapolis-colts-2015,TB-2015-0233,,,Tampa Bay Buccaneers Win,Ali Marpet,tampa-bay-buccaneers,tampa-bay-buccaneers,"2015 2nd round pick (61st overall, Ali Marpet) and 2015 4th round pick (128th overall subsequently traded, Jon Feliciano)",Ali Marpet),assetsReceived.tampa-bay-buccaneers.3,assetsReceived.tampa-bay-buccaneers.1
B_SUBSEQUENTLY_TRADED_MANUAL,src/data/nfl/trades.backup-before-bottom-batch-016-final-18-v1-2026-07-05T07-53-32-376Z.json,4485,2016-1st-round-pick-11th-overall-chicago-bears-2016,TB-2016-0235,,,Chicago Bears Win,Vernon Hargreaves,tampa-bay-buccaneers,tampa-bay-buccaneers,"2016 1st round pick (11th overall, Vernon Hargreaves) and 2016 4th round pick (106th overall subsequently traded, Eric Murray)",Vernon Hargreaves),assetsReceived.tampa-bay-buccaneers.3,assetsReceived.tampa-bay-buccaneers.1
B_SUBSEQUENTLY_TRADED_MANUAL,src/data/nfl/trades.backup-before-bottom-batch-016-final-18-v1-2026-07-05T07-53-32-376Z.json,4559,2017-7th-round-pick-237th-overall-buccaneers-2017,MIA-2017-0273,,,Miami Dolphins Win,Isaiah Ford,miami-dolphins,miami-dolphins,"2017 7th round pick (237th overall, Isaiah Ford) and 2018 7th round pick (223rd overall subsequently traded, Jullian Taylor)",Isaiah Ford),assetsReceived.miami-dolphins.0,assetsReceived.miami-dolphins.2
B_SUBSEQUENTLY_TRADED_MANUAL,src/data/nfl/trades.backup-before-bottom-batch-016-final-18-v1-2026-07-05T07-53-32-376Z.json,4645,2018-4th-round-pick-102nd-overall-jalyn-holmes-tampa-bay-buccaneers-2018,MIN-2018-0260,,,Tampa Bay Buccaneers Win,Jalyn Holmes,minnesota-vikings,minnesota-vikings,"2018 4th round pick (102nd overall, Jalyn Holmes) and 2018 6th round pick (180th overall subsequently traded, Folorunso Fatukasi)",Jalyn Holmes),assetsReceived.minnesota-vikings.0,assetsReceived.minnesota-vikings.2
B_SUBSEQUENTLY_TRADED_MANUAL,src/data/nfl/trades.backup-before-bottom-batch-016-final-18-v1-2026-07-05T07-53-32-376Z.json,4824,2020-1st-round-pick-14th-overall-javon-kinlaw-tampa-bay-buccaneers-2020,SF-2020-0401,,,Tampa Bay Buccaneers Win,Javon Kinlaw,san-francisco-49ers,san-francisco-49ers,"2020 1st round pick (14th overall, Javon Kinlaw) and 2020 4th round pick (117th overall subsequently traded, D.J. Wonnum)",Javon Kinlaw),assetsReceived.san-francisco-49ers.0,assetsReceived.san-francisco-49ers.2
B_SUBSEQUENTLY_TRADED_MANUAL,src/data/nfl/trades.backup-before-bottom-batch-016-final-18-v1-2026-07-05T07-53-32-376Z.json,4991,2022-1st-round-pick-27th-overall-tampa-bay-buccaneers-2022,JAX-2022-0089,,,Tampa Bay Buccaneers Win,Logan Hall,tampa-bay-buccaneers,tampa-bay-buccaneers,"2022 2nd round pick (33rd overall, Logan Hall), 2022 4th round pick (106th overall, Cade Otton), 2022 6th round pick (180th overall subsequently traded, Matt Araiza)",Logan Hall),assetsReceived.tampa-bay-buccaneers.0,assetsReceived.tampa-bay-buccaneers.2
B_SUBSEQUENTLY_TRADED_MANUAL,src/data/nfl/trades.backup-before-bottom-batch-016-final-18-v1-2026-07-05T07-53-32-376Z.json,5015,2023-4th-round-pick-121st-overall-tampa-bay-buccaneers-2022,JAX-2022-0091,,,Jacksonville Jaguars Win,Zyon McCollum,tampa-bay-buccaneers,tampa-bay-buccaneers,"2022 5th round pick (157th overall, Zyon McCollum), 2022 7th round pick (235th overall subsequently traded, Daniel Hardy)",Zyon McCollum),assetsReceived.tampa-bay-buccaneers.0,assetsReceived.tampa-bay-buccaneers.2
B_SUBSEQUENTLY_TRADED_MANUAL,src/data/nfl/trades.backup-before-bottom-batch-017-auto-copy-v1-2026-07-05T07-57-52-705Z.json,3366,1995-1st-round-pick-12th-overall-philadelphia-eagles-1995,TB-1995-0155,,,Tampa Bay Buccaneers Win,Warren Sapp,tampa-bay-buccaneers,tampa-bay-buccaneers,"1995 1st round pick (12th overall, Warren Sapp), 1995 2nd round pick (43rd overall, Melvin Johnson) and 1995 2nd round pick (63rd overall subsequently traded, Shane Hannah)",Warren Sapp),assetsReceived.tampa-bay-buccaneers.3,assetsReceived.tampa-bay-buccaneers.1
B_SUBSEQUENTLY_TRADED_MANUAL,src/data/nfl/trades.backup-before-bottom-batch-017-auto-copy-v1-2026-07-05T07-57-52-705Z.json,3485,1998-1st-round-pick-23rd-overall-tampa-bay-buccaneers-1998,RAI-1998-0294,,,Oakland/Los Angeles/Las Vegas Raiders Win,Jacquez Green,tampa-bay-buccaneers,tampa-bay-buccaneers,"1998 2nd round pick (34th overall, Jacquez Green) and 1998 2nd round pick (59th overall subsequently traded, Mikhael Ricks)",Jacquez Green),assetsReceived.tampa-bay-buccaneers.0,assetsReceived.tampa-bay-buccaneers.2
B_SUBSEQUENTLY_TRADED_MANUAL,src/data/nfl/trades.backup-before-bottom-batch-017-auto-copy-v1-2026-07-05T07-57-52-705Z.json,3636,2001-1st-round-pick-21st-overall-nate-clements-and-2001-2nd-round-pick-51st-over,BUF-2001-0252,,,Buffalo Bills Win,Nate Clements,buffalo-bills,buffalo-bills,"2001 1st round pick (21st overall, Nate Clements) and 2001 2nd round pick (51st overall subsequently traded, Paul Toviessi)",Nate Clements),assetsReceived.buffalo-bills.0,assetsReceived.buffalo-bills.2
B_SUBSEQUENTLY_TRADED_MANUAL,src/data/nfl/trades.backup-before-bottom-batch-017-auto-copy-v1-2026-07-05T07-57-52-705Z.json,3830,keenan-mccardell-tampa-bay-buccaneers-2004,LAC-2004-0340,,,Los Angeles/San Diego Chargers Win,Chris Colmer,tampa-bay-buccaneers,tampa-bay-buccaneers,"2005 3rd round pick (91st overall, Chris Colmer) and 2005 6th round pick (203rd overall subsequently traded, Andrew Hoffman)",Chris Colmer),assetsReceived.tampa-bay-buccaneers.0,assetsReceived.tampa-bay-buccaneers.2
B_SUBSEQUENTLY_TRADED_MANUAL,src/data/nfl/trades.backup-before-bottom-batch-017-auto-copy-v1-2026-07-05T07-57-52-705Z.json,4026,2008-2nd-round-pick-52nd-overall-tampa-bay-buccaneers-2008,JAX-2008-0039,,,Tampa Bay Buccaneers Win,Dexter Jackson,tampa-bay-buccaneers,tampa-bay-buccaneers,"2008 2nd round pick (58th overall, Dexter Jackson), 2008 5th round pick (158th overall subsequently traded, Kellen Davis), 2009 7th round pick (217th overall, E.J. Biggers)",Dexter Jackson),assetsReceived.tampa-bay-buccaneers.0,assetsReceived.tampa-bay-buccaneers.2
B_SUBSEQUENTLY_TRADED_MANUAL,src/data/nfl/trades.backup-before-bottom-batch-017-auto-copy-v1-2026-07-05T07-57-52-705Z.json,4248,2011-4th-round-pick-104th-overall-philadelphia-eagles-2011,TB-2011-0215,,,Even Trade,Casey Matthews,philadelphia-eagles,philadelphia-eagles,"2011 4th round pick (116th overall, Casey Matthews) and 2012 4th round pick (99th overall subsequently traded, Ben Jones)",Casey Matthews),assetsReceived.philadelphia-eagles.3,assetsReceived.philadelphia-eagles.1
B_SUBSEQUENTLY_TRADED_MANUAL,src/data/nfl/trades.backup-before-bottom-batch-017-auto-copy-v1-2026-07-05T07-57-52-705Z.json,4284,2012-1st-round-pick-5th-overall-tampa-bay-buccaneers-2012,JAX-2012-0054,,,Tampa Bay Buccaneers Win,Mark Barron,tampa-bay-buccaneers,tampa-bay-buccaneers,"2012 1st round pick (7th overall, Mark Barron), 2012 4th round pick (101st overall subsequently traded, Omar Bolden)",Mark Barron),assetsReceived.tampa-bay-buccaneers.0,assetsReceived.tampa-bay-buccaneers.2
B_SUBSEQUENTLY_TRADED_MANUAL,src/data/nfl/trades.backup-before-bottom-batch-017-auto-copy-v1-2026-07-05T07-57-52-705Z.json,4405,2014-7th-round-pick-221st-overall-randell-johnson-and-2015-5th-round-pick-137th,BUF-2014-0285,,,Buffalo Bills Win,Randell Johnson,buffalo-bills,buffalo-bills,"2014 7th round pick (221st overall, Randell Johnson) and 2015 5th round pick (137th overall subsequently traded, Grady Jarrett)",Randell Johnson),assetsReceived.buffalo-bills.0,assetsReceived.buffalo-bills.2
B_SUBSEQUENTLY_TRADED_MANUAL,src/data/nfl/trades.backup-before-bottom-batch-017-auto-copy-v1-2026-07-05T07-57-52-705Z.json,4443,2015-2nd-round-pick-61st-overall-indianapolis-colts-2015,TB-2015-0233,,,Tampa Bay Buccaneers Win,Ali Marpet,tampa-bay-buccaneers,tampa-bay-buccaneers,"2015 2nd round pick (61st overall, Ali Marpet) and 2015 4th round pick (128th overall subsequently traded, Jon Feliciano)",Ali Marpet),assetsReceived.tampa-bay-buccaneers.3,assetsReceived.tampa-bay-buccaneers.1
B_SUBSEQUENTLY_TRADED_MANUAL,src/data/nfl/trades.backup-before-bottom-batch-017-auto-copy-v1-2026-07-05T07-57-52-705Z.json,4485,2016-1st-round-pick-11th-overall-chicago-bears-2016,TB-2016-0235,,,Chicago Bears Win,Vernon Hargreaves,tampa-bay-buccaneers,tampa-bay-buccaneers,"2016 1st round pick (11th overall, Vernon Hargreaves) and 2016 4th round pick (106th overall subsequently traded, Eric Murray)",Vernon Hargreaves),assetsReceived.tampa-bay-buccaneers.3,assetsReceived.tampa-bay-buccaneers.1
B_SUBSEQUENTLY_TRADED_MANUAL,src/data/nfl/trades.backup-before-bottom-batch-017-auto-copy-v1-2026-07-05T07-57-52-705Z.json,4559,2017-7th-round-pick-237th-overall-buccaneers-2017,MIA-2017-0273,,,Miami Dolphins Win,Isaiah Ford,miami-dolphins,miami-dolphins,"2017 7th round pick (237th overall, Isaiah Ford) and 2018 7th round pick (223rd overall subsequently traded, Jullian Taylor)",Isaiah Ford),assetsReceived.miami-dolphins.0,assetsReceived.miami-dolphins.2
B_SUBSEQUENTLY_TRADED_MANUAL,src/data/nfl/trades.backup-before-bottom-batch-017-auto-copy-v1-2026-07-05T07-57-52-705Z.json,4645,2018-4th-round-pick-102nd-overall-jalyn-holmes-tampa-bay-buccaneers-2018,MIN-2018-0260,,,Tampa Bay Buccaneers Win,Jalyn Holmes,minnesota-vikings,minnesota-vikings,"2018 4th round pick (102nd overall, Jalyn Holmes) and 2018 6th round pick (180th overall subsequently traded, Folorunso Fatukasi)",Jalyn Holmes),assetsReceived.minnesota-vikings.0,assetsReceived.minnesota-vikings.2
B_SUBSEQUENTLY_TRADED_MANUAL,src/data/nfl/trades.backup-before-bottom-batch-017-auto-copy-v1-2026-07-05T07-57-52-705Z.json,4824,2020-1st-round-pick-14th-overall-javon-kinlaw-tampa-bay-buccaneers-2020,SF-2020-0401,,,Tampa Bay Buccaneers Win,Javon Kinlaw,san-francisco-49ers,san-francisco-49ers,"2020 1st round pick (14th overall, Javon Kinlaw) and 2020 4th round pick (117th overall subsequently traded, D.J. Wonnum)",Javon Kinlaw),assetsReceived.san-francisco-49ers.0,assetsReceived.san-francisco-49ers.2
B_SUBSEQUENTLY_TRADED_MANUAL,src/data/nfl/trades.backup-before-bottom-batch-017-auto-copy-v1-2026-07-05T07-57-52-705Z.json,4991,2022-1st-round-pick-27th-overall-tampa-bay-buccaneers-2022,JAX-2022-0089,,,Tampa Bay Buccaneers Win,Logan Hall,tampa-bay-buccaneers,tampa-bay-buccaneers,"2022 2nd round pick (33rd overall, Logan Hall), 2022 4th round pick (106th overall, Cade Otton), 2022 6th round pick (180th overall subsequently traded, Matt Araiza)",Logan Hall),assetsReceived.tampa-bay-buccaneers.0,assetsReceived.tampa-bay-buccaneers.2
B_SUBSEQUENTLY_TRADED_MANUAL,src/data/nfl/trades.backup-before-bottom-batch-017-auto-copy-v1-2026-07-05T07-57-52-705Z.json,5015,2023-4th-round-pick-121st-overall-tampa-bay-buccaneers-2022,JAX-2022-0091,,,Jacksonville Jaguars Win,Zyon McCollum,tampa-bay-buccaneers,tampa-bay-buccaneers,"2022 5th round pick (157th overall, Zyon McCollum), 2022 7th round pick (235th overall subsequently traded, Daniel Hardy)",Zyon McCollum),assetsReceived.tampa-bay-buccaneers.0,assetsReceived.tampa-bay-buccaneers.2
B_SUBSEQUENTLY_TRADED_MANUAL,src/data/nfl/trades.backup-before-bottom-batch-017-final-15-v1-2026-07-05T08-03-55-897Z.json,3366,1995-1st-round-pick-12th-overall-philadelphia-eagles-1995,TB-1995-0155,,,Tampa Bay Buccaneers Win,Warren Sapp,tampa-bay-buccaneers,tampa-bay-buccaneers,"1995 1st round pick (12th overall, Warren Sapp), 1995 2nd round pick (43rd overall, Melvin Johnson) and 1995 2nd round pick (63rd overall subsequently traded, Shane Hannah)",Warren Sapp),assetsReceived.tampa-bay-buccaneers.3,assetsReceived.tampa-bay-buccaneers.1
B_SUBSEQUENTLY_TRADED_MANUAL,src/data/nfl/trades.backup-before-bottom-batch-017-final-15-v1-2026-07-05T08-03-55-897Z.json,3485,1998-1st-round-pick-23rd-overall-tampa-bay-buccaneers-1998,RAI-1998-0294,,,Oakland/Los Angeles/Las Vegas Raiders Win,Jacquez Green,tampa-bay-buccaneers,tampa-bay-buccaneers,"1998 2nd round pick (34th overall, Jacquez Green) and 1998 2nd round pick (59th overall subsequently traded, Mikhael Ricks)",Jacquez Green),assetsReceived.tampa-bay-buccaneers.0,assetsReceived.tampa-bay-buccaneers.2
B_SUBSEQUENTLY_TRADED_MANUAL,src/data/nfl/trades.backup-before-bottom-batch-017-final-15-v1-2026-07-05T08-03-55-897Z.json,3636,2001-1st-round-pick-21st-overall-nate-clements-and-2001-2nd-round-pick-51st-over,BUF-2001-0252,,,Buffalo Bills Win,Nate Clements,buffalo-bills,buffalo-bills,"2001 1st round pick (21st overall, Nate Clements) and 2001 2nd round pick (51st overall subsequently traded, Paul Toviessi)",Nate Clements),assetsReceived.buffalo-bills.0,assetsReceived.buffalo-bills.2
B_SUBSEQUENTLY_TRADED_MANUAL,src/data/nfl/trades.backup-before-bottom-batch-017-final-15-v1-2026-07-05T08-03-55-897Z.json,3830,keenan-mccardell-tampa-bay-buccaneers-2004,LAC-2004-0340,,,Los Angeles/San Diego Chargers Win,Chris Colmer,tampa-bay-buccaneers,tampa-bay-buccaneers,"2005 3rd round pick (91st overall, Chris Colmer) and 2005 6th round pick (203rd overall subsequently traded, Andrew Hoffman)",Chris Colmer),assetsReceived.tampa-bay-buccaneers.0,assetsReceived.tampa-bay-buccaneers.2
B_SUBSEQUENTLY_TRADED_MANUAL,src/data/nfl/trades.backup-before-bottom-batch-017-final-15-v1-2026-07-05T08-03-55-897Z.json,4026,2008-2nd-round-pick-52nd-overall-tampa-bay-buccaneers-2008,JAX-2008-0039,,,Tampa Bay Buccaneers Win,Dexter Jackson,tampa-bay-buccaneers,tampa-bay-buccaneers,"2008 2nd round pick (58th overall, Dexter Jackson), 2008 5th round pick (158th overall subsequently traded, Kellen Davis), 2009 7th round pick (217th overall, E.J. Biggers)",Dexter Jackson),assetsReceived.tampa-bay-buccaneers.0,assetsReceived.tampa-bay-buccaneers.2
B_SUBSEQUENTLY_TRADED_MANUAL,src/data/nfl/trades.backup-before-bottom-batch-017-final-15-v1-2026-07-05T08-03-55-897Z.json,4248,2011-4th-round-pick-104th-overall-philadelphia-eagles-2011,TB-2011-0215,,,Even Trade,Casey Matthews,philadelphia-eagles,philadelphia-eagles,"2011 4th round pick (116th overall, Casey Matthews) and 2012 4th round pick (99th overall subsequently traded, Ben Jones)",Casey Matthews),assetsReceived.philadelphia-eagles.3,assetsReceived.philadelphia-eagles.1
B_SUBSEQUENTLY_TRADED_MANUAL,src/data/nfl/trades.backup-before-bottom-batch-017-final-15-v1-2026-07-05T08-03-55-897Z.json,4284,2012-1st-round-pick-5th-overall-tampa-bay-buccaneers-2012,JAX-2012-0054,,,Tampa Bay Buccaneers Win,Mark Barron,tampa-bay-buccaneers,tampa-bay-buccaneers,"2012 1st round pick (7th overall, Mark Barron), 2012 4th round pick (101st overall subsequently traded, Omar Bolden)",Mark Barron),assetsReceived.tampa-bay-buccaneers.0,assetsReceived.tampa-bay-buccaneers.2
B_SUBSEQUENTLY_TRADED_MANUAL,src/data/nfl/trades.backup-before-bottom-batch-017-final-15-v1-2026-07-05T08-03-55-897Z.json,4405,2014-7th-round-pick-221st-overall-randell-johnson-and-2015-5th-round-pick-137th,BUF-2014-0285,,,Buffalo Bills Win,Randell Johnson,buffalo-bills,buffalo-bills,"2014 7th round pick (221st overall, Randell Johnson) and 2015 5th round pick (137th overall subsequently traded, Grady Jarrett)",Randell Johnson),assetsReceived.buffalo-bills.0,assetsReceived.buffalo-bills.2
B_SUBSEQUENTLY_TRADED_MANUAL,src/data/nfl/trades.backup-before-bottom-batch-017-final-15-v1-2026-07-05T08-03-55-897Z.json,4443,2015-2nd-round-pick-61st-overall-indianapolis-colts-2015,TB-2015-0233,,,Tampa Bay Buccaneers Win,Ali Marpet,tampa-bay-buccaneers,tampa-bay-buccaneers,"2015 2nd round pick (61st overall, Ali Marpet) and 2015 4th round pick (128th overall subsequently traded, Jon Feliciano)",Ali Marpet),assetsReceived.tampa-bay-buccaneers.3,assetsReceived.tampa-bay-buccaneers.1
B_SUBSEQUENTLY_TRADED_MANUAL,src/data/nfl/trades.backup-before-bottom-batch-017-final-15-v1-2026-07-05T08-03-55-897Z.json,4485,2016-1st-round-pick-11th-overall-chicago-bears-2016,TB-2016-0235,,,Chicago Bears Win,Vernon Hargreaves,tampa-bay-buccaneers,tampa-bay-buccaneers,"2016 1st round pick (11th overall, Vernon Hargreaves) and 2016 4th round pick (106th overall subsequently traded, Eric Murray)",Vernon Hargreaves),assetsReceived.tampa-bay-buccaneers.3,assetsReceived.tampa-bay-buccaneers.1
B_SUBSEQUENTLY_TRADED_MANUAL,src/data/nfl/trades.backup-before-bottom-batch-017-final-15-v1-2026-07-05T08-03-55-897Z.json,4559,2017-7th-round-pick-237th-overall-buccaneers-2017,MIA-2017-0273,,,Miami Dolphins Win,Isaiah Ford,miami-dolphins,miami-dolphins,"2017 7th round pick (237th overall, Isaiah Ford) and 2018 7th round pick (223rd overall subsequently traded, Jullian Taylor)",Isaiah Ford),assetsReceived.miami-dolphins.0,assetsReceived.miami-dolphins.2
B_SUBSEQUENTLY_TRADED_MANUAL,src/data/nfl/trades.backup-before-bottom-batch-017-final-15-v1-2026-07-05T08-03-55-897Z.json,4645,2018-4th-round-pick-102nd-overall-jalyn-holmes-tampa-bay-buccaneers-2018,MIN-2018-0260,,,Tampa Bay Buccaneers Win,Jalyn Holmes,minnesota-vikings,minnesota-vikings,"2018 4th round pick (102nd overall, Jalyn Holmes) and 2018 6th round pick (180th overall subsequently traded, Folorunso Fatukasi)",Jalyn Holmes),assetsReceived.minnesota-vikings.0,assetsReceived.minnesota-vikings.2
B_SUBSEQUENTLY_TRADED_MANUAL,src/data/nfl/trades.backup-before-bottom-batch-017-final-15-v1-2026-07-05T08-03-55-897Z.json,4824,2020-1st-round-pick-14th-overall-javon-kinlaw-tampa-bay-buccaneers-2020,SF-2020-0401,,,Tampa Bay Buccaneers Win,Javon Kinlaw,san-francisco-49ers,san-francisco-49ers,"2020 1st round pick (14th overall, Javon Kinlaw) and 2020 4th round pick (117th overall subsequently traded, D.J. Wonnum)",Javon Kinlaw),assetsReceived.san-francisco-49ers.0,assetsReceived.san-francisco-49ers.2
B_SUBSEQUENTLY_TRADED_MANUAL,src/data/nfl/trades.backup-before-bottom-batch-017-final-15-v1-2026-07-05T08-03-55-897Z.json,4991,2022-1st-round-pick-27th-overall-tampa-bay-buccaneers-2022,JAX-2022-0089,,,Tampa Bay Buccaneers Win,Logan Hall,tampa-bay-buccaneers,tampa-bay-buccaneers,"2022 2nd round pick (33rd overall, Logan Hall), 2022 4th round pick (106th overall, Cade Otton), 2022 6th round pick (180th overall subsequently traded, Matt Araiza)",Logan Hall),assetsReceived.tampa-bay-buccaneers.0,assetsReceived.tampa-bay-buccaneers.2
B_SUBSEQUENTLY_TRADED_MANUAL,src/data/nfl/trades.backup-before-bottom-batch-017-final-15-v1-2026-07-05T08-03-55-897Z.json,5015,2023-4th-round-pick-121st-overall-tampa-bay-buccaneers-2022,JAX-2022-0091,,,Jacksonville Jaguars Win,Zyon McCollum,tampa-bay-buccaneers,tampa-bay-buccaneers,"2022 5th round pick (157th overall, Zyon McCollum), 2022 7th round pick (235th overall subsequently traded, Daniel Hardy)",Zyon McCollum),assetsReceived.tampa-bay-buccaneers.0,assetsReceived.tampa-bay-buccaneers.2
B_SUBSEQUENTLY_TRADED_MANUAL,src/data/nfl/trades.backup-before-bottom-batch-018-auto-copy-v1-2026-07-05T08-10-04-659Z.json,3366,1995-1st-round-pick-12th-overall-philadelphia-eagles-1995,TB-1995-0155,,,Tampa Bay Buccaneers Win,Warren Sapp,tampa-bay-buccaneers,tampa-bay-buccaneers,"1995 1st round pick (12th overall, Warren Sapp), 1995 2nd round pick (43rd overall, Melvin Johnson) and 1995 2nd round pick (63rd overall subsequently traded, Shane Hannah)",Warren Sapp),assetsReceived.tampa-bay-buccaneers.3,assetsReceived.tampa-bay-buccaneers.1
B_SUBSEQUENTLY_TRADED_MANUAL,src/data/nfl/trades.backup-before-bottom-batch-018-auto-copy-v1-2026-07-05T08-10-04-659Z.json,3485,1998-1st-round-pick-23rd-overall-tampa-bay-buccaneers-1998,RAI-1998-0294,,,Oakland/Los Angeles/Las Vegas Raiders Win,Jacquez Green,tampa-bay-buccaneers,tampa-bay-buccaneers,"1998 2nd round pick (34th overall, Jacquez Green) and 1998 2nd round pick (59th overall subsequently traded, Mikhael Ricks)",Jacquez Green),assetsReceived.tampa-bay-buccaneers.0,assetsReceived.tampa-bay-buccaneers.2
B_SUBSEQUENTLY_TRADED_MANUAL,src/data/nfl/trades.backup-before-bottom-batch-018-auto-copy-v1-2026-07-05T08-10-04-659Z.json,3636,2001-1st-round-pick-21st-overall-nate-clements-and-2001-2nd-round-pick-51st-over,BUF-2001-0252,,,Buffalo Bills Win,Nate Clements,buffalo-bills,buffalo-bills,"2001 1st round pick (21st overall, Nate Clements) and 2001 2nd round pick (51st overall subsequently traded, Paul Toviessi)",Nate Clements),assetsReceived.buffalo-bills.0,assetsReceived.buffalo-bills.2
B_SUBSEQUENTLY_TRADED_MANUAL,src/data/nfl/trades.backup-before-bottom-batch-018-auto-copy-v1-2026-07-05T08-10-04-659Z.json,3829,keenan-mccardell-tampa-bay-buccaneers-2004,LAC-2004-0340,,,Los Angeles/San Diego Chargers Win,Chris Colmer,tampa-bay-buccaneers,tampa-bay-buccaneers,"2005 3rd round pick (91st overall, Chris Colmer) and 2005 6th round pick (203rd overall subsequently traded, Andrew Hoffman)",Chris Colmer),assetsReceived.tampa-bay-buccaneers.0,assetsReceived.tampa-bay-buccaneers.2
B_SUBSEQUENTLY_TRADED_MANUAL,src/data/nfl/trades.backup-before-bottom-batch-018-auto-copy-v1-2026-07-05T08-10-04-659Z.json,4025,2008-2nd-round-pick-52nd-overall-tampa-bay-buccaneers-2008,JAX-2008-0039,,,Tampa Bay Buccaneers Win,Dexter Jackson,tampa-bay-buccaneers,tampa-bay-buccaneers,"2008 2nd round pick (58th overall, Dexter Jackson), 2008 5th round pick (158th overall subsequently traded, Kellen Davis), 2009 7th round pick (217th overall, E.J. Biggers)",Dexter Jackson),assetsReceived.tampa-bay-buccaneers.0,assetsReceived.tampa-bay-buccaneers.2
B_SUBSEQUENTLY_TRADED_MANUAL,src/data/nfl/trades.backup-before-bottom-batch-018-auto-copy-v1-2026-07-05T08-10-04-659Z.json,4247,2011-4th-round-pick-104th-overall-philadelphia-eagles-2011,TB-2011-0215,,,Even Trade,Casey Matthews,philadelphia-eagles,philadelphia-eagles,"2011 4th round pick (116th overall, Casey Matthews) and 2012 4th round pick (99th overall subsequently traded, Ben Jones)",Casey Matthews),assetsReceived.philadelphia-eagles.3,assetsReceived.philadelphia-eagles.1
B_SUBSEQUENTLY_TRADED_MANUAL,src/data/nfl/trades.backup-before-bottom-batch-018-auto-copy-v1-2026-07-05T08-10-04-659Z.json,4283,2012-1st-round-pick-5th-overall-tampa-bay-buccaneers-2012,JAX-2012-0054,,,Tampa Bay Buccaneers Win,Mark Barron,tampa-bay-buccaneers,tampa-bay-buccaneers,"2012 1st round pick (7th overall, Mark Barron), 2012 4th round pick (101st overall subsequently traded, Omar Bolden)",Mark Barron),assetsReceived.tampa-bay-buccaneers.0,assetsReceived.tampa-bay-buccaneers.2
B_SUBSEQUENTLY_TRADED_MANUAL,src/data/nfl/trades.backup-before-bottom-batch-018-auto-copy-v1-2026-07-05T08-10-04-659Z.json,4404,2014-7th-round-pick-221st-overall-randell-johnson-and-2015-5th-round-pick-137th,BUF-2014-0285,,,Buffalo Bills Win,Randell Johnson,buffalo-bills,buffalo-bills,"2014 7th round pick (221st overall, Randell Johnson) and 2015 5th round pick (137th overall subsequently traded, Grady Jarrett)",Randell Johnson),assetsReceived.buffalo-bills.0,assetsReceived.buffalo-bills.2
B_SUBSEQUENTLY_TRADED_MANUAL,src/data/nfl/trades.backup-before-bottom-batch-018-auto-copy-v1-2026-07-05T08-10-04-659Z.json,4442,2015-2nd-round-pick-61st-overall-indianapolis-colts-2015,TB-2015-0233,,,Tampa Bay Buccaneers Win,Ali Marpet,tampa-bay-buccaneers,tampa-bay-buccaneers,"2015 2nd round pick (61st overall, Ali Marpet) and 2015 4th round pick (128th overall subsequently traded, Jon Feliciano)",Ali Marpet),assetsReceived.tampa-bay-buccaneers.3,assetsReceived.tampa-bay-buccaneers.1
B_SUBSEQUENTLY_TRADED_MANUAL,src/data/nfl/trades.backup-before-bottom-batch-018-auto-copy-v1-2026-07-05T08-10-04-659Z.json,4484,2016-1st-round-pick-11th-overall-chicago-bears-2016,TB-2016-0235,,,Chicago Bears Win,Vernon Hargreaves,tampa-bay-buccaneers,tampa-bay-buccaneers,"2016 1st round pick (11th overall, Vernon Hargreaves) and 2016 4th round pick (106th overall subsequently traded, Eric Murray)",Vernon Hargreaves),assetsReceived.tampa-bay-buccaneers.3,assetsReceived.tampa-bay-buccaneers.1
B_SUBSEQUENTLY_TRADED_MANUAL,src/data/nfl/trades.backup-before-bottom-batch-018-auto-copy-v1-2026-07-05T08-10-04-659Z.json,4558,2017-7th-round-pick-237th-overall-buccaneers-2017,MIA-2017-0273,,,Miami Dolphins Win,Isaiah Ford,miami-dolphins,miami-dolphins,"2017 7th round pick (237th overall, Isaiah Ford) and 2018 7th round pick (223rd overall subsequently traded, Jullian Taylor)",Isaiah Ford),assetsReceived.miami-dolphins.0,assetsReceived.miami-dolphins.2
B_SUBSEQUENTLY_TRADED_MANUAL,src/data/nfl/trades.backup-before-bottom-batch-018-auto-copy-v1-2026-07-05T08-10-04-659Z.json,4644,2018-4th-round-pick-102nd-overall-jalyn-holmes-tampa-bay-buccaneers-2018,MIN-2018-0260,,,Tampa Bay Buccaneers Win,Jalyn Holmes,minnesota-vikings,minnesota-vikings,"2018 4th round pick (102nd overall, Jalyn Holmes) and 2018 6th round pick (180th overall subsequently traded, Folorunso Fatukasi)",Jalyn Holmes),assetsReceived.minnesota-vikings.0,assetsReceived.minnesota-vikings.2
B_SUBSEQUENTLY_TRADED_MANUAL,src/data/nfl/trades.backup-before-bottom-batch-018-auto-copy-v1-2026-07-05T08-10-04-659Z.json,4823,2020-1st-round-pick-14th-overall-javon-kinlaw-tampa-bay-buccaneers-2020,SF-2020-0401,,,Tampa Bay Buccaneers Win,Javon Kinlaw,san-francisco-49ers,san-francisco-49ers,"2020 1st round pick (14th overall, Javon Kinlaw) and 2020 4th round pick (117th overall subsequently traded, D.J. Wonnum)",Javon Kinlaw),assetsReceived.san-francisco-49ers.0,assetsReceived.san-francisco-49ers.2
B_SUBSEQUENTLY_TRADED_MANUAL,src/data/nfl/trades.backup-before-bottom-batch-018-auto-copy-v1-2026-07-05T08-10-04-659Z.json,4990,2022-1st-round-pick-27th-overall-tampa-bay-buccaneers-2022,JAX-2022-0089,,,Tampa Bay Buccaneers Win,Logan Hall,tampa-bay-buccaneers,tampa-bay-buccaneers,"2022 2nd round pick (33rd overall, Logan Hall), 2022 4th round pick (106th overall, Cade Otton), 2022 6th round pick (180th overall subsequently traded, Matt Araiza)",Logan Hall),assetsReceived.tampa-bay-buccaneers.0,assetsReceived.tampa-bay-buccaneers.2
B_SUBSEQUENTLY_TRADED_MANUAL,src/data/nfl/trades.backup-before-bottom-batch-018-auto-copy-v1-2026-07-05T08-10-04-659Z.json,5014,2023-4th-round-pick-121st-overall-tampa-bay-buccaneers-2022,JAX-2022-0091,,,Jacksonville Jaguars Win,Zyon McCollum,tampa-bay-buccaneers,tampa-bay-buccaneers,"2022 5th round pick (157th overall, Zyon McCollum), 2022 7th round pick (235th overall subsequently traded, Daniel Hardy)",Zyon McCollum),assetsReceived.tampa-bay-buccaneers.0,assetsReceived.tampa-bay-buccaneers.2
B_SUBSEQUENTLY_TRADED_MANUAL,src/data/nfl/trades.backup-before-bottom-batch-018-final-14-v1-2026-07-05T08-16-56-664Z.json,3366,1995-1st-round-pick-12th-overall-philadelphia-eagles-1995,TB-1995-0155,,,Tampa Bay Buccaneers Win,Warren Sapp,tampa-bay-buccaneers,tampa-bay-buccaneers,"1995 1st round pick (12th overall, Warren Sapp), 1995 2nd round pick (43rd overall, Melvin Johnson) and 1995 2nd round pick (63rd overall subsequently traded, Shane Hannah)",Warren Sapp),assetsReceived.tampa-bay-buccaneers.3,assetsReceived.tampa-bay-buccaneers.1
B_SUBSEQUENTLY_TRADED_MANUAL,src/data/nfl/trades.backup-before-bottom-batch-018-final-14-v1-2026-07-05T08-16-56-664Z.json,3485,1998-1st-round-pick-23rd-overall-tampa-bay-buccaneers-1998,RAI-1998-0294,,,Oakland/Los Angeles/Las Vegas Raiders Win,Jacquez Green,tampa-bay-buccaneers,tampa-bay-buccaneers,"1998 2nd round pick (34th overall, Jacquez Green) and 1998 2nd round pick (59th overall subsequently traded, Mikhael Ricks)",Jacquez Green),assetsReceived.tampa-bay-buccaneers.0,assetsReceived.tampa-bay-buccaneers.2
B_SUBSEQUENTLY_TRADED_MANUAL,src/data/nfl/trades.backup-before-bottom-batch-018-final-14-v1-2026-07-05T08-16-56-664Z.json,3636,2001-1st-round-pick-21st-overall-nate-clements-and-2001-2nd-round-pick-51st-over,BUF-2001-0252,,,Buffalo Bills Win,Nate Clements,buffalo-bills,buffalo-bills,"2001 1st round pick (21st overall, Nate Clements) and 2001 2nd round pick (51st overall subsequently traded, Paul Toviessi)",Nate Clements),assetsReceived.buffalo-bills.0,assetsReceived.buffalo-bills.2
B_SUBSEQUENTLY_TRADED_MANUAL,src/data/nfl/trades.backup-before-bottom-batch-018-final-14-v1-2026-07-05T08-16-56-664Z.json,3829,keenan-mccardell-tampa-bay-buccaneers-2004,LAC-2004-0340,,,Los Angeles/San Diego Chargers Win,Chris Colmer,tampa-bay-buccaneers,tampa-bay-buccaneers,"2005 3rd round pick (91st overall, Chris Colmer) and 2005 6th round pick (203rd overall subsequently traded, Andrew Hoffman)",Chris Colmer),assetsReceived.tampa-bay-buccaneers.0,assetsReceived.tampa-bay-buccaneers.2
B_SUBSEQUENTLY_TRADED_MANUAL,src/data/nfl/trades.backup-before-bottom-batch-018-final-14-v1-2026-07-05T08-16-56-664Z.json,4025,2008-2nd-round-pick-52nd-overall-tampa-bay-buccaneers-2008,JAX-2008-0039,,,Tampa Bay Buccaneers Win,Dexter Jackson,tampa-bay-buccaneers,tampa-bay-buccaneers,"2008 2nd round pick (58th overall, Dexter Jackson), 2008 5th round pick (158th overall subsequently traded, Kellen Davis), 2009 7th round pick (217th overall, E.J. Biggers)",Dexter Jackson),assetsReceived.tampa-bay-buccaneers.0,assetsReceived.tampa-bay-buccaneers.2
B_SUBSEQUENTLY_TRADED_MANUAL,src/data/nfl/trades.backup-before-bottom-batch-018-final-14-v1-2026-07-05T08-16-56-664Z.json,4247,2011-4th-round-pick-104th-overall-philadelphia-eagles-2011,TB-2011-0215,,,Even Trade,Casey Matthews,philadelphia-eagles,philadelphia-eagles,"2011 4th round pick (116th overall, Casey Matthews) and 2012 4th round pick (99th overall subsequently traded, Ben Jones)",Casey Matthews),assetsReceived.philadelphia-eagles.3,assetsReceived.philadelphia-eagles.1
B_SUBSEQUENTLY_TRADED_MANUAL,src/data/nfl/trades.backup-before-bottom-batch-018-final-14-v1-2026-07-05T08-16-56-664Z.json,4283,2012-1st-round-pick-5th-overall-tampa-bay-buccaneers-2012,JAX-2012-0054,,,Tampa Bay Buccaneers Win,Mark Barron,tampa-bay-buccaneers,tampa-bay-buccaneers,"2012 1st round pick (7th overall, Mark Barron), 2012 4th round pick (101st overall subsequently traded, Omar Bolden)",Mark Barron),assetsReceived.tampa-bay-buccaneers.0,assetsReceived.tampa-bay-buccaneers.2
B_SUBSEQUENTLY_TRADED_MANUAL,src/data/nfl/trades.backup-before-bottom-batch-018-final-14-v1-2026-07-05T08-16-56-664Z.json,4404,2014-7th-round-pick-221st-overall-randell-johnson-and-2015-5th-round-pick-137th,BUF-2014-0285,,,Buffalo Bills Win,Randell Johnson,buffalo-bills,buffalo-bills,"2014 7th round pick (221st overall, Randell Johnson) and 2015 5th round pick (137th overall subsequently traded, Grady Jarrett)",Randell Johnson),assetsReceived.buffalo-bills.0,assetsReceived.buffalo-bills.2
B_SUBSEQUENTLY_TRADED_MANUAL,src/data/nfl/trades.backup-before-bottom-batch-018-final-14-v1-2026-07-05T08-16-56-664Z.json,4442,2015-2nd-round-pick-61st-overall-indianapolis-colts-2015,TB-2015-0233,,,Tampa Bay Buccaneers Win,Ali Marpet,tampa-bay-buccaneers,tampa-bay-buccaneers,"2015 2nd round pick (61st overall, Ali Marpet) and 2015 4th round pick (128th overall subsequently traded, Jon Feliciano)",Ali Marpet),assetsReceived.tampa-bay-buccaneers.3,assetsReceived.tampa-bay-buccaneers.1
B_SUBSEQUENTLY_TRADED_MANUAL,src/data/nfl/trades.backup-before-bottom-batch-018-final-14-v1-2026-07-05T08-16-56-664Z.json,4484,2016-1st-round-pick-11th-overall-chicago-bears-2016,TB-2016-0235,,,Chicago Bears Win,Vernon Hargreaves,tampa-bay-buccaneers,tampa-bay-buccaneers,"2016 1st round pick (11th overall, Vernon Hargreaves) and 2016 4th round pick (106th overall subsequently traded, Eric Murray)",Vernon Hargreaves),assetsReceived.tampa-bay-buccaneers.3,assetsReceived.tampa-bay-buccaneers.1
B_SUBSEQUENTLY_TRADED_MANUAL,src/data/nfl/trades.backup-before-bottom-batch-018-final-14-v1-2026-07-05T08-16-56-664Z.json,4558,2017-7th-round-pick-237th-overall-buccaneers-2017,MIA-2017-0273,,,Miami Dolphins Win,Isaiah Ford,miami-dolphins,miami-dolphins,"2017 7th round pick (237th overall, Isaiah Ford) and 2018 7th round pick (223rd overall subsequently traded, Jullian Taylor)",Isaiah Ford),assetsReceived.miami-dolphins.0,assetsReceived.miami-dolphins.2
B_SUBSEQUENTLY_TRADED_MANUAL,src/data/nfl/trades.backup-before-bottom-batch-018-final-14-v1-2026-07-05T08-16-56-664Z.json,4644,2018-4th-round-pick-102nd-overall-jalyn-holmes-tampa-bay-buccaneers-2018,MIN-2018-0260,,,Tampa Bay Buccaneers Win,Jalyn Holmes,minnesota-vikings,minnesota-vikings,"2018 4th round pick (102nd overall, Jalyn Holmes) and 2018 6th round pick (180th overall subsequently traded, Folorunso Fatukasi)",Jalyn Holmes),assetsReceived.minnesota-vikings.0,assetsReceived.minnesota-vikings.2
B_SUBSEQUENTLY_TRADED_MANUAL,src/data/nfl/trades.backup-before-bottom-batch-018-final-14-v1-2026-07-05T08-16-56-664Z.json,4823,2020-1st-round-pick-14th-overall-javon-kinlaw-tampa-bay-buccaneers-2020,SF-2020-0401,,,Tampa Bay Buccaneers Win,Javon Kinlaw,san-francisco-49ers,san-francisco-49ers,"2020 1st round pick (14th overall, Javon Kinlaw) and 2020 4th round pick (117th overall subsequently traded, D.J. Wonnum)",Javon Kinlaw),assetsReceived.san-francisco-49ers.0,assetsReceived.san-francisco-49ers.2
B_SUBSEQUENTLY_TRADED_MANUAL,src/data/nfl/trades.backup-before-bottom-batch-018-final-14-v1-2026-07-05T08-16-56-664Z.json,4990,2022-1st-round-pick-27th-overall-tampa-bay-buccaneers-2022,JAX-2022-0089,,,Tampa Bay Buccaneers Win,Logan Hall,tampa-bay-buccaneers,tampa-bay-buccaneers,"2022 2nd round pick (33rd overall, Logan Hall), 2022 4th round pick (106th overall, Cade Otton), 2022 6th round pick (180th overall subsequently traded, Matt Araiza)",Logan Hall),assetsReceived.tampa-bay-buccaneers.0,assetsReceived.tampa-bay-buccaneers.2
B_SUBSEQUENTLY_TRADED_MANUAL,src/data/nfl/trades.backup-before-bottom-batch-018-final-14-v1-2026-07-05T08-16-56-664Z.json,5014,2023-4th-round-pick-121st-overall-tampa-bay-buccaneers-2022,JAX-2022-0091,,,Jacksonville Jaguars Win,Zyon McCollum,tampa-bay-buccaneers,tampa-bay-buccaneers,"2022 5th round pick (157th overall, Zyon McCollum), 2022 7th round pick (235th overall subsequently traded, Daniel Hardy)",Zyon McCollum),assetsReceived.tampa-bay-buccaneers.0,assetsReceived.tampa-bay-buccaneers.2
B_SUBSEQUENTLY_TRADED_MANUAL,src/data/nfl/trades.backup-before-bottom-batch-019-auto-copy-v1-2026-07-05T08-20-22-059Z.json,3366,1995-1st-round-pick-12th-overall-philadelphia-eagles-1995,TB-1995-0155,,,Tampa Bay Buccaneers Win,Warren Sapp,tampa-bay-buccaneers,tampa-bay-buccaneers,"1995 1st round pick (12th overall, Warren Sapp), 1995 2nd round pick (43rd overall, Melvin Johnson) and 1995 2nd round pick (63rd overall subsequently traded, Shane Hannah)",Warren Sapp),assetsReceived.tampa-bay-buccaneers.3,assetsReceived.tampa-bay-buccaneers.1
B_SUBSEQUENTLY_TRADED_MANUAL,src/data/nfl/trades.backup-before-bottom-batch-019-auto-copy-v1-2026-07-05T08-20-22-059Z.json,3485,1998-1st-round-pick-23rd-overall-tampa-bay-buccaneers-1998,RAI-1998-0294,,,Oakland/Los Angeles/Las Vegas Raiders Win,Jacquez Green,tampa-bay-buccaneers,tampa-bay-buccaneers,"1998 2nd round pick (34th overall, Jacquez Green) and 1998 2nd round pick (59th overall subsequently traded, Mikhael Ricks)",Jacquez Green),assetsReceived.tampa-bay-buccaneers.0,assetsReceived.tampa-bay-buccaneers.2
B_SUBSEQUENTLY_TRADED_MANUAL,src/data/nfl/trades.backup-before-bottom-batch-019-auto-copy-v1-2026-07-05T08-20-22-059Z.json,3635,2001-1st-round-pick-21st-overall-nate-clements-and-2001-2nd-round-pick-51st-over,BUF-2001-0252,,,Buffalo Bills Win,Nate Clements,buffalo-bills,buffalo-bills,"2001 1st round pick (21st overall, Nate Clements) and 2001 2nd round pick (51st overall subsequently traded, Paul Toviessi)",Nate Clements),assetsReceived.buffalo-bills.0,assetsReceived.buffalo-bills.2
B_SUBSEQUENTLY_TRADED_MANUAL,src/data/nfl/trades.backup-before-bottom-batch-019-auto-copy-v1-2026-07-05T08-20-22-059Z.json,3828,keenan-mccardell-tampa-bay-buccaneers-2004,LAC-2004-0340,,,Los Angeles/San Diego Chargers Win,Chris Colmer,tampa-bay-buccaneers,tampa-bay-buccaneers,"2005 3rd round pick (91st overall, Chris Colmer) and 2005 6th round pick (203rd overall subsequently traded, Andrew Hoffman)",Chris Colmer),assetsReceived.tampa-bay-buccaneers.0,assetsReceived.tampa-bay-buccaneers.2
B_SUBSEQUENTLY_TRADED_MANUAL,src/data/nfl/trades.backup-before-bottom-batch-019-auto-copy-v1-2026-07-05T08-20-22-059Z.json,4024,2008-2nd-round-pick-52nd-overall-tampa-bay-buccaneers-2008,JAX-2008-0039,,,Tampa Bay Buccaneers Win,Dexter Jackson,tampa-bay-buccaneers,tampa-bay-buccaneers,"2008 2nd round pick (58th overall, Dexter Jackson), 2008 5th round pick (158th overall subsequently traded, Kellen Davis), 2009 7th round pick (217th overall, E.J. Biggers)",Dexter Jackson),assetsReceived.tampa-bay-buccaneers.0,assetsReceived.tampa-bay-buccaneers.2
B_SUBSEQUENTLY_TRADED_MANUAL,src/data/nfl/trades.backup-before-bottom-batch-019-auto-copy-v1-2026-07-05T08-20-22-059Z.json,4246,2011-4th-round-pick-104th-overall-philadelphia-eagles-2011,TB-2011-0215,,,Even Trade,Casey Matthews,philadelphia-eagles,philadelphia-eagles,"2011 4th round pick (116th overall, Casey Matthews) and 2012 4th round pick (99th overall subsequently traded, Ben Jones)",Casey Matthews),assetsReceived.philadelphia-eagles.3,assetsReceived.philadelphia-eagles.1
B_SUBSEQUENTLY_TRADED_MANUAL,src/data/nfl/trades.backup-before-bottom-batch-019-auto-copy-v1-2026-07-05T08-20-22-059Z.json,4282,2012-1st-round-pick-5th-overall-tampa-bay-buccaneers-2012,JAX-2012-0054,,,Tampa Bay Buccaneers Win,Mark Barron,tampa-bay-buccaneers,tampa-bay-buccaneers,"2012 1st round pick (7th overall, Mark Barron), 2012 4th round pick (101st overall subsequently traded, Omar Bolden)",Mark Barron),assetsReceived.tampa-bay-buccaneers.0,assetsReceived.tampa-bay-buccaneers.2
B_SUBSEQUENTLY_TRADED_MANUAL,src/data/nfl/trades.backup-before-bottom-batch-019-auto-copy-v1-2026-07-05T08-20-22-059Z.json,4403,2014-7th-round-pick-221st-overall-randell-johnson-and-2015-5th-round-pick-137th,BUF-2014-0285,,,Buffalo Bills Win,Randell Johnson,buffalo-bills,buffalo-bills,"2014 7th round pick (221st overall, Randell Johnson) and 2015 5th round pick (137th overall subsequently traded, Grady Jarrett)",Randell Johnson),assetsReceived.buffalo-bills.0,assetsReceived.buffalo-bills.2
B_SUBSEQUENTLY_TRADED_MANUAL,src/data/nfl/trades.backup-before-bottom-batch-019-auto-copy-v1-2026-07-05T08-20-22-059Z.json,4441,2015-2nd-round-pick-61st-overall-indianapolis-colts-2015,TB-2015-0233,,,Tampa Bay Buccaneers Win,Ali Marpet,tampa-bay-buccaneers,tampa-bay-buccaneers,"2015 2nd round pick (61st overall, Ali Marpet) and 2015 4th round pick (128th overall subsequently traded, Jon Feliciano)",Ali Marpet),assetsReceived.tampa-bay-buccaneers.3,assetsReceived.tampa-bay-buccaneers.1
B_SUBSEQUENTLY_TRADED_MANUAL,src/data/nfl/trades.backup-before-bottom-batch-019-auto-copy-v1-2026-07-05T08-20-22-059Z.json,4483,2016-1st-round-pick-11th-overall-chicago-bears-2016,TB-2016-0235,,,Chicago Bears Win,Vernon Hargreaves,tampa-bay-buccaneers,tampa-bay-buccaneers,"2016 1st round pick (11th overall, Vernon Hargreaves) and 2016 4th round pick (106th overall subsequently traded, Eric Murray)",Vernon Hargreaves),assetsReceived.tampa-bay-buccaneers.3,assetsReceived.tampa-bay-buccaneers.1
B_SUBSEQUENTLY_TRADED_MANUAL,src/data/nfl/trades.backup-before-bottom-batch-019-auto-copy-v1-2026-07-05T08-20-22-059Z.json,4557,2017-7th-round-pick-237th-overall-buccaneers-2017,MIA-2017-0273,,,Miami Dolphins Win,Isaiah Ford,miami-dolphins,miami-dolphins,"2017 7th round pick (237th overall, Isaiah Ford) and 2018 7th round pick (223rd overall subsequently traded, Jullian Taylor)",Isaiah Ford),assetsReceived.miami-dolphins.0,assetsReceived.miami-dolphins.2
B_SUBSEQUENTLY_TRADED_MANUAL,src/data/nfl/trades.backup-before-bottom-batch-019-auto-copy-v1-2026-07-05T08-20-22-059Z.json,4643,2018-4th-round-pick-102nd-overall-jalyn-holmes-tampa-bay-buccaneers-2018,MIN-2018-0260,,,Tampa Bay Buccaneers Win,Jalyn Holmes,minnesota-vikings,minnesota-vikings,"2018 4th round pick (102nd overall, Jalyn Holmes) and 2018 6th round pick (180th overall subsequently traded, Folorunso Fatukasi)",Jalyn Holmes),assetsReceived.minnesota-vikings.0,assetsReceived.minnesota-vikings.2
B_SUBSEQUENTLY_TRADED_MANUAL,src/data/nfl/trades.backup-before-bottom-batch-019-auto-copy-v1-2026-07-05T08-20-22-059Z.json,4822,2020-1st-round-pick-14th-overall-javon-kinlaw-tampa-bay-buccaneers-2020,SF-2020-0401,,,Tampa Bay Buccaneers Win,Javon Kinlaw,san-francisco-49ers,san-francisco-49ers,"2020 1st round pick (14th overall, Javon Kinlaw) and 2020 4th round pick (117th overall subsequently traded, D.J. Wonnum)",Javon Kinlaw),assetsReceived.san-francisco-49ers.0,assetsReceived.san-francisco-49ers.2
B_SUBSEQUENTLY_TRADED_MANUAL,src/data/nfl/trades.backup-before-bottom-batch-019-auto-copy-v1-2026-07-05T08-20-22-059Z.json,4989,2022-1st-round-pick-27th-overall-tampa-bay-buccaneers-2022,JAX-2022-0089,,,Tampa Bay Buccaneers Win,Logan Hall,tampa-bay-buccaneers,tampa-bay-buccaneers,"2022 2nd round pick (33rd overall, Logan Hall), 2022 4th round pick (106th overall, Cade Otton), 2022 6th round pick (180th overall subsequently traded, Matt Araiza)",Logan Hall),assetsReceived.tampa-bay-buccaneers.0,assetsReceived.tampa-bay-buccaneers.2
B_SUBSEQUENTLY_TRADED_MANUAL,src/data/nfl/trades.backup-before-bottom-batch-019-auto-copy-v1-2026-07-05T08-20-22-059Z.json,5013,2023-4th-round-pick-121st-overall-tampa-bay-buccaneers-2022,JAX-2022-0091,,,Jacksonville Jaguars Win,Zyon McCollum,tampa-bay-buccaneers,tampa-bay-buccaneers,"2022 5th round pick (157th overall, Zyon McCollum), 2022 7th round pick (235th overall subsequently traded, Daniel Hardy)",Zyon McCollum),assetsReceived.tampa-bay-buccaneers.0,assetsReceived.tampa-bay-buccaneers.2
B_SUBSEQUENTLY_TRADED_MANUAL,src/data/nfl/trades.backup-before-bottom-batch-019-final-26-v1-2026-07-05T08-36-10-749Z.json,3366,1995-1st-round-pick-12th-overall-philadelphia-eagles-1995,TB-1995-0155,,,Tampa Bay Buccaneers Win,Warren Sapp,tampa-bay-buccaneers,tampa-bay-buccaneers,"1995 1st round pick (12th overall, Warren Sapp), 1995 2nd round pick (43rd overall, Melvin Johnson) and 1995 2nd round pick (63rd overall subsequently traded, Shane Hannah)",Warren Sapp),assetsReceived.tampa-bay-buccaneers.3,assetsReceived.tampa-bay-buccaneers.1
B_SUBSEQUENTLY_TRADED_MANUAL,src/data/nfl/trades.backup-before-bottom-batch-019-final-26-v1-2026-07-05T08-36-10-749Z.json,3485,1998-1st-round-pick-23rd-overall-tampa-bay-buccaneers-1998,RAI-1998-0294,,,Oakland/Los Angeles/Las Vegas Raiders Win,Jacquez Green,tampa-bay-buccaneers,tampa-bay-buccaneers,"1998 2nd round pick (34th overall, Jacquez Green) and 1998 2nd round pick (59th overall subsequently traded, Mikhael Ricks)",Jacquez Green),assetsReceived.tampa-bay-buccaneers.0,assetsReceived.tampa-bay-buccaneers.2
B_SUBSEQUENTLY_TRADED_MANUAL,src/data/nfl/trades.backup-before-bottom-batch-019-final-26-v1-2026-07-05T08-36-10-749Z.json,3635,2001-1st-round-pick-21st-overall-nate-clements-and-2001-2nd-round-pick-51st-over,BUF-2001-0252,,,Buffalo Bills Win,Nate Clements,buffalo-bills,buffalo-bills,"2001 1st round pick (21st overall, Nate Clements) and 2001 2nd round pick (51st overall subsequently traded, Paul Toviessi)",Nate Clements),assetsReceived.buffalo-bills.0,assetsReceived.buffalo-bills.2
B_SUBSEQUENTLY_TRADED_MANUAL,src/data/nfl/trades.backup-before-bottom-batch-019-final-26-v1-2026-07-05T08-36-10-749Z.json,3828,keenan-mccardell-tampa-bay-buccaneers-2004,LAC-2004-0340,,,Los Angeles/San Diego Chargers Win,Chris Colmer,tampa-bay-buccaneers,tampa-bay-buccaneers,"2005 3rd round pick (91st overall, Chris Colmer) and 2005 6th round pick (203rd overall subsequently traded, Andrew Hoffman)",Chris Colmer),assetsReceived.tampa-bay-buccaneers.0,assetsReceived.tampa-bay-buccaneers.2
B_SUBSEQUENTLY_TRADED_MANUAL,src/data/nfl/trades.backup-before-bottom-batch-019-final-26-v1-2026-07-05T08-36-10-749Z.json,4024,2008-2nd-round-pick-52nd-overall-tampa-bay-buccaneers-2008,JAX-2008-0039,,,Tampa Bay Buccaneers Win,Dexter Jackson,tampa-bay-buccaneers,tampa-bay-buccaneers,"2008 2nd round pick (58th overall, Dexter Jackson), 2008 5th round pick (158th overall subsequently traded, Kellen Davis), 2009 7th round pick (217th overall, E.J. Biggers)",Dexter Jackson),assetsReceived.tampa-bay-buccaneers.0,assetsReceived.tampa-bay-buccaneers.2
B_SUBSEQUENTLY_TRADED_MANUAL,src/data/nfl/trades.backup-before-bottom-batch-019-final-26-v1-2026-07-05T08-36-10-749Z.json,4246,2011-4th-round-pick-104th-overall-philadelphia-eagles-2011,TB-2011-0215,,,Even Trade,Casey Matthews,philadelphia-eagles,philadelphia-eagles,"2011 4th round pick (116th overall, Casey Matthews) and 2012 4th round pick (99th overall subsequently traded, Ben Jones)",Casey Matthews),assetsReceived.philadelphia-eagles.3,assetsReceived.philadelphia-eagles.1
B_SUBSEQUENTLY_TRADED_MANUAL,src/data/nfl/trades.backup-before-bottom-batch-019-final-26-v1-2026-07-05T08-36-10-749Z.json,4282,2012-1st-round-pick-5th-overall-tampa-bay-buccaneers-2012,JAX-2012-0054,,,Tampa Bay Buccaneers Win,Mark Barron,tampa-bay-buccaneers,tampa-bay-buccaneers,"2012 1st round pick (7th overall, Mark Barron), 2012 4th round pick (101st overall subsequently traded, Omar Bolden)",Mark Barron),assetsReceived.tampa-bay-buccaneers.0,assetsReceived.tampa-bay-buccaneers.2
B_SUBSEQUENTLY_TRADED_MANUAL,src/data/nfl/trades.backup-before-bottom-batch-019-final-26-v1-2026-07-05T08-36-10-749Z.json,4403,2014-7th-round-pick-221st-overall-randell-johnson-and-2015-5th-round-pick-137th,BUF-2014-0285,,,Buffalo Bills Win,Randell Johnson,buffalo-bills,buffalo-bills,"2014 7th round pick (221st overall, Randell Johnson) and 2015 5th round pick (137th overall subsequently traded, Grady Jarrett)",Randell Johnson),assetsReceived.buffalo-bills.0,assetsReceived.buffalo-bills.2
B_SUBSEQUENTLY_TRADED_MANUAL,src/data/nfl/trades.backup-before-bottom-batch-019-final-26-v1-2026-07-05T08-36-10-749Z.json,4441,2015-2nd-round-pick-61st-overall-indianapolis-colts-2015,TB-2015-0233,,,Tampa Bay Buccaneers Win,Ali Marpet,tampa-bay-buccaneers,tampa-bay-buccaneers,"2015 2nd round pick (61st overall, Ali Marpet) and 2015 4th round pick (128th overall subsequently traded, Jon Feliciano)",Ali Marpet),assetsReceived.tampa-bay-buccaneers.3,assetsReceived.tampa-bay-buccaneers.1
B_SUBSEQUENTLY_TRADED_MANUAL,src/data/nfl/trades.backup-before-bottom-batch-019-final-26-v1-2026-07-05T08-36-10-749Z.json,4483,2016-1st-round-pick-11th-overall-chicago-bears-2016,TB-2016-0235,,,Chicago Bears Win,Vernon Hargreaves,tampa-bay-buccaneers,tampa-bay-buccaneers,"2016 1st round pick (11th overall, Vernon Hargreaves) and 2016 4th round pick (106th overall subsequently traded, Eric Murray)",Vernon Hargreaves),assetsReceived.tampa-bay-buccaneers.3,assetsReceived.tampa-bay-buccaneers.1
B_SUBSEQUENTLY_TRADED_MANUAL,src/data/nfl/trades.backup-before-bottom-batch-019-final-26-v1-2026-07-05T08-36-10-749Z.json,4557,2017-7th-round-pick-237th-overall-buccaneers-2017,MIA-2017-0273,,,Miami Dolphins Win,Isaiah Ford,miami-dolphins,miami-dolphins,"2017 7th round pick (237th overall, Isaiah Ford) and 2018 7th round pick (223rd overall subsequently traded, Jullian Taylor)",Isaiah Ford),assetsReceived.miami-dolphins.0,assetsReceived.miami-dolphins.2
B_SUBSEQUENTLY_TRADED_MANUAL,src/data/nfl/trades.backup-before-bottom-batch-019-final-26-v1-2026-07-05T08-36-10-749Z.json,4643,2018-4th-round-pick-102nd-overall-jalyn-holmes-tampa-bay-buccaneers-2018,MIN-2018-0260,,,Tampa Bay Buccaneers Win,Jalyn Holmes,minnesota-vikings,minnesota-vikings,"2018 4th round pick (102nd overall, Jalyn Holmes) and 2018 6th round pick (180th overall subsequently traded, Folorunso Fatukasi)",Jalyn Holmes),assetsReceived.minnesota-vikings.0,assetsReceived.minnesota-vikings.2
B_SUBSEQUENTLY_TRADED_MANUAL,src/data/nfl/trades.backup-before-bottom-batch-019-final-26-v1-2026-07-05T08-36-10-749Z.json,4822,2020-1st-round-pick-14th-overall-javon-kinlaw-tampa-bay-buccaneers-2020,SF-2020-0401,,,Tampa Bay Buccaneers Win,Javon Kinlaw,san-francisco-49ers,san-francisco-49ers,"2020 1st round pick (14th overall, Javon Kinlaw) and 2020 4th round pick (117th overall subsequently traded, D.J. Wonnum)",Javon Kinlaw),assetsReceived.san-francisco-49ers.0,assetsReceived.san-francisco-49ers.2
B_SUBSEQUENTLY_TRADED_MANUAL,src/data/nfl/trades.backup-before-bottom-batch-019-final-26-v1-2026-07-05T08-36-10-749Z.json,4989,2022-1st-round-pick-27th-overall-tampa-bay-buccaneers-2022,JAX-2022-0089,,,Tampa Bay Buccaneers Win,Logan Hall,tampa-bay-buccaneers,tampa-bay-buccaneers,"2022 2nd round pick (33rd overall, Logan Hall), 2022 4th round pick (106th overall, Cade Otton), 2022 6th round pick (180th overall subsequently traded, Matt Araiza)",Logan Hall),assetsReceived.tampa-bay-buccaneers.0,assetsReceived.tampa-bay-buccaneers.2
B_SUBSEQUENTLY_TRADED_MANUAL,src/data/nfl/trades.backup-before-bottom-batch-019-final-26-v1-2026-07-05T08-36-10-749Z.json,5013,2023-4th-round-pick-121st-overall-tampa-bay-buccaneers-2022,JAX-2022-0091,,,Jacksonville Jaguars Win,Zyon McCollum,tampa-bay-buccaneers,tampa-bay-buccaneers,"2022 5th round pick (157th overall, Zyon McCollum), 2022 7th round pick (235th overall subsequently traded, Daniel Hardy)",Zyon McCollum),assetsReceived.tampa-bay-buccaneers.0,assetsReceived.tampa-bay-buccaneers.2
B_SUBSEQUENTLY_TRADED_MANUAL,src/data/nfl/trades.backup-before-bottom-batch-020-auto-copy-v1-2026-07-06T02-59-50-942Z.json,3366,1995-1st-round-pick-12th-overall-philadelphia-eagles-1995,TB-1995-0155,,,Tampa Bay Buccaneers Win,Warren Sapp,tampa-bay-buccaneers,tampa-bay-buccaneers,"1995 1st round pick (12th overall, Warren Sapp), 1995 2nd round pick (43rd overall, Melvin Johnson) and 1995 2nd round pick (63rd overall subsequently traded, Shane Hannah)",Warren Sapp),assetsReceived.tampa-bay-buccaneers.3,assetsReceived.tampa-bay-buccaneers.1
B_SUBSEQUENTLY_TRADED_MANUAL,src/data/nfl/trades.backup-before-bottom-batch-020-auto-copy-v1-2026-07-06T02-59-50-942Z.json,3485,1998-1st-round-pick-23rd-overall-tampa-bay-buccaneers-1998,RAI-1998-0294,,,Oakland/Los Angeles/Las Vegas Raiders Win,Jacquez Green,tampa-bay-buccaneers,tampa-bay-buccaneers,"1998 2nd round pick (34th overall, Jacquez Green) and 1998 2nd round pick (59th overall subsequently traded, Mikhael Ricks)",Jacquez Green),assetsReceived.tampa-bay-buccaneers.0,assetsReceived.tampa-bay-buccaneers.2
B_SUBSEQUENTLY_TRADED_MANUAL,src/data/nfl/trades.backup-before-bottom-batch-020-auto-copy-v1-2026-07-06T02-59-50-942Z.json,3635,2001-1st-round-pick-21st-overall-nate-clements-and-2001-2nd-round-pick-51st-over,BUF-2001-0252,,,Buffalo Bills Win,Nate Clements,buffalo-bills,buffalo-bills,"2001 1st round pick (21st overall, Nate Clements) and 2001 2nd round pick (51st overall subsequently traded, Paul Toviessi)",Nate Clements),assetsReceived.buffalo-bills.0,assetsReceived.buffalo-bills.2
B_SUBSEQUENTLY_TRADED_MANUAL,src/data/nfl/trades.backup-before-bottom-batch-020-auto-copy-v1-2026-07-06T02-59-50-942Z.json,3828,keenan-mccardell-tampa-bay-buccaneers-2004,LAC-2004-0340,,,Los Angeles/San Diego Chargers Win,Chris Colmer,tampa-bay-buccaneers,tampa-bay-buccaneers,"2005 3rd round pick (91st overall, Chris Colmer) and 2005 6th round pick (203rd overall subsequently traded, Andrew Hoffman)",Chris Colmer),assetsReceived.tampa-bay-buccaneers.0,assetsReceived.tampa-bay-buccaneers.2
B_SUBSEQUENTLY_TRADED_MANUAL,src/data/nfl/trades.backup-before-bottom-batch-020-auto-copy-v1-2026-07-06T02-59-50-942Z.json,4024,2008-2nd-round-pick-52nd-overall-tampa-bay-buccaneers-2008,JAX-2008-0039,,,Tampa Bay Buccaneers Win,Dexter Jackson,tampa-bay-buccaneers,tampa-bay-buccaneers,"2008 2nd round pick (58th overall, Dexter Jackson), 2008 5th round pick (158th overall subsequently traded, Kellen Davis), 2009 7th round pick (217th overall, E.J. Biggers)",Dexter Jackson),assetsReceived.tampa-bay-buccaneers.0,assetsReceived.tampa-bay-buccaneers.2
B_SUBSEQUENTLY_TRADED_MANUAL,src/data/nfl/trades.backup-before-bottom-batch-020-auto-copy-v1-2026-07-06T02-59-50-942Z.json,4246,2011-4th-round-pick-104th-overall-philadelphia-eagles-2011,TB-2011-0215,,,Even Trade,Casey Matthews,philadelphia-eagles,philadelphia-eagles,"2011 4th round pick (116th overall, Casey Matthews) and 2012 4th round pick (99th overall subsequently traded, Ben Jones)",Casey Matthews),assetsReceived.philadelphia-eagles.3,assetsReceived.philadelphia-eagles.1
B_SUBSEQUENTLY_TRADED_MANUAL,src/data/nfl/trades.backup-before-bottom-batch-020-auto-copy-v1-2026-07-06T02-59-50-942Z.json,4282,2012-1st-round-pick-5th-overall-tampa-bay-buccaneers-2012,JAX-2012-0054,,,Tampa Bay Buccaneers Win,Mark Barron,tampa-bay-buccaneers,tampa-bay-buccaneers,"2012 1st round pick (7th overall, Mark Barron), 2012 4th round pick (101st overall subsequently traded, Omar Bolden)",Mark Barron),assetsReceived.tampa-bay-buccaneers.0,assetsReceived.tampa-bay-buccaneers.2
B_SUBSEQUENTLY_TRADED_MANUAL,src/data/nfl/trades.backup-before-bottom-batch-020-auto-copy-v1-2026-07-06T02-59-50-942Z.json,4403,2014-7th-round-pick-221st-overall-randell-johnson-and-2015-5th-round-pick-137th,BUF-2014-0285,,,Buffalo Bills Win,Randell Johnson,buffalo-bills,buffalo-bills,"2014 7th round pick (221st overall, Randell Johnson) and 2015 5th round pick (137th overall subsequently traded, Grady Jarrett)",Randell Johnson),assetsReceived.buffalo-bills.0,assetsReceived.buffalo-bills.2
B_SUBSEQUENTLY_TRADED_MANUAL,src/data/nfl/trades.backup-before-bottom-batch-020-auto-copy-v1-2026-07-06T02-59-50-942Z.json,4441,2015-2nd-round-pick-61st-overall-indianapolis-colts-2015,TB-2015-0233,,,Tampa Bay Buccaneers Win,Ali Marpet,tampa-bay-buccaneers,tampa-bay-buccaneers,"2015 2nd round pick (61st overall, Ali Marpet) and 2015 4th round pick (128th overall subsequently traded, Jon Feliciano)",Ali Marpet),assetsReceived.tampa-bay-buccaneers.3,assetsReceived.tampa-bay-buccaneers.1
B_SUBSEQUENTLY_TRADED_MANUAL,src/data/nfl/trades.backup-before-bottom-batch-020-auto-copy-v1-2026-07-06T02-59-50-942Z.json,4483,2016-1st-round-pick-11th-overall-chicago-bears-2016,TB-2016-0235,,,Chicago Bears Win,Vernon Hargreaves,tampa-bay-buccaneers,tampa-bay-buccaneers,"2016 1st round pick (11th overall, Vernon Hargreaves) and 2016 4th round pick (106th overall subsequently traded, Eric Murray)",Vernon Hargreaves),assetsReceived.tampa-bay-buccaneers.3,assetsReceived.tampa-bay-buccaneers.1
B_SUBSEQUENTLY_TRADED_MANUAL,src/data/nfl/trades.backup-before-bottom-batch-020-auto-copy-v1-2026-07-06T02-59-50-942Z.json,4557,2017-7th-round-pick-237th-overall-buccaneers-2017,MIA-2017-0273,,,Miami Dolphins Win,Isaiah Ford,miami-dolphins,miami-dolphins,"2017 7th round pick (237th overall, Isaiah Ford) and 2018 7th round pick (223rd overall subsequently traded, Jullian Taylor)",Isaiah Ford),assetsReceived.miami-dolphins.0,assetsReceived.miami-dolphins.2
B_SUBSEQUENTLY_TRADED_MANUAL,src/data/nfl/trades.backup-before-bottom-batch-020-auto-copy-v1-2026-07-06T02-59-50-942Z.json,4643,2018-4th-round-pick-102nd-overall-jalyn-holmes-tampa-bay-buccaneers-2018,MIN-2018-0260,,,Tampa Bay Buccaneers Win,Jalyn Holmes,minnesota-vikings,minnesota-vikings,"2018 4th round pick (102nd overall, Jalyn Holmes) and 2018 6th round pick (180th overall subsequently traded, Folorunso Fatukasi)",Jalyn Holmes),assetsReceived.minnesota-vikings.0,assetsReceived.minnesota-vikings.2
B_SUBSEQUENTLY_TRADED_MANUAL,src/data/nfl/trades.backup-before-bottom-batch-020-auto-copy-v1-2026-07-06T02-59-50-942Z.json,4822,2020-1st-round-pick-14th-overall-javon-kinlaw-tampa-bay-buccaneers-2020,SF-2020-0401,,,Tampa Bay Buccaneers Win,Javon Kinlaw,san-francisco-49ers,san-francisco-49ers,"2020 1st round pick (14th overall, Javon Kinlaw) and 2020 4th round pick (117th overall subsequently traded, D.J. Wonnum)",Javon Kinlaw),assetsReceived.san-francisco-49ers.0,assetsReceived.san-francisco-49ers.2
B_SUBSEQUENTLY_TRADED_MANUAL,src/data/nfl/trades.backup-before-bottom-batch-020-auto-copy-v1-2026-07-06T02-59-50-942Z.json,4989,2022-1st-round-pick-27th-overall-tampa-bay-buccaneers-2022,JAX-2022-0089,,,Tampa Bay Buccaneers Win,Logan Hall,tampa-bay-buccaneers,tampa-bay-buccaneers,"2022 2nd round pick (33rd overall, Logan Hall), 2022 4th round pick (106th overall, Cade Otton), 2022 6th round pick (180th overall subsequently traded, Matt Araiza)",Logan Hall),assetsReceived.tampa-bay-buccaneers.0,assetsReceived.tampa-bay-buccaneers.2
B_SUBSEQUENTLY_TRADED_MANUAL,src/data/nfl/trades.backup-before-bottom-batch-020-auto-copy-v1-2026-07-06T02-59-50-942Z.json,5013,2023-4th-round-pick-121st-overall-tampa-bay-buccaneers-2022,JAX-2022-0091,,,Jacksonville Jaguars Win,Zyon McCollum,tampa-bay-buccaneers,tampa-bay-buccaneers,"2022 5th round pick (157th overall, Zyon McCollum), 2022 7th round pick (235th overall subsequently traded, Daniel Hardy)",Zyon McCollum),assetsReceived.tampa-bay-buccaneers.0,assetsReceived.tampa-bay-buccaneers.2
B_SUBSEQUENTLY_TRADED_MANUAL,src/data/nfl/trades.backup-before-bottom-batch-021-auto-copy-v1-2026-07-06T03-14-21-075Z.json,3366,1995-1st-round-pick-12th-overall-philadelphia-eagles-1995,TB-1995-0155,,,Tampa Bay Buccaneers Win,Warren Sapp,tampa-bay-buccaneers,tampa-bay-buccaneers,"1995 1st round pick (12th overall, Warren Sapp), 1995 2nd round pick (43rd overall, Melvin Johnson) and 1995 2nd round pick (63rd overall subsequently traded, Shane Hannah)",Warren Sapp),assetsReceived.tampa-bay-buccaneers.3,assetsReceived.tampa-bay-buccaneers.1
B_SUBSEQUENTLY_TRADED_MANUAL,src/data/nfl/trades.backup-before-bottom-batch-021-auto-copy-v1-2026-07-06T03-14-21-075Z.json,3485,1998-1st-round-pick-23rd-overall-tampa-bay-buccaneers-1998,RAI-1998-0294,,,Oakland/Los Angeles/Las Vegas Raiders Win,Jacquez Green,tampa-bay-buccaneers,tampa-bay-buccaneers,"1998 2nd round pick (34th overall, Jacquez Green) and 1998 2nd round pick (59th overall subsequently traded, Mikhael Ricks)",Jacquez Green),assetsReceived.tampa-bay-buccaneers.0,assetsReceived.tampa-bay-buccaneers.2
B_SUBSEQUENTLY_TRADED_MANUAL,src/data/nfl/trades.backup-before-bottom-batch-021-auto-copy-v1-2026-07-06T03-14-21-075Z.json,3635,2001-1st-round-pick-21st-overall-nate-clements-and-2001-2nd-round-pick-51st-over,BUF-2001-0252,,,Buffalo Bills Win,Nate Clements,buffalo-bills,buffalo-bills,"2001 1st round pick (21st overall, Nate Clements) and 2001 2nd round pick (51st overall subsequently traded, Paul Toviessi)",Nate Clements),assetsReceived.buffalo-bills.0,assetsReceived.buffalo-bills.2
B_SUBSEQUENTLY_TRADED_MANUAL,src/data/nfl/trades.backup-before-bottom-batch-021-auto-copy-v1-2026-07-06T03-14-21-075Z.json,3828,keenan-mccardell-tampa-bay-buccaneers-2004,LAC-2004-0340,,,Los Angeles/San Diego Chargers Win,Chris Colmer,tampa-bay-buccaneers,tampa-bay-buccaneers,"2005 3rd round pick (91st overall, Chris Colmer) and 2005 6th round pick (203rd overall subsequently traded, Andrew Hoffman)",Chris Colmer),assetsReceived.tampa-bay-buccaneers.0,assetsReceived.tampa-bay-buccaneers.2
B_SUBSEQUENTLY_TRADED_MANUAL,src/data/nfl/trades.backup-before-bottom-batch-021-auto-copy-v1-2026-07-06T03-14-21-075Z.json,4024,2008-2nd-round-pick-52nd-overall-tampa-bay-buccaneers-2008,JAX-2008-0039,,,Tampa Bay Buccaneers Win,Dexter Jackson,tampa-bay-buccaneers,tampa-bay-buccaneers,"2008 2nd round pick (58th overall, Dexter Jackson), 2008 5th round pick (158th overall subsequently traded, Kellen Davis), 2009 7th round pick (217th overall, E.J. Biggers)",Dexter Jackson),assetsReceived.tampa-bay-buccaneers.0,assetsReceived.tampa-bay-buccaneers.2
B_SUBSEQUENTLY_TRADED_MANUAL,src/data/nfl/trades.backup-before-bottom-batch-021-auto-copy-v1-2026-07-06T03-14-21-075Z.json,4246,2011-4th-round-pick-104th-overall-philadelphia-eagles-2011,TB-2011-0215,,,Even Trade,Casey Matthews,philadelphia-eagles,philadelphia-eagles,"2011 4th round pick (116th overall, Casey Matthews) and 2012 4th round pick (99th overall subsequently traded, Ben Jones)",Casey Matthews),assetsReceived.philadelphia-eagles.3,assetsReceived.philadelphia-eagles.1
B_SUBSEQUENTLY_TRADED_MANUAL,src/data/nfl/trades.backup-before-bottom-batch-021-auto-copy-v1-2026-07-06T03-14-21-075Z.json,4282,2012-1st-round-pick-5th-overall-tampa-bay-buccaneers-2012,JAX-2012-0054,,,Tampa Bay Buccaneers Win,Mark Barron,tampa-bay-buccaneers,tampa-bay-buccaneers,"2012 1st round pick (7th overall, Mark Barron), 2012 4th round pick (101st overall subsequently traded, Omar Bolden)",Mark Barron),assetsReceived.tampa-bay-buccaneers.0,assetsReceived.tampa-bay-buccaneers.2
B_SUBSEQUENTLY_TRADED_MANUAL,src/data/nfl/trades.backup-before-bottom-batch-021-auto-copy-v1-2026-07-06T03-14-21-075Z.json,4403,2014-7th-round-pick-221st-overall-randell-johnson-and-2015-5th-round-pick-137th,BUF-2014-0285,,,Buffalo Bills Win,Randell Johnson,buffalo-bills,buffalo-bills,"2014 7th round pick (221st overall, Randell Johnson) and 2015 5th round pick (137th overall subsequently traded, Grady Jarrett)",Randell Johnson),assetsReceived.buffalo-bills.0,assetsReceived.buffalo-bills.2
B_SUBSEQUENTLY_TRADED_MANUAL,src/data/nfl/trades.backup-before-bottom-batch-021-auto-copy-v1-2026-07-06T03-14-21-075Z.json,4441,2015-2nd-round-pick-61st-overall-indianapolis-colts-2015,TB-2015-0233,,,Tampa Bay Buccaneers Win,Ali Marpet,tampa-bay-buccaneers,tampa-bay-buccaneers,"2015 2nd round pick (61st overall, Ali Marpet) and 2015 4th round pick (128th overall subsequently traded, Jon Feliciano)",Ali Marpet),assetsReceived.tampa-bay-buccaneers.3,assetsReceived.tampa-bay-buccaneers.1
B_SUBSEQUENTLY_TRADED_MANUAL,src/data/nfl/trades.backup-before-bottom-batch-021-auto-copy-v1-2026-07-06T03-14-21-075Z.json,4483,2016-1st-round-pick-11th-overall-chicago-bears-2016,TB-2016-0235,,,Chicago Bears Win,Vernon Hargreaves,tampa-bay-buccaneers,tampa-bay-buccaneers,"2016 1st round pick (11th overall, Vernon Hargreaves) and 2016 4th round pick (106th overall subsequently traded, Eric Murray)",Vernon Hargreaves),assetsReceived.tampa-bay-buccaneers.3,assetsReceived.tampa-bay-buccaneers.1
B_SUBSEQUENTLY_TRADED_MANUAL,src/data/nfl/trades.backup-before-bottom-batch-021-auto-copy-v1-2026-07-06T03-14-21-075Z.json,4557,2017-7th-round-pick-237th-overall-buccaneers-2017,MIA-2017-0273,,,Miami Dolphins Win,Isaiah Ford,miami-dolphins,miami-dolphins,"2017 7th round pick (237th overall, Isaiah Ford) and 2018 7th round pick (223rd overall subsequently traded, Jullian Taylor)",Isaiah Ford),assetsReceived.miami-dolphins.0,assetsReceived.miami-dolphins.2
B_SUBSEQUENTLY_TRADED_MANUAL,src/data/nfl/trades.backup-before-bottom-batch-021-auto-copy-v1-2026-07-06T03-14-21-075Z.json,4643,2018-4th-round-pick-102nd-overall-jalyn-holmes-tampa-bay-buccaneers-2018,MIN-2018-0260,,,Tampa Bay Buccaneers Win,Jalyn Holmes,minnesota-vikings,minnesota-vikings,"2018 4th round pick (102nd overall, Jalyn Holmes) and 2018 6th round pick (180th overall subsequently traded, Folorunso Fatukasi)",Jalyn Holmes),assetsReceived.minnesota-vikings.0,assetsReceived.minnesota-vikings.2
B_SUBSEQUENTLY_TRADED_MANUAL,src/data/nfl/trades.backup-before-bottom-batch-021-auto-copy-v1-2026-07-06T03-14-21-075Z.json,4822,2020-1st-round-pick-14th-overall-javon-kinlaw-tampa-bay-buccaneers-2020,SF-2020-0401,,,Tampa Bay Buccaneers Win,Javon Kinlaw,san-francisco-49ers,san-francisco-49ers,"2020 1st round pick (14th overall, Javon Kinlaw) and 2020 4th round pick (117th overall subsequently traded, D.J. Wonnum)",Javon Kinlaw),assetsReceived.san-francisco-49ers.0,assetsReceived.san-francisco-49ers.2
B_SUBSEQUENTLY_TRADED_MANUAL,src/data/nfl/trades.backup-before-bottom-batch-021-auto-copy-v1-2026-07-06T03-14-21-075Z.json,4989,2022-1st-round-pick-27th-overall-tampa-bay-buccaneers-2022,JAX-2022-0089,,,Tampa Bay Buccaneers Win,Logan Hall,tampa-bay-buccaneers,tampa-bay-buccaneers,"2022 2nd round pick (33rd overall, Logan Hall), 2022 4th round pick (106th overall, Cade Otton), 2022 6th round pick (180th overall subsequently traded, Matt Araiza)",Logan Hall),assetsReceived.tampa-bay-buccaneers.0,assetsReceived.tampa-bay-buccaneers.2
B_SUBSEQUENTLY_TRADED_MANUAL,src/data/nfl/trades.backup-before-bottom-batch-021-auto-copy-v1-2026-07-06T03-14-21-075Z.json,5013,2023-4th-round-pick-121st-overall-tampa-bay-buccaneers-2022,JAX-2022-0091,,,Jacksonville Jaguars Win,Zyon McCollum,tampa-bay-buccaneers,tampa-bay-buccaneers,"2022 5th round pick (157th overall, Zyon McCollum), 2022 7th round pick (235th overall subsequently traded, Daniel Hardy)",Zyon McCollum),assetsReceived.tampa-bay-buccaneers.0,assetsReceived.tampa-bay-buccaneers.2
B_SUBSEQUENTLY_TRADED_MANUAL,src/data/nfl/trades.backup-before-bottom-batch-021-auto-copy-v1-2026-07-06T03-21-01-272Z.json,3366,1995-1st-round-pick-12th-overall-philadelphia-eagles-1995,TB-1995-0155,,,Tampa Bay Buccaneers Win,Warren Sapp,tampa-bay-buccaneers,tampa-bay-buccaneers,"1995 1st round pick (12th overall, Warren Sapp), 1995 2nd round pick (43rd overall, Melvin Johnson) and 1995 2nd round pick (63rd overall subsequently traded, Shane Hannah)",Warren Sapp),assetsReceived.tampa-bay-buccaneers.3,assetsReceived.tampa-bay-buccaneers.1
B_SUBSEQUENTLY_TRADED_MANUAL,src/data/nfl/trades.backup-before-bottom-batch-021-auto-copy-v1-2026-07-06T03-21-01-272Z.json,3485,1998-1st-round-pick-23rd-overall-tampa-bay-buccaneers-1998,RAI-1998-0294,,,Oakland/Los Angeles/Las Vegas Raiders Win,Jacquez Green,tampa-bay-buccaneers,tampa-bay-buccaneers,"1998 2nd round pick (34th overall, Jacquez Green) and 1998 2nd round pick (59th overall subsequently traded, Mikhael Ricks)",Jacquez Green),assetsReceived.tampa-bay-buccaneers.0,assetsReceived.tampa-bay-buccaneers.2
B_SUBSEQUENTLY_TRADED_MANUAL,src/data/nfl/trades.backup-before-bottom-batch-021-auto-copy-v1-2026-07-06T03-21-01-272Z.json,3635,2001-1st-round-pick-21st-overall-nate-clements-and-2001-2nd-round-pick-51st-over,BUF-2001-0252,,,Buffalo Bills Win,Nate Clements,buffalo-bills,buffalo-bills,"2001 1st round pick (21st overall, Nate Clements) and 2001 2nd round pick (51st overall subsequently traded, Paul Toviessi)",Nate Clements),assetsReceived.buffalo-bills.0,assetsReceived.buffalo-bills.2
B_SUBSEQUENTLY_TRADED_MANUAL,src/data/nfl/trades.backup-before-bottom-batch-021-auto-copy-v1-2026-07-06T03-21-01-272Z.json,3828,keenan-mccardell-tampa-bay-buccaneers-2004,LAC-2004-0340,,,Los Angeles/San Diego Chargers Win,Chris Colmer,tampa-bay-buccaneers,tampa-bay-buccaneers,"2005 3rd round pick (91st overall, Chris Colmer) and 2005 6th round pick (203rd overall subsequently traded, Andrew Hoffman)",Chris Colmer),assetsReceived.tampa-bay-buccaneers.0,assetsReceived.tampa-bay-buccaneers.2
B_SUBSEQUENTLY_TRADED_MANUAL,src/data/nfl/trades.backup-before-bottom-batch-021-auto-copy-v1-2026-07-06T03-21-01-272Z.json,4024,2008-2nd-round-pick-52nd-overall-tampa-bay-buccaneers-2008,JAX-2008-0039,,,Tampa Bay Buccaneers Win,Dexter Jackson,tampa-bay-buccaneers,tampa-bay-buccaneers,"2008 2nd round pick (58th overall, Dexter Jackson), 2008 5th round pick (158th overall subsequently traded, Kellen Davis), 2009 7th round pick (217th overall, E.J. Biggers)",Dexter Jackson),assetsReceived.tampa-bay-buccaneers.0,assetsReceived.tampa-bay-buccaneers.2
B_SUBSEQUENTLY_TRADED_MANUAL,src/data/nfl/trades.backup-before-bottom-batch-021-auto-copy-v1-2026-07-06T03-21-01-272Z.json,4246,2011-4th-round-pick-104th-overall-philadelphia-eagles-2011,TB-2011-0215,,,Even Trade,Casey Matthews,philadelphia-eagles,philadelphia-eagles,"2011 4th round pick (116th overall, Casey Matthews) and 2012 4th round pick (99th overall subsequently traded, Ben Jones)",Casey Matthews),assetsReceived.philadelphia-eagles.3,assetsReceived.philadelphia-eagles.1
B_SUBSEQUENTLY_TRADED_MANUAL,src/data/nfl/trades.backup-before-bottom-batch-021-auto-copy-v1-2026-07-06T03-21-01-272Z.json,4282,2012-1st-round-pick-5th-overall-tampa-bay-buccaneers-2012,JAX-2012-0054,,,Tampa Bay Buccaneers Win,Mark Barron,tampa-bay-buccaneers,tampa-bay-buccaneers,"2012 1st round pick (7th overall, Mark Barron), 2012 4th round pick (101st overall subsequently traded, Omar Bolden)",Mark Barron),assetsReceived.tampa-bay-buccaneers.0,assetsReceived.tampa-bay-buccaneers.2
B_SUBSEQUENTLY_TRADED_MANUAL,src/data/nfl/trades.backup-before-bottom-batch-021-auto-copy-v1-2026-07-06T03-21-01-272Z.json,4403,2014-7th-round-pick-221st-overall-randell-johnson-and-2015-5th-round-pick-137th,BUF-2014-0285,,,Buffalo Bills Win,Randell Johnson,buffalo-bills,buffalo-bills,"2014 7th round pick (221st overall, Randell Johnson) and 2015 5th round pick (137th overall subsequently traded, Grady Jarrett)",Randell Johnson),assetsReceived.buffalo-bills.0,assetsReceived.buffalo-bills.2
B_SUBSEQUENTLY_TRADED_MANUAL,src/data/nfl/trades.backup-before-bottom-batch-021-auto-copy-v1-2026-07-06T03-21-01-272Z.json,4441,2015-2nd-round-pick-61st-overall-indianapolis-colts-2015,TB-2015-0233,,,Tampa Bay Buccaneers Win,Ali Marpet,tampa-bay-buccaneers,tampa-bay-buccaneers,"2015 2nd round pick (61st overall, Ali Marpet) and 2015 4th round pick (128th overall subsequently traded, Jon Feliciano)",Ali Marpet),assetsReceived.tampa-bay-buccaneers.3,assetsReceived.tampa-bay-buccaneers.1
B_SUBSEQUENTLY_TRADED_MANUAL,src/data/nfl/trades.backup-before-bottom-batch-021-auto-copy-v1-2026-07-06T03-21-01-272Z.json,4483,2016-1st-round-pick-11th-overall-chicago-bears-2016,TB-2016-0235,,,Chicago Bears Win,Vernon Hargreaves,tampa-bay-buccaneers,tampa-bay-buccaneers,"2016 1st round pick (11th overall, Vernon Hargreaves) and 2016 4th round pick (106th overall subsequently traded, Eric Murray)",Vernon Hargreaves),assetsReceived.tampa-bay-buccaneers.3,assetsReceived.tampa-bay-buccaneers.1
B_SUBSEQUENTLY_TRADED_MANUAL,src/data/nfl/trades.backup-before-bottom-batch-021-auto-copy-v1-2026-07-06T03-21-01-272Z.json,4557,2017-7th-round-pick-237th-overall-buccaneers-2017,MIA-2017-0273,,,Miami Dolphins Win,Isaiah Ford,miami-dolphins,miami-dolphins,"2017 7th round pick (237th overall, Isaiah Ford) and 2018 7th round pick (223rd overall subsequently traded, Jullian Taylor)",Isaiah Ford),assetsReceived.miami-dolphins.0,assetsReceived.miami-dolphins.2
B_SUBSEQUENTLY_TRADED_MANUAL,src/data/nfl/trades.backup-before-bottom-batch-021-auto-copy-v1-2026-07-06T03-21-01-272Z.json,4643,2018-4th-round-pick-102nd-overall-jalyn-holmes-tampa-bay-buccaneers-2018,MIN-2018-0260,,,Tampa Bay Buccaneers Win,Jalyn Holmes,minnesota-vikings,minnesota-vikings,"2018 4th round pick (102nd overall, Jalyn Holmes) and 2018 6th round pick (180th overall subsequently traded, Folorunso Fatukasi)",Jalyn Holmes),assetsReceived.minnesota-vikings.0,assetsReceived.minnesota-vikings.2
B_SUBSEQUENTLY_TRADED_MANUAL,src/data/nfl/trades.backup-before-bottom-batch-021-auto-copy-v1-2026-07-06T03-21-01-272Z.json,4822,2020-1st-round-pick-14th-overall-javon-kinlaw-tampa-bay-buccaneers-2020,SF-2020-0401,,,Tampa Bay Buccaneers Win,Javon Kinlaw,san-francisco-49ers,san-francisco-49ers,"2020 1st round pick (14th overall, Javon Kinlaw) and 2020 4th round pick (117th overall subsequently traded, D.J. Wonnum)",Javon Kinlaw),assetsReceived.san-francisco-49ers.0,assetsReceived.san-francisco-49ers.2
B_SUBSEQUENTLY_TRADED_MANUAL,src/data/nfl/trades.backup-before-bottom-batch-021-auto-copy-v1-2026-07-06T03-21-01-272Z.json,4989,2022-1st-round-pick-27th-overall-tampa-bay-buccaneers-2022,JAX-2022-0089,,,Tampa Bay Buccaneers Win,Logan Hall,tampa-bay-buccaneers,tampa-bay-buccaneers,"2022 2nd round pick (33rd overall, Logan Hall), 2022 4th round pick (106th overall, Cade Otton), 2022 6th round pick (180th overall subsequently traded, Matt Araiza)",Logan Hall),assetsReceived.tampa-bay-buccaneers.0,assetsReceived.tampa-bay-buccaneers.2
B_SUBSEQUENTLY_TRADED_MANUAL,src/data/nfl/trades.backup-before-bottom-batch-021-auto-copy-v1-2026-07-06T03-21-01-272Z.json,5013,2023-4th-round-pick-121st-overall-tampa-bay-buccaneers-2022,JAX-2022-0091,,,Jacksonville Jaguars Win,Zyon McCollum,tampa-bay-buccaneers,tampa-bay-buccaneers,"2022 5th round pick (157th overall, Zyon McCollum), 2022 7th round pick (235th overall subsequently traded, Daniel Hardy)",Zyon McCollum),assetsReceived.tampa-bay-buccaneers.0,assetsReceived.tampa-bay-buccaneers.2
B_SUBSEQUENTLY_TRADED_MANUAL,src/data/nfl/trades.backup-before-bottom-batch-022-auto-copy-v1-2026-07-06T03-34-55-644Z.json,3366,1995-1st-round-pick-12th-overall-philadelphia-eagles-1995,TB-1995-0155,,,Tampa Bay Buccaneers Win,Warren Sapp,tampa-bay-buccaneers,tampa-bay-buccaneers,"1995 1st round pick (12th overall, Warren Sapp), 1995 2nd round pick (43rd overall, Melvin Johnson) and 1995 2nd round pick (63rd overall subsequently traded, Shane Hannah)",Warren Sapp),assetsReceived.tampa-bay-buccaneers.3,assetsReceived.tampa-bay-buccaneers.1
B_SUBSEQUENTLY_TRADED_MANUAL,src/data/nfl/trades.backup-before-bottom-batch-022-auto-copy-v1-2026-07-06T03-34-55-644Z.json,3483,1998-1st-round-pick-23rd-overall-tampa-bay-buccaneers-1998,RAI-1998-0294,,,Oakland/Los Angeles/Las Vegas Raiders Win,Jacquez Green,tampa-bay-buccaneers,tampa-bay-buccaneers,"1998 2nd round pick (34th overall, Jacquez Green) and 1998 2nd round pick (59th overall subsequently traded, Mikhael Ricks)",Jacquez Green),assetsReceived.tampa-bay-buccaneers.0,assetsReceived.tampa-bay-buccaneers.2
B_SUBSEQUENTLY_TRADED_MANUAL,src/data/nfl/trades.backup-before-bottom-batch-022-auto-copy-v1-2026-07-06T03-34-55-644Z.json,3633,2001-1st-round-pick-21st-overall-nate-clements-and-2001-2nd-round-pick-51st-over,BUF-2001-0252,,,Buffalo Bills Win,Nate Clements,buffalo-bills,buffalo-bills,"2001 1st round pick (21st overall, Nate Clements) and 2001 2nd round pick (51st overall subsequently traded, Paul Toviessi)",Nate Clements),assetsReceived.buffalo-bills.0,assetsReceived.buffalo-bills.2
B_SUBSEQUENTLY_TRADED_MANUAL,src/data/nfl/trades.backup-before-bottom-batch-022-auto-copy-v1-2026-07-06T03-34-55-644Z.json,3826,keenan-mccardell-tampa-bay-buccaneers-2004,LAC-2004-0340,,,Los Angeles/San Diego Chargers Win,Chris Colmer,tampa-bay-buccaneers,tampa-bay-buccaneers,"2005 3rd round pick (91st overall, Chris Colmer) and 2005 6th round pick (203rd overall subsequently traded, Andrew Hoffman)",Chris Colmer),assetsReceived.tampa-bay-buccaneers.0,assetsReceived.tampa-bay-buccaneers.2
B_SUBSEQUENTLY_TRADED_MANUAL,src/data/nfl/trades.backup-before-bottom-batch-022-auto-copy-v1-2026-07-06T03-34-55-644Z.json,4022,2008-2nd-round-pick-52nd-overall-tampa-bay-buccaneers-2008,JAX-2008-0039,,,Tampa Bay Buccaneers Win,Dexter Jackson,tampa-bay-buccaneers,tampa-bay-buccaneers,"2008 2nd round pick (58th overall, Dexter Jackson), 2008 5th round pick (158th overall subsequently traded, Kellen Davis), 2009 7th round pick (217th overall, E.J. Biggers)",Dexter Jackson),assetsReceived.tampa-bay-buccaneers.0,assetsReceived.tampa-bay-buccaneers.2
B_SUBSEQUENTLY_TRADED_MANUAL,src/data/nfl/trades.backup-before-bottom-batch-022-auto-copy-v1-2026-07-06T03-34-55-644Z.json,4244,2011-4th-round-pick-104th-overall-philadelphia-eagles-2011,TB-2011-0215,,,Even Trade,Casey Matthews,philadelphia-eagles,philadelphia-eagles,"2011 4th round pick (116th overall, Casey Matthews) and 2012 4th round pick (99th overall subsequently traded, Ben Jones)",Casey Matthews),assetsReceived.philadelphia-eagles.3,assetsReceived.philadelphia-eagles.1
B_SUBSEQUENTLY_TRADED_MANUAL,src/data/nfl/trades.backup-before-bottom-batch-022-auto-copy-v1-2026-07-06T03-34-55-644Z.json,4280,2012-1st-round-pick-5th-overall-tampa-bay-buccaneers-2012,JAX-2012-0054,,,Tampa Bay Buccaneers Win,Mark Barron,tampa-bay-buccaneers,tampa-bay-buccaneers,"2012 1st round pick (7th overall, Mark Barron), 2012 4th round pick (101st overall subsequently traded, Omar Bolden)",Mark Barron),assetsReceived.tampa-bay-buccaneers.0,assetsReceived.tampa-bay-buccaneers.2
B_SUBSEQUENTLY_TRADED_MANUAL,src/data/nfl/trades.backup-before-bottom-batch-022-auto-copy-v1-2026-07-06T03-34-55-644Z.json,4401,2014-7th-round-pick-221st-overall-randell-johnson-and-2015-5th-round-pick-137th,BUF-2014-0285,,,Buffalo Bills Win,Randell Johnson,buffalo-bills,buffalo-bills,"2014 7th round pick (221st overall, Randell Johnson) and 2015 5th round pick (137th overall subsequently traded, Grady Jarrett)",Randell Johnson),assetsReceived.buffalo-bills.0,assetsReceived.buffalo-bills.2
B_SUBSEQUENTLY_TRADED_MANUAL,src/data/nfl/trades.backup-before-bottom-batch-022-auto-copy-v1-2026-07-06T03-34-55-644Z.json,4439,2015-2nd-round-pick-61st-overall-indianapolis-colts-2015,TB-2015-0233,,,Tampa Bay Buccaneers Win,Ali Marpet,tampa-bay-buccaneers,tampa-bay-buccaneers,"2015 2nd round pick (61st overall, Ali Marpet) and 2015 4th round pick (128th overall subsequently traded, Jon Feliciano)",Ali Marpet),assetsReceived.tampa-bay-buccaneers.3,assetsReceived.tampa-bay-buccaneers.1
B_SUBSEQUENTLY_TRADED_MANUAL,src/data/nfl/trades.backup-before-bottom-batch-022-auto-copy-v1-2026-07-06T03-34-55-644Z.json,4481,2016-1st-round-pick-11th-overall-chicago-bears-2016,TB-2016-0235,,,Chicago Bears Win,Vernon Hargreaves,tampa-bay-buccaneers,tampa-bay-buccaneers,"2016 1st round pick (11th overall, Vernon Hargreaves) and 2016 4th round pick (106th overall subsequently traded, Eric Murray)",Vernon Hargreaves),assetsReceived.tampa-bay-buccaneers.3,assetsReceived.tampa-bay-buccaneers.1
B_SUBSEQUENTLY_TRADED_MANUAL,src/data/nfl/trades.backup-before-bottom-batch-022-auto-copy-v1-2026-07-06T03-34-55-644Z.json,4555,2017-7th-round-pick-237th-overall-buccaneers-2017,MIA-2017-0273,,,Miami Dolphins Win,Isaiah Ford,miami-dolphins,miami-dolphins,"2017 7th round pick (237th overall, Isaiah Ford) and 2018 7th round pick (223rd overall subsequently traded, Jullian Taylor)",Isaiah Ford),assetsReceived.miami-dolphins.0,assetsReceived.miami-dolphins.2
B_SUBSEQUENTLY_TRADED_MANUAL,src/data/nfl/trades.backup-before-bottom-batch-022-auto-copy-v1-2026-07-06T03-34-55-644Z.json,4641,2018-4th-round-pick-102nd-overall-jalyn-holmes-tampa-bay-buccaneers-2018,MIN-2018-0260,,,Tampa Bay Buccaneers Win,Jalyn Holmes,minnesota-vikings,minnesota-vikings,"2018 4th round pick (102nd overall, Jalyn Holmes) and 2018 6th round pick (180th overall subsequently traded, Folorunso Fatukasi)",Jalyn Holmes),assetsReceived.minnesota-vikings.0,assetsReceived.minnesota-vikings.2
B_SUBSEQUENTLY_TRADED_MANUAL,src/data/nfl/trades.backup-before-bottom-batch-022-auto-copy-v1-2026-07-06T03-34-55-644Z.json,4820,2020-1st-round-pick-14th-overall-javon-kinlaw-tampa-bay-buccaneers-2020,SF-2020-0401,,,Tampa Bay Buccaneers Win,Javon Kinlaw,san-francisco-49ers,san-francisco-49ers,"2020 1st round pick (14th overall, Javon Kinlaw) and 2020 4th round pick (117th overall subsequently traded, D.J. Wonnum)",Javon Kinlaw),assetsReceived.san-francisco-49ers.0,assetsReceived.san-francisco-49ers.2
B_SUBSEQUENTLY_TRADED_MANUAL,src/data/nfl/trades.backup-before-bottom-batch-022-auto-copy-v1-2026-07-06T03-34-55-644Z.json,4987,2022-1st-round-pick-27th-overall-tampa-bay-buccaneers-2022,JAX-2022-0089,,,Tampa Bay Buccaneers Win,Logan Hall,tampa-bay-buccaneers,tampa-bay-buccaneers,"2022 2nd round pick (33rd overall, Logan Hall), 2022 4th round pick (106th overall, Cade Otton), 2022 6th round pick (180th overall subsequently traded, Matt Araiza)",Logan Hall),assetsReceived.tampa-bay-buccaneers.0,assetsReceived.tampa-bay-buccaneers.2
B_SUBSEQUENTLY_TRADED_MANUAL,src/data/nfl/trades.backup-before-bottom-batch-022-auto-copy-v1-2026-07-06T03-34-55-644Z.json,5011,2023-4th-round-pick-121st-overall-tampa-bay-buccaneers-2022,JAX-2022-0091,,,Jacksonville Jaguars Win,Zyon McCollum,tampa-bay-buccaneers,tampa-bay-buccaneers,"2022 5th round pick (157th overall, Zyon McCollum), 2022 7th round pick (235th overall subsequently traded, Daniel Hardy)",Zyon McCollum),assetsReceived.tampa-bay-buccaneers.0,assetsReceived.tampa-bay-buccaneers.2
B_SUBSEQUENTLY_TRADED_MANUAL,src/data/nfl/trades.backup-before-bottom-batch-023-auto-copy-v1-2026-07-06T03-47-32-962Z.json,3365,1995-1st-round-pick-12th-overall-philadelphia-eagles-1995,TB-1995-0155,,,Tampa Bay Buccaneers Win,Warren Sapp,tampa-bay-buccaneers,tampa-bay-buccaneers,"1995 1st round pick (12th overall, Warren Sapp), 1995 2nd round pick (43rd overall, Melvin Johnson) and 1995 2nd round pick (63rd overall subsequently traded, Shane Hannah)",Warren Sapp),assetsReceived.tampa-bay-buccaneers.3,assetsReceived.tampa-bay-buccaneers.1
B_SUBSEQUENTLY_TRADED_MANUAL,src/data/nfl/trades.backup-before-bottom-batch-023-auto-copy-v1-2026-07-06T03-47-32-962Z.json,3482,1998-1st-round-pick-23rd-overall-tampa-bay-buccaneers-1998,RAI-1998-0294,,,Oakland/Los Angeles/Las Vegas Raiders Win,Jacquez Green,tampa-bay-buccaneers,tampa-bay-buccaneers,"1998 2nd round pick (34th overall, Jacquez Green) and 1998 2nd round pick (59th overall subsequently traded, Mikhael Ricks)",Jacquez Green),assetsReceived.tampa-bay-buccaneers.0,assetsReceived.tampa-bay-buccaneers.2
B_SUBSEQUENTLY_TRADED_MANUAL,src/data/nfl/trades.backup-before-bottom-batch-023-auto-copy-v1-2026-07-06T03-47-32-962Z.json,3632,2001-1st-round-pick-21st-overall-nate-clements-and-2001-2nd-round-pick-51st-over,BUF-2001-0252,,,Buffalo Bills Win,Nate Clements,buffalo-bills,buffalo-bills,"2001 1st round pick (21st overall, Nate Clements) and 2001 2nd round pick (51st overall subsequently traded, Paul Toviessi)",Nate Clements),assetsReceived.buffalo-bills.0,assetsReceived.buffalo-bills.2
B_SUBSEQUENTLY_TRADED_MANUAL,src/data/nfl/trades.backup-before-bottom-batch-023-auto-copy-v1-2026-07-06T03-47-32-962Z.json,3825,keenan-mccardell-tampa-bay-buccaneers-2004,LAC-2004-0340,,,Los Angeles/San Diego Chargers Win,Chris Colmer,tampa-bay-buccaneers,tampa-bay-buccaneers,"2005 3rd round pick (91st overall, Chris Colmer) and 2005 6th round pick (203rd overall subsequently traded, Andrew Hoffman)",Chris Colmer),assetsReceived.tampa-bay-buccaneers.0,assetsReceived.tampa-bay-buccaneers.2
B_SUBSEQUENTLY_TRADED_MANUAL,src/data/nfl/trades.backup-before-bottom-batch-023-auto-copy-v1-2026-07-06T03-47-32-962Z.json,4021,2008-2nd-round-pick-52nd-overall-tampa-bay-buccaneers-2008,JAX-2008-0039,,,Tampa Bay Buccaneers Win,Dexter Jackson,tampa-bay-buccaneers,tampa-bay-buccaneers,"2008 2nd round pick (58th overall, Dexter Jackson), 2008 5th round pick (158th overall subsequently traded, Kellen Davis), 2009 7th round pick (217th overall, E.J. Biggers)",Dexter Jackson),assetsReceived.tampa-bay-buccaneers.0,assetsReceived.tampa-bay-buccaneers.2
B_SUBSEQUENTLY_TRADED_MANUAL,src/data/nfl/trades.backup-before-bottom-batch-023-auto-copy-v1-2026-07-06T03-47-32-962Z.json,4243,2011-4th-round-pick-104th-overall-philadelphia-eagles-2011,TB-2011-0215,,,Even Trade,Casey Matthews,philadelphia-eagles,philadelphia-eagles,"2011 4th round pick (116th overall, Casey Matthews) and 2012 4th round pick (99th overall subsequently traded, Ben Jones)",Casey Matthews),assetsReceived.philadelphia-eagles.3,assetsReceived.philadelphia-eagles.1
B_SUBSEQUENTLY_TRADED_MANUAL,src/data/nfl/trades.backup-before-bottom-batch-023-auto-copy-v1-2026-07-06T03-47-32-962Z.json,4279,2012-1st-round-pick-5th-overall-tampa-bay-buccaneers-2012,JAX-2012-0054,,,Tampa Bay Buccaneers Win,Mark Barron,tampa-bay-buccaneers,tampa-bay-buccaneers,"2012 1st round pick (7th overall, Mark Barron), 2012 4th round pick (101st overall subsequently traded, Omar Bolden)",Mark Barron),assetsReceived.tampa-bay-buccaneers.0,assetsReceived.tampa-bay-buccaneers.2
B_SUBSEQUENTLY_TRADED_MANUAL,src/data/nfl/trades.backup-before-bottom-batch-023-auto-copy-v1-2026-07-06T03-47-32-962Z.json,4400,2014-7th-round-pick-221st-overall-randell-johnson-and-2015-5th-round-pick-137th,BUF-2014-0285,,,Buffalo Bills Win,Randell Johnson,buffalo-bills,buffalo-bills,"2014 7th round pick (221st overall, Randell Johnson) and 2015 5th round pick (137th overall subsequently traded, Grady Jarrett)",Randell Johnson),assetsReceived.buffalo-bills.0,assetsReceived.buffalo-bills.2
B_SUBSEQUENTLY_TRADED_MANUAL,src/data/nfl/trades.backup-before-bottom-batch-023-auto-copy-v1-2026-07-06T03-47-32-962Z.json,4438,2015-2nd-round-pick-61st-overall-indianapolis-colts-2015,TB-2015-0233,,,Tampa Bay Buccaneers Win,Ali Marpet,tampa-bay-buccaneers,tampa-bay-buccaneers,"2015 2nd round pick (61st overall, Ali Marpet) and 2015 4th round pick (128th overall subsequently traded, Jon Feliciano)",Ali Marpet),assetsReceived.tampa-bay-buccaneers.3,assetsReceived.tampa-bay-buccaneers.1
B_SUBSEQUENTLY_TRADED_MANUAL,src/data/nfl/trades.backup-before-bottom-batch-023-auto-copy-v1-2026-07-06T03-47-32-962Z.json,4480,2016-1st-round-pick-11th-overall-chicago-bears-2016,TB-2016-0235,,,Chicago Bears Win,Vernon Hargreaves,tampa-bay-buccaneers,tampa-bay-buccaneers,"2016 1st round pick (11th overall, Vernon Hargreaves) and 2016 4th round pick (106th overall subsequently traded, Eric Murray)",Vernon Hargreaves),assetsReceived.tampa-bay-buccaneers.3,assetsReceived.tampa-bay-buccaneers.1
B_SUBSEQUENTLY_TRADED_MANUAL,src/data/nfl/trades.backup-before-bottom-batch-023-auto-copy-v1-2026-07-06T03-47-32-962Z.json,4554,2017-7th-round-pick-237th-overall-buccaneers-2017,MIA-2017-0273,,,Miami Dolphins Win,Isaiah Ford,miami-dolphins,miami-dolphins,"2017 7th round pick (237th overall, Isaiah Ford) and 2018 7th round pick (223rd overall subsequently traded, Jullian Taylor)",Isaiah Ford),assetsReceived.miami-dolphins.0,assetsReceived.miami-dolphins.2
B_SUBSEQUENTLY_TRADED_MANUAL,src/data/nfl/trades.backup-before-bottom-batch-023-auto-copy-v1-2026-07-06T03-47-32-962Z.json,4640,2018-4th-round-pick-102nd-overall-jalyn-holmes-tampa-bay-buccaneers-2018,MIN-2018-0260,,,Tampa Bay Buccaneers Win,Jalyn Holmes,minnesota-vikings,minnesota-vikings,"2018 4th round pick (102nd overall, Jalyn Holmes) and 2018 6th round pick (180th overall subsequently traded, Folorunso Fatukasi)",Jalyn Holmes),assetsReceived.minnesota-vikings.0,assetsReceived.minnesota-vikings.2
B_SUBSEQUENTLY_TRADED_MANUAL,src/data/nfl/trades.backup-before-bottom-batch-023-auto-copy-v1-2026-07-06T03-47-32-962Z.json,4819,2020-1st-round-pick-14th-overall-javon-kinlaw-tampa-bay-buccaneers-2020,SF-2020-0401,,,Tampa Bay Buccaneers Win,Javon Kinlaw,san-francisco-49ers,san-francisco-49ers,"2020 1st round pick (14th overall, Javon Kinlaw) and 2020 4th round pick (117th overall subsequently traded, D.J. Wonnum)",Javon Kinlaw),assetsReceived.san-francisco-49ers.0,assetsReceived.san-francisco-49ers.2
B_SUBSEQUENTLY_TRADED_MANUAL,src/data/nfl/trades.backup-before-bottom-batch-023-auto-copy-v1-2026-07-06T03-47-32-962Z.json,4986,2022-1st-round-pick-27th-overall-tampa-bay-buccaneers-2022,JAX-2022-0089,,,Tampa Bay Buccaneers Win,Logan Hall,tampa-bay-buccaneers,tampa-bay-buccaneers,"2022 2nd round pick (33rd overall, Logan Hall), 2022 4th round pick (106th overall, Cade Otton), 2022 6th round pick (180th overall subsequently traded, Matt Araiza)",Logan Hall),assetsReceived.tampa-bay-buccaneers.0,assetsReceived.tampa-bay-buccaneers.2
B_SUBSEQUENTLY_TRADED_MANUAL,src/data/nfl/trades.backup-before-bottom-batch-023-auto-copy-v1-2026-07-06T03-47-32-962Z.json,5010,2023-4th-round-pick-121st-overall-tampa-bay-buccaneers-2022,JAX-2022-0091,,,Jacksonville Jaguars Win,Zyon McCollum,tampa-bay-buccaneers,tampa-bay-buccaneers,"2022 5th round pick (157th overall, Zyon McCollum), 2022 7th round pick (235th overall subsequently traded, Daniel Hardy)",Zyon McCollum),assetsReceived.tampa-bay-buccaneers.0,assetsReceived.tampa-bay-buccaneers.2
B_SUBSEQUENTLY_TRADED_MANUAL,src/data/nfl/trades.backup-before-bottom-batch-024-auto-copy-v1-2026-07-06T03-52-05-093Z.json,3365,1995-1st-round-pick-12th-overall-philadelphia-eagles-1995,TB-1995-0155,,,Tampa Bay Buccaneers Win,Warren Sapp,tampa-bay-buccaneers,tampa-bay-buccaneers,"1995 1st round pick (12th overall, Warren Sapp), 1995 2nd round pick (43rd overall, Melvin Johnson) and 1995 2nd round pick (63rd overall subsequently traded, Shane Hannah)",Warren Sapp),assetsReceived.tampa-bay-buccaneers.3,assetsReceived.tampa-bay-buccaneers.1
B_SUBSEQUENTLY_TRADED_MANUAL,src/data/nfl/trades.backup-before-bottom-batch-024-auto-copy-v1-2026-07-06T03-52-05-093Z.json,3482,1998-1st-round-pick-23rd-overall-tampa-bay-buccaneers-1998,RAI-1998-0294,,,Oakland/Los Angeles/Las Vegas Raiders Win,Jacquez Green,tampa-bay-buccaneers,tampa-bay-buccaneers,"1998 2nd round pick (34th overall, Jacquez Green) and 1998 2nd round pick (59th overall subsequently traded, Mikhael Ricks)",Jacquez Green),assetsReceived.tampa-bay-buccaneers.0,assetsReceived.tampa-bay-buccaneers.2
B_SUBSEQUENTLY_TRADED_MANUAL,src/data/nfl/trades.backup-before-bottom-batch-024-auto-copy-v1-2026-07-06T03-52-05-093Z.json,3632,2001-1st-round-pick-21st-overall-nate-clements-and-2001-2nd-round-pick-51st-over,BUF-2001-0252,,,Buffalo Bills Win,Nate Clements,buffalo-bills,buffalo-bills,"2001 1st round pick (21st overall, Nate Clements) and 2001 2nd round pick (51st overall subsequently traded, Paul Toviessi)",Nate Clements),assetsReceived.buffalo-bills.0,assetsReceived.buffalo-bills.2
B_SUBSEQUENTLY_TRADED_MANUAL,src/data/nfl/trades.backup-before-bottom-batch-024-auto-copy-v1-2026-07-06T03-52-05-093Z.json,3825,keenan-mccardell-tampa-bay-buccaneers-2004,LAC-2004-0340,,,Los Angeles/San Diego Chargers Win,Chris Colmer,tampa-bay-buccaneers,tampa-bay-buccaneers,"2005 3rd round pick (91st overall, Chris Colmer) and 2005 6th round pick (203rd overall subsequently traded, Andrew Hoffman)",Chris Colmer),assetsReceived.tampa-bay-buccaneers.0,assetsReceived.tampa-bay-buccaneers.2
B_SUBSEQUENTLY_TRADED_MANUAL,src/data/nfl/trades.backup-before-bottom-batch-024-auto-copy-v1-2026-07-06T03-52-05-093Z.json,4021,2008-2nd-round-pick-52nd-overall-tampa-bay-buccaneers-2008,JAX-2008-0039,,,Tampa Bay Buccaneers Win,Dexter Jackson,tampa-bay-buccaneers,tampa-bay-buccaneers,"2008 2nd round pick (58th overall, Dexter Jackson), 2008 5th round pick (158th overall subsequently traded, Kellen Davis), 2009 7th round pick (217th overall, E.J. Biggers)",Dexter Jackson),assetsReceived.tampa-bay-buccaneers.0,assetsReceived.tampa-bay-buccaneers.2
B_SUBSEQUENTLY_TRADED_MANUAL,src/data/nfl/trades.backup-before-bottom-batch-024-auto-copy-v1-2026-07-06T03-52-05-093Z.json,4243,2011-4th-round-pick-104th-overall-philadelphia-eagles-2011,TB-2011-0215,,,Even Trade,Casey Matthews,philadelphia-eagles,philadelphia-eagles,"2011 4th round pick (116th overall, Casey Matthews) and 2012 4th round pick (99th overall subsequently traded, Ben Jones)",Casey Matthews),assetsReceived.philadelphia-eagles.3,assetsReceived.philadelphia-eagles.1
B_SUBSEQUENTLY_TRADED_MANUAL,src/data/nfl/trades.backup-before-bottom-batch-024-auto-copy-v1-2026-07-06T03-52-05-093Z.json,4279,2012-1st-round-pick-5th-overall-tampa-bay-buccaneers-2012,JAX-2012-0054,,,Tampa Bay Buccaneers Win,Mark Barron,tampa-bay-buccaneers,tampa-bay-buccaneers,"2012 1st round pick (7th overall, Mark Barron), 2012 4th round pick (101st overall subsequently traded, Omar Bolden)",Mark Barron),assetsReceived.tampa-bay-buccaneers.0,assetsReceived.tampa-bay-buccaneers.2
B_SUBSEQUENTLY_TRADED_MANUAL,src/data/nfl/trades.backup-before-bottom-batch-024-auto-copy-v1-2026-07-06T03-52-05-093Z.json,4400,2014-7th-round-pick-221st-overall-randell-johnson-and-2015-5th-round-pick-137th,BUF-2014-0285,,,Buffalo Bills Win,Randell Johnson,buffalo-bills,buffalo-bills,"2014 7th round pick (221st overall, Randell Johnson) and 2015 5th round pick (137th overall subsequently traded, Grady Jarrett)",Randell Johnson),assetsReceived.buffalo-bills.0,assetsReceived.buffalo-bills.2
B_SUBSEQUENTLY_TRADED_MANUAL,src/data/nfl/trades.backup-before-bottom-batch-024-auto-copy-v1-2026-07-06T03-52-05-093Z.json,4438,2015-2nd-round-pick-61st-overall-indianapolis-colts-2015,TB-2015-0233,,,Tampa Bay Buccaneers Win,Ali Marpet,tampa-bay-buccaneers,tampa-bay-buccaneers,"2015 2nd round pick (61st overall, Ali Marpet) and 2015 4th round pick (128th overall subsequently traded, Jon Feliciano)",Ali Marpet),assetsReceived.tampa-bay-buccaneers.3,assetsReceived.tampa-bay-buccaneers.1
B_SUBSEQUENTLY_TRADED_MANUAL,src/data/nfl/trades.backup-before-bottom-batch-024-auto-copy-v1-2026-07-06T03-52-05-093Z.json,4480,2016-1st-round-pick-11th-overall-chicago-bears-2016,TB-2016-0235,,,Chicago Bears Win,Vernon Hargreaves,tampa-bay-buccaneers,tampa-bay-buccaneers,"2016 1st round pick (11th overall, Vernon Hargreaves) and 2016 4th round pick (106th overall subsequently traded, Eric Murray)",Vernon Hargreaves),assetsReceived.tampa-bay-buccaneers.3,assetsReceived.tampa-bay-buccaneers.1
B_SUBSEQUENTLY_TRADED_MANUAL,src/data/nfl/trades.backup-before-bottom-batch-024-auto-copy-v1-2026-07-06T03-52-05-093Z.json,4554,2017-7th-round-pick-237th-overall-buccaneers-2017,MIA-2017-0273,,,Miami Dolphins Win,Isaiah Ford,miami-dolphins,miami-dolphins,"2017 7th round pick (237th overall, Isaiah Ford) and 2018 7th round pick (223rd overall subsequently traded, Jullian Taylor)",Isaiah Ford),assetsReceived.miami-dolphins.0,assetsReceived.miami-dolphins.2
B_SUBSEQUENTLY_TRADED_MANUAL,src/data/nfl/trades.backup-before-bottom-batch-024-auto-copy-v1-2026-07-06T03-52-05-093Z.json,4640,2018-4th-round-pick-102nd-overall-jalyn-holmes-tampa-bay-buccaneers-2018,MIN-2018-0260,,,Tampa Bay Buccaneers Win,Jalyn Holmes,minnesota-vikings,minnesota-vikings,"2018 4th round pick (102nd overall, Jalyn Holmes) and 2018 6th round pick (180th overall subsequently traded, Folorunso Fatukasi)",Jalyn Holmes),assetsReceived.minnesota-vikings.0,assetsReceived.minnesota-vikings.2
B_SUBSEQUENTLY_TRADED_MANUAL,src/data/nfl/trades.backup-before-bottom-batch-024-auto-copy-v1-2026-07-06T03-52-05-093Z.json,4819,2020-1st-round-pick-14th-overall-javon-kinlaw-tampa-bay-buccaneers-2020,SF-2020-0401,,,Tampa Bay Buccaneers Win,Javon Kinlaw,san-francisco-49ers,san-francisco-49ers,"2020 1st round pick (14th overall, Javon Kinlaw) and 2020 4th round pick (117th overall subsequently traded, D.J. Wonnum)",Javon Kinlaw),assetsReceived.san-francisco-49ers.0,assetsReceived.san-francisco-49ers.2
B_SUBSEQUENTLY_TRADED_MANUAL,src/data/nfl/trades.backup-before-bottom-batch-024-auto-copy-v1-2026-07-06T03-52-05-093Z.json,4986,2022-1st-round-pick-27th-overall-tampa-bay-buccaneers-2022,JAX-2022-0089,,,Tampa Bay Buccaneers Win,Logan Hall,tampa-bay-buccaneers,tampa-bay-buccaneers,"2022 2nd round pick (33rd overall, Logan Hall), 2022 4th round pick (106th overall, Cade Otton), 2022 6th round pick (180th overall subsequently traded, Matt Araiza)",Logan Hall),assetsReceived.tampa-bay-buccaneers.0,assetsReceived.tampa-bay-buccaneers.2
B_SUBSEQUENTLY_TRADED_MANUAL,src/data/nfl/trades.backup-before-bottom-batch-024-auto-copy-v1-2026-07-06T03-52-05-093Z.json,5010,2023-4th-round-pick-121st-overall-tampa-bay-buccaneers-2022,JAX-2022-0091,,,Jacksonville Jaguars Win,Zyon McCollum,tampa-bay-buccaneers,tampa-bay-buccaneers,"2022 5th round pick (157th overall, Zyon McCollum), 2022 7th round pick (235th overall subsequently traded, Daniel Hardy)",Zyon McCollum),assetsReceived.tampa-bay-buccaneers.0,assetsReceived.tampa-bay-buccaneers.2
B_SUBSEQUENTLY_TRADED_MANUAL,src/data/nfl/trades.backup-before-bottom-batch-025-auto-copy-v1-2026-07-06T03-56-58-088Z.json,3364,1995-1st-round-pick-12th-overall-philadelphia-eagles-1995,TB-1995-0155,,,Tampa Bay Buccaneers Win,Warren Sapp,tampa-bay-buccaneers,tampa-bay-buccaneers,"1995 1st round pick (12th overall, Warren Sapp), 1995 2nd round pick (43rd overall, Melvin Johnson) and 1995 2nd round pick (63rd overall subsequently traded, Shane Hannah)",Warren Sapp),assetsReceived.tampa-bay-buccaneers.3,assetsReceived.tampa-bay-buccaneers.1
B_SUBSEQUENTLY_TRADED_MANUAL,src/data/nfl/trades.backup-before-bottom-batch-025-auto-copy-v1-2026-07-06T03-56-58-088Z.json,3481,1998-1st-round-pick-23rd-overall-tampa-bay-buccaneers-1998,RAI-1998-0294,,,Oakland/Los Angeles/Las Vegas Raiders Win,Jacquez Green,tampa-bay-buccaneers,tampa-bay-buccaneers,"1998 2nd round pick (34th overall, Jacquez Green) and 1998 2nd round pick (59th overall subsequently traded, Mikhael Ricks)",Jacquez Green),assetsReceived.tampa-bay-buccaneers.0,assetsReceived.tampa-bay-buccaneers.2
B_SUBSEQUENTLY_TRADED_MANUAL,src/data/nfl/trades.backup-before-bottom-batch-025-auto-copy-v1-2026-07-06T03-56-58-088Z.json,3631,2001-1st-round-pick-21st-overall-nate-clements-and-2001-2nd-round-pick-51st-over,BUF-2001-0252,,,Buffalo Bills Win,Nate Clements,buffalo-bills,buffalo-bills,"2001 1st round pick (21st overall, Nate Clements) and 2001 2nd round pick (51st overall subsequently traded, Paul Toviessi)",Nate Clements),assetsReceived.buffalo-bills.0,assetsReceived.buffalo-bills.2
B_SUBSEQUENTLY_TRADED_MANUAL,src/data/nfl/trades.backup-before-bottom-batch-025-auto-copy-v1-2026-07-06T03-56-58-088Z.json,3824,keenan-mccardell-tampa-bay-buccaneers-2004,LAC-2004-0340,,,Los Angeles/San Diego Chargers Win,Chris Colmer,tampa-bay-buccaneers,tampa-bay-buccaneers,"2005 3rd round pick (91st overall, Chris Colmer) and 2005 6th round pick (203rd overall subsequently traded, Andrew Hoffman)",Chris Colmer),assetsReceived.tampa-bay-buccaneers.0,assetsReceived.tampa-bay-buccaneers.2
B_SUBSEQUENTLY_TRADED_MANUAL,src/data/nfl/trades.backup-before-bottom-batch-025-auto-copy-v1-2026-07-06T03-56-58-088Z.json,4020,2008-2nd-round-pick-52nd-overall-tampa-bay-buccaneers-2008,JAX-2008-0039,,,Tampa Bay Buccaneers Win,Dexter Jackson,tampa-bay-buccaneers,tampa-bay-buccaneers,"2008 2nd round pick (58th overall, Dexter Jackson), 2008 5th round pick (158th overall subsequently traded, Kellen Davis), 2009 7th round pick (217th overall, E.J. Biggers)",Dexter Jackson),assetsReceived.tampa-bay-buccaneers.0,assetsReceived.tampa-bay-buccaneers.2
B_SUBSEQUENTLY_TRADED_MANUAL,src/data/nfl/trades.backup-before-bottom-batch-025-auto-copy-v1-2026-07-06T03-56-58-088Z.json,4242,2011-4th-round-pick-104th-overall-philadelphia-eagles-2011,TB-2011-0215,,,Even Trade,Casey Matthews,philadelphia-eagles,philadelphia-eagles,"2011 4th round pick (116th overall, Casey Matthews) and 2012 4th round pick (99th overall subsequently traded, Ben Jones)",Casey Matthews),assetsReceived.philadelphia-eagles.3,assetsReceived.philadelphia-eagles.1
B_SUBSEQUENTLY_TRADED_MANUAL,src/data/nfl/trades.backup-before-bottom-batch-025-auto-copy-v1-2026-07-06T03-56-58-088Z.json,4278,2012-1st-round-pick-5th-overall-tampa-bay-buccaneers-2012,JAX-2012-0054,,,Tampa Bay Buccaneers Win,Mark Barron,tampa-bay-buccaneers,tampa-bay-buccaneers,"2012 1st round pick (7th overall, Mark Barron), 2012 4th round pick (101st overall subsequently traded, Omar Bolden)",Mark Barron),assetsReceived.tampa-bay-buccaneers.0,assetsReceived.tampa-bay-buccaneers.2
B_SUBSEQUENTLY_TRADED_MANUAL,src/data/nfl/trades.backup-before-bottom-batch-025-auto-copy-v1-2026-07-06T03-56-58-088Z.json,4399,2014-7th-round-pick-221st-overall-randell-johnson-and-2015-5th-round-pick-137th,BUF-2014-0285,,,Buffalo Bills Win,Randell Johnson,buffalo-bills,buffalo-bills,"2014 7th round pick (221st overall, Randell Johnson) and 2015 5th round pick (137th overall subsequently traded, Grady Jarrett)",Randell Johnson),assetsReceived.buffalo-bills.0,assetsReceived.buffalo-bills.2
B_SUBSEQUENTLY_TRADED_MANUAL,src/data/nfl/trades.backup-before-bottom-batch-025-auto-copy-v1-2026-07-06T03-56-58-088Z.json,4437,2015-2nd-round-pick-61st-overall-indianapolis-colts-2015,TB-2015-0233,,,Tampa Bay Buccaneers Win,Ali Marpet,tampa-bay-buccaneers,tampa-bay-buccaneers,"2015 2nd round pick (61st overall, Ali Marpet) and 2015 4th round pick (128th overall subsequently traded, Jon Feliciano)",Ali Marpet),assetsReceived.tampa-bay-buccaneers.3,assetsReceived.tampa-bay-buccaneers.1
B_SUBSEQUENTLY_TRADED_MANUAL,src/data/nfl/trades.backup-before-bottom-batch-025-auto-copy-v1-2026-07-06T03-56-58-088Z.json,4479,2016-1st-round-pick-11th-overall-chicago-bears-2016,TB-2016-0235,,,Chicago Bears Win,Vernon Hargreaves,tampa-bay-buccaneers,tampa-bay-buccaneers,"2016 1st round pick (11th overall, Vernon Hargreaves) and 2016 4th round pick (106th overall subsequently traded, Eric Murray)",Vernon Hargreaves),assetsReceived.tampa-bay-buccaneers.3,assetsReceived.tampa-bay-buccaneers.1
B_SUBSEQUENTLY_TRADED_MANUAL,src/data/nfl/trades.backup-before-bottom-batch-025-auto-copy-v1-2026-07-06T03-56-58-088Z.json,4553,2017-7th-round-pick-237th-overall-buccaneers-2017,MIA-2017-0273,,,Miami Dolphins Win,Isaiah Ford,miami-dolphins,miami-dolphins,"2017 7th round pick (237th overall, Isaiah Ford) and 2018 7th round pick (223rd overall subsequently traded, Jullian Taylor)",Isaiah Ford),assetsReceived.miami-dolphins.0,assetsReceived.miami-dolphins.2
B_SUBSEQUENTLY_TRADED_MANUAL,src/data/nfl/trades.backup-before-bottom-batch-025-auto-copy-v1-2026-07-06T03-56-58-088Z.json,4639,2018-4th-round-pick-102nd-overall-jalyn-holmes-tampa-bay-buccaneers-2018,MIN-2018-0260,,,Tampa Bay Buccaneers Win,Jalyn Holmes,minnesota-vikings,minnesota-vikings,"2018 4th round pick (102nd overall, Jalyn Holmes) and 2018 6th round pick (180th overall subsequently traded, Folorunso Fatukasi)",Jalyn Holmes),assetsReceived.minnesota-vikings.0,assetsReceived.minnesota-vikings.2
B_SUBSEQUENTLY_TRADED_MANUAL,src/data/nfl/trades.backup-before-bottom-batch-025-auto-copy-v1-2026-07-06T03-56-58-088Z.json,4818,2020-1st-round-pick-14th-overall-javon-kinlaw-tampa-bay-buccaneers-2020,SF-2020-0401,,,Tampa Bay Buccaneers Win,Javon Kinlaw,san-francisco-49ers,san-francisco-49ers,"2020 1st round pick (14th overall, Javon Kinlaw) and 2020 4th round pick (117th overall subsequently traded, D.J. Wonnum)",Javon Kinlaw),assetsReceived.san-francisco-49ers.0,assetsReceived.san-francisco-49ers.2
B_SUBSEQUENTLY_TRADED_MANUAL,src/data/nfl/trades.backup-before-bottom-batch-025-auto-copy-v1-2026-07-06T03-56-58-088Z.json,4985,2022-1st-round-pick-27th-overall-tampa-bay-buccaneers-2022,JAX-2022-0089,,,Tampa Bay Buccaneers Win,Logan Hall,tampa-bay-buccaneers,tampa-bay-buccaneers,"2022 2nd round pick (33rd overall, Logan Hall), 2022 4th round pick (106th overall, Cade Otton), 2022 6th round pick (180th overall subsequently traded, Matt Araiza)",Logan Hall),assetsReceived.tampa-bay-buccaneers.0,assetsReceived.tampa-bay-buccaneers.2
B_SUBSEQUENTLY_TRADED_MANUAL,src/data/nfl/trades.backup-before-bottom-batch-025-auto-copy-v1-2026-07-06T03-56-58-088Z.json,5009,2023-4th-round-pick-121st-overall-tampa-bay-buccaneers-2022,JAX-2022-0091,,,Jacksonville Jaguars Win,Zyon McCollum,tampa-bay-buccaneers,tampa-bay-buccaneers,"2022 5th round pick (157th overall, Zyon McCollum), 2022 7th round pick (235th overall subsequently traded, Daniel Hardy)",Zyon McCollum),assetsReceived.tampa-bay-buccaneers.0,assetsReceived.tampa-bay-buccaneers.2
B_SUBSEQUENTLY_TRADED_MANUAL,src/data/nfl/trades.backup-before-bottom-batch-026-auto-copy-v1-2026-07-06T04-06-23-236Z.json,3363,1995-1st-round-pick-12th-overall-philadelphia-eagles-1995,TB-1995-0155,,,Tampa Bay Buccaneers Win,Warren Sapp,tampa-bay-buccaneers,tampa-bay-buccaneers,"1995 1st round pick (12th overall, Warren Sapp), 1995 2nd round pick (43rd overall, Melvin Johnson) and 1995 2nd round pick (63rd overall subsequently traded, Shane Hannah)",Warren Sapp),assetsReceived.tampa-bay-buccaneers.3,assetsReceived.tampa-bay-buccaneers.1
B_SUBSEQUENTLY_TRADED_MANUAL,src/data/nfl/trades.backup-before-bottom-batch-026-auto-copy-v1-2026-07-06T04-06-23-236Z.json,3480,1998-1st-round-pick-23rd-overall-tampa-bay-buccaneers-1998,RAI-1998-0294,,,Oakland/Los Angeles/Las Vegas Raiders Win,Jacquez Green,tampa-bay-buccaneers,tampa-bay-buccaneers,"1998 2nd round pick (34th overall, Jacquez Green) and 1998 2nd round pick (59th overall subsequently traded, Mikhael Ricks)",Jacquez Green),assetsReceived.tampa-bay-buccaneers.0,assetsReceived.tampa-bay-buccaneers.2
B_SUBSEQUENTLY_TRADED_MANUAL,src/data/nfl/trades.backup-before-bottom-batch-026-auto-copy-v1-2026-07-06T04-06-23-236Z.json,3630,2001-1st-round-pick-21st-overall-nate-clements-and-2001-2nd-round-pick-51st-over,BUF-2001-0252,,,Buffalo Bills Win,Nate Clements,buffalo-bills,buffalo-bills,"2001 1st round pick (21st overall, Nate Clements) and 2001 2nd round pick (51st overall subsequently traded, Paul Toviessi)",Nate Clements),assetsReceived.buffalo-bills.0,assetsReceived.buffalo-bills.2
B_SUBSEQUENTLY_TRADED_MANUAL,src/data/nfl/trades.backup-before-bottom-batch-026-auto-copy-v1-2026-07-06T04-06-23-236Z.json,3823,keenan-mccardell-tampa-bay-buccaneers-2004,LAC-2004-0340,,,Los Angeles/San Diego Chargers Win,Chris Colmer,tampa-bay-buccaneers,tampa-bay-buccaneers,"2005 3rd round pick (91st overall, Chris Colmer) and 2005 6th round pick (203rd overall subsequently traded, Andrew Hoffman)",Chris Colmer),assetsReceived.tampa-bay-buccaneers.0,assetsReceived.tampa-bay-buccaneers.2
B_SUBSEQUENTLY_TRADED_MANUAL,src/data/nfl/trades.backup-before-bottom-batch-026-auto-copy-v1-2026-07-06T04-06-23-236Z.json,4019,2008-2nd-round-pick-52nd-overall-tampa-bay-buccaneers-2008,JAX-2008-0039,,,Tampa Bay Buccaneers Win,Dexter Jackson,tampa-bay-buccaneers,tampa-bay-buccaneers,"2008 2nd round pick (58th overall, Dexter Jackson), 2008 5th round pick (158th overall subsequently traded, Kellen Davis), 2009 7th round pick (217th overall, E.J. Biggers)",Dexter Jackson),assetsReceived.tampa-bay-buccaneers.0,assetsReceived.tampa-bay-buccaneers.2
B_SUBSEQUENTLY_TRADED_MANUAL,src/data/nfl/trades.backup-before-bottom-batch-026-auto-copy-v1-2026-07-06T04-06-23-236Z.json,4241,2011-4th-round-pick-104th-overall-philadelphia-eagles-2011,TB-2011-0215,,,Even Trade,Casey Matthews,philadelphia-eagles,philadelphia-eagles,"2011 4th round pick (116th overall, Casey Matthews) and 2012 4th round pick (99th overall subsequently traded, Ben Jones)",Casey Matthews),assetsReceived.philadelphia-eagles.3,assetsReceived.philadelphia-eagles.1
B_SUBSEQUENTLY_TRADED_MANUAL,src/data/nfl/trades.backup-before-bottom-batch-026-auto-copy-v1-2026-07-06T04-06-23-236Z.json,4277,2012-1st-round-pick-5th-overall-tampa-bay-buccaneers-2012,JAX-2012-0054,,,Tampa Bay Buccaneers Win,Mark Barron,tampa-bay-buccaneers,tampa-bay-buccaneers,"2012 1st round pick (7th overall, Mark Barron), 2012 4th round pick (101st overall subsequently traded, Omar Bolden)",Mark Barron),assetsReceived.tampa-bay-buccaneers.0,assetsReceived.tampa-bay-buccaneers.2
B_SUBSEQUENTLY_TRADED_MANUAL,src/data/nfl/trades.backup-before-bottom-batch-026-auto-copy-v1-2026-07-06T04-06-23-236Z.json,4398,2014-7th-round-pick-221st-overall-randell-johnson-and-2015-5th-round-pick-137th,BUF-2014-0285,,,Buffalo Bills Win,Randell Johnson,buffalo-bills,buffalo-bills,"2014 7th round pick (221st overall, Randell Johnson) and 2015 5th round pick (137th overall subsequently traded, Grady Jarrett)",Randell Johnson),assetsReceived.buffalo-bills.0,assetsReceived.buffalo-bills.2
B_SUBSEQUENTLY_TRADED_MANUAL,src/data/nfl/trades.backup-before-bottom-batch-026-auto-copy-v1-2026-07-06T04-06-23-236Z.json,4436,2015-2nd-round-pick-61st-overall-indianapolis-colts-2015,TB-2015-0233,,,Tampa Bay Buccaneers Win,Ali Marpet,tampa-bay-buccaneers,tampa-bay-buccaneers,"2015 2nd round pick (61st overall, Ali Marpet) and 2015 4th round pick (128th overall subsequently traded, Jon Feliciano)",Ali Marpet),assetsReceived.tampa-bay-buccaneers.3,assetsReceived.tampa-bay-buccaneers.1
B_SUBSEQUENTLY_TRADED_MANUAL,src/data/nfl/trades.backup-before-bottom-batch-026-auto-copy-v1-2026-07-06T04-06-23-236Z.json,4478,2016-1st-round-pick-11th-overall-chicago-bears-2016,TB-2016-0235,,,Chicago Bears Win,Vernon Hargreaves,tampa-bay-buccaneers,tampa-bay-buccaneers,"2016 1st round pick (11th overall, Vernon Hargreaves) and 2016 4th round pick (106th overall subsequently traded, Eric Murray)",Vernon Hargreaves),assetsReceived.tampa-bay-buccaneers.3,assetsReceived.tampa-bay-buccaneers.1
B_SUBSEQUENTLY_TRADED_MANUAL,src/data/nfl/trades.backup-before-bottom-batch-026-auto-copy-v1-2026-07-06T04-06-23-236Z.json,4552,2017-7th-round-pick-237th-overall-buccaneers-2017,MIA-2017-0273,,,Miami Dolphins Win,Isaiah Ford,miami-dolphins,miami-dolphins,"2017 7th round pick (237th overall, Isaiah Ford) and 2018 7th round pick (223rd overall subsequently traded, Jullian Taylor)",Isaiah Ford),assetsReceived.miami-dolphins.0,assetsReceived.miami-dolphins.2
B_SUBSEQUENTLY_TRADED_MANUAL,src/data/nfl/trades.backup-before-bottom-batch-026-auto-copy-v1-2026-07-06T04-06-23-236Z.json,4638,2018-4th-round-pick-102nd-overall-jalyn-holmes-tampa-bay-buccaneers-2018,MIN-2018-0260,,,Tampa Bay Buccaneers Win,Jalyn Holmes,minnesota-vikings,minnesota-vikings,"2018 4th round pick (102nd overall, Jalyn Holmes) and 2018 6th round pick (180th overall subsequently traded, Folorunso Fatukasi)",Jalyn Holmes),assetsReceived.minnesota-vikings.0,assetsReceived.minnesota-vikings.2
B_SUBSEQUENTLY_TRADED_MANUAL,src/data/nfl/trades.backup-before-bottom-batch-026-auto-copy-v1-2026-07-06T04-06-23-236Z.json,4817,2020-1st-round-pick-14th-overall-javon-kinlaw-tampa-bay-buccaneers-2020,SF-2020-0401,,,Tampa Bay Buccaneers Win,Javon Kinlaw,san-francisco-49ers,san-francisco-49ers,"2020 1st round pick (14th overall, Javon Kinlaw) and 2020 4th round pick (117th overall subsequently traded, D.J. Wonnum)",Javon Kinlaw),assetsReceived.san-francisco-49ers.0,assetsReceived.san-francisco-49ers.2
B_SUBSEQUENTLY_TRADED_MANUAL,src/data/nfl/trades.backup-before-bottom-batch-026-auto-copy-v1-2026-07-06T04-06-23-236Z.json,4984,2022-1st-round-pick-27th-overall-tampa-bay-buccaneers-2022,JAX-2022-0089,,,Tampa Bay Buccaneers Win,Logan Hall,tampa-bay-buccaneers,tampa-bay-buccaneers,"2022 2nd round pick (33rd overall, Logan Hall), 2022 4th round pick (106th overall, Cade Otton), 2022 6th round pick (180th overall subsequently traded, Matt Araiza)",Logan Hall),assetsReceived.tampa-bay-buccaneers.0,assetsReceived.tampa-bay-buccaneers.2
B_SUBSEQUENTLY_TRADED_MANUAL,src/data/nfl/trades.backup-before-bottom-batch-026-auto-copy-v1-2026-07-06T04-06-23-236Z.json,5008,2023-4th-round-pick-121st-overall-tampa-bay-buccaneers-2022,JAX-2022-0091,,,Jacksonville Jaguars Win,Zyon McCollum,tampa-bay-buccaneers,tampa-bay-buccaneers,"2022 5th round pick (157th overall, Zyon McCollum), 2022 7th round pick (235th overall subsequently traded, Daniel Hardy)",Zyon McCollum),assetsReceived.tampa-bay-buccaneers.0,assetsReceived.tampa-bay-buccaneers.2
B_SUBSEQUENTLY_TRADED_MANUAL,src/data/nfl/trades.backup-before-bottom-batch-027-auto-copy-v1-2026-07-06T04-18-25-561Z.json,3362,1995-1st-round-pick-12th-overall-philadelphia-eagles-1995,TB-1995-0155,,,Tampa Bay Buccaneers Win,Warren Sapp,tampa-bay-buccaneers,tampa-bay-buccaneers,"1995 1st round pick (12th overall, Warren Sapp), 1995 2nd round pick (43rd overall, Melvin Johnson) and 1995 2nd round pick (63rd overall subsequently traded, Shane Hannah)",Warren Sapp),assetsReceived.tampa-bay-buccaneers.3,assetsReceived.tampa-bay-buccaneers.1
B_SUBSEQUENTLY_TRADED_MANUAL,src/data/nfl/trades.backup-before-bottom-batch-027-auto-copy-v1-2026-07-06T04-18-25-561Z.json,3479,1998-1st-round-pick-23rd-overall-tampa-bay-buccaneers-1998,RAI-1998-0294,,,Oakland/Los Angeles/Las Vegas Raiders Win,Jacquez Green,tampa-bay-buccaneers,tampa-bay-buccaneers,"1998 2nd round pick (34th overall, Jacquez Green) and 1998 2nd round pick (59th overall subsequently traded, Mikhael Ricks)",Jacquez Green),assetsReceived.tampa-bay-buccaneers.0,assetsReceived.tampa-bay-buccaneers.2
B_SUBSEQUENTLY_TRADED_MANUAL,src/data/nfl/trades.backup-before-bottom-batch-027-auto-copy-v1-2026-07-06T04-18-25-561Z.json,3629,2001-1st-round-pick-21st-overall-nate-clements-and-2001-2nd-round-pick-51st-over,BUF-2001-0252,,,Buffalo Bills Win,Nate Clements,buffalo-bills,buffalo-bills,"2001 1st round pick (21st overall, Nate Clements) and 2001 2nd round pick (51st overall subsequently traded, Paul Toviessi)",Nate Clements),assetsReceived.buffalo-bills.0,assetsReceived.buffalo-bills.2
B_SUBSEQUENTLY_TRADED_MANUAL,src/data/nfl/trades.backup-before-bottom-batch-027-auto-copy-v1-2026-07-06T04-18-25-561Z.json,3822,keenan-mccardell-tampa-bay-buccaneers-2004,LAC-2004-0340,,,Los Angeles/San Diego Chargers Win,Chris Colmer,tampa-bay-buccaneers,tampa-bay-buccaneers,"2005 3rd round pick (91st overall, Chris Colmer) and 2005 6th round pick (203rd overall subsequently traded, Andrew Hoffman)",Chris Colmer),assetsReceived.tampa-bay-buccaneers.0,assetsReceived.tampa-bay-buccaneers.2
B_SUBSEQUENTLY_TRADED_MANUAL,src/data/nfl/trades.backup-before-bottom-batch-027-auto-copy-v1-2026-07-06T04-18-25-561Z.json,4018,2008-2nd-round-pick-52nd-overall-tampa-bay-buccaneers-2008,JAX-2008-0039,,,Tampa Bay Buccaneers Win,Dexter Jackson,tampa-bay-buccaneers,tampa-bay-buccaneers,"2008 2nd round pick (58th overall, Dexter Jackson), 2008 5th round pick (158th overall subsequently traded, Kellen Davis), 2009 7th round pick (217th overall, E.J. Biggers)",Dexter Jackson),assetsReceived.tampa-bay-buccaneers.0,assetsReceived.tampa-bay-buccaneers.2
B_SUBSEQUENTLY_TRADED_MANUAL,src/data/nfl/trades.backup-before-bottom-batch-027-auto-copy-v1-2026-07-06T04-18-25-561Z.json,4240,2011-4th-round-pick-104th-overall-philadelphia-eagles-2011,TB-2011-0215,,,Even Trade,Casey Matthews,philadelphia-eagles,philadelphia-eagles,"2011 4th round pick (116th overall, Casey Matthews) and 2012 4th round pick (99th overall subsequently traded, Ben Jones)",Casey Matthews),assetsReceived.philadelphia-eagles.3,assetsReceived.philadelphia-eagles.1
B_SUBSEQUENTLY_TRADED_MANUAL,src/data/nfl/trades.backup-before-bottom-batch-027-auto-copy-v1-2026-07-06T04-18-25-561Z.json,4276,2012-1st-round-pick-5th-overall-tampa-bay-buccaneers-2012,JAX-2012-0054,,,Tampa Bay Buccaneers Win,Mark Barron,tampa-bay-buccaneers,tampa-bay-buccaneers,"2012 1st round pick (7th overall, Mark Barron), 2012 4th round pick (101st overall subsequently traded, Omar Bolden)",Mark Barron),assetsReceived.tampa-bay-buccaneers.0,assetsReceived.tampa-bay-buccaneers.2
B_SUBSEQUENTLY_TRADED_MANUAL,src/data/nfl/trades.backup-before-bottom-batch-027-auto-copy-v1-2026-07-06T04-18-25-561Z.json,4397,2014-7th-round-pick-221st-overall-randell-johnson-and-2015-5th-round-pick-137th,BUF-2014-0285,,,Buffalo Bills Win,Randell Johnson,buffalo-bills,buffalo-bills,"2014 7th round pick (221st overall, Randell Johnson) and 2015 5th round pick (137th overall subsequently traded, Grady Jarrett)",Randell Johnson),assetsReceived.buffalo-bills.0,assetsReceived.buffalo-bills.2
B_SUBSEQUENTLY_TRADED_MANUAL,src/data/nfl/trades.backup-before-bottom-batch-027-auto-copy-v1-2026-07-06T04-18-25-561Z.json,4435,2015-2nd-round-pick-61st-overall-indianapolis-colts-2015,TB-2015-0233,,,Tampa Bay Buccaneers Win,Ali Marpet,tampa-bay-buccaneers,tampa-bay-buccaneers,"2015 2nd round pick (61st overall, Ali Marpet) and 2015 4th round pick (128th overall subsequently traded, Jon Feliciano)",Ali Marpet),assetsReceived.tampa-bay-buccaneers.3,assetsReceived.tampa-bay-buccaneers.1
B_SUBSEQUENTLY_TRADED_MANUAL,src/data/nfl/trades.backup-before-bottom-batch-027-auto-copy-v1-2026-07-06T04-18-25-561Z.json,4477,2016-1st-round-pick-11th-overall-chicago-bears-2016,TB-2016-0235,,,Chicago Bears Win,Vernon Hargreaves,tampa-bay-buccaneers,tampa-bay-buccaneers,"2016 1st round pick (11th overall, Vernon Hargreaves) and 2016 4th round pick (106th overall subsequently traded, Eric Murray)",Vernon Hargreaves),assetsReceived.tampa-bay-buccaneers.3,assetsReceived.tampa-bay-buccaneers.1
B_SUBSEQUENTLY_TRADED_MANUAL,src/data/nfl/trades.backup-before-bottom-batch-027-auto-copy-v1-2026-07-06T04-18-25-561Z.json,4551,2017-7th-round-pick-237th-overall-buccaneers-2017,MIA-2017-0273,,,Miami Dolphins Win,Isaiah Ford,miami-dolphins,miami-dolphins,"2017 7th round pick (237th overall, Isaiah Ford) and 2018 7th round pick (223rd overall subsequently traded, Jullian Taylor)",Isaiah Ford),assetsReceived.miami-dolphins.0,assetsReceived.miami-dolphins.2
B_SUBSEQUENTLY_TRADED_MANUAL,src/data/nfl/trades.backup-before-bottom-batch-027-auto-copy-v1-2026-07-06T04-18-25-561Z.json,4637,2018-4th-round-pick-102nd-overall-jalyn-holmes-tampa-bay-buccaneers-2018,MIN-2018-0260,,,Tampa Bay Buccaneers Win,Jalyn Holmes,minnesota-vikings,minnesota-vikings,"2018 4th round pick (102nd overall, Jalyn Holmes) and 2018 6th round pick (180th overall subsequently traded, Folorunso Fatukasi)",Jalyn Holmes),assetsReceived.minnesota-vikings.0,assetsReceived.minnesota-vikings.2
B_SUBSEQUENTLY_TRADED_MANUAL,src/data/nfl/trades.backup-before-bottom-batch-027-auto-copy-v1-2026-07-06T04-18-25-561Z.json,4816,2020-1st-round-pick-14th-overall-javon-kinlaw-tampa-bay-buccaneers-2020,SF-2020-0401,,,Tampa Bay Buccaneers Win,Javon Kinlaw,san-francisco-49ers,san-francisco-49ers,"2020 1st round pick (14th overall, Javon Kinlaw) and 2020 4th round pick (117th overall subsequently traded, D.J. Wonnum)",Javon Kinlaw),assetsReceived.san-francisco-49ers.0,assetsReceived.san-francisco-49ers.2
B_SUBSEQUENTLY_TRADED_MANUAL,src/data/nfl/trades.backup-before-bottom-batch-027-auto-copy-v1-2026-07-06T04-18-25-561Z.json,4983,2022-1st-round-pick-27th-overall-tampa-bay-buccaneers-2022,JAX-2022-0089,,,Tampa Bay Buccaneers Win,Logan Hall,tampa-bay-buccaneers,tampa-bay-buccaneers,"2022 2nd round pick (33rd overall, Logan Hall), 2022 4th round pick (106th overall, Cade Otton), 2022 6th round pick (180th overall subsequently traded, Matt Araiza)",Logan Hall),assetsReceived.tampa-bay-buccaneers.0,assetsReceived.tampa-bay-buccaneers.2
B_SUBSEQUENTLY_TRADED_MANUAL,src/data/nfl/trades.backup-before-bottom-batch-027-auto-copy-v1-2026-07-06T04-18-25-561Z.json,5007,2023-4th-round-pick-121st-overall-tampa-bay-buccaneers-2022,JAX-2022-0091,,,Jacksonville Jaguars Win,Zyon McCollum,tampa-bay-buccaneers,tampa-bay-buccaneers,"2022 5th round pick (157th overall, Zyon McCollum), 2022 7th round pick (235th overall subsequently traded, Daniel Hardy)",Zyon McCollum),assetsReceived.tampa-bay-buccaneers.0,assetsReceived.tampa-bay-buccaneers.2
B_SUBSEQUENTLY_TRADED_MANUAL,src/data/nfl/trades.backup-before-bottom-batch-028-auto-copy-v1-2026-07-06T04-28-13-370Z.json,3361,1995-1st-round-pick-12th-overall-philadelphia-eagles-1995,TB-1995-0155,,,Tampa Bay Buccaneers Win,Warren Sapp,tampa-bay-buccaneers,tampa-bay-buccaneers,"1995 1st round pick (12th overall, Warren Sapp), 1995 2nd round pick (43rd overall, Melvin Johnson) and 1995 2nd round pick (63rd overall subsequently traded, Shane Hannah)",Warren Sapp),assetsReceived.tampa-bay-buccaneers.3,assetsReceived.tampa-bay-buccaneers.1
B_SUBSEQUENTLY_TRADED_MANUAL,src/data/nfl/trades.backup-before-bottom-batch-028-auto-copy-v1-2026-07-06T04-28-13-370Z.json,3478,1998-1st-round-pick-23rd-overall-tampa-bay-buccaneers-1998,RAI-1998-0294,,,Oakland/Los Angeles/Las Vegas Raiders Win,Jacquez Green,tampa-bay-buccaneers,tampa-bay-buccaneers,"1998 2nd round pick (34th overall, Jacquez Green) and 1998 2nd round pick (59th overall subsequently traded, Mikhael Ricks)",Jacquez Green),assetsReceived.tampa-bay-buccaneers.0,assetsReceived.tampa-bay-buccaneers.2
B_SUBSEQUENTLY_TRADED_MANUAL,src/data/nfl/trades.backup-before-bottom-batch-028-auto-copy-v1-2026-07-06T04-28-13-370Z.json,3628,2001-1st-round-pick-21st-overall-nate-clements-and-2001-2nd-round-pick-51st-over,BUF-2001-0252,,,Buffalo Bills Win,Nate Clements,buffalo-bills,buffalo-bills,"2001 1st round pick (21st overall, Nate Clements) and 2001 2nd round pick (51st overall subsequently traded, Paul Toviessi)",Nate Clements),assetsReceived.buffalo-bills.0,assetsReceived.buffalo-bills.2
B_SUBSEQUENTLY_TRADED_MANUAL,src/data/nfl/trades.backup-before-bottom-batch-028-auto-copy-v1-2026-07-06T04-28-13-370Z.json,3821,keenan-mccardell-tampa-bay-buccaneers-2004,LAC-2004-0340,,,Los Angeles/San Diego Chargers Win,Chris Colmer,tampa-bay-buccaneers,tampa-bay-buccaneers,"2005 3rd round pick (91st overall, Chris Colmer) and 2005 6th round pick (203rd overall subsequently traded, Andrew Hoffman)",Chris Colmer),assetsReceived.tampa-bay-buccaneers.0,assetsReceived.tampa-bay-buccaneers.2
B_SUBSEQUENTLY_TRADED_MANUAL,src/data/nfl/trades.backup-before-bottom-batch-028-auto-copy-v1-2026-07-06T04-28-13-370Z.json,4017,2008-2nd-round-pick-52nd-overall-tampa-bay-buccaneers-2008,JAX-2008-0039,,,Tampa Bay Buccaneers Win,Dexter Jackson,tampa-bay-buccaneers,tampa-bay-buccaneers,"2008 2nd round pick (58th overall, Dexter Jackson), 2008 5th round pick (158th overall subsequently traded, Kellen Davis), 2009 7th round pick (217th overall, E.J. Biggers)",Dexter Jackson),assetsReceived.tampa-bay-buccaneers.0,assetsReceived.tampa-bay-buccaneers.2
B_SUBSEQUENTLY_TRADED_MANUAL,src/data/nfl/trades.backup-before-bottom-batch-028-auto-copy-v1-2026-07-06T04-28-13-370Z.json,4239,2011-4th-round-pick-104th-overall-philadelphia-eagles-2011,TB-2011-0215,,,Even Trade,Casey Matthews,philadelphia-eagles,philadelphia-eagles,"2011 4th round pick (116th overall, Casey Matthews) and 2012 4th round pick (99th overall subsequently traded, Ben Jones)",Casey Matthews),assetsReceived.philadelphia-eagles.3,assetsReceived.philadelphia-eagles.1
B_SUBSEQUENTLY_TRADED_MANUAL,src/data/nfl/trades.backup-before-bottom-batch-028-auto-copy-v1-2026-07-06T04-28-13-370Z.json,4275,2012-1st-round-pick-5th-overall-tampa-bay-buccaneers-2012,JAX-2012-0054,,,Tampa Bay Buccaneers Win,Mark Barron,tampa-bay-buccaneers,tampa-bay-buccaneers,"2012 1st round pick (7th overall, Mark Barron), 2012 4th round pick (101st overall subsequently traded, Omar Bolden)",Mark Barron),assetsReceived.tampa-bay-buccaneers.0,assetsReceived.tampa-bay-buccaneers.2
B_SUBSEQUENTLY_TRADED_MANUAL,src/data/nfl/trades.backup-before-bottom-batch-028-auto-copy-v1-2026-07-06T04-28-13-370Z.json,4396,2014-7th-round-pick-221st-overall-randell-johnson-and-2015-5th-round-pick-137th,BUF-2014-0285,,,Buffalo Bills Win,Randell Johnson,buffalo-bills,buffalo-bills,"2014 7th round pick (221st overall, Randell Johnson) and 2015 5th round pick (137th overall subsequently traded, Grady Jarrett)",Randell Johnson),assetsReceived.buffalo-bills.0,assetsReceived.buffalo-bills.2
B_SUBSEQUENTLY_TRADED_MANUAL,src/data/nfl/trades.backup-before-bottom-batch-028-auto-copy-v1-2026-07-06T04-28-13-370Z.json,4434,2015-2nd-round-pick-61st-overall-indianapolis-colts-2015,TB-2015-0233,,,Tampa Bay Buccaneers Win,Ali Marpet,tampa-bay-buccaneers,tampa-bay-buccaneers,"2015 2nd round pick (61st overall, Ali Marpet) and 2015 4th round pick (128th overall subsequently traded, Jon Feliciano)",Ali Marpet),assetsReceived.tampa-bay-buccaneers.3,assetsReceived.tampa-bay-buccaneers.1
B_SUBSEQUENTLY_TRADED_MANUAL,src/data/nfl/trades.backup-before-bottom-batch-028-auto-copy-v1-2026-07-06T04-28-13-370Z.json,4476,2016-1st-round-pick-11th-overall-chicago-bears-2016,TB-2016-0235,,,Chicago Bears Win,Vernon Hargreaves,tampa-bay-buccaneers,tampa-bay-buccaneers,"2016 1st round pick (11th overall, Vernon Hargreaves) and 2016 4th round pick (106th overall subsequently traded, Eric Murray)",Vernon Hargreaves),assetsReceived.tampa-bay-buccaneers.3,assetsReceived.tampa-bay-buccaneers.1
B_SUBSEQUENTLY_TRADED_MANUAL,src/data/nfl/trades.backup-before-bottom-batch-028-auto-copy-v1-2026-07-06T04-28-13-370Z.json,4550,2017-7th-round-pick-237th-overall-buccaneers-2017,MIA-2017-0273,,,Miami Dolphins Win,Isaiah Ford,miami-dolphins,miami-dolphins,"2017 7th round pick (237th overall, Isaiah Ford) and 2018 7th round pick (223rd overall subsequently traded, Jullian Taylor)",Isaiah Ford),assetsReceived.miami-dolphins.0,assetsReceived.miami-dolphins.2
B_SUBSEQUENTLY_TRADED_MANUAL,src/data/nfl/trades.backup-before-bottom-batch-028-auto-copy-v1-2026-07-06T04-28-13-370Z.json,4636,2018-4th-round-pick-102nd-overall-jalyn-holmes-tampa-bay-buccaneers-2018,MIN-2018-0260,,,Tampa Bay Buccaneers Win,Jalyn Holmes,minnesota-vikings,minnesota-vikings,"2018 4th round pick (102nd overall, Jalyn Holmes) and 2018 6th round pick (180th overall subsequently traded, Folorunso Fatukasi)",Jalyn Holmes),assetsReceived.minnesota-vikings.0,assetsReceived.minnesota-vikings.2
B_SUBSEQUENTLY_TRADED_MANUAL,src/data/nfl/trades.backup-before-bottom-batch-028-auto-copy-v1-2026-07-06T04-28-13-370Z.json,4815,2020-1st-round-pick-14th-overall-javon-kinlaw-tampa-bay-buccaneers-2020,SF-2020-0401,,,Tampa Bay Buccaneers Win,Javon Kinlaw,san-francisco-49ers,san-francisco-49ers,"2020 1st round pick (14th overall, Javon Kinlaw) and 2020 4th round pick (117th overall subsequently traded, D.J. Wonnum)",Javon Kinlaw),assetsReceived.san-francisco-49ers.0,assetsReceived.san-francisco-49ers.2
B_SUBSEQUENTLY_TRADED_MANUAL,src/data/nfl/trades.backup-before-bottom-batch-028-auto-copy-v1-2026-07-06T04-28-13-370Z.json,4982,2022-1st-round-pick-27th-overall-tampa-bay-buccaneers-2022,JAX-2022-0089,,,Tampa Bay Buccaneers Win,Logan Hall,tampa-bay-buccaneers,tampa-bay-buccaneers,"2022 2nd round pick (33rd overall, Logan Hall), 2022 4th round pick (106th overall, Cade Otton), 2022 6th round pick (180th overall subsequently traded, Matt Araiza)",Logan Hall),assetsReceived.tampa-bay-buccaneers.0,assetsReceived.tampa-bay-buccaneers.2
B_SUBSEQUENTLY_TRADED_MANUAL,src/data/nfl/trades.backup-before-bottom-batch-028-auto-copy-v1-2026-07-06T04-28-13-370Z.json,5006,2023-4th-round-pick-121st-overall-tampa-bay-buccaneers-2022,JAX-2022-0091,,,Jacksonville Jaguars Win,Zyon McCollum,tampa-bay-buccaneers,tampa-bay-buccaneers,"2022 5th round pick (157th overall, Zyon McCollum), 2022 7th round pick (235th overall subsequently traded, Daniel Hardy)",Zyon McCollum),assetsReceived.tampa-bay-buccaneers.0,assetsReceived.tampa-bay-buccaneers.2
B_SUBSEQUENTLY_TRADED_MANUAL,src/data/nfl/trades.backup-before-bottom-batch-028-auto-copy-v1-2026-07-06T04-33-57-271Z.json,3361,1995-1st-round-pick-12th-overall-philadelphia-eagles-1995,TB-1995-0155,,,Tampa Bay Buccaneers Win,Warren Sapp,tampa-bay-buccaneers,tampa-bay-buccaneers,"1995 1st round pick (12th overall, Warren Sapp), 1995 2nd round pick (43rd overall, Melvin Johnson) and 1995 2nd round pick (63rd overall subsequently traded, Shane Hannah)",Warren Sapp),assetsReceived.tampa-bay-buccaneers.3,assetsReceived.tampa-bay-buccaneers.1
B_SUBSEQUENTLY_TRADED_MANUAL,src/data/nfl/trades.backup-before-bottom-batch-028-auto-copy-v1-2026-07-06T04-33-57-271Z.json,3478,1998-1st-round-pick-23rd-overall-tampa-bay-buccaneers-1998,RAI-1998-0294,,,Oakland/Los Angeles/Las Vegas Raiders Win,Jacquez Green,tampa-bay-buccaneers,tampa-bay-buccaneers,"1998 2nd round pick (34th overall, Jacquez Green) and 1998 2nd round pick (59th overall subsequently traded, Mikhael Ricks)",Jacquez Green),assetsReceived.tampa-bay-buccaneers.0,assetsReceived.tampa-bay-buccaneers.2
B_SUBSEQUENTLY_TRADED_MANUAL,src/data/nfl/trades.backup-before-bottom-batch-028-auto-copy-v1-2026-07-06T04-33-57-271Z.json,3628,2001-1st-round-pick-21st-overall-nate-clements-and-2001-2nd-round-pick-51st-over,BUF-2001-0252,,,Buffalo Bills Win,Nate Clements,buffalo-bills,buffalo-bills,"2001 1st round pick (21st overall, Nate Clements) and 2001 2nd round pick (51st overall subsequently traded, Paul Toviessi)",Nate Clements),assetsReceived.buffalo-bills.0,assetsReceived.buffalo-bills.2
B_SUBSEQUENTLY_TRADED_MANUAL,src/data/nfl/trades.backup-before-bottom-batch-028-auto-copy-v1-2026-07-06T04-33-57-271Z.json,3821,keenan-mccardell-tampa-bay-buccaneers-2004,LAC-2004-0340,,,Los Angeles/San Diego Chargers Win,Chris Colmer,tampa-bay-buccaneers,tampa-bay-buccaneers,"2005 3rd round pick (91st overall, Chris Colmer) and 2005 6th round pick (203rd overall subsequently traded, Andrew Hoffman)",Chris Colmer),assetsReceived.tampa-bay-buccaneers.0,assetsReceived.tampa-bay-buccaneers.2
B_SUBSEQUENTLY_TRADED_MANUAL,src/data/nfl/trades.backup-before-bottom-batch-028-auto-copy-v1-2026-07-06T04-33-57-271Z.json,4017,2008-2nd-round-pick-52nd-overall-tampa-bay-buccaneers-2008,JAX-2008-0039,,,Tampa Bay Buccaneers Win,Dexter Jackson,tampa-bay-buccaneers,tampa-bay-buccaneers,"2008 2nd round pick (58th overall, Dexter Jackson), 2008 5th round pick (158th overall subsequently traded, Kellen Davis), 2009 7th round pick (217th overall, E.J. Biggers)",Dexter Jackson),assetsReceived.tampa-bay-buccaneers.0,assetsReceived.tampa-bay-buccaneers.2
B_SUBSEQUENTLY_TRADED_MANUAL,src/data/nfl/trades.backup-before-bottom-batch-028-auto-copy-v1-2026-07-06T04-33-57-271Z.json,4239,2011-4th-round-pick-104th-overall-philadelphia-eagles-2011,TB-2011-0215,,,Even Trade,Casey Matthews,philadelphia-eagles,philadelphia-eagles,"2011 4th round pick (116th overall, Casey Matthews) and 2012 4th round pick (99th overall subsequently traded, Ben Jones)",Casey Matthews),assetsReceived.philadelphia-eagles.3,assetsReceived.philadelphia-eagles.1
B_SUBSEQUENTLY_TRADED_MANUAL,src/data/nfl/trades.backup-before-bottom-batch-028-auto-copy-v1-2026-07-06T04-33-57-271Z.json,4275,2012-1st-round-pick-5th-overall-tampa-bay-buccaneers-2012,JAX-2012-0054,,,Tampa Bay Buccaneers Win,Mark Barron,tampa-bay-buccaneers,tampa-bay-buccaneers,"2012 1st round pick (7th overall, Mark Barron), 2012 4th round pick (101st overall subsequently traded, Omar Bolden)",Mark Barron),assetsReceived.tampa-bay-buccaneers.0,assetsReceived.tampa-bay-buccaneers.2
B_SUBSEQUENTLY_TRADED_MANUAL,src/data/nfl/trades.backup-before-bottom-batch-028-auto-copy-v1-2026-07-06T04-33-57-271Z.json,4396,2014-7th-round-pick-221st-overall-randell-johnson-and-2015-5th-round-pick-137th,BUF-2014-0285,,,Buffalo Bills Win,Randell Johnson,buffalo-bills,buffalo-bills,"2014 7th round pick (221st overall, Randell Johnson) and 2015 5th round pick (137th overall subsequently traded, Grady Jarrett)",Randell Johnson),assetsReceived.buffalo-bills.0,assetsReceived.buffalo-bills.2
B_SUBSEQUENTLY_TRADED_MANUAL,src/data/nfl/trades.backup-before-bottom-batch-028-auto-copy-v1-2026-07-06T04-33-57-271Z.json,4434,2015-2nd-round-pick-61st-overall-indianapolis-colts-2015,TB-2015-0233,,,Tampa Bay Buccaneers Win,Ali Marpet,tampa-bay-buccaneers,tampa-bay-buccaneers,"2015 2nd round pick (61st overall, Ali Marpet) and 2015 4th round pick (128th overall subsequently traded, Jon Feliciano)",Ali Marpet),assetsReceived.tampa-bay-buccaneers.3,assetsReceived.tampa-bay-buccaneers.1
B_SUBSEQUENTLY_TRADED_MANUAL,src/data/nfl/trades.backup-before-bottom-batch-028-auto-copy-v1-2026-07-06T04-33-57-271Z.json,4476,2016-1st-round-pick-11th-overall-chicago-bears-2016,TB-2016-0235,,,Chicago Bears Win,Vernon Hargreaves,tampa-bay-buccaneers,tampa-bay-buccaneers,"2016 1st round pick (11th overall, Vernon Hargreaves) and 2016 4th round pick (106th overall subsequently traded, Eric Murray)",Vernon Hargreaves),assetsReceived.tampa-bay-buccaneers.3,assetsReceived.tampa-bay-buccaneers.1
B_SUBSEQUENTLY_TRADED_MANUAL,src/data/nfl/trades.backup-before-bottom-batch-028-auto-copy-v1-2026-07-06T04-33-57-271Z.json,4550,2017-7th-round-pick-237th-overall-buccaneers-2017,MIA-2017-0273,,,Miami Dolphins Win,Isaiah Ford,miami-dolphins,miami-dolphins,"2017 7th round pick (237th overall, Isaiah Ford) and 2018 7th round pick (223rd overall subsequently traded, Jullian Taylor)",Isaiah Ford),assetsReceived.miami-dolphins.0,assetsReceived.miami-dolphins.2
B_SUBSEQUENTLY_TRADED_MANUAL,src/data/nfl/trades.backup-before-bottom-batch-028-auto-copy-v1-2026-07-06T04-33-57-271Z.json,4636,2018-4th-round-pick-102nd-overall-jalyn-holmes-tampa-bay-buccaneers-2018,MIN-2018-0260,,,Tampa Bay Buccaneers Win,Jalyn Holmes,minnesota-vikings,minnesota-vikings,"2018 4th round pick (102nd overall, Jalyn Holmes) and 2018 6th round pick (180th overall subsequently traded, Folorunso Fatukasi)",Jalyn Holmes),assetsReceived.minnesota-vikings.0,assetsReceived.minnesota-vikings.2
B_SUBSEQUENTLY_TRADED_MANUAL,src/data/nfl/trades.backup-before-bottom-batch-028-auto-copy-v1-2026-07-06T04-33-57-271Z.json,4815,2020-1st-round-pick-14th-overall-javon-kinlaw-tampa-bay-buccaneers-2020,SF-2020-0401,,,Tampa Bay Buccaneers Win,Javon Kinlaw,san-francisco-49ers,san-francisco-49ers,"2020 1st round pick (14th overall, Javon Kinlaw) and 2020 4th round pick (117th overall subsequently traded, D.J. Wonnum)",Javon Kinlaw),assetsReceived.san-francisco-49ers.0,assetsReceived.san-francisco-49ers.2
B_SUBSEQUENTLY_TRADED_MANUAL,src/data/nfl/trades.backup-before-bottom-batch-028-auto-copy-v1-2026-07-06T04-33-57-271Z.json,4982,2022-1st-round-pick-27th-overall-tampa-bay-buccaneers-2022,JAX-2022-0089,,,Tampa Bay Buccaneers Win,Logan Hall,tampa-bay-buccaneers,tampa-bay-buccaneers,"2022 2nd round pick (33rd overall, Logan Hall), 2022 4th round pick (106th overall, Cade Otton), 2022 6th round pick (180th overall subsequently traded, Matt Araiza)",Logan Hall),assetsReceived.tampa-bay-buccaneers.0,assetsReceived.tampa-bay-buccaneers.2
B_SUBSEQUENTLY_TRADED_MANUAL,src/data/nfl/trades.backup-before-bottom-batch-028-auto-copy-v1-2026-07-06T04-33-57-271Z.json,5006,2023-4th-round-pick-121st-overall-tampa-bay-buccaneers-2022,JAX-2022-0091,,,Jacksonville Jaguars Win,Zyon McCollum,tampa-bay-buccaneers,tampa-bay-buccaneers,"2022 5th round pick (157th overall, Zyon McCollum), 2022 7th round pick (235th overall subsequently traded, Daniel Hardy)",Zyon McCollum),assetsReceived.tampa-bay-buccaneers.0,assetsReceived.tampa-bay-buccaneers.2
B_SUBSEQUENTLY_TRADED_MANUAL,src/data/nfl/trades.backup-before-bottom-batch-029-auto-copy-v1-2026-07-06T04-44-03-851Z.json,3360,1995-1st-round-pick-12th-overall-philadelphia-eagles-1995,TB-1995-0155,,,Tampa Bay Buccaneers Win,Warren Sapp,tampa-bay-buccaneers,tampa-bay-buccaneers,"1995 1st round pick (12th overall, Warren Sapp), 1995 2nd round pick (43rd overall, Melvin Johnson) and 1995 2nd round pick (63rd overall subsequently traded, Shane Hannah)",Warren Sapp),assetsReceived.tampa-bay-buccaneers.3,assetsReceived.tampa-bay-buccaneers.1
B_SUBSEQUENTLY_TRADED_MANUAL,src/data/nfl/trades.backup-before-bottom-batch-029-auto-copy-v1-2026-07-06T04-44-03-851Z.json,3477,1998-1st-round-pick-23rd-overall-tampa-bay-buccaneers-1998,RAI-1998-0294,,,Oakland/Los Angeles/Las Vegas Raiders Win,Jacquez Green,tampa-bay-buccaneers,tampa-bay-buccaneers,"1998 2nd round pick (34th overall, Jacquez Green) and 1998 2nd round pick (59th overall subsequently traded, Mikhael Ricks)",Jacquez Green),assetsReceived.tampa-bay-buccaneers.0,assetsReceived.tampa-bay-buccaneers.2
B_SUBSEQUENTLY_TRADED_MANUAL,src/data/nfl/trades.backup-before-bottom-batch-029-auto-copy-v1-2026-07-06T04-44-03-851Z.json,3627,2001-1st-round-pick-21st-overall-nate-clements-and-2001-2nd-round-pick-51st-over,BUF-2001-0252,,,Buffalo Bills Win,Nate Clements,buffalo-bills,buffalo-bills,"2001 1st round pick (21st overall, Nate Clements) and 2001 2nd round pick (51st overall subsequently traded, Paul Toviessi)",Nate Clements),assetsReceived.buffalo-bills.0,assetsReceived.buffalo-bills.2
B_SUBSEQUENTLY_TRADED_MANUAL,src/data/nfl/trades.backup-before-bottom-batch-029-auto-copy-v1-2026-07-06T04-44-03-851Z.json,3820,keenan-mccardell-tampa-bay-buccaneers-2004,LAC-2004-0340,,,Los Angeles/San Diego Chargers Win,Chris Colmer,tampa-bay-buccaneers,tampa-bay-buccaneers,"2005 3rd round pick (91st overall, Chris Colmer) and 2005 6th round pick (203rd overall subsequently traded, Andrew Hoffman)",Chris Colmer),assetsReceived.tampa-bay-buccaneers.0,assetsReceived.tampa-bay-buccaneers.2
B_SUBSEQUENTLY_TRADED_MANUAL,src/data/nfl/trades.backup-before-bottom-batch-029-auto-copy-v1-2026-07-06T04-44-03-851Z.json,4016,2008-2nd-round-pick-52nd-overall-tampa-bay-buccaneers-2008,JAX-2008-0039,,,Tampa Bay Buccaneers Win,Dexter Jackson,tampa-bay-buccaneers,tampa-bay-buccaneers,"2008 2nd round pick (58th overall, Dexter Jackson), 2008 5th round pick (158th overall subsequently traded, Kellen Davis), 2009 7th round pick (217th overall, E.J. Biggers)",Dexter Jackson),assetsReceived.tampa-bay-buccaneers.0,assetsReceived.tampa-bay-buccaneers.2
B_SUBSEQUENTLY_TRADED_MANUAL,src/data/nfl/trades.backup-before-bottom-batch-029-auto-copy-v1-2026-07-06T04-44-03-851Z.json,4238,2011-4th-round-pick-104th-overall-philadelphia-eagles-2011,TB-2011-0215,,,Even Trade,Casey Matthews,philadelphia-eagles,philadelphia-eagles,"2011 4th round pick (116th overall, Casey Matthews) and 2012 4th round pick (99th overall subsequently traded, Ben Jones)",Casey Matthews),assetsReceived.philadelphia-eagles.3,assetsReceived.philadelphia-eagles.1
B_SUBSEQUENTLY_TRADED_MANUAL,src/data/nfl/trades.backup-before-bottom-batch-029-auto-copy-v1-2026-07-06T04-44-03-851Z.json,4274,2012-1st-round-pick-5th-overall-tampa-bay-buccaneers-2012,JAX-2012-0054,,,Tampa Bay Buccaneers Win,Mark Barron,tampa-bay-buccaneers,tampa-bay-buccaneers,"2012 1st round pick (7th overall, Mark Barron), 2012 4th round pick (101st overall subsequently traded, Omar Bolden)",Mark Barron),assetsReceived.tampa-bay-buccaneers.0,assetsReceived.tampa-bay-buccaneers.2
B_SUBSEQUENTLY_TRADED_MANUAL,src/data/nfl/trades.backup-before-bottom-batch-029-auto-copy-v1-2026-07-06T04-44-03-851Z.json,4395,2014-7th-round-pick-221st-overall-randell-johnson-and-2015-5th-round-pick-137th,BUF-2014-0285,,,Buffalo Bills Win,Randell Johnson,buffalo-bills,buffalo-bills,"2014 7th round pick (221st overall, Randell Johnson) and 2015 5th round pick (137th overall subsequently traded, Grady Jarrett)",Randell Johnson),assetsReceived.buffalo-bills.0,assetsReceived.buffalo-bills.2
B_SUBSEQUENTLY_TRADED_MANUAL,src/data/nfl/trades.backup-before-bottom-batch-029-auto-copy-v1-2026-07-06T04-44-03-851Z.json,4433,2015-2nd-round-pick-61st-overall-indianapolis-colts-2015,TB-2015-0233,,,Tampa Bay Buccaneers Win,Ali Marpet,tampa-bay-buccaneers,tampa-bay-buccaneers,"2015 2nd round pick (61st overall, Ali Marpet) and 2015 4th round pick (128th overall subsequently traded, Jon Feliciano)",Ali Marpet),assetsReceived.tampa-bay-buccaneers.3,assetsReceived.tampa-bay-buccaneers.1
B_SUBSEQUENTLY_TRADED_MANUAL,src/data/nfl/trades.backup-before-bottom-batch-029-auto-copy-v1-2026-07-06T04-44-03-851Z.json,4475,2016-1st-round-pick-11th-overall-chicago-bears-2016,TB-2016-0235,,,Chicago Bears Win,Vernon Hargreaves,tampa-bay-buccaneers,tampa-bay-buccaneers,"2016 1st round pick (11th overall, Vernon Hargreaves) and 2016 4th round pick (106th overall subsequently traded, Eric Murray)",Vernon Hargreaves),assetsReceived.tampa-bay-buccaneers.3,assetsReceived.tampa-bay-buccaneers.1
B_SUBSEQUENTLY_TRADED_MANUAL,src/data/nfl/trades.backup-before-bottom-batch-029-auto-copy-v1-2026-07-06T04-44-03-851Z.json,4549,2017-7th-round-pick-237th-overall-buccaneers-2017,MIA-2017-0273,,,Miami Dolphins Win,Isaiah Ford,miami-dolphins,miami-dolphins,"2017 7th round pick (237th overall, Isaiah Ford) and 2018 7th round pick (223rd overall subsequently traded, Jullian Taylor)",Isaiah Ford),assetsReceived.miami-dolphins.0,assetsReceived.miami-dolphins.2
B_SUBSEQUENTLY_TRADED_MANUAL,src/data/nfl/trades.backup-before-bottom-batch-029-auto-copy-v1-2026-07-06T04-44-03-851Z.json,4635,2018-4th-round-pick-102nd-overall-jalyn-holmes-tampa-bay-buccaneers-2018,MIN-2018-0260,,,Tampa Bay Buccaneers Win,Jalyn Holmes,minnesota-vikings,minnesota-vikings,"2018 4th round pick (102nd overall, Jalyn Holmes) and 2018 6th round pick (180th overall subsequently traded, Folorunso Fatukasi)",Jalyn Holmes),assetsReceived.minnesota-vikings.0,assetsReceived.minnesota-vikings.2
B_SUBSEQUENTLY_TRADED_MANUAL,src/data/nfl/trades.backup-before-bottom-batch-029-auto-copy-v1-2026-07-06T04-44-03-851Z.json,4814,2020-1st-round-pick-14th-overall-javon-kinlaw-tampa-bay-buccaneers-2020,SF-2020-0401,,,Tampa Bay Buccaneers Win,Javon Kinlaw,san-francisco-49ers,san-francisco-49ers,"2020 1st round pick (14th overall, Javon Kinlaw) and 2020 4th round pick (117th overall subsequently traded, D.J. Wonnum)",Javon Kinlaw),assetsReceived.san-francisco-49ers.0,assetsReceived.san-francisco-49ers.2
B_SUBSEQUENTLY_TRADED_MANUAL,src/data/nfl/trades.backup-before-bottom-batch-029-auto-copy-v1-2026-07-06T04-44-03-851Z.json,4981,2022-1st-round-pick-27th-overall-tampa-bay-buccaneers-2022,JAX-2022-0089,,,Tampa Bay Buccaneers Win,Logan Hall,tampa-bay-buccaneers,tampa-bay-buccaneers,"2022 2nd round pick (33rd overall, Logan Hall), 2022 4th round pick (106th overall, Cade Otton), 2022 6th round pick (180th overall subsequently traded, Matt Araiza)",Logan Hall),assetsReceived.tampa-bay-buccaneers.0,assetsReceived.tampa-bay-buccaneers.2
B_SUBSEQUENTLY_TRADED_MANUAL,src/data/nfl/trades.backup-before-bottom-batch-029-auto-copy-v1-2026-07-06T04-44-03-851Z.json,5005,2023-4th-round-pick-121st-overall-tampa-bay-buccaneers-2022,JAX-2022-0091,,,Jacksonville Jaguars Win,Zyon McCollum,tampa-bay-buccaneers,tampa-bay-buccaneers,"2022 5th round pick (157th overall, Zyon McCollum), 2022 7th round pick (235th overall subsequently traded, Daniel Hardy)",Zyon McCollum),assetsReceived.tampa-bay-buccaneers.0,assetsReceived.tampa-bay-buccaneers.2
B_SUBSEQUENTLY_TRADED_MANUAL,src/data/nfl/trades.backup-before-group1-six-premium.json,3368,1995-1st-round-pick-12th-overall-philadelphia-eagles-1995,TB-1995-0155,,,Tampa Bay Buccaneers Win,Warren Sapp,tampa-bay-buccaneers,tampa-bay-buccaneers,"1995 1st round pick (12th overall, Warren Sapp), 1995 2nd round pick (43rd overall, Melvin Johnson) and 1995 2nd round pick (63rd overall subsequently traded, Shane Hannah)",Warren Sapp),assetsReceived.tampa-bay-buccaneers.3,assetsReceived.tampa-bay-buccaneers.1
B_SUBSEQUENTLY_TRADED_MANUAL,src/data/nfl/trades.backup-before-group1-six-premium.json,3487,1998-1st-round-pick-23rd-overall-tampa-bay-buccaneers-1998,RAI-1998-0294,,,Oakland/Los Angeles/Las Vegas Raiders Win,Jacquez Green,tampa-bay-buccaneers,tampa-bay-buccaneers,"1998 2nd round pick (34th overall, Jacquez Green) and 1998 2nd round pick (59th overall subsequently traded, Mikhael Ricks)",Jacquez Green),assetsReceived.tampa-bay-buccaneers.0,assetsReceived.tampa-bay-buccaneers.2
B_SUBSEQUENTLY_TRADED_MANUAL,src/data/nfl/trades.backup-before-group1-six-premium.json,3638,2001-1st-round-pick-21st-overall-nate-clements-and-2001-2nd-round-pick-51st-over,BUF-2001-0252,,,Buffalo Bills Win,Nate Clements,buffalo-bills,buffalo-bills,"2001 1st round pick (21st overall, Nate Clements) and 2001 2nd round pick (51st overall subsequently traded, Paul Toviessi)",Nate Clements),assetsReceived.buffalo-bills.0,assetsReceived.buffalo-bills.2
B_SUBSEQUENTLY_TRADED_MANUAL,src/data/nfl/trades.backup-before-group1-six-premium.json,3832,keenan-mccardell-tampa-bay-buccaneers-2004,LAC-2004-0340,,,Los Angeles/San Diego Chargers Win,Chris Colmer,tampa-bay-buccaneers,tampa-bay-buccaneers,"2005 3rd round pick (91st overall, Chris Colmer) and 2005 6th round pick (203rd overall subsequently traded, Andrew Hoffman)",Chris Colmer),assetsReceived.tampa-bay-buccaneers.0,assetsReceived.tampa-bay-buccaneers.2
B_SUBSEQUENTLY_TRADED_MANUAL,src/data/nfl/trades.backup-before-group1-six-premium.json,4028,2008-2nd-round-pick-52nd-overall-tampa-bay-buccaneers-2008,JAX-2008-0039,,,Tampa Bay Buccaneers Win,Dexter Jackson,tampa-bay-buccaneers,tampa-bay-buccaneers,"2008 2nd round pick (58th overall, Dexter Jackson), 2008 5th round pick (158th overall subsequently traded, Kellen Davis), 2009 7th round pick (217th overall, E.J. Biggers)",Dexter Jackson),assetsReceived.tampa-bay-buccaneers.0,assetsReceived.tampa-bay-buccaneers.2
B_SUBSEQUENTLY_TRADED_MANUAL,src/data/nfl/trades.backup-before-group1-six-premium.json,4251,2011-4th-round-pick-104th-overall-philadelphia-eagles-2011,TB-2011-0215,,,Even Trade,Casey Matthews,philadelphia-eagles,philadelphia-eagles,"2011 4th round pick (116th overall, Casey Matthews) and 2012 4th round pick (99th overall subsequently traded, Ben Jones)",Casey Matthews),assetsReceived.philadelphia-eagles.3,assetsReceived.philadelphia-eagles.1
B_SUBSEQUENTLY_TRADED_MANUAL,src/data/nfl/trades.backup-before-group1-six-premium.json,4286,2012-2nd-round-pick-36th-overall-derek-wolfe-and-2012-4th-round-pick-101st-overall-omar-bo,DEN-2012-04-26-0326,,,Tampa Bay Buccaneers Win,Doug Martin,tampa-bay-buccaneers,tampa-bay-buccaneers,"2012 1st round pick (31st overall, Doug Martin) and 2012 4th round pick (126th overall subsequently traded, Jared Crick)",Doug Martin),assetsReceived.tampa-bay-buccaneers.0,assetsReceived.tampa-bay-buccaneers.2
B_SUBSEQUENTLY_TRADED_MANUAL,src/data/nfl/trades.backup-before-group1-six-premium.json,4287,2012-1st-round-pick-5th-overall-tampa-bay-buccaneers-2012,JAX-2012-0054,,,Tampa Bay Buccaneers Win,Mark Barron,tampa-bay-buccaneers,tampa-bay-buccaneers,"2012 1st round pick (7th overall, Mark Barron), 2012 4th round pick (101st overall subsequently traded, Omar Bolden)",Mark Barron),assetsReceived.tampa-bay-buccaneers.0,assetsReceived.tampa-bay-buccaneers.2
B_SUBSEQUENTLY_TRADED_MANUAL,src/data/nfl/trades.backup-before-group1-six-premium.json,4408,2014-7th-round-pick-221st-overall-randell-johnson-and-2015-5th-round-pick-137th,BUF-2014-0285,,,Buffalo Bills Win,Randell Johnson,buffalo-bills,buffalo-bills,"2014 7th round pick (221st overall, Randell Johnson) and 2015 5th round pick (137th overall subsequently traded, Grady Jarrett)",Randell Johnson),assetsReceived.buffalo-bills.0,assetsReceived.buffalo-bills.2
B_SUBSEQUENTLY_TRADED_MANUAL,src/data/nfl/trades.backup-before-group1-six-premium.json,4446,2015-2nd-round-pick-61st-overall-indianapolis-colts-2015,TB-2015-0233,,,Tampa Bay Buccaneers Win,Ali Marpet,tampa-bay-buccaneers,tampa-bay-buccaneers,"2015 2nd round pick (61st overall, Ali Marpet) and 2015 4th round pick (128th overall subsequently traded, Jon Feliciano)",Ali Marpet),assetsReceived.tampa-bay-buccaneers.3,assetsReceived.tampa-bay-buccaneers.1
B_SUBSEQUENTLY_TRADED_MANUAL,src/data/nfl/trades.backup-before-group1-six-premium.json,4488,2016-1st-round-pick-11th-overall-chicago-bears-2016,TB-2016-0235,,,Chicago Bears Win,Vernon Hargreaves,tampa-bay-buccaneers,tampa-bay-buccaneers,"2016 1st round pick (11th overall, Vernon Hargreaves) and 2016 4th round pick (106th overall subsequently traded, Eric Murray)",Vernon Hargreaves),assetsReceived.tampa-bay-buccaneers.3,assetsReceived.tampa-bay-buccaneers.1
B_SUBSEQUENTLY_TRADED_MANUAL,src/data/nfl/trades.backup-before-group1-six-premium.json,4562,2017-7th-round-pick-237th-overall-buccaneers-2017,MIA-2017-0273,,,Miami Dolphins Win,Isaiah Ford,miami-dolphins,miami-dolphins,"2017 7th round pick (237th overall, Isaiah Ford) and 2018 7th round pick (223rd overall subsequently traded, Jullian Taylor)",Isaiah Ford),assetsReceived.miami-dolphins.0,assetsReceived.miami-dolphins.2
B_SUBSEQUENTLY_TRADED_MANUAL,src/data/nfl/trades.backup-before-group1-six-premium.json,4648,2018-4th-round-pick-102nd-overall-jalyn-holmes-tampa-bay-buccaneers-2018,MIN-2018-0260,,,Tampa Bay Buccaneers Win,Jalyn Holmes,minnesota-vikings,minnesota-vikings,"2018 4th round pick (102nd overall, Jalyn Holmes) and 2018 6th round pick (180th overall subsequently traded, Folorunso Fatukasi)",Jalyn Holmes),assetsReceived.minnesota-vikings.0,assetsReceived.minnesota-vikings.2
B_SUBSEQUENTLY_TRADED_MANUAL,src/data/nfl/trades.backup-before-group1-six-premium.json,4827,2020-1st-round-pick-14th-overall-javon-kinlaw-tampa-bay-buccaneers-2020,SF-2020-0401,,,Tampa Bay Buccaneers Win,Javon Kinlaw,san-francisco-49ers,san-francisco-49ers,"2020 1st round pick (14th overall, Javon Kinlaw) and 2020 4th round pick (117th overall subsequently traded, D.J. Wonnum)",Javon Kinlaw),assetsReceived.san-francisco-49ers.0,assetsReceived.san-francisco-49ers.2
B_SUBSEQUENTLY_TRADED_MANUAL,src/data/nfl/trades.backup-before-group1-six-premium.json,4995,2022-1st-round-pick-27th-overall-tampa-bay-buccaneers-2022,JAX-2022-0089,,,Tampa Bay Buccaneers Win,Logan Hall,tampa-bay-buccaneers,tampa-bay-buccaneers,"2022 2nd round pick (33rd overall, Logan Hall), 2022 4th round pick (106th overall, Cade Otton), 2022 6th round pick (180th overall subsequently traded, Matt Araiza)",Logan Hall),assetsReceived.tampa-bay-buccaneers.0,assetsReceived.tampa-bay-buccaneers.2
B_SUBSEQUENTLY_TRADED_MANUAL,src/data/nfl/trades.backup-before-group1-six-premium.json,5019,2023-4th-round-pick-121st-overall-tampa-bay-buccaneers-2022,JAX-2022-0091,,,Jacksonville Jaguars Win,Zyon McCollum,tampa-bay-buccaneers,tampa-bay-buccaneers,"2022 5th round pick (157th overall, Zyon McCollum), 2022 7th round pick (235th overall subsequently traded, Daniel Hardy)",Zyon McCollum),assetsReceived.tampa-bay-buccaneers.0,assetsReceived.tampa-bay-buccaneers.2
B_SUBSEQUENTLY_TRADED_MANUAL,src/data/nfl/trades.backup-before-landmark-patch-2026-07-01T14-07-55-073Z.json,3368,1995-1st-round-pick-12th-overall-philadelphia-eagles-1995,TB-1995-0155,,,Tampa Bay Buccaneers Win,Warren Sapp,tampa-bay-buccaneers,tampa-bay-buccaneers,"1995 1st round pick (12th overall, Warren Sapp), 1995 2nd round pick (43rd overall, Melvin Johnson) and 1995 2nd round pick (63rd overall subsequently traded, Shane Hannah)",Warren Sapp),assetsReceived.tampa-bay-buccaneers.3,assetsReceived.tampa-bay-buccaneers.1
B_SUBSEQUENTLY_TRADED_MANUAL,src/data/nfl/trades.backup-before-landmark-patch-2026-07-01T14-07-55-073Z.json,3487,1998-1st-round-pick-23rd-overall-tampa-bay-buccaneers-1998,RAI-1998-0294,,,Oakland/Los Angeles/Las Vegas Raiders Win,Jacquez Green,tampa-bay-buccaneers,tampa-bay-buccaneers,"1998 2nd round pick (34th overall, Jacquez Green) and 1998 2nd round pick (59th overall subsequently traded, Mikhael Ricks)",Jacquez Green),assetsReceived.tampa-bay-buccaneers.0,assetsReceived.tampa-bay-buccaneers.2
B_SUBSEQUENTLY_TRADED_MANUAL,src/data/nfl/trades.backup-before-landmark-patch-2026-07-01T14-07-55-073Z.json,3638,2001-1st-round-pick-21st-overall-nate-clements-and-2001-2nd-round-pick-51st-over,BUF-2001-0252,,,Buffalo Bills Win,Nate Clements,buffalo-bills,buffalo-bills,"2001 1st round pick (21st overall, Nate Clements) and 2001 2nd round pick (51st overall subsequently traded, Paul Toviessi)",Nate Clements),assetsReceived.buffalo-bills.0,assetsReceived.buffalo-bills.2
B_SUBSEQUENTLY_TRADED_MANUAL,src/data/nfl/trades.backup-before-landmark-patch-2026-07-01T14-07-55-073Z.json,3832,keenan-mccardell-tampa-bay-buccaneers-2004,LAC-2004-0340,,,Los Angeles/San Diego Chargers Win,Chris Colmer,tampa-bay-buccaneers,tampa-bay-buccaneers,"2005 3rd round pick (91st overall, Chris Colmer) and 2005 6th round pick (203rd overall subsequently traded, Andrew Hoffman)",Chris Colmer),assetsReceived.tampa-bay-buccaneers.0,assetsReceived.tampa-bay-buccaneers.2
B_SUBSEQUENTLY_TRADED_MANUAL,src/data/nfl/trades.backup-before-landmark-patch-2026-07-01T14-07-55-073Z.json,4028,2008-2nd-round-pick-52nd-overall-tampa-bay-buccaneers-2008,JAX-2008-0039,,,Tampa Bay Buccaneers Win,Dexter Jackson,tampa-bay-buccaneers,tampa-bay-buccaneers,"2008 2nd round pick (58th overall, Dexter Jackson), 2008 5th round pick (158th overall subsequently traded, Kellen Davis), 2009 7th round pick (217th overall, E.J. Biggers)",Dexter Jackson),assetsReceived.tampa-bay-buccaneers.0,assetsReceived.tampa-bay-buccaneers.2
B_SUBSEQUENTLY_TRADED_MANUAL,src/data/nfl/trades.backup-before-landmark-patch-2026-07-01T14-07-55-073Z.json,4251,2011-4th-round-pick-104th-overall-philadelphia-eagles-2011,TB-2011-0215,,,Even Trade,Casey Matthews,philadelphia-eagles,philadelphia-eagles,"2011 4th round pick (116th overall, Casey Matthews) and 2012 4th round pick (99th overall subsequently traded, Ben Jones)",Casey Matthews),assetsReceived.philadelphia-eagles.3,assetsReceived.philadelphia-eagles.1
B_SUBSEQUENTLY_TRADED_MANUAL,src/data/nfl/trades.backup-before-landmark-patch-2026-07-01T14-07-55-073Z.json,4286,2012-2nd-round-pick-36th-overall-derek-wolfe-and-2012-4th-round-pick-101st-overall-omar-bo,DEN-2012-04-26-0326,,,Tampa Bay Buccaneers Win,Doug Martin,tampa-bay-buccaneers,tampa-bay-buccaneers,"2012 1st round pick (31st overall, Doug Martin) and 2012 4th round pick (126th overall subsequently traded, Jared Crick)",Doug Martin),assetsReceived.tampa-bay-buccaneers.0,assetsReceived.tampa-bay-buccaneers.2
B_SUBSEQUENTLY_TRADED_MANUAL,src/data/nfl/trades.backup-before-landmark-patch-2026-07-01T14-07-55-073Z.json,4287,2012-1st-round-pick-5th-overall-tampa-bay-buccaneers-2012,JAX-2012-0054,,,Tampa Bay Buccaneers Win,Mark Barron,tampa-bay-buccaneers,tampa-bay-buccaneers,"2012 1st round pick (7th overall, Mark Barron), 2012 4th round pick (101st overall subsequently traded, Omar Bolden)",Mark Barron),assetsReceived.tampa-bay-buccaneers.0,assetsReceived.tampa-bay-buccaneers.2
B_SUBSEQUENTLY_TRADED_MANUAL,src/data/nfl/trades.backup-before-landmark-patch-2026-07-01T14-07-55-073Z.json,4408,2014-7th-round-pick-221st-overall-randell-johnson-and-2015-5th-round-pick-137th,BUF-2014-0285,,,Buffalo Bills Win,Randell Johnson,buffalo-bills,buffalo-bills,"2014 7th round pick (221st overall, Randell Johnson) and 2015 5th round pick (137th overall subsequently traded, Grady Jarrett)",Randell Johnson),assetsReceived.buffalo-bills.0,assetsReceived.buffalo-bills.2
B_SUBSEQUENTLY_TRADED_MANUAL,src/data/nfl/trades.backup-before-landmark-patch-2026-07-01T14-07-55-073Z.json,4446,2015-2nd-round-pick-61st-overall-indianapolis-colts-2015,TB-2015-0233,,,Tampa Bay Buccaneers Win,Ali Marpet,tampa-bay-buccaneers,tampa-bay-buccaneers,"2015 2nd round pick (61st overall, Ali Marpet) and 2015 4th round pick (128th overall subsequently traded, Jon Feliciano)",Ali Marpet),assetsReceived.tampa-bay-buccaneers.3,assetsReceived.tampa-bay-buccaneers.1
B_SUBSEQUENTLY_TRADED_MANUAL,src/data/nfl/trades.backup-before-landmark-patch-2026-07-01T14-07-55-073Z.json,4488,2016-1st-round-pick-11th-overall-chicago-bears-2016,TB-2016-0235,,,Chicago Bears Win,Vernon Hargreaves,tampa-bay-buccaneers,tampa-bay-buccaneers,"2016 1st round pick (11th overall, Vernon Hargreaves) and 2016 4th round pick (106th overall subsequently traded, Eric Murray)",Vernon Hargreaves),assetsReceived.tampa-bay-buccaneers.3,assetsReceived.tampa-bay-buccaneers.1
B_SUBSEQUENTLY_TRADED_MANUAL,src/data/nfl/trades.backup-before-landmark-patch-2026-07-01T14-07-55-073Z.json,4562,2017-7th-round-pick-237th-overall-buccaneers-2017,MIA-2017-0273,,,Miami Dolphins Win,Isaiah Ford,miami-dolphins,miami-dolphins,"2017 7th round pick (237th overall, Isaiah Ford) and 2018 7th round pick (223rd overall subsequently traded, Jullian Taylor)",Isaiah Ford),assetsReceived.miami-dolphins.0,assetsReceived.miami-dolphins.2
B_SUBSEQUENTLY_TRADED_MANUAL,src/data/nfl/trades.backup-before-landmark-patch-2026-07-01T14-07-55-073Z.json,4648,2018-4th-round-pick-102nd-overall-jalyn-holmes-tampa-bay-buccaneers-2018,MIN-2018-0260,,,Tampa Bay Buccaneers Win,Jalyn Holmes,minnesota-vikings,minnesota-vikings,"2018 4th round pick (102nd overall, Jalyn Holmes) and 2018 6th round pick (180th overall subsequently traded, Folorunso Fatukasi)",Jalyn Holmes),assetsReceived.minnesota-vikings.0,assetsReceived.minnesota-vikings.2
B_SUBSEQUENTLY_TRADED_MANUAL,src/data/nfl/trades.backup-before-landmark-patch-2026-07-01T14-07-55-073Z.json,4827,2020-1st-round-pick-14th-overall-javon-kinlaw-tampa-bay-buccaneers-2020,SF-2020-0401,,,Tampa Bay Buccaneers Win,Javon Kinlaw,san-francisco-49ers,san-francisco-49ers,"2020 1st round pick (14th overall, Javon Kinlaw) and 2020 4th round pick (117th overall subsequently traded, D.J. Wonnum)",Javon Kinlaw),assetsReceived.san-francisco-49ers.0,assetsReceived.san-francisco-49ers.2
B_SUBSEQUENTLY_TRADED_MANUAL,src/data/nfl/trades.backup-before-landmark-patch-2026-07-01T14-07-55-073Z.json,4995,2022-1st-round-pick-27th-overall-tampa-bay-buccaneers-2022,JAX-2022-0089,,,Tampa Bay Buccaneers Win,Logan Hall,tampa-bay-buccaneers,tampa-bay-buccaneers,"2022 2nd round pick (33rd overall, Logan Hall), 2022 4th round pick (106th overall, Cade Otton), 2022 6th round pick (180th overall subsequently traded, Matt Araiza)",Logan Hall),assetsReceived.tampa-bay-buccaneers.0,assetsReceived.tampa-bay-buccaneers.2
B_SUBSEQUENTLY_TRADED_MANUAL,src/data/nfl/trades.backup-before-landmark-patch-2026-07-01T14-07-55-073Z.json,5019,2023-4th-round-pick-121st-overall-tampa-bay-buccaneers-2022,JAX-2022-0091,,,Jacksonville Jaguars Win,Zyon McCollum,tampa-bay-buccaneers,tampa-bay-buccaneers,"2022 5th round pick (157th overall, Zyon McCollum), 2022 7th round pick (235th overall subsequently traded, Daniel Hardy)",Zyon McCollum),assetsReceived.tampa-bay-buccaneers.0,assetsReceived.tampa-bay-buccaneers.2
B_SUBSEQUENTLY_TRADED_MANUAL,src/data/nfl/trades.backup-before-landmark-patch-2026-07-01T14-09-08-208Z.json,3368,1995-1st-round-pick-12th-overall-philadelphia-eagles-1995,TB-1995-0155,,,Tampa Bay Buccaneers Win,Warren Sapp,tampa-bay-buccaneers,tampa-bay-buccaneers,"1995 1st round pick (12th overall, Warren Sapp), 1995 2nd round pick (43rd overall, Melvin Johnson) and 1995 2nd round pick (63rd overall subsequently traded, Shane Hannah)",Warren Sapp),assetsReceived.tampa-bay-buccaneers.3,assetsReceived.tampa-bay-buccaneers.1
B_SUBSEQUENTLY_TRADED_MANUAL,src/data/nfl/trades.backup-before-landmark-patch-2026-07-01T14-09-08-208Z.json,3487,1998-1st-round-pick-23rd-overall-tampa-bay-buccaneers-1998,RAI-1998-0294,,,Oakland/Los Angeles/Las Vegas Raiders Win,Jacquez Green,tampa-bay-buccaneers,tampa-bay-buccaneers,"1998 2nd round pick (34th overall, Jacquez Green) and 1998 2nd round pick (59th overall subsequently traded, Mikhael Ricks)",Jacquez Green),assetsReceived.tampa-bay-buccaneers.0,assetsReceived.tampa-bay-buccaneers.2
B_SUBSEQUENTLY_TRADED_MANUAL,src/data/nfl/trades.backup-before-landmark-patch-2026-07-01T14-09-08-208Z.json,3638,2001-1st-round-pick-21st-overall-nate-clements-and-2001-2nd-round-pick-51st-over,BUF-2001-0252,,,Buffalo Bills Win,Nate Clements,buffalo-bills,buffalo-bills,"2001 1st round pick (21st overall, Nate Clements) and 2001 2nd round pick (51st overall subsequently traded, Paul Toviessi)",Nate Clements),assetsReceived.buffalo-bills.0,assetsReceived.buffalo-bills.2
B_SUBSEQUENTLY_TRADED_MANUAL,src/data/nfl/trades.backup-before-landmark-patch-2026-07-01T14-09-08-208Z.json,3832,keenan-mccardell-tampa-bay-buccaneers-2004,LAC-2004-0340,,,Los Angeles/San Diego Chargers Win,Chris Colmer,tampa-bay-buccaneers,tampa-bay-buccaneers,"2005 3rd round pick (91st overall, Chris Colmer) and 2005 6th round pick (203rd overall subsequently traded, Andrew Hoffman)",Chris Colmer),assetsReceived.tampa-bay-buccaneers.0,assetsReceived.tampa-bay-buccaneers.2
B_SUBSEQUENTLY_TRADED_MANUAL,src/data/nfl/trades.backup-before-landmark-patch-2026-07-01T14-09-08-208Z.json,4028,2008-2nd-round-pick-52nd-overall-tampa-bay-buccaneers-2008,JAX-2008-0039,,,Tampa Bay Buccaneers Win,Dexter Jackson,tampa-bay-buccaneers,tampa-bay-buccaneers,"2008 2nd round pick (58th overall, Dexter Jackson), 2008 5th round pick (158th overall subsequently traded, Kellen Davis), 2009 7th round pick (217th overall, E.J. Biggers)",Dexter Jackson),assetsReceived.tampa-bay-buccaneers.0,assetsReceived.tampa-bay-buccaneers.2
B_SUBSEQUENTLY_TRADED_MANUAL,src/data/nfl/trades.backup-before-landmark-patch-2026-07-01T14-09-08-208Z.json,4251,2011-4th-round-pick-104th-overall-philadelphia-eagles-2011,TB-2011-0215,,,Even Trade,Casey Matthews,philadelphia-eagles,philadelphia-eagles,"2011 4th round pick (116th overall, Casey Matthews) and 2012 4th round pick (99th overall subsequently traded, Ben Jones)",Casey Matthews),assetsReceived.philadelphia-eagles.3,assetsReceived.philadelphia-eagles.1
B_SUBSEQUENTLY_TRADED_MANUAL,src/data/nfl/trades.backup-before-landmark-patch-2026-07-01T14-09-08-208Z.json,4286,2012-2nd-round-pick-36th-overall-derek-wolfe-and-2012-4th-round-pick-101st-overall-omar-bo,DEN-2012-04-26-0326,,,Tampa Bay Buccaneers Win,Doug Martin,tampa-bay-buccaneers,tampa-bay-buccaneers,"2012 1st round pick (31st overall, Doug Martin) and 2012 4th round pick (126th overall subsequently traded, Jared Crick)",Doug Martin),assetsReceived.tampa-bay-buccaneers.0,assetsReceived.tampa-bay-buccaneers.2
B_SUBSEQUENTLY_TRADED_MANUAL,src/data/nfl/trades.backup-before-landmark-patch-2026-07-01T14-09-08-208Z.json,4287,2012-1st-round-pick-5th-overall-tampa-bay-buccaneers-2012,JAX-2012-0054,,,Tampa Bay Buccaneers Win,Mark Barron,tampa-bay-buccaneers,tampa-bay-buccaneers,"2012 1st round pick (7th overall, Mark Barron), 2012 4th round pick (101st overall subsequently traded, Omar Bolden)",Mark Barron),assetsReceived.tampa-bay-buccaneers.0,assetsReceived.tampa-bay-buccaneers.2
B_SUBSEQUENTLY_TRADED_MANUAL,src/data/nfl/trades.backup-before-landmark-patch-2026-07-01T14-09-08-208Z.json,4408,2014-7th-round-pick-221st-overall-randell-johnson-and-2015-5th-round-pick-137th,BUF-2014-0285,,,Buffalo Bills Win,Randell Johnson,buffalo-bills,buffalo-bills,"2014 7th round pick (221st overall, Randell Johnson) and 2015 5th round pick (137th overall subsequently traded, Grady Jarrett)",Randell Johnson),assetsReceived.buffalo-bills.0,assetsReceived.buffalo-bills.2
B_SUBSEQUENTLY_TRADED_MANUAL,src/data/nfl/trades.backup-before-landmark-patch-2026-07-01T14-09-08-208Z.json,4446,2015-2nd-round-pick-61st-overall-indianapolis-colts-2015,TB-2015-0233,,,Tampa Bay Buccaneers Win,Ali Marpet,tampa-bay-buccaneers,tampa-bay-buccaneers,"2015 2nd round pick (61st overall, Ali Marpet) and 2015 4th round pick (128th overall subsequently traded, Jon Feliciano)",Ali Marpet),assetsReceived.tampa-bay-buccaneers.3,assetsReceived.tampa-bay-buccaneers.1
B_SUBSEQUENTLY_TRADED_MANUAL,src/data/nfl/trades.backup-before-landmark-patch-2026-07-01T14-09-08-208Z.json,4488,2016-1st-round-pick-11th-overall-chicago-bears-2016,TB-2016-0235,,,Chicago Bears Win,Vernon Hargreaves,tampa-bay-buccaneers,tampa-bay-buccaneers,"2016 1st round pick (11th overall, Vernon Hargreaves) and 2016 4th round pick (106th overall subsequently traded, Eric Murray)",Vernon Hargreaves),assetsReceived.tampa-bay-buccaneers.3,assetsReceived.tampa-bay-buccaneers.1
B_SUBSEQUENTLY_TRADED_MANUAL,src/data/nfl/trades.backup-before-landmark-patch-2026-07-01T14-09-08-208Z.json,4562,2017-7th-round-pick-237th-overall-buccaneers-2017,MIA-2017-0273,,,Miami Dolphins Win,Isaiah Ford,miami-dolphins,miami-dolphins,"2017 7th round pick (237th overall, Isaiah Ford) and 2018 7th round pick (223rd overall subsequently traded, Jullian Taylor)",Isaiah Ford),assetsReceived.miami-dolphins.0,assetsReceived.miami-dolphins.2
B_SUBSEQUENTLY_TRADED_MANUAL,src/data/nfl/trades.backup-before-landmark-patch-2026-07-01T14-09-08-208Z.json,4648,2018-4th-round-pick-102nd-overall-jalyn-holmes-tampa-bay-buccaneers-2018,MIN-2018-0260,,,Tampa Bay Buccaneers Win,Jalyn Holmes,minnesota-vikings,minnesota-vikings,"2018 4th round pick (102nd overall, Jalyn Holmes) and 2018 6th round pick (180th overall subsequently traded, Folorunso Fatukasi)",Jalyn Holmes),assetsReceived.minnesota-vikings.0,assetsReceived.minnesota-vikings.2
B_SUBSEQUENTLY_TRADED_MANUAL,src/data/nfl/trades.backup-before-landmark-patch-2026-07-01T14-09-08-208Z.json,4827,2020-1st-round-pick-14th-overall-javon-kinlaw-tampa-bay-buccaneers-2020,SF-2020-0401,,,Tampa Bay Buccaneers Win,Javon Kinlaw,san-francisco-49ers,san-francisco-49ers,"2020 1st round pick (14th overall, Javon Kinlaw) and 2020 4th round pick (117th overall subsequently traded, D.J. Wonnum)",Javon Kinlaw),assetsReceived.san-francisco-49ers.0,assetsReceived.san-francisco-49ers.2
B_SUBSEQUENTLY_TRADED_MANUAL,src/data/nfl/trades.backup-before-landmark-patch-2026-07-01T14-09-08-208Z.json,4995,2022-1st-round-pick-27th-overall-tampa-bay-buccaneers-2022,JAX-2022-0089,,,Tampa Bay Buccaneers Win,Logan Hall,tampa-bay-buccaneers,tampa-bay-buccaneers,"2022 2nd round pick (33rd overall, Logan Hall), 2022 4th round pick (106th overall, Cade Otton), 2022 6th round pick (180th overall subsequently traded, Matt Araiza)",Logan Hall),assetsReceived.tampa-bay-buccaneers.0,assetsReceived.tampa-bay-buccaneers.2
B_SUBSEQUENTLY_TRADED_MANUAL,src/data/nfl/trades.backup-before-landmark-patch-2026-07-01T14-09-08-208Z.json,5019,2023-4th-round-pick-121st-overall-tampa-bay-buccaneers-2022,JAX-2022-0091,,,Jacksonville Jaguars Win,Zyon McCollum,tampa-bay-buccaneers,tampa-bay-buccaneers,"2022 5th round pick (157th overall, Zyon McCollum), 2022 7th round pick (235th overall subsequently traded, Daniel Hardy)",Zyon McCollum),assetsReceived.tampa-bay-buccaneers.0,assetsReceived.tampa-bay-buccaneers.2
B_SUBSEQUENTLY_TRADED_MANUAL,src/data/nfl/trades.backup-before-landmark-patch-2026-07-01T14-11-51-759Z.json,3368,1995-1st-round-pick-12th-overall-philadelphia-eagles-1995,TB-1995-0155,,,Tampa Bay Buccaneers Win,Warren Sapp,tampa-bay-buccaneers,tampa-bay-buccaneers,"1995 1st round pick (12th overall, Warren Sapp), 1995 2nd round pick (43rd overall, Melvin Johnson) and 1995 2nd round pick (63rd overall subsequently traded, Shane Hannah)",Warren Sapp),assetsReceived.tampa-bay-buccaneers.3,assetsReceived.tampa-bay-buccaneers.1
B_SUBSEQUENTLY_TRADED_MANUAL,src/data/nfl/trades.backup-before-landmark-patch-2026-07-01T14-11-51-759Z.json,3487,1998-1st-round-pick-23rd-overall-tampa-bay-buccaneers-1998,RAI-1998-0294,,,Oakland/Los Angeles/Las Vegas Raiders Win,Jacquez Green,tampa-bay-buccaneers,tampa-bay-buccaneers,"1998 2nd round pick (34th overall, Jacquez Green) and 1998 2nd round pick (59th overall subsequently traded, Mikhael Ricks)",Jacquez Green),assetsReceived.tampa-bay-buccaneers.0,assetsReceived.tampa-bay-buccaneers.2
B_SUBSEQUENTLY_TRADED_MANUAL,src/data/nfl/trades.backup-before-landmark-patch-2026-07-01T14-11-51-759Z.json,3638,2001-1st-round-pick-21st-overall-nate-clements-and-2001-2nd-round-pick-51st-over,BUF-2001-0252,,,Buffalo Bills Win,Nate Clements,buffalo-bills,buffalo-bills,"2001 1st round pick (21st overall, Nate Clements) and 2001 2nd round pick (51st overall subsequently traded, Paul Toviessi)",Nate Clements),assetsReceived.buffalo-bills.0,assetsReceived.buffalo-bills.2
B_SUBSEQUENTLY_TRADED_MANUAL,src/data/nfl/trades.backup-before-landmark-patch-2026-07-01T14-11-51-759Z.json,3832,keenan-mccardell-tampa-bay-buccaneers-2004,LAC-2004-0340,,,Los Angeles/San Diego Chargers Win,Chris Colmer,tampa-bay-buccaneers,tampa-bay-buccaneers,"2005 3rd round pick (91st overall, Chris Colmer) and 2005 6th round pick (203rd overall subsequently traded, Andrew Hoffman)",Chris Colmer),assetsReceived.tampa-bay-buccaneers.0,assetsReceived.tampa-bay-buccaneers.2
B_SUBSEQUENTLY_TRADED_MANUAL,src/data/nfl/trades.backup-before-landmark-patch-2026-07-01T14-11-51-759Z.json,4028,2008-2nd-round-pick-52nd-overall-tampa-bay-buccaneers-2008,JAX-2008-0039,,,Tampa Bay Buccaneers Win,Dexter Jackson,tampa-bay-buccaneers,tampa-bay-buccaneers,"2008 2nd round pick (58th overall, Dexter Jackson), 2008 5th round pick (158th overall subsequently traded, Kellen Davis), 2009 7th round pick (217th overall, E.J. Biggers)",Dexter Jackson),assetsReceived.tampa-bay-buccaneers.0,assetsReceived.tampa-bay-buccaneers.2
B_SUBSEQUENTLY_TRADED_MANUAL,src/data/nfl/trades.backup-before-landmark-patch-2026-07-01T14-11-51-759Z.json,4251,2011-4th-round-pick-104th-overall-philadelphia-eagles-2011,TB-2011-0215,,,Even Trade,Casey Matthews,philadelphia-eagles,philadelphia-eagles,"2011 4th round pick (116th overall, Casey Matthews) and 2012 4th round pick (99th overall subsequently traded, Ben Jones)",Casey Matthews),assetsReceived.philadelphia-eagles.3,assetsReceived.philadelphia-eagles.1
B_SUBSEQUENTLY_TRADED_MANUAL,src/data/nfl/trades.backup-before-landmark-patch-2026-07-01T14-11-51-759Z.json,4286,2012-2nd-round-pick-36th-overall-derek-wolfe-and-2012-4th-round-pick-101st-overall-omar-bo,DEN-2012-04-26-0326,,,Tampa Bay Buccaneers Win,Doug Martin,tampa-bay-buccaneers,tampa-bay-buccaneers,"2012 1st round pick (31st overall, Doug Martin) and 2012 4th round pick (126th overall subsequently traded, Jared Crick)",Doug Martin),assetsReceived.tampa-bay-buccaneers.0,assetsReceived.tampa-bay-buccaneers.2
B_SUBSEQUENTLY_TRADED_MANUAL,src/data/nfl/trades.backup-before-landmark-patch-2026-07-01T14-11-51-759Z.json,4287,2012-1st-round-pick-5th-overall-tampa-bay-buccaneers-2012,JAX-2012-0054,,,Tampa Bay Buccaneers Win,Mark Barron,tampa-bay-buccaneers,tampa-bay-buccaneers,"2012 1st round pick (7th overall, Mark Barron), 2012 4th round pick (101st overall subsequently traded, Omar Bolden)",Mark Barron),assetsReceived.tampa-bay-buccaneers.0,assetsReceived.tampa-bay-buccaneers.2
B_SUBSEQUENTLY_TRADED_MANUAL,src/data/nfl/trades.backup-before-landmark-patch-2026-07-01T14-11-51-759Z.json,4408,2014-7th-round-pick-221st-overall-randell-johnson-and-2015-5th-round-pick-137th,BUF-2014-0285,,,Buffalo Bills Win,Randell Johnson,buffalo-bills,buffalo-bills,"2014 7th round pick (221st overall, Randell Johnson) and 2015 5th round pick (137th overall subsequently traded, Grady Jarrett)",Randell Johnson),assetsReceived.buffalo-bills.0,assetsReceived.buffalo-bills.2
B_SUBSEQUENTLY_TRADED_MANUAL,src/data/nfl/trades.backup-before-landmark-patch-2026-07-01T14-11-51-759Z.json,4446,2015-2nd-round-pick-61st-overall-indianapolis-colts-2015,TB-2015-0233,,,Tampa Bay Buccaneers Win,Ali Marpet,tampa-bay-buccaneers,tampa-bay-buccaneers,"2015 2nd round pick (61st overall, Ali Marpet) and 2015 4th round pick (128th overall subsequently traded, Jon Feliciano)",Ali Marpet),assetsReceived.tampa-bay-buccaneers.3,assetsReceived.tampa-bay-buccaneers.1
B_SUBSEQUENTLY_TRADED_MANUAL,src/data/nfl/trades.backup-before-landmark-patch-2026-07-01T14-11-51-759Z.json,4488,2016-1st-round-pick-11th-overall-chicago-bears-2016,TB-2016-0235,,,Chicago Bears Win,Vernon Hargreaves,tampa-bay-buccaneers,tampa-bay-buccaneers,"2016 1st round pick (11th overall, Vernon Hargreaves) and 2016 4th round pick (106th overall subsequently traded, Eric Murray)",Vernon Hargreaves),assetsReceived.tampa-bay-buccaneers.3,assetsReceived.tampa-bay-buccaneers.1
B_SUBSEQUENTLY_TRADED_MANUAL,src/data/nfl/trades.backup-before-landmark-patch-2026-07-01T14-11-51-759Z.json,4562,2017-7th-round-pick-237th-overall-buccaneers-2017,MIA-2017-0273,,,Miami Dolphins Win,Isaiah Ford,miami-dolphins,miami-dolphins,"2017 7th round pick (237th overall, Isaiah Ford) and 2018 7th round pick (223rd overall subsequently traded, Jullian Taylor)",Isaiah Ford),assetsReceived.miami-dolphins.0,assetsReceived.miami-dolphins.2
B_SUBSEQUENTLY_TRADED_MANUAL,src/data/nfl/trades.backup-before-landmark-patch-2026-07-01T14-11-51-759Z.json,4648,2018-4th-round-pick-102nd-overall-jalyn-holmes-tampa-bay-buccaneers-2018,MIN-2018-0260,,,Tampa Bay Buccaneers Win,Jalyn Holmes,minnesota-vikings,minnesota-vikings,"2018 4th round pick (102nd overall, Jalyn Holmes) and 2018 6th round pick (180th overall subsequently traded, Folorunso Fatukasi)",Jalyn Holmes),assetsReceived.minnesota-vikings.0,assetsReceived.minnesota-vikings.2
B_SUBSEQUENTLY_TRADED_MANUAL,src/data/nfl/trades.backup-before-landmark-patch-2026-07-01T14-11-51-759Z.json,4827,2020-1st-round-pick-14th-overall-javon-kinlaw-tampa-bay-buccaneers-2020,SF-2020-0401,,,Tampa Bay Buccaneers Win,Javon Kinlaw,san-francisco-49ers,san-francisco-49ers,"2020 1st round pick (14th overall, Javon Kinlaw) and 2020 4th round pick (117th overall subsequently traded, D.J. Wonnum)",Javon Kinlaw),assetsReceived.san-francisco-49ers.0,assetsReceived.san-francisco-49ers.2
B_SUBSEQUENTLY_TRADED_MANUAL,src/data/nfl/trades.backup-before-landmark-patch-2026-07-01T14-11-51-759Z.json,4995,2022-1st-round-pick-27th-overall-tampa-bay-buccaneers-2022,JAX-2022-0089,,,Tampa Bay Buccaneers Win,Logan Hall,tampa-bay-buccaneers,tampa-bay-buccaneers,"2022 2nd round pick (33rd overall, Logan Hall), 2022 4th round pick (106th overall, Cade Otton), 2022 6th round pick (180th overall subsequently traded, Matt Araiza)",Logan Hall),assetsReceived.tampa-bay-buccaneers.0,assetsReceived.tampa-bay-buccaneers.2
B_SUBSEQUENTLY_TRADED_MANUAL,src/data/nfl/trades.backup-before-landmark-patch-2026-07-01T14-11-51-759Z.json,5019,2023-4th-round-pick-121st-overall-tampa-bay-buccaneers-2022,JAX-2022-0091,,,Jacksonville Jaguars Win,Zyon McCollum,tampa-bay-buccaneers,tampa-bay-buccaneers,"2022 5th round pick (157th overall, Zyon McCollum), 2022 7th round pick (235th overall subsequently traded, Daniel Hardy)",Zyon McCollum),assetsReceived.tampa-bay-buccaneers.0,assetsReceived.tampa-bay-buccaneers.2
B_SUBSEQUENTLY_TRADED_MANUAL,src/data/nfl/trades.backup-before-landmark-patch-2026-07-01T14-18-40-619Z.json,3368,1995-1st-round-pick-12th-overall-philadelphia-eagles-1995,TB-1995-0155,,,Tampa Bay Buccaneers Win,Warren Sapp,tampa-bay-buccaneers,tampa-bay-buccaneers,"1995 1st round pick (12th overall, Warren Sapp), 1995 2nd round pick (43rd overall, Melvin Johnson) and 1995 2nd round pick (63rd overall subsequently traded, Shane Hannah)",Warren Sapp),assetsReceived.tampa-bay-buccaneers.3,assetsReceived.tampa-bay-buccaneers.1
B_SUBSEQUENTLY_TRADED_MANUAL,src/data/nfl/trades.backup-before-landmark-patch-2026-07-01T14-18-40-619Z.json,3487,1998-1st-round-pick-23rd-overall-tampa-bay-buccaneers-1998,RAI-1998-0294,,,Oakland/Los Angeles/Las Vegas Raiders Win,Jacquez Green,tampa-bay-buccaneers,tampa-bay-buccaneers,"1998 2nd round pick (34th overall, Jacquez Green) and 1998 2nd round pick (59th overall subsequently traded, Mikhael Ricks)",Jacquez Green),assetsReceived.tampa-bay-buccaneers.0,assetsReceived.tampa-bay-buccaneers.2
B_SUBSEQUENTLY_TRADED_MANUAL,src/data/nfl/trades.backup-before-landmark-patch-2026-07-01T14-18-40-619Z.json,3638,2001-1st-round-pick-21st-overall-nate-clements-and-2001-2nd-round-pick-51st-over,BUF-2001-0252,,,Buffalo Bills Win,Nate Clements,buffalo-bills,buffalo-bills,"2001 1st round pick (21st overall, Nate Clements) and 2001 2nd round pick (51st overall subsequently traded, Paul Toviessi)",Nate Clements),assetsReceived.buffalo-bills.0,assetsReceived.buffalo-bills.2
B_SUBSEQUENTLY_TRADED_MANUAL,src/data/nfl/trades.backup-before-landmark-patch-2026-07-01T14-18-40-619Z.json,3832,keenan-mccardell-tampa-bay-buccaneers-2004,LAC-2004-0340,,,Los Angeles/San Diego Chargers Win,Chris Colmer,tampa-bay-buccaneers,tampa-bay-buccaneers,"2005 3rd round pick (91st overall, Chris Colmer) and 2005 6th round pick (203rd overall subsequently traded, Andrew Hoffman)",Chris Colmer),assetsReceived.tampa-bay-buccaneers.0,assetsReceived.tampa-bay-buccaneers.2
B_SUBSEQUENTLY_TRADED_MANUAL,src/data/nfl/trades.backup-before-landmark-patch-2026-07-01T14-18-40-619Z.json,4028,2008-2nd-round-pick-52nd-overall-tampa-bay-buccaneers-2008,JAX-2008-0039,,,Tampa Bay Buccaneers Win,Dexter Jackson,tampa-bay-buccaneers,tampa-bay-buccaneers,"2008 2nd round pick (58th overall, Dexter Jackson), 2008 5th round pick (158th overall subsequently traded, Kellen Davis), 2009 7th round pick (217th overall, E.J. Biggers)",Dexter Jackson),assetsReceived.tampa-bay-buccaneers.0,assetsReceived.tampa-bay-buccaneers.2
B_SUBSEQUENTLY_TRADED_MANUAL,src/data/nfl/trades.backup-before-landmark-patch-2026-07-01T14-18-40-619Z.json,4251,2011-4th-round-pick-104th-overall-philadelphia-eagles-2011,TB-2011-0215,,,Even Trade,Casey Matthews,philadelphia-eagles,philadelphia-eagles,"2011 4th round pick (116th overall, Casey Matthews) and 2012 4th round pick (99th overall subsequently traded, Ben Jones)",Casey Matthews),assetsReceived.philadelphia-eagles.3,assetsReceived.philadelphia-eagles.1
B_SUBSEQUENTLY_TRADED_MANUAL,src/data/nfl/trades.backup-before-landmark-patch-2026-07-01T14-18-40-619Z.json,4286,2012-2nd-round-pick-36th-overall-derek-wolfe-and-2012-4th-round-pick-101st-overall-omar-bo,DEN-2012-04-26-0326,,,Tampa Bay Buccaneers Win,Doug Martin,tampa-bay-buccaneers,tampa-bay-buccaneers,"2012 1st round pick (31st overall, Doug Martin) and 2012 4th round pick (126th overall subsequently traded, Jared Crick)",Doug Martin),assetsReceived.tampa-bay-buccaneers.0,assetsReceived.tampa-bay-buccaneers.2
B_SUBSEQUENTLY_TRADED_MANUAL,src/data/nfl/trades.backup-before-landmark-patch-2026-07-01T14-18-40-619Z.json,4287,2012-1st-round-pick-5th-overall-tampa-bay-buccaneers-2012,JAX-2012-0054,,,Tampa Bay Buccaneers Win,Mark Barron,tampa-bay-buccaneers,tampa-bay-buccaneers,"2012 1st round pick (7th overall, Mark Barron), 2012 4th round pick (101st overall subsequently traded, Omar Bolden)",Mark Barron),assetsReceived.tampa-bay-buccaneers.0,assetsReceived.tampa-bay-buccaneers.2
B_SUBSEQUENTLY_TRADED_MANUAL,src/data/nfl/trades.backup-before-landmark-patch-2026-07-01T14-18-40-619Z.json,4408,2014-7th-round-pick-221st-overall-randell-johnson-and-2015-5th-round-pick-137th,BUF-2014-0285,,,Buffalo Bills Win,Randell Johnson,buffalo-bills,buffalo-bills,"2014 7th round pick (221st overall, Randell Johnson) and 2015 5th round pick (137th overall subsequently traded, Grady Jarrett)",Randell Johnson),assetsReceived.buffalo-bills.0,assetsReceived.buffalo-bills.2
B_SUBSEQUENTLY_TRADED_MANUAL,src/data/nfl/trades.backup-before-landmark-patch-2026-07-01T14-18-40-619Z.json,4446,2015-2nd-round-pick-61st-overall-indianapolis-colts-2015,TB-2015-0233,,,Tampa Bay Buccaneers Win,Ali Marpet,tampa-bay-buccaneers,tampa-bay-buccaneers,"2015 2nd round pick (61st overall, Ali Marpet) and 2015 4th round pick (128th overall subsequently traded, Jon Feliciano)",Ali Marpet),assetsReceived.tampa-bay-buccaneers.3,assetsReceived.tampa-bay-buccaneers.1
B_SUBSEQUENTLY_TRADED_MANUAL,src/data/nfl/trades.backup-before-landmark-patch-2026-07-01T14-18-40-619Z.json,4488,2016-1st-round-pick-11th-overall-chicago-bears-2016,TB-2016-0235,,,Chicago Bears Win,Vernon Hargreaves,tampa-bay-buccaneers,tampa-bay-buccaneers,"2016 1st round pick (11th overall, Vernon Hargreaves) and 2016 4th round pick (106th overall subsequently traded, Eric Murray)",Vernon Hargreaves),assetsReceived.tampa-bay-buccaneers.3,assetsReceived.tampa-bay-buccaneers.1
B_SUBSEQUENTLY_TRADED_MANUAL,src/data/nfl/trades.backup-before-landmark-patch-2026-07-01T14-18-40-619Z.json,4562,2017-7th-round-pick-237th-overall-buccaneers-2017,MIA-2017-0273,,,Miami Dolphins Win,Isaiah Ford,miami-dolphins,miami-dolphins,"2017 7th round pick (237th overall, Isaiah Ford) and 2018 7th round pick (223rd overall subsequently traded, Jullian Taylor)",Isaiah Ford),assetsReceived.miami-dolphins.0,assetsReceived.miami-dolphins.2
B_SUBSEQUENTLY_TRADED_MANUAL,src/data/nfl/trades.backup-before-landmark-patch-2026-07-01T14-18-40-619Z.json,4648,2018-4th-round-pick-102nd-overall-jalyn-holmes-tampa-bay-buccaneers-2018,MIN-2018-0260,,,Tampa Bay Buccaneers Win,Jalyn Holmes,minnesota-vikings,minnesota-vikings,"2018 4th round pick (102nd overall, Jalyn Holmes) and 2018 6th round pick (180th overall subsequently traded, Folorunso Fatukasi)",Jalyn Holmes),assetsReceived.minnesota-vikings.0,assetsReceived.minnesota-vikings.2
B_SUBSEQUENTLY_TRADED_MANUAL,src/data/nfl/trades.backup-before-landmark-patch-2026-07-01T14-18-40-619Z.json,4827,2020-1st-round-pick-14th-overall-javon-kinlaw-tampa-bay-buccaneers-2020,SF-2020-0401,,,Tampa Bay Buccaneers Win,Javon Kinlaw,san-francisco-49ers,san-francisco-49ers,"2020 1st round pick (14th overall, Javon Kinlaw) and 2020 4th round pick (117th overall subsequently traded, D.J. Wonnum)",Javon Kinlaw),assetsReceived.san-francisco-49ers.0,assetsReceived.san-francisco-49ers.2
B_SUBSEQUENTLY_TRADED_MANUAL,src/data/nfl/trades.backup-before-landmark-patch-2026-07-01T14-18-40-619Z.json,4995,2022-1st-round-pick-27th-overall-tampa-bay-buccaneers-2022,JAX-2022-0089,,,Tampa Bay Buccaneers Win,Logan Hall,tampa-bay-buccaneers,tampa-bay-buccaneers,"2022 2nd round pick (33rd overall, Logan Hall), 2022 4th round pick (106th overall, Cade Otton), 2022 6th round pick (180th overall subsequently traded, Matt Araiza)",Logan Hall),assetsReceived.tampa-bay-buccaneers.0,assetsReceived.tampa-bay-buccaneers.2
B_SUBSEQUENTLY_TRADED_MANUAL,src/data/nfl/trades.backup-before-landmark-patch-2026-07-01T14-18-40-619Z.json,5019,2023-4th-round-pick-121st-overall-tampa-bay-buccaneers-2022,JAX-2022-0091,,,Jacksonville Jaguars Win,Zyon McCollum,tampa-bay-buccaneers,tampa-bay-buccaneers,"2022 5th round pick (157th overall, Zyon McCollum), 2022 7th round pick (235th overall subsequently traded, Daniel Hardy)",Zyon McCollum),assetsReceived.tampa-bay-buccaneers.0,assetsReceived.tampa-bay-buccaneers.2
B_SUBSEQUENTLY_TRADED_MANUAL,src/data/nfl/trades.backup-before-landmark-patch-2026-07-01T14-28-26-125Z.json,3368,1995-1st-round-pick-12th-overall-philadelphia-eagles-1995,TB-1995-0155,,,Tampa Bay Buccaneers Win,Warren Sapp,tampa-bay-buccaneers,tampa-bay-buccaneers,"1995 1st round pick (12th overall, Warren Sapp), 1995 2nd round pick (43rd overall, Melvin Johnson) and 1995 2nd round pick (63rd overall subsequently traded, Shane Hannah)",Warren Sapp),assetsReceived.tampa-bay-buccaneers.3,assetsReceived.tampa-bay-buccaneers.1
B_SUBSEQUENTLY_TRADED_MANUAL,src/data/nfl/trades.backup-before-landmark-patch-2026-07-01T14-28-26-125Z.json,3487,1998-1st-round-pick-23rd-overall-tampa-bay-buccaneers-1998,RAI-1998-0294,,,Oakland/Los Angeles/Las Vegas Raiders Win,Jacquez Green,tampa-bay-buccaneers,tampa-bay-buccaneers,"1998 2nd round pick (34th overall, Jacquez Green) and 1998 2nd round pick (59th overall subsequently traded, Mikhael Ricks)",Jacquez Green),assetsReceived.tampa-bay-buccaneers.0,assetsReceived.tampa-bay-buccaneers.2
B_SUBSEQUENTLY_TRADED_MANUAL,src/data/nfl/trades.backup-before-landmark-patch-2026-07-01T14-28-26-125Z.json,3638,2001-1st-round-pick-21st-overall-nate-clements-and-2001-2nd-round-pick-51st-over,BUF-2001-0252,,,Buffalo Bills Win,Nate Clements,buffalo-bills,buffalo-bills,"2001 1st round pick (21st overall, Nate Clements) and 2001 2nd round pick (51st overall subsequently traded, Paul Toviessi)",Nate Clements),assetsReceived.buffalo-bills.0,assetsReceived.buffalo-bills.2
B_SUBSEQUENTLY_TRADED_MANUAL,src/data/nfl/trades.backup-before-landmark-patch-2026-07-01T14-28-26-125Z.json,3832,keenan-mccardell-tampa-bay-buccaneers-2004,LAC-2004-0340,,,Los Angeles/San Diego Chargers Win,Chris Colmer,tampa-bay-buccaneers,tampa-bay-buccaneers,"2005 3rd round pick (91st overall, Chris Colmer) and 2005 6th round pick (203rd overall subsequently traded, Andrew Hoffman)",Chris Colmer),assetsReceived.tampa-bay-buccaneers.0,assetsReceived.tampa-bay-buccaneers.2
B_SUBSEQUENTLY_TRADED_MANUAL,src/data/nfl/trades.backup-before-landmark-patch-2026-07-01T14-28-26-125Z.json,4028,2008-2nd-round-pick-52nd-overall-tampa-bay-buccaneers-2008,JAX-2008-0039,,,Tampa Bay Buccaneers Win,Dexter Jackson,tampa-bay-buccaneers,tampa-bay-buccaneers,"2008 2nd round pick (58th overall, Dexter Jackson), 2008 5th round pick (158th overall subsequently traded, Kellen Davis), 2009 7th round pick (217th overall, E.J. Biggers)",Dexter Jackson),assetsReceived.tampa-bay-buccaneers.0,assetsReceived.tampa-bay-buccaneers.2
B_SUBSEQUENTLY_TRADED_MANUAL,src/data/nfl/trades.backup-before-landmark-patch-2026-07-01T14-28-26-125Z.json,4251,2011-4th-round-pick-104th-overall-philadelphia-eagles-2011,TB-2011-0215,,,Even Trade,Casey Matthews,philadelphia-eagles,philadelphia-eagles,"2011 4th round pick (116th overall, Casey Matthews) and 2012 4th round pick (99th overall subsequently traded, Ben Jones)",Casey Matthews),assetsReceived.philadelphia-eagles.3,assetsReceived.philadelphia-eagles.1
B_SUBSEQUENTLY_TRADED_MANUAL,src/data/nfl/trades.backup-before-landmark-patch-2026-07-01T14-28-26-125Z.json,4286,2012-2nd-round-pick-36th-overall-derek-wolfe-and-2012-4th-round-pick-101st-overall-omar-bo,DEN-2012-04-26-0326,,,Tampa Bay Buccaneers Win,Doug Martin,tampa-bay-buccaneers,tampa-bay-buccaneers,"2012 1st round pick (31st overall, Doug Martin) and 2012 4th round pick (126th overall subsequently traded, Jared Crick)",Doug Martin),assetsReceived.tampa-bay-buccaneers.0,assetsReceived.tampa-bay-buccaneers.2
B_SUBSEQUENTLY_TRADED_MANUAL,src/data/nfl/trades.backup-before-landmark-patch-2026-07-01T14-28-26-125Z.json,4287,2012-1st-round-pick-5th-overall-tampa-bay-buccaneers-2012,JAX-2012-0054,,,Tampa Bay Buccaneers Win,Mark Barron,tampa-bay-buccaneers,tampa-bay-buccaneers,"2012 1st round pick (7th overall, Mark Barron), 2012 4th round pick (101st overall subsequently traded, Omar Bolden)",Mark Barron),assetsReceived.tampa-bay-buccaneers.0,assetsReceived.tampa-bay-buccaneers.2
B_SUBSEQUENTLY_TRADED_MANUAL,src/data/nfl/trades.backup-before-landmark-patch-2026-07-01T14-28-26-125Z.json,4408,2014-7th-round-pick-221st-overall-randell-johnson-and-2015-5th-round-pick-137th,BUF-2014-0285,,,Buffalo Bills Win,Randell Johnson,buffalo-bills,buffalo-bills,"2014 7th round pick (221st overall, Randell Johnson) and 2015 5th round pick (137th overall subsequently traded, Grady Jarrett)",Randell Johnson),assetsReceived.buffalo-bills.0,assetsReceived.buffalo-bills.2
B_SUBSEQUENTLY_TRADED_MANUAL,src/data/nfl/trades.backup-before-landmark-patch-2026-07-01T14-28-26-125Z.json,4446,2015-2nd-round-pick-61st-overall-indianapolis-colts-2015,TB-2015-0233,,,Tampa Bay Buccaneers Win,Ali Marpet,tampa-bay-buccaneers,tampa-bay-buccaneers,"2015 2nd round pick (61st overall, Ali Marpet) and 2015 4th round pick (128th overall subsequently traded, Jon Feliciano)",Ali Marpet),assetsReceived.tampa-bay-buccaneers.3,assetsReceived.tampa-bay-buccaneers.1
B_SUBSEQUENTLY_TRADED_MANUAL,src/data/nfl/trades.backup-before-landmark-patch-2026-07-01T14-28-26-125Z.json,4488,2016-1st-round-pick-11th-overall-chicago-bears-2016,TB-2016-0235,,,Chicago Bears Win,Vernon Hargreaves,tampa-bay-buccaneers,tampa-bay-buccaneers,"2016 1st round pick (11th overall, Vernon Hargreaves) and 2016 4th round pick (106th overall subsequently traded, Eric Murray)",Vernon Hargreaves),assetsReceived.tampa-bay-buccaneers.3,assetsReceived.tampa-bay-buccaneers.1
B_SUBSEQUENTLY_TRADED_MANUAL,src/data/nfl/trades.backup-before-landmark-patch-2026-07-01T14-28-26-125Z.json,4562,2017-7th-round-pick-237th-overall-buccaneers-2017,MIA-2017-0273,,,Miami Dolphins Win,Isaiah Ford,miami-dolphins,miami-dolphins,"2017 7th round pick (237th overall, Isaiah Ford) and 2018 7th round pick (223rd overall subsequently traded, Jullian Taylor)",Isaiah Ford),assetsReceived.miami-dolphins.0,assetsReceived.miami-dolphins.2
B_SUBSEQUENTLY_TRADED_MANUAL,src/data/nfl/trades.backup-before-landmark-patch-2026-07-01T14-28-26-125Z.json,4648,2018-4th-round-pick-102nd-overall-jalyn-holmes-tampa-bay-buccaneers-2018,MIN-2018-0260,,,Tampa Bay Buccaneers Win,Jalyn Holmes,minnesota-vikings,minnesota-vikings,"2018 4th round pick (102nd overall, Jalyn Holmes) and 2018 6th round pick (180th overall subsequently traded, Folorunso Fatukasi)",Jalyn Holmes),assetsReceived.minnesota-vikings.0,assetsReceived.minnesota-vikings.2
B_SUBSEQUENTLY_TRADED_MANUAL,src/data/nfl/trades.backup-before-landmark-patch-2026-07-01T14-28-26-125Z.json,4827,2020-1st-round-pick-14th-overall-javon-kinlaw-tampa-bay-buccaneers-2020,SF-2020-0401,,,Tampa Bay Buccaneers Win,Javon Kinlaw,san-francisco-49ers,san-francisco-49ers,"2020 1st round pick (14th overall, Javon Kinlaw) and 2020 4th round pick (117th overall subsequently traded, D.J. Wonnum)",Javon Kinlaw),assetsReceived.san-francisco-49ers.0,assetsReceived.san-francisco-49ers.2
B_SUBSEQUENTLY_TRADED_MANUAL,src/data/nfl/trades.backup-before-landmark-patch-2026-07-01T14-28-26-125Z.json,4995,2022-1st-round-pick-27th-overall-tampa-bay-buccaneers-2022,JAX-2022-0089,,,Tampa Bay Buccaneers Win,Logan Hall,tampa-bay-buccaneers,tampa-bay-buccaneers,"2022 2nd round pick (33rd overall, Logan Hall), 2022 4th round pick (106th overall, Cade Otton), 2022 6th round pick (180th overall subsequently traded, Matt Araiza)",Logan Hall),assetsReceived.tampa-bay-buccaneers.0,assetsReceived.tampa-bay-buccaneers.2
B_SUBSEQUENTLY_TRADED_MANUAL,src/data/nfl/trades.backup-before-landmark-patch-2026-07-01T14-28-26-125Z.json,5019,2023-4th-round-pick-121st-overall-tampa-bay-buccaneers-2022,JAX-2022-0091,,,Jacksonville Jaguars Win,Zyon McCollum,tampa-bay-buccaneers,tampa-bay-buccaneers,"2022 5th round pick (157th overall, Zyon McCollum), 2022 7th round pick (235th overall subsequently traded, Daniel Hardy)",Zyon McCollum),assetsReceived.tampa-bay-buccaneers.0,assetsReceived.tampa-bay-buccaneers.2
B_SUBSEQUENTLY_TRADED_MANUAL,src/data/nfl/trades.backup-before-landmark-patch-2026-07-01T14-44-33-665Z.json,3368,1995-1st-round-pick-12th-overall-philadelphia-eagles-1995,TB-1995-0155,,,Tampa Bay Buccaneers Win,Warren Sapp,tampa-bay-buccaneers,tampa-bay-buccaneers,"1995 1st round pick (12th overall, Warren Sapp), 1995 2nd round pick (43rd overall, Melvin Johnson) and 1995 2nd round pick (63rd overall subsequently traded, Shane Hannah)",Warren Sapp),assetsReceived.tampa-bay-buccaneers.3,assetsReceived.tampa-bay-buccaneers.1
B_SUBSEQUENTLY_TRADED_MANUAL,src/data/nfl/trades.backup-before-landmark-patch-2026-07-01T14-44-33-665Z.json,3487,1998-1st-round-pick-23rd-overall-tampa-bay-buccaneers-1998,RAI-1998-0294,,,Oakland/Los Angeles/Las Vegas Raiders Win,Jacquez Green,tampa-bay-buccaneers,tampa-bay-buccaneers,"1998 2nd round pick (34th overall, Jacquez Green) and 1998 2nd round pick (59th overall subsequently traded, Mikhael Ricks)",Jacquez Green),assetsReceived.tampa-bay-buccaneers.0,assetsReceived.tampa-bay-buccaneers.2
B_SUBSEQUENTLY_TRADED_MANUAL,src/data/nfl/trades.backup-before-landmark-patch-2026-07-01T14-44-33-665Z.json,3638,2001-1st-round-pick-21st-overall-nate-clements-and-2001-2nd-round-pick-51st-over,BUF-2001-0252,,,Buffalo Bills Win,Nate Clements,buffalo-bills,buffalo-bills,"2001 1st round pick (21st overall, Nate Clements) and 2001 2nd round pick (51st overall subsequently traded, Paul Toviessi)",Nate Clements),assetsReceived.buffalo-bills.0,assetsReceived.buffalo-bills.2
B_SUBSEQUENTLY_TRADED_MANUAL,src/data/nfl/trades.backup-before-landmark-patch-2026-07-01T14-44-33-665Z.json,3832,keenan-mccardell-tampa-bay-buccaneers-2004,LAC-2004-0340,,,Los Angeles/San Diego Chargers Win,Chris Colmer,tampa-bay-buccaneers,tampa-bay-buccaneers,"2005 3rd round pick (91st overall, Chris Colmer) and 2005 6th round pick (203rd overall subsequently traded, Andrew Hoffman)",Chris Colmer),assetsReceived.tampa-bay-buccaneers.0,assetsReceived.tampa-bay-buccaneers.2
B_SUBSEQUENTLY_TRADED_MANUAL,src/data/nfl/trades.backup-before-landmark-patch-2026-07-01T14-44-33-665Z.json,4028,2008-2nd-round-pick-52nd-overall-tampa-bay-buccaneers-2008,JAX-2008-0039,,,Tampa Bay Buccaneers Win,Dexter Jackson,tampa-bay-buccaneers,tampa-bay-buccaneers,"2008 2nd round pick (58th overall, Dexter Jackson), 2008 5th round pick (158th overall subsequently traded, Kellen Davis), 2009 7th round pick (217th overall, E.J. Biggers)",Dexter Jackson),assetsReceived.tampa-bay-buccaneers.0,assetsReceived.tampa-bay-buccaneers.2
B_SUBSEQUENTLY_TRADED_MANUAL,src/data/nfl/trades.backup-before-landmark-patch-2026-07-01T14-44-33-665Z.json,4251,2011-4th-round-pick-104th-overall-philadelphia-eagles-2011,TB-2011-0215,,,Even Trade,Casey Matthews,philadelphia-eagles,philadelphia-eagles,"2011 4th round pick (116th overall, Casey Matthews) and 2012 4th round pick (99th overall subsequently traded, Ben Jones)",Casey Matthews),assetsReceived.philadelphia-eagles.3,assetsReceived.philadelphia-eagles.1
B_SUBSEQUENTLY_TRADED_MANUAL,src/data/nfl/trades.backup-before-landmark-patch-2026-07-01T14-44-33-665Z.json,4286,2012-2nd-round-pick-36th-overall-derek-wolfe-and-2012-4th-round-pick-101st-overall-omar-bo,DEN-2012-04-26-0326,,,Tampa Bay Buccaneers Win,Doug Martin,tampa-bay-buccaneers,tampa-bay-buccaneers,"2012 1st round pick (31st overall, Doug Martin) and 2012 4th round pick (126th overall subsequently traded, Jared Crick)",Doug Martin),assetsReceived.tampa-bay-buccaneers.0,assetsReceived.tampa-bay-buccaneers.2
B_SUBSEQUENTLY_TRADED_MANUAL,src/data/nfl/trades.backup-before-landmark-patch-2026-07-01T14-44-33-665Z.json,4287,2012-1st-round-pick-5th-overall-tampa-bay-buccaneers-2012,JAX-2012-0054,,,Tampa Bay Buccaneers Win,Mark Barron,tampa-bay-buccaneers,tampa-bay-buccaneers,"2012 1st round pick (7th overall, Mark Barron), 2012 4th round pick (101st overall subsequently traded, Omar Bolden)",Mark Barron),assetsReceived.tampa-bay-buccaneers.0,assetsReceived.tampa-bay-buccaneers.2
B_SUBSEQUENTLY_TRADED_MANUAL,src/data/nfl/trades.backup-before-landmark-patch-2026-07-01T14-44-33-665Z.json,4408,2014-7th-round-pick-221st-overall-randell-johnson-and-2015-5th-round-pick-137th,BUF-2014-0285,,,Buffalo Bills Win,Randell Johnson,buffalo-bills,buffalo-bills,"2014 7th round pick (221st overall, Randell Johnson) and 2015 5th round pick (137th overall subsequently traded, Grady Jarrett)",Randell Johnson),assetsReceived.buffalo-bills.0,assetsReceived.buffalo-bills.2
B_SUBSEQUENTLY_TRADED_MANUAL,src/data/nfl/trades.backup-before-landmark-patch-2026-07-01T14-44-33-665Z.json,4446,2015-2nd-round-pick-61st-overall-indianapolis-colts-2015,TB-2015-0233,,,Tampa Bay Buccaneers Win,Ali Marpet,tampa-bay-buccaneers,tampa-bay-buccaneers,"2015 2nd round pick (61st overall, Ali Marpet) and 2015 4th round pick (128th overall subsequently traded, Jon Feliciano)",Ali Marpet),assetsReceived.tampa-bay-buccaneers.3,assetsReceived.tampa-bay-buccaneers.1
B_SUBSEQUENTLY_TRADED_MANUAL,src/data/nfl/trades.backup-before-landmark-patch-2026-07-01T14-44-33-665Z.json,4488,2016-1st-round-pick-11th-overall-chicago-bears-2016,TB-2016-0235,,,Chicago Bears Win,Vernon Hargreaves,tampa-bay-buccaneers,tampa-bay-buccaneers,"2016 1st round pick (11th overall, Vernon Hargreaves) and 2016 4th round pick (106th overall subsequently traded, Eric Murray)",Vernon Hargreaves),assetsReceived.tampa-bay-buccaneers.3,assetsReceived.tampa-bay-buccaneers.1
B_SUBSEQUENTLY_TRADED_MANUAL,src/data/nfl/trades.backup-before-landmark-patch-2026-07-01T14-44-33-665Z.json,4562,2017-7th-round-pick-237th-overall-buccaneers-2017,MIA-2017-0273,,,Miami Dolphins Win,Isaiah Ford,miami-dolphins,miami-dolphins,"2017 7th round pick (237th overall, Isaiah Ford) and 2018 7th round pick (223rd overall subsequently traded, Jullian Taylor)",Isaiah Ford),assetsReceived.miami-dolphins.0,assetsReceived.miami-dolphins.2
B_SUBSEQUENTLY_TRADED_MANUAL,src/data/nfl/trades.backup-before-landmark-patch-2026-07-01T14-44-33-665Z.json,4648,2018-4th-round-pick-102nd-overall-jalyn-holmes-tampa-bay-buccaneers-2018,MIN-2018-0260,,,Tampa Bay Buccaneers Win,Jalyn Holmes,minnesota-vikings,minnesota-vikings,"2018 4th round pick (102nd overall, Jalyn Holmes) and 2018 6th round pick (180th overall subsequently traded, Folorunso Fatukasi)",Jalyn Holmes),assetsReceived.minnesota-vikings.0,assetsReceived.minnesota-vikings.2
B_SUBSEQUENTLY_TRADED_MANUAL,src/data/nfl/trades.backup-before-landmark-patch-2026-07-01T14-44-33-665Z.json,4827,2020-1st-round-pick-14th-overall-javon-kinlaw-tampa-bay-buccaneers-2020,SF-2020-0401,,,Tampa Bay Buccaneers Win,Javon Kinlaw,san-francisco-49ers,san-francisco-49ers,"2020 1st round pick (14th overall, Javon Kinlaw) and 2020 4th round pick (117th overall subsequently traded, D.J. Wonnum)",Javon Kinlaw),assetsReceived.san-francisco-49ers.0,assetsReceived.san-francisco-49ers.2
B_SUBSEQUENTLY_TRADED_MANUAL,src/data/nfl/trades.backup-before-landmark-patch-2026-07-01T14-44-33-665Z.json,4995,2022-1st-round-pick-27th-overall-tampa-bay-buccaneers-2022,JAX-2022-0089,,,Tampa Bay Buccaneers Win,Logan Hall,tampa-bay-buccaneers,tampa-bay-buccaneers,"2022 2nd round pick (33rd overall, Logan Hall), 2022 4th round pick (106th overall, Cade Otton), 2022 6th round pick (180th overall subsequently traded, Matt Araiza)",Logan Hall),assetsReceived.tampa-bay-buccaneers.0,assetsReceived.tampa-bay-buccaneers.2
B_SUBSEQUENTLY_TRADED_MANUAL,src/data/nfl/trades.backup-before-landmark-patch-2026-07-01T14-44-33-665Z.json,5019,2023-4th-round-pick-121st-overall-tampa-bay-buccaneers-2022,JAX-2022-0091,,,Jacksonville Jaguars Win,Zyon McCollum,tampa-bay-buccaneers,tampa-bay-buccaneers,"2022 5th round pick (157th overall, Zyon McCollum), 2022 7th round pick (235th overall subsequently traded, Daniel Hardy)",Zyon McCollum),assetsReceived.tampa-bay-buccaneers.0,assetsReceived.tampa-bay-buccaneers.2
B_SUBSEQUENTLY_TRADED_MANUAL,src/data/nfl/trades.backup-before-landmark-patch-2026-07-01T14-56-05-817Z.json,3368,1995-1st-round-pick-12th-overall-philadelphia-eagles-1995,TB-1995-0155,,,Tampa Bay Buccaneers Win,Warren Sapp,tampa-bay-buccaneers,tampa-bay-buccaneers,"1995 1st round pick (12th overall, Warren Sapp), 1995 2nd round pick (43rd overall, Melvin Johnson) and 1995 2nd round pick (63rd overall subsequently traded, Shane Hannah)",Warren Sapp),assetsReceived.tampa-bay-buccaneers.3,assetsReceived.tampa-bay-buccaneers.1
B_SUBSEQUENTLY_TRADED_MANUAL,src/data/nfl/trades.backup-before-landmark-patch-2026-07-01T14-56-05-817Z.json,3487,1998-1st-round-pick-23rd-overall-tampa-bay-buccaneers-1998,RAI-1998-0294,,,Oakland/Los Angeles/Las Vegas Raiders Win,Jacquez Green,tampa-bay-buccaneers,tampa-bay-buccaneers,"1998 2nd round pick (34th overall, Jacquez Green) and 1998 2nd round pick (59th overall subsequently traded, Mikhael Ricks)",Jacquez Green),assetsReceived.tampa-bay-buccaneers.0,assetsReceived.tampa-bay-buccaneers.2
B_SUBSEQUENTLY_TRADED_MANUAL,src/data/nfl/trades.backup-before-landmark-patch-2026-07-01T14-56-05-817Z.json,3638,2001-1st-round-pick-21st-overall-nate-clements-and-2001-2nd-round-pick-51st-over,BUF-2001-0252,,,Buffalo Bills Win,Nate Clements,buffalo-bills,buffalo-bills,"2001 1st round pick (21st overall, Nate Clements) and 2001 2nd round pick (51st overall subsequently traded, Paul Toviessi)",Nate Clements),assetsReceived.buffalo-bills.0,assetsReceived.buffalo-bills.2
B_SUBSEQUENTLY_TRADED_MANUAL,src/data/nfl/trades.backup-before-landmark-patch-2026-07-01T14-56-05-817Z.json,3832,keenan-mccardell-tampa-bay-buccaneers-2004,LAC-2004-0340,,,Los Angeles/San Diego Chargers Win,Chris Colmer,tampa-bay-buccaneers,tampa-bay-buccaneers,"2005 3rd round pick (91st overall, Chris Colmer) and 2005 6th round pick (203rd overall subsequently traded, Andrew Hoffman)",Chris Colmer),assetsReceived.tampa-bay-buccaneers.0,assetsReceived.tampa-bay-buccaneers.2
B_SUBSEQUENTLY_TRADED_MANUAL,src/data/nfl/trades.backup-before-landmark-patch-2026-07-01T14-56-05-817Z.json,4028,2008-2nd-round-pick-52nd-overall-tampa-bay-buccaneers-2008,JAX-2008-0039,,,Tampa Bay Buccaneers Win,Dexter Jackson,tampa-bay-buccaneers,tampa-bay-buccaneers,"2008 2nd round pick (58th overall, Dexter Jackson), 2008 5th round pick (158th overall subsequently traded, Kellen Davis), 2009 7th round pick (217th overall, E.J. Biggers)",Dexter Jackson),assetsReceived.tampa-bay-buccaneers.0,assetsReceived.tampa-bay-buccaneers.2
B_SUBSEQUENTLY_TRADED_MANUAL,src/data/nfl/trades.backup-before-landmark-patch-2026-07-01T14-56-05-817Z.json,4251,2011-4th-round-pick-104th-overall-philadelphia-eagles-2011,TB-2011-0215,,,Even Trade,Casey Matthews,philadelphia-eagles,philadelphia-eagles,"2011 4th round pick (116th overall, Casey Matthews) and 2012 4th round pick (99th overall subsequently traded, Ben Jones)",Casey Matthews),assetsReceived.philadelphia-eagles.3,assetsReceived.philadelphia-eagles.1
B_SUBSEQUENTLY_TRADED_MANUAL,src/data/nfl/trades.backup-before-landmark-patch-2026-07-01T14-56-05-817Z.json,4286,2012-2nd-round-pick-36th-overall-derek-wolfe-and-2012-4th-round-pick-101st-overall-omar-bo,DEN-2012-04-26-0326,,,Tampa Bay Buccaneers Win,Doug Martin,tampa-bay-buccaneers,tampa-bay-buccaneers,"2012 1st round pick (31st overall, Doug Martin) and 2012 4th round pick (126th overall subsequently traded, Jared Crick)",Doug Martin),assetsReceived.tampa-bay-buccaneers.0,assetsReceived.tampa-bay-buccaneers.2
B_SUBSEQUENTLY_TRADED_MANUAL,src/data/nfl/trades.backup-before-landmark-patch-2026-07-01T14-56-05-817Z.json,4287,2012-1st-round-pick-5th-overall-tampa-bay-buccaneers-2012,JAX-2012-0054,,,Tampa Bay Buccaneers Win,Mark Barron,tampa-bay-buccaneers,tampa-bay-buccaneers,"2012 1st round pick (7th overall, Mark Barron), 2012 4th round pick (101st overall subsequently traded, Omar Bolden)",Mark Barron),assetsReceived.tampa-bay-buccaneers.0,assetsReceived.tampa-bay-buccaneers.2
B_SUBSEQUENTLY_TRADED_MANUAL,src/data/nfl/trades.backup-before-landmark-patch-2026-07-01T14-56-05-817Z.json,4408,2014-7th-round-pick-221st-overall-randell-johnson-and-2015-5th-round-pick-137th,BUF-2014-0285,,,Buffalo Bills Win,Randell Johnson,buffalo-bills,buffalo-bills,"2014 7th round pick (221st overall, Randell Johnson) and 2015 5th round pick (137th overall subsequently traded, Grady Jarrett)",Randell Johnson),assetsReceived.buffalo-bills.0,assetsReceived.buffalo-bills.2
B_SUBSEQUENTLY_TRADED_MANUAL,src/data/nfl/trades.backup-before-landmark-patch-2026-07-01T14-56-05-817Z.json,4446,2015-2nd-round-pick-61st-overall-indianapolis-colts-2015,TB-2015-0233,,,Tampa Bay Buccaneers Win,Ali Marpet,tampa-bay-buccaneers,tampa-bay-buccaneers,"2015 2nd round pick (61st overall, Ali Marpet) and 2015 4th round pick (128th overall subsequently traded, Jon Feliciano)",Ali Marpet),assetsReceived.tampa-bay-buccaneers.3,assetsReceived.tampa-bay-buccaneers.1
B_SUBSEQUENTLY_TRADED_MANUAL,src/data/nfl/trades.backup-before-landmark-patch-2026-07-01T14-56-05-817Z.json,4488,2016-1st-round-pick-11th-overall-chicago-bears-2016,TB-2016-0235,,,Chicago Bears Win,Vernon Hargreaves,tampa-bay-buccaneers,tampa-bay-buccaneers,"2016 1st round pick (11th overall, Vernon Hargreaves) and 2016 4th round pick (106th overall subsequently traded, Eric Murray)",Vernon Hargreaves),assetsReceived.tampa-bay-buccaneers.3,assetsReceived.tampa-bay-buccaneers.1
B_SUBSEQUENTLY_TRADED_MANUAL,src/data/nfl/trades.backup-before-landmark-patch-2026-07-01T14-56-05-817Z.json,4562,2017-7th-round-pick-237th-overall-buccaneers-2017,MIA-2017-0273,,,Miami Dolphins Win,Isaiah Ford,miami-dolphins,miami-dolphins,"2017 7th round pick (237th overall, Isaiah Ford) and 2018 7th round pick (223rd overall subsequently traded, Jullian Taylor)",Isaiah Ford),assetsReceived.miami-dolphins.0,assetsReceived.miami-dolphins.2
B_SUBSEQUENTLY_TRADED_MANUAL,src/data/nfl/trades.backup-before-landmark-patch-2026-07-01T14-56-05-817Z.json,4648,2018-4th-round-pick-102nd-overall-jalyn-holmes-tampa-bay-buccaneers-2018,MIN-2018-0260,,,Tampa Bay Buccaneers Win,Jalyn Holmes,minnesota-vikings,minnesota-vikings,"2018 4th round pick (102nd overall, Jalyn Holmes) and 2018 6th round pick (180th overall subsequently traded, Folorunso Fatukasi)",Jalyn Holmes),assetsReceived.minnesota-vikings.0,assetsReceived.minnesota-vikings.2
B_SUBSEQUENTLY_TRADED_MANUAL,src/data/nfl/trades.backup-before-landmark-patch-2026-07-01T14-56-05-817Z.json,4827,2020-1st-round-pick-14th-overall-javon-kinlaw-tampa-bay-buccaneers-2020,SF-2020-0401,,,Tampa Bay Buccaneers Win,Javon Kinlaw,san-francisco-49ers,san-francisco-49ers,"2020 1st round pick (14th overall, Javon Kinlaw) and 2020 4th round pick (117th overall subsequently traded, D.J. Wonnum)",Javon Kinlaw),assetsReceived.san-francisco-49ers.0,assetsReceived.san-francisco-49ers.2
B_SUBSEQUENTLY_TRADED_MANUAL,src/data/nfl/trades.backup-before-landmark-patch-2026-07-01T14-56-05-817Z.json,4995,2022-1st-round-pick-27th-overall-tampa-bay-buccaneers-2022,JAX-2022-0089,,,Tampa Bay Buccaneers Win,Logan Hall,tampa-bay-buccaneers,tampa-bay-buccaneers,"2022 2nd round pick (33rd overall, Logan Hall), 2022 4th round pick (106th overall, Cade Otton), 2022 6th round pick (180th overall subsequently traded, Matt Araiza)",Logan Hall),assetsReceived.tampa-bay-buccaneers.0,assetsReceived.tampa-bay-buccaneers.2
B_SUBSEQUENTLY_TRADED_MANUAL,src/data/nfl/trades.backup-before-landmark-patch-2026-07-01T14-56-05-817Z.json,5019,2023-4th-round-pick-121st-overall-tampa-bay-buccaneers-2022,JAX-2022-0091,,,Jacksonville Jaguars Win,Zyon McCollum,tampa-bay-buccaneers,tampa-bay-buccaneers,"2022 5th round pick (157th overall, Zyon McCollum), 2022 7th round pick (235th overall subsequently traded, Daniel Hardy)",Zyon McCollum),assetsReceived.tampa-bay-buccaneers.0,assetsReceived.tampa-bay-buccaneers.2
B_SUBSEQUENTLY_TRADED_MANUAL,src/data/nfl/trades.backup-before-landmark-patch-2026-07-01T14-58-09-096Z.json,3368,1995-1st-round-pick-12th-overall-philadelphia-eagles-1995,TB-1995-0155,,,Tampa Bay Buccaneers Win,Warren Sapp,tampa-bay-buccaneers,tampa-bay-buccaneers,"1995 1st round pick (12th overall, Warren Sapp), 1995 2nd round pick (43rd overall, Melvin Johnson) and 1995 2nd round pick (63rd overall subsequently traded, Shane Hannah)",Warren Sapp),assetsReceived.tampa-bay-buccaneers.3,assetsReceived.tampa-bay-buccaneers.1
B_SUBSEQUENTLY_TRADED_MANUAL,src/data/nfl/trades.backup-before-landmark-patch-2026-07-01T14-58-09-096Z.json,3487,1998-1st-round-pick-23rd-overall-tampa-bay-buccaneers-1998,RAI-1998-0294,,,Oakland/Los Angeles/Las Vegas Raiders Win,Jacquez Green,tampa-bay-buccaneers,tampa-bay-buccaneers,"1998 2nd round pick (34th overall, Jacquez Green) and 1998 2nd round pick (59th overall subsequently traded, Mikhael Ricks)",Jacquez Green),assetsReceived.tampa-bay-buccaneers.0,assetsReceived.tampa-bay-buccaneers.2
B_SUBSEQUENTLY_TRADED_MANUAL,src/data/nfl/trades.backup-before-landmark-patch-2026-07-01T14-58-09-096Z.json,3638,2001-1st-round-pick-21st-overall-nate-clements-and-2001-2nd-round-pick-51st-over,BUF-2001-0252,,,Buffalo Bills Win,Nate Clements,buffalo-bills,buffalo-bills,"2001 1st round pick (21st overall, Nate Clements) and 2001 2nd round pick (51st overall subsequently traded, Paul Toviessi)",Nate Clements),assetsReceived.buffalo-bills.0,assetsReceived.buffalo-bills.2
B_SUBSEQUENTLY_TRADED_MANUAL,src/data/nfl/trades.backup-before-landmark-patch-2026-07-01T14-58-09-096Z.json,3832,keenan-mccardell-tampa-bay-buccaneers-2004,LAC-2004-0340,,,Los Angeles/San Diego Chargers Win,Chris Colmer,tampa-bay-buccaneers,tampa-bay-buccaneers,"2005 3rd round pick (91st overall, Chris Colmer) and 2005 6th round pick (203rd overall subsequently traded, Andrew Hoffman)",Chris Colmer),assetsReceived.tampa-bay-buccaneers.0,assetsReceived.tampa-bay-buccaneers.2
B_SUBSEQUENTLY_TRADED_MANUAL,src/data/nfl/trades.backup-before-landmark-patch-2026-07-01T14-58-09-096Z.json,4028,2008-2nd-round-pick-52nd-overall-tampa-bay-buccaneers-2008,JAX-2008-0039,,,Tampa Bay Buccaneers Win,Dexter Jackson,tampa-bay-buccaneers,tampa-bay-buccaneers,"2008 2nd round pick (58th overall, Dexter Jackson), 2008 5th round pick (158th overall subsequently traded, Kellen Davis), 2009 7th round pick (217th overall, E.J. Biggers)",Dexter Jackson),assetsReceived.tampa-bay-buccaneers.0,assetsReceived.tampa-bay-buccaneers.2
B_SUBSEQUENTLY_TRADED_MANUAL,src/data/nfl/trades.backup-before-landmark-patch-2026-07-01T14-58-09-096Z.json,4251,2011-4th-round-pick-104th-overall-philadelphia-eagles-2011,TB-2011-0215,,,Even Trade,Casey Matthews,philadelphia-eagles,philadelphia-eagles,"2011 4th round pick (116th overall, Casey Matthews) and 2012 4th round pick (99th overall subsequently traded, Ben Jones)",Casey Matthews),assetsReceived.philadelphia-eagles.3,assetsReceived.philadelphia-eagles.1
B_SUBSEQUENTLY_TRADED_MANUAL,src/data/nfl/trades.backup-before-landmark-patch-2026-07-01T14-58-09-096Z.json,4286,2012-2nd-round-pick-36th-overall-derek-wolfe-and-2012-4th-round-pick-101st-overall-omar-bo,DEN-2012-04-26-0326,,,Tampa Bay Buccaneers Win,Doug Martin,tampa-bay-buccaneers,tampa-bay-buccaneers,"2012 1st round pick (31st overall, Doug Martin) and 2012 4th round pick (126th overall subsequently traded, Jared Crick)",Doug Martin),assetsReceived.tampa-bay-buccaneers.0,assetsReceived.tampa-bay-buccaneers.2
B_SUBSEQUENTLY_TRADED_MANUAL,src/data/nfl/trades.backup-before-landmark-patch-2026-07-01T14-58-09-096Z.json,4287,2012-1st-round-pick-5th-overall-tampa-bay-buccaneers-2012,JAX-2012-0054,,,Tampa Bay Buccaneers Win,Mark Barron,tampa-bay-buccaneers,tampa-bay-buccaneers,"2012 1st round pick (7th overall, Mark Barron), 2012 4th round pick (101st overall subsequently traded, Omar Bolden)",Mark Barron),assetsReceived.tampa-bay-buccaneers.0,assetsReceived.tampa-bay-buccaneers.2
B_SUBSEQUENTLY_TRADED_MANUAL,src/data/nfl/trades.backup-before-landmark-patch-2026-07-01T14-58-09-096Z.json,4408,2014-7th-round-pick-221st-overall-randell-johnson-and-2015-5th-round-pick-137th,BUF-2014-0285,,,Buffalo Bills Win,Randell Johnson,buffalo-bills,buffalo-bills,"2014 7th round pick (221st overall, Randell Johnson) and 2015 5th round pick (137th overall subsequently traded, Grady Jarrett)",Randell Johnson),assetsReceived.buffalo-bills.0,assetsReceived.buffalo-bills.2
B_SUBSEQUENTLY_TRADED_MANUAL,src/data/nfl/trades.backup-before-landmark-patch-2026-07-01T14-58-09-096Z.json,4446,2015-2nd-round-pick-61st-overall-indianapolis-colts-2015,TB-2015-0233,,,Tampa Bay Buccaneers Win,Ali Marpet,tampa-bay-buccaneers,tampa-bay-buccaneers,"2015 2nd round pick (61st overall, Ali Marpet) and 2015 4th round pick (128th overall subsequently traded, Jon Feliciano)",Ali Marpet),assetsReceived.tampa-bay-buccaneers.3,assetsReceived.tampa-bay-buccaneers.1
B_SUBSEQUENTLY_TRADED_MANUAL,src/data/nfl/trades.backup-before-landmark-patch-2026-07-01T14-58-09-096Z.json,4488,2016-1st-round-pick-11th-overall-chicago-bears-2016,TB-2016-0235,,,Chicago Bears Win,Vernon Hargreaves,tampa-bay-buccaneers,tampa-bay-buccaneers,"2016 1st round pick (11th overall, Vernon Hargreaves) and 2016 4th round pick (106th overall subsequently traded, Eric Murray)",Vernon Hargreaves),assetsReceived.tampa-bay-buccaneers.3,assetsReceived.tampa-bay-buccaneers.1
B_SUBSEQUENTLY_TRADED_MANUAL,src/data/nfl/trades.backup-before-landmark-patch-2026-07-01T14-58-09-096Z.json,4562,2017-7th-round-pick-237th-overall-buccaneers-2017,MIA-2017-0273,,,Miami Dolphins Win,Isaiah Ford,miami-dolphins,miami-dolphins,"2017 7th round pick (237th overall, Isaiah Ford) and 2018 7th round pick (223rd overall subsequently traded, Jullian Taylor)",Isaiah Ford),assetsReceived.miami-dolphins.0,assetsReceived.miami-dolphins.2
B_SUBSEQUENTLY_TRADED_MANUAL,src/data/nfl/trades.backup-before-landmark-patch-2026-07-01T14-58-09-096Z.json,4648,2018-4th-round-pick-102nd-overall-jalyn-holmes-tampa-bay-buccaneers-2018,MIN-2018-0260,,,Tampa Bay Buccaneers Win,Jalyn Holmes,minnesota-vikings,minnesota-vikings,"2018 4th round pick (102nd overall, Jalyn Holmes) and 2018 6th round pick (180th overall subsequently traded, Folorunso Fatukasi)",Jalyn Holmes),assetsReceived.minnesota-vikings.0,assetsReceived.minnesota-vikings.2
B_SUBSEQUENTLY_TRADED_MANUAL,src/data/nfl/trades.backup-before-landmark-patch-2026-07-01T14-58-09-096Z.json,4827,2020-1st-round-pick-14th-overall-javon-kinlaw-tampa-bay-buccaneers-2020,SF-2020-0401,,,Tampa Bay Buccaneers Win,Javon Kinlaw,san-francisco-49ers,san-francisco-49ers,"2020 1st round pick (14th overall, Javon Kinlaw) and 2020 4th round pick (117th overall subsequently traded, D.J. Wonnum)",Javon Kinlaw),assetsReceived.san-francisco-49ers.0,assetsReceived.san-francisco-49ers.2
B_SUBSEQUENTLY_TRADED_MANUAL,src/data/nfl/trades.backup-before-landmark-patch-2026-07-01T14-58-09-096Z.json,4995,2022-1st-round-pick-27th-overall-tampa-bay-buccaneers-2022,JAX-2022-0089,,,Tampa Bay Buccaneers Win,Logan Hall,tampa-bay-buccaneers,tampa-bay-buccaneers,"2022 2nd round pick (33rd overall, Logan Hall), 2022 4th round pick (106th overall, Cade Otton), 2022 6th round pick (180th overall subsequently traded, Matt Araiza)",Logan Hall),assetsReceived.tampa-bay-buccaneers.0,assetsReceived.tampa-bay-buccaneers.2
B_SUBSEQUENTLY_TRADED_MANUAL,src/data/nfl/trades.backup-before-landmark-patch-2026-07-01T14-58-09-096Z.json,5019,2023-4th-round-pick-121st-overall-tampa-bay-buccaneers-2022,JAX-2022-0091,,,Jacksonville Jaguars Win,Zyon McCollum,tampa-bay-buccaneers,tampa-bay-buccaneers,"2022 5th round pick (157th overall, Zyon McCollum), 2022 7th round pick (235th overall subsequently traded, Daniel Hardy)",Zyon McCollum),assetsReceived.tampa-bay-buccaneers.0,assetsReceived.tampa-bay-buccaneers.2
B_SUBSEQUENTLY_TRADED_MANUAL,src/data/nfl/trades.backup-before-landmark-patch-2026-07-01T15-25-36-103Z.json,3368,1995-1st-round-pick-12th-overall-philadelphia-eagles-1995,TB-1995-0155,,,Tampa Bay Buccaneers Win,Warren Sapp,tampa-bay-buccaneers,tampa-bay-buccaneers,"1995 1st round pick (12th overall, Warren Sapp), 1995 2nd round pick (43rd overall, Melvin Johnson) and 1995 2nd round pick (63rd overall subsequently traded, Shane Hannah)",Warren Sapp),assetsReceived.tampa-bay-buccaneers.3,assetsReceived.tampa-bay-buccaneers.1
B_SUBSEQUENTLY_TRADED_MANUAL,src/data/nfl/trades.backup-before-landmark-patch-2026-07-01T15-25-36-103Z.json,3487,1998-1st-round-pick-23rd-overall-tampa-bay-buccaneers-1998,RAI-1998-0294,,,Oakland/Los Angeles/Las Vegas Raiders Win,Jacquez Green,tampa-bay-buccaneers,tampa-bay-buccaneers,"1998 2nd round pick (34th overall, Jacquez Green) and 1998 2nd round pick (59th overall subsequently traded, Mikhael Ricks)",Jacquez Green),assetsReceived.tampa-bay-buccaneers.0,assetsReceived.tampa-bay-buccaneers.2
B_SUBSEQUENTLY_TRADED_MANUAL,src/data/nfl/trades.backup-before-landmark-patch-2026-07-01T15-25-36-103Z.json,3638,2001-1st-round-pick-21st-overall-nate-clements-and-2001-2nd-round-pick-51st-over,BUF-2001-0252,,,Buffalo Bills Win,Nate Clements,buffalo-bills,buffalo-bills,"2001 1st round pick (21st overall, Nate Clements) and 2001 2nd round pick (51st overall subsequently traded, Paul Toviessi)",Nate Clements),assetsReceived.buffalo-bills.0,assetsReceived.buffalo-bills.2
B_SUBSEQUENTLY_TRADED_MANUAL,src/data/nfl/trades.backup-before-landmark-patch-2026-07-01T15-25-36-103Z.json,3832,keenan-mccardell-tampa-bay-buccaneers-2004,LAC-2004-0340,,,Los Angeles/San Diego Chargers Win,Chris Colmer,tampa-bay-buccaneers,tampa-bay-buccaneers,"2005 3rd round pick (91st overall, Chris Colmer) and 2005 6th round pick (203rd overall subsequently traded, Andrew Hoffman)",Chris Colmer),assetsReceived.tampa-bay-buccaneers.0,assetsReceived.tampa-bay-buccaneers.2
B_SUBSEQUENTLY_TRADED_MANUAL,src/data/nfl/trades.backup-before-landmark-patch-2026-07-01T15-25-36-103Z.json,4028,2008-2nd-round-pick-52nd-overall-tampa-bay-buccaneers-2008,JAX-2008-0039,,,Tampa Bay Buccaneers Win,Dexter Jackson,tampa-bay-buccaneers,tampa-bay-buccaneers,"2008 2nd round pick (58th overall, Dexter Jackson), 2008 5th round pick (158th overall subsequently traded, Kellen Davis), 2009 7th round pick (217th overall, E.J. Biggers)",Dexter Jackson),assetsReceived.tampa-bay-buccaneers.0,assetsReceived.tampa-bay-buccaneers.2
B_SUBSEQUENTLY_TRADED_MANUAL,src/data/nfl/trades.backup-before-landmark-patch-2026-07-01T15-25-36-103Z.json,4251,2011-4th-round-pick-104th-overall-philadelphia-eagles-2011,TB-2011-0215,,,Even Trade,Casey Matthews,philadelphia-eagles,philadelphia-eagles,"2011 4th round pick (116th overall, Casey Matthews) and 2012 4th round pick (99th overall subsequently traded, Ben Jones)",Casey Matthews),assetsReceived.philadelphia-eagles.3,assetsReceived.philadelphia-eagles.1
B_SUBSEQUENTLY_TRADED_MANUAL,src/data/nfl/trades.backup-before-landmark-patch-2026-07-01T15-25-36-103Z.json,4286,2012-2nd-round-pick-36th-overall-derek-wolfe-and-2012-4th-round-pick-101st-overall-omar-bo,DEN-2012-04-26-0326,,,Tampa Bay Buccaneers Win,Doug Martin,tampa-bay-buccaneers,tampa-bay-buccaneers,"2012 1st round pick (31st overall, Doug Martin) and 2012 4th round pick (126th overall subsequently traded, Jared Crick)",Doug Martin),assetsReceived.tampa-bay-buccaneers.0,assetsReceived.tampa-bay-buccaneers.2
B_SUBSEQUENTLY_TRADED_MANUAL,src/data/nfl/trades.backup-before-landmark-patch-2026-07-01T15-25-36-103Z.json,4287,2012-1st-round-pick-5th-overall-tampa-bay-buccaneers-2012,JAX-2012-0054,,,Tampa Bay Buccaneers Win,Mark Barron,tampa-bay-buccaneers,tampa-bay-buccaneers,"2012 1st round pick (7th overall, Mark Barron), 2012 4th round pick (101st overall subsequently traded, Omar Bolden)",Mark Barron),assetsReceived.tampa-bay-buccaneers.0,assetsReceived.tampa-bay-buccaneers.2
B_SUBSEQUENTLY_TRADED_MANUAL,src/data/nfl/trades.backup-before-landmark-patch-2026-07-01T15-25-36-103Z.json,4408,2014-7th-round-pick-221st-overall-randell-johnson-and-2015-5th-round-pick-137th,BUF-2014-0285,,,Buffalo Bills Win,Randell Johnson,buffalo-bills,buffalo-bills,"2014 7th round pick (221st overall, Randell Johnson) and 2015 5th round pick (137th overall subsequently traded, Grady Jarrett)",Randell Johnson),assetsReceived.buffalo-bills.0,assetsReceived.buffalo-bills.2
B_SUBSEQUENTLY_TRADED_MANUAL,src/data/nfl/trades.backup-before-landmark-patch-2026-07-01T15-25-36-103Z.json,4446,2015-2nd-round-pick-61st-overall-indianapolis-colts-2015,TB-2015-0233,,,Tampa Bay Buccaneers Win,Ali Marpet,tampa-bay-buccaneers,tampa-bay-buccaneers,"2015 2nd round pick (61st overall, Ali Marpet) and 2015 4th round pick (128th overall subsequently traded, Jon Feliciano)",Ali Marpet),assetsReceived.tampa-bay-buccaneers.3,assetsReceived.tampa-bay-buccaneers.1
B_SUBSEQUENTLY_TRADED_MANUAL,src/data/nfl/trades.backup-before-landmark-patch-2026-07-01T15-25-36-103Z.json,4488,2016-1st-round-pick-11th-overall-chicago-bears-2016,TB-2016-0235,,,Chicago Bears Win,Vernon Hargreaves,tampa-bay-buccaneers,tampa-bay-buccaneers,"2016 1st round pick (11th overall, Vernon Hargreaves) and 2016 4th round pick (106th overall subsequently traded, Eric Murray)",Vernon Hargreaves),assetsReceived.tampa-bay-buccaneers.3,assetsReceived.tampa-bay-buccaneers.1
B_SUBSEQUENTLY_TRADED_MANUAL,src/data/nfl/trades.backup-before-landmark-patch-2026-07-01T15-25-36-103Z.json,4562,2017-7th-round-pick-237th-overall-buccaneers-2017,MIA-2017-0273,,,Miami Dolphins Win,Isaiah Ford,miami-dolphins,miami-dolphins,"2017 7th round pick (237th overall, Isaiah Ford) and 2018 7th round pick (223rd overall subsequently traded, Jullian Taylor)",Isaiah Ford),assetsReceived.miami-dolphins.0,assetsReceived.miami-dolphins.2
B_SUBSEQUENTLY_TRADED_MANUAL,src/data/nfl/trades.backup-before-landmark-patch-2026-07-01T15-25-36-103Z.json,4648,2018-4th-round-pick-102nd-overall-jalyn-holmes-tampa-bay-buccaneers-2018,MIN-2018-0260,,,Tampa Bay Buccaneers Win,Jalyn Holmes,minnesota-vikings,minnesota-vikings,"2018 4th round pick (102nd overall, Jalyn Holmes) and 2018 6th round pick (180th overall subsequently traded, Folorunso Fatukasi)",Jalyn Holmes),assetsReceived.minnesota-vikings.0,assetsReceived.minnesota-vikings.2
B_SUBSEQUENTLY_TRADED_MANUAL,src/data/nfl/trades.backup-before-landmark-patch-2026-07-01T15-25-36-103Z.json,4827,2020-1st-round-pick-14th-overall-javon-kinlaw-tampa-bay-buccaneers-2020,SF-2020-0401,,,Tampa Bay Buccaneers Win,Javon Kinlaw,san-francisco-49ers,san-francisco-49ers,"2020 1st round pick (14th overall, Javon Kinlaw) and 2020 4th round pick (117th overall subsequently traded, D.J. Wonnum)",Javon Kinlaw),assetsReceived.san-francisco-49ers.0,assetsReceived.san-francisco-49ers.2
B_SUBSEQUENTLY_TRADED_MANUAL,src/data/nfl/trades.backup-before-landmark-patch-2026-07-01T15-25-36-103Z.json,4995,2022-1st-round-pick-27th-overall-tampa-bay-buccaneers-2022,JAX-2022-0089,,,Tampa Bay Buccaneers Win,Logan Hall,tampa-bay-buccaneers,tampa-bay-buccaneers,"2022 2nd round pick (33rd overall, Logan Hall), 2022 4th round pick (106th overall, Cade Otton), 2022 6th round pick (180th overall subsequently traded, Matt Araiza)",Logan Hall),assetsReceived.tampa-bay-buccaneers.0,assetsReceived.tampa-bay-buccaneers.2
B_SUBSEQUENTLY_TRADED_MANUAL,src/data/nfl/trades.backup-before-landmark-patch-2026-07-01T15-25-36-103Z.json,5019,2023-4th-round-pick-121st-overall-tampa-bay-buccaneers-2022,JAX-2022-0091,,,Jacksonville Jaguars Win,Zyon McCollum,tampa-bay-buccaneers,tampa-bay-buccaneers,"2022 5th round pick (157th overall, Zyon McCollum), 2022 7th round pick (235th overall subsequently traded, Daniel Hardy)",Zyon McCollum),assetsReceived.tampa-bay-buccaneers.0,assetsReceived.tampa-bay-buccaneers.2
B_SUBSEQUENTLY_TRADED_MANUAL,src/data/nfl/trades.backup-before-landmark-patch-2026-07-01T15-28-25-314Z.json,3368,1995-1st-round-pick-12th-overall-philadelphia-eagles-1995,TB-1995-0155,,,Tampa Bay Buccaneers Win,Warren Sapp,tampa-bay-buccaneers,tampa-bay-buccaneers,"1995 1st round pick (12th overall, Warren Sapp), 1995 2nd round pick (43rd overall, Melvin Johnson) and 1995 2nd round pick (63rd overall subsequently traded, Shane Hannah)",Warren Sapp),assetsReceived.tampa-bay-buccaneers.3,assetsReceived.tampa-bay-buccaneers.1
B_SUBSEQUENTLY_TRADED_MANUAL,src/data/nfl/trades.backup-before-landmark-patch-2026-07-01T15-28-25-314Z.json,3487,1998-1st-round-pick-23rd-overall-tampa-bay-buccaneers-1998,RAI-1998-0294,,,Oakland/Los Angeles/Las Vegas Raiders Win,Jacquez Green,tampa-bay-buccaneers,tampa-bay-buccaneers,"1998 2nd round pick (34th overall, Jacquez Green) and 1998 2nd round pick (59th overall subsequently traded, Mikhael Ricks)",Jacquez Green),assetsReceived.tampa-bay-buccaneers.0,assetsReceived.tampa-bay-buccaneers.2
B_SUBSEQUENTLY_TRADED_MANUAL,src/data/nfl/trades.backup-before-landmark-patch-2026-07-01T15-28-25-314Z.json,3638,2001-1st-round-pick-21st-overall-nate-clements-and-2001-2nd-round-pick-51st-over,BUF-2001-0252,,,Buffalo Bills Win,Nate Clements,buffalo-bills,buffalo-bills,"2001 1st round pick (21st overall, Nate Clements) and 2001 2nd round pick (51st overall subsequently traded, Paul Toviessi)",Nate Clements),assetsReceived.buffalo-bills.0,assetsReceived.buffalo-bills.2
B_SUBSEQUENTLY_TRADED_MANUAL,src/data/nfl/trades.backup-before-landmark-patch-2026-07-01T15-28-25-314Z.json,3832,keenan-mccardell-tampa-bay-buccaneers-2004,LAC-2004-0340,,,Los Angeles/San Diego Chargers Win,Chris Colmer,tampa-bay-buccaneers,tampa-bay-buccaneers,"2005 3rd round pick (91st overall, Chris Colmer) and 2005 6th round pick (203rd overall subsequently traded, Andrew Hoffman)",Chris Colmer),assetsReceived.tampa-bay-buccaneers.0,assetsReceived.tampa-bay-buccaneers.2
B_SUBSEQUENTLY_TRADED_MANUAL,src/data/nfl/trades.backup-before-landmark-patch-2026-07-01T15-28-25-314Z.json,4028,2008-2nd-round-pick-52nd-overall-tampa-bay-buccaneers-2008,JAX-2008-0039,,,Tampa Bay Buccaneers Win,Dexter Jackson,tampa-bay-buccaneers,tampa-bay-buccaneers,"2008 2nd round pick (58th overall, Dexter Jackson), 2008 5th round pick (158th overall subsequently traded, Kellen Davis), 2009 7th round pick (217th overall, E.J. Biggers)",Dexter Jackson),assetsReceived.tampa-bay-buccaneers.0,assetsReceived.tampa-bay-buccaneers.2
B_SUBSEQUENTLY_TRADED_MANUAL,src/data/nfl/trades.backup-before-landmark-patch-2026-07-01T15-28-25-314Z.json,4251,2011-4th-round-pick-104th-overall-philadelphia-eagles-2011,TB-2011-0215,,,Even Trade,Casey Matthews,philadelphia-eagles,philadelphia-eagles,"2011 4th round pick (116th overall, Casey Matthews) and 2012 4th round pick (99th overall subsequently traded, Ben Jones)",Casey Matthews),assetsReceived.philadelphia-eagles.3,assetsReceived.philadelphia-eagles.1
B_SUBSEQUENTLY_TRADED_MANUAL,src/data/nfl/trades.backup-before-landmark-patch-2026-07-01T15-28-25-314Z.json,4286,2012-2nd-round-pick-36th-overall-derek-wolfe-and-2012-4th-round-pick-101st-overall-omar-bo,DEN-2012-04-26-0326,,,Tampa Bay Buccaneers Win,Doug Martin,tampa-bay-buccaneers,tampa-bay-buccaneers,"2012 1st round pick (31st overall, Doug Martin) and 2012 4th round pick (126th overall subsequently traded, Jared Crick)",Doug Martin),assetsReceived.tampa-bay-buccaneers.0,assetsReceived.tampa-bay-buccaneers.2
B_SUBSEQUENTLY_TRADED_MANUAL,src/data/nfl/trades.backup-before-landmark-patch-2026-07-01T15-28-25-314Z.json,4287,2012-1st-round-pick-5th-overall-tampa-bay-buccaneers-2012,JAX-2012-0054,,,Tampa Bay Buccaneers Win,Mark Barron,tampa-bay-buccaneers,tampa-bay-buccaneers,"2012 1st round pick (7th overall, Mark Barron), 2012 4th round pick (101st overall subsequently traded, Omar Bolden)",Mark Barron),assetsReceived.tampa-bay-buccaneers.0,assetsReceived.tampa-bay-buccaneers.2
B_SUBSEQUENTLY_TRADED_MANUAL,src/data/nfl/trades.backup-before-landmark-patch-2026-07-01T15-28-25-314Z.json,4408,2014-7th-round-pick-221st-overall-randell-johnson-and-2015-5th-round-pick-137th,BUF-2014-0285,,,Buffalo Bills Win,Randell Johnson,buffalo-bills,buffalo-bills,"2014 7th round pick (221st overall, Randell Johnson) and 2015 5th round pick (137th overall subsequently traded, Grady Jarrett)",Randell Johnson),assetsReceived.buffalo-bills.0,assetsReceived.buffalo-bills.2
B_SUBSEQUENTLY_TRADED_MANUAL,src/data/nfl/trades.backup-before-landmark-patch-2026-07-01T15-28-25-314Z.json,4446,2015-2nd-round-pick-61st-overall-indianapolis-colts-2015,TB-2015-0233,,,Tampa Bay Buccaneers Win,Ali Marpet,tampa-bay-buccaneers,tampa-bay-buccaneers,"2015 2nd round pick (61st overall, Ali Marpet) and 2015 4th round pick (128th overall subsequently traded, Jon Feliciano)",Ali Marpet),assetsReceived.tampa-bay-buccaneers.3,assetsReceived.tampa-bay-buccaneers.1
B_SUBSEQUENTLY_TRADED_MANUAL,src/data/nfl/trades.backup-before-landmark-patch-2026-07-01T15-28-25-314Z.json,4488,2016-1st-round-pick-11th-overall-chicago-bears-2016,TB-2016-0235,,,Chicago Bears Win,Vernon Hargreaves,tampa-bay-buccaneers,tampa-bay-buccaneers,"2016 1st round pick (11th overall, Vernon Hargreaves) and 2016 4th round pick (106th overall subsequently traded, Eric Murray)",Vernon Hargreaves),assetsReceived.tampa-bay-buccaneers.3,assetsReceived.tampa-bay-buccaneers.1
B_SUBSEQUENTLY_TRADED_MANUAL,src/data/nfl/trades.backup-before-landmark-patch-2026-07-01T15-28-25-314Z.json,4562,2017-7th-round-pick-237th-overall-buccaneers-2017,MIA-2017-0273,,,Miami Dolphins Win,Isaiah Ford,miami-dolphins,miami-dolphins,"2017 7th round pick (237th overall, Isaiah Ford) and 2018 7th round pick (223rd overall subsequently traded, Jullian Taylor)",Isaiah Ford),assetsReceived.miami-dolphins.0,assetsReceived.miami-dolphins.2
B_SUBSEQUENTLY_TRADED_MANUAL,src/data/nfl/trades.backup-before-landmark-patch-2026-07-01T15-28-25-314Z.json,4648,2018-4th-round-pick-102nd-overall-jalyn-holmes-tampa-bay-buccaneers-2018,MIN-2018-0260,,,Tampa Bay Buccaneers Win,Jalyn Holmes,minnesota-vikings,minnesota-vikings,"2018 4th round pick (102nd overall, Jalyn Holmes) and 2018 6th round pick (180th overall subsequently traded, Folorunso Fatukasi)",Jalyn Holmes),assetsReceived.minnesota-vikings.0,assetsReceived.minnesota-vikings.2
B_SUBSEQUENTLY_TRADED_MANUAL,src/data/nfl/trades.backup-before-landmark-patch-2026-07-01T15-28-25-314Z.json,4827,2020-1st-round-pick-14th-overall-javon-kinlaw-tampa-bay-buccaneers-2020,SF-2020-0401,,,Tampa Bay Buccaneers Win,Javon Kinlaw,san-francisco-49ers,san-francisco-49ers,"2020 1st round pick (14th overall, Javon Kinlaw) and 2020 4th round pick (117th overall subsequently traded, D.J. Wonnum)",Javon Kinlaw),assetsReceived.san-francisco-49ers.0,assetsReceived.san-francisco-49ers.2
B_SUBSEQUENTLY_TRADED_MANUAL,src/data/nfl/trades.backup-before-landmark-patch-2026-07-01T15-28-25-314Z.json,4995,2022-1st-round-pick-27th-overall-tampa-bay-buccaneers-2022,JAX-2022-0089,,,Tampa Bay Buccaneers Win,Logan Hall,tampa-bay-buccaneers,tampa-bay-buccaneers,"2022 2nd round pick (33rd overall, Logan Hall), 2022 4th round pick (106th overall, Cade Otton), 2022 6th round pick (180th overall subsequently traded, Matt Araiza)",Logan Hall),assetsReceived.tampa-bay-buccaneers.0,assetsReceived.tampa-bay-buccaneers.2
B_SUBSEQUENTLY_TRADED_MANUAL,src/data/nfl/trades.backup-before-landmark-patch-2026-07-01T15-28-25-314Z.json,5019,2023-4th-round-pick-121st-overall-tampa-bay-buccaneers-2022,JAX-2022-0091,,,Jacksonville Jaguars Win,Zyon McCollum,tampa-bay-buccaneers,tampa-bay-buccaneers,"2022 5th round pick (157th overall, Zyon McCollum), 2022 7th round pick (235th overall subsequently traded, Daniel Hardy)",Zyon McCollum),assetsReceived.tampa-bay-buccaneers.0,assetsReceived.tampa-bay-buccaneers.2
B_SUBSEQUENTLY_TRADED_MANUAL,src/data/nfl/trades.backup-before-landmark-patch-2026-07-01T15-31-17-405Z.json,3368,1995-1st-round-pick-12th-overall-philadelphia-eagles-1995,TB-1995-0155,,,Tampa Bay Buccaneers Win,Warren Sapp,tampa-bay-buccaneers,tampa-bay-buccaneers,"1995 1st round pick (12th overall, Warren Sapp), 1995 2nd round pick (43rd overall, Melvin Johnson) and 1995 2nd round pick (63rd overall subsequently traded, Shane Hannah)",Warren Sapp),assetsReceived.tampa-bay-buccaneers.3,assetsReceived.tampa-bay-buccaneers.1
B_SUBSEQUENTLY_TRADED_MANUAL,src/data/nfl/trades.backup-before-landmark-patch-2026-07-01T15-31-17-405Z.json,3487,1998-1st-round-pick-23rd-overall-tampa-bay-buccaneers-1998,RAI-1998-0294,,,Oakland/Los Angeles/Las Vegas Raiders Win,Jacquez Green,tampa-bay-buccaneers,tampa-bay-buccaneers,"1998 2nd round pick (34th overall, Jacquez Green) and 1998 2nd round pick (59th overall subsequently traded, Mikhael Ricks)",Jacquez Green),assetsReceived.tampa-bay-buccaneers.0,assetsReceived.tampa-bay-buccaneers.2
B_SUBSEQUENTLY_TRADED_MANUAL,src/data/nfl/trades.backup-before-landmark-patch-2026-07-01T15-31-17-405Z.json,3638,2001-1st-round-pick-21st-overall-nate-clements-and-2001-2nd-round-pick-51st-over,BUF-2001-0252,,,Buffalo Bills Win,Nate Clements,buffalo-bills,buffalo-bills,"2001 1st round pick (21st overall, Nate Clements) and 2001 2nd round pick (51st overall subsequently traded, Paul Toviessi)",Nate Clements),assetsReceived.buffalo-bills.0,assetsReceived.buffalo-bills.2
B_SUBSEQUENTLY_TRADED_MANUAL,src/data/nfl/trades.backup-before-landmark-patch-2026-07-01T15-31-17-405Z.json,3832,keenan-mccardell-tampa-bay-buccaneers-2004,LAC-2004-0340,,,Los Angeles/San Diego Chargers Win,Chris Colmer,tampa-bay-buccaneers,tampa-bay-buccaneers,"2005 3rd round pick (91st overall, Chris Colmer) and 2005 6th round pick (203rd overall subsequently traded, Andrew Hoffman)",Chris Colmer),assetsReceived.tampa-bay-buccaneers.0,assetsReceived.tampa-bay-buccaneers.2
B_SUBSEQUENTLY_TRADED_MANUAL,src/data/nfl/trades.backup-before-landmark-patch-2026-07-01T15-31-17-405Z.json,4028,2008-2nd-round-pick-52nd-overall-tampa-bay-buccaneers-2008,JAX-2008-0039,,,Tampa Bay Buccaneers Win,Dexter Jackson,tampa-bay-buccaneers,tampa-bay-buccaneers,"2008 2nd round pick (58th overall, Dexter Jackson), 2008 5th round pick (158th overall subsequently traded, Kellen Davis), 2009 7th round pick (217th overall, E.J. Biggers)",Dexter Jackson),assetsReceived.tampa-bay-buccaneers.0,assetsReceived.tampa-bay-buccaneers.2
B_SUBSEQUENTLY_TRADED_MANUAL,src/data/nfl/trades.backup-before-landmark-patch-2026-07-01T15-31-17-405Z.json,4251,2011-4th-round-pick-104th-overall-philadelphia-eagles-2011,TB-2011-0215,,,Even Trade,Casey Matthews,philadelphia-eagles,philadelphia-eagles,"2011 4th round pick (116th overall, Casey Matthews) and 2012 4th round pick (99th overall subsequently traded, Ben Jones)",Casey Matthews),assetsReceived.philadelphia-eagles.3,assetsReceived.philadelphia-eagles.1
B_SUBSEQUENTLY_TRADED_MANUAL,src/data/nfl/trades.backup-before-landmark-patch-2026-07-01T15-31-17-405Z.json,4286,2012-2nd-round-pick-36th-overall-derek-wolfe-and-2012-4th-round-pick-101st-overall-omar-bo,DEN-2012-04-26-0326,,,Tampa Bay Buccaneers Win,Doug Martin,tampa-bay-buccaneers,tampa-bay-buccaneers,"2012 1st round pick (31st overall, Doug Martin) and 2012 4th round pick (126th overall subsequently traded, Jared Crick)",Doug Martin),assetsReceived.tampa-bay-buccaneers.0,assetsReceived.tampa-bay-buccaneers.2
B_SUBSEQUENTLY_TRADED_MANUAL,src/data/nfl/trades.backup-before-landmark-patch-2026-07-01T15-31-17-405Z.json,4287,2012-1st-round-pick-5th-overall-tampa-bay-buccaneers-2012,JAX-2012-0054,,,Tampa Bay Buccaneers Win,Mark Barron,tampa-bay-buccaneers,tampa-bay-buccaneers,"2012 1st round pick (7th overall, Mark Barron), 2012 4th round pick (101st overall subsequently traded, Omar Bolden)",Mark Barron),assetsReceived.tampa-bay-buccaneers.0,assetsReceived.tampa-bay-buccaneers.2
B_SUBSEQUENTLY_TRADED_MANUAL,src/data/nfl/trades.backup-before-landmark-patch-2026-07-01T15-31-17-405Z.json,4408,2014-7th-round-pick-221st-overall-randell-johnson-and-2015-5th-round-pick-137th,BUF-2014-0285,,,Buffalo Bills Win,Randell Johnson,buffalo-bills,buffalo-bills,"2014 7th round pick (221st overall, Randell Johnson) and 2015 5th round pick (137th overall subsequently traded, Grady Jarrett)",Randell Johnson),assetsReceived.buffalo-bills.0,assetsReceived.buffalo-bills.2
B_SUBSEQUENTLY_TRADED_MANUAL,src/data/nfl/trades.backup-before-landmark-patch-2026-07-01T15-31-17-405Z.json,4446,2015-2nd-round-pick-61st-overall-indianapolis-colts-2015,TB-2015-0233,,,Tampa Bay Buccaneers Win,Ali Marpet,tampa-bay-buccaneers,tampa-bay-buccaneers,"2015 2nd round pick (61st overall, Ali Marpet) and 2015 4th round pick (128th overall subsequently traded, Jon Feliciano)",Ali Marpet),assetsReceived.tampa-bay-buccaneers.3,assetsReceived.tampa-bay-buccaneers.1
B_SUBSEQUENTLY_TRADED_MANUAL,src/data/nfl/trades.backup-before-landmark-patch-2026-07-01T15-31-17-405Z.json,4488,2016-1st-round-pick-11th-overall-chicago-bears-2016,TB-2016-0235,,,Chicago Bears Win,Vernon Hargreaves,tampa-bay-buccaneers,tampa-bay-buccaneers,"2016 1st round pick (11th overall, Vernon Hargreaves) and 2016 4th round pick (106th overall subsequently traded, Eric Murray)",Vernon Hargreaves),assetsReceived.tampa-bay-buccaneers.3,assetsReceived.tampa-bay-buccaneers.1
B_SUBSEQUENTLY_TRADED_MANUAL,src/data/nfl/trades.backup-before-landmark-patch-2026-07-01T15-31-17-405Z.json,4562,2017-7th-round-pick-237th-overall-buccaneers-2017,MIA-2017-0273,,,Miami Dolphins Win,Isaiah Ford,miami-dolphins,miami-dolphins,"2017 7th round pick (237th overall, Isaiah Ford) and 2018 7th round pick (223rd overall subsequently traded, Jullian Taylor)",Isaiah Ford),assetsReceived.miami-dolphins.0,assetsReceived.miami-dolphins.2
B_SUBSEQUENTLY_TRADED_MANUAL,src/data/nfl/trades.backup-before-landmark-patch-2026-07-01T15-31-17-405Z.json,4648,2018-4th-round-pick-102nd-overall-jalyn-holmes-tampa-bay-buccaneers-2018,MIN-2018-0260,,,Tampa Bay Buccaneers Win,Jalyn Holmes,minnesota-vikings,minnesota-vikings,"2018 4th round pick (102nd overall, Jalyn Holmes) and 2018 6th round pick (180th overall subsequently traded, Folorunso Fatukasi)",Jalyn Holmes),assetsReceived.minnesota-vikings.0,assetsReceived.minnesota-vikings.2
B_SUBSEQUENTLY_TRADED_MANUAL,src/data/nfl/trades.backup-before-landmark-patch-2026-07-01T15-31-17-405Z.json,4827,2020-1st-round-pick-14th-overall-javon-kinlaw-tampa-bay-buccaneers-2020,SF-2020-0401,,,Tampa Bay Buccaneers Win,Javon Kinlaw,san-francisco-49ers,san-francisco-49ers,"2020 1st round pick (14th overall, Javon Kinlaw) and 2020 4th round pick (117th overall subsequently traded, D.J. Wonnum)",Javon Kinlaw),assetsReceived.san-francisco-49ers.0,assetsReceived.san-francisco-49ers.2
B_SUBSEQUENTLY_TRADED_MANUAL,src/data/nfl/trades.backup-before-landmark-patch-2026-07-01T15-31-17-405Z.json,4995,2022-1st-round-pick-27th-overall-tampa-bay-buccaneers-2022,JAX-2022-0089,,,Tampa Bay Buccaneers Win,Logan Hall,tampa-bay-buccaneers,tampa-bay-buccaneers,"2022 2nd round pick (33rd overall, Logan Hall), 2022 4th round pick (106th overall, Cade Otton), 2022 6th round pick (180th overall subsequently traded, Matt Araiza)",Logan Hall),assetsReceived.tampa-bay-buccaneers.0,assetsReceived.tampa-bay-buccaneers.2
B_SUBSEQUENTLY_TRADED_MANUAL,src/data/nfl/trades.backup-before-landmark-patch-2026-07-01T15-31-17-405Z.json,5019,2023-4th-round-pick-121st-overall-tampa-bay-buccaneers-2022,JAX-2022-0091,,,Jacksonville Jaguars Win,Zyon McCollum,tampa-bay-buccaneers,tampa-bay-buccaneers,"2022 5th round pick (157th overall, Zyon McCollum), 2022 7th round pick (235th overall subsequently traded, Daniel Hardy)",Zyon McCollum),assetsReceived.tampa-bay-buccaneers.0,assetsReceived.tampa-bay-buccaneers.2
B_SUBSEQUENTLY_TRADED_MANUAL,src/data/nfl/trades.backup-before-landmark-patch-2026-07-01T15-36-27-037Z.json,3368,1995-1st-round-pick-12th-overall-philadelphia-eagles-1995,TB-1995-0155,,,Tampa Bay Buccaneers Win,Warren Sapp,tampa-bay-buccaneers,tampa-bay-buccaneers,"1995 1st round pick (12th overall, Warren Sapp), 1995 2nd round pick (43rd overall, Melvin Johnson) and 1995 2nd round pick (63rd overall subsequently traded, Shane Hannah)",Warren Sapp),assetsReceived.tampa-bay-buccaneers.3,assetsReceived.tampa-bay-buccaneers.1
B_SUBSEQUENTLY_TRADED_MANUAL,src/data/nfl/trades.backup-before-landmark-patch-2026-07-01T15-36-27-037Z.json,3487,1998-1st-round-pick-23rd-overall-tampa-bay-buccaneers-1998,RAI-1998-0294,,,Oakland/Los Angeles/Las Vegas Raiders Win,Jacquez Green,tampa-bay-buccaneers,tampa-bay-buccaneers,"1998 2nd round pick (34th overall, Jacquez Green) and 1998 2nd round pick (59th overall subsequently traded, Mikhael Ricks)",Jacquez Green),assetsReceived.tampa-bay-buccaneers.0,assetsReceived.tampa-bay-buccaneers.2
B_SUBSEQUENTLY_TRADED_MANUAL,src/data/nfl/trades.backup-before-landmark-patch-2026-07-01T15-36-27-037Z.json,3638,2001-1st-round-pick-21st-overall-nate-clements-and-2001-2nd-round-pick-51st-over,BUF-2001-0252,,,Buffalo Bills Win,Nate Clements,buffalo-bills,buffalo-bills,"2001 1st round pick (21st overall, Nate Clements) and 2001 2nd round pick (51st overall subsequently traded, Paul Toviessi)",Nate Clements),assetsReceived.buffalo-bills.0,assetsReceived.buffalo-bills.2
B_SUBSEQUENTLY_TRADED_MANUAL,src/data/nfl/trades.backup-before-landmark-patch-2026-07-01T15-36-27-037Z.json,3832,keenan-mccardell-tampa-bay-buccaneers-2004,LAC-2004-0340,,,Los Angeles/San Diego Chargers Win,Chris Colmer,tampa-bay-buccaneers,tampa-bay-buccaneers,"2005 3rd round pick (91st overall, Chris Colmer) and 2005 6th round pick (203rd overall subsequently traded, Andrew Hoffman)",Chris Colmer),assetsReceived.tampa-bay-buccaneers.0,assetsReceived.tampa-bay-buccaneers.2
B_SUBSEQUENTLY_TRADED_MANUAL,src/data/nfl/trades.backup-before-landmark-patch-2026-07-01T15-36-27-037Z.json,4028,2008-2nd-round-pick-52nd-overall-tampa-bay-buccaneers-2008,JAX-2008-0039,,,Tampa Bay Buccaneers Win,Dexter Jackson,tampa-bay-buccaneers,tampa-bay-buccaneers,"2008 2nd round pick (58th overall, Dexter Jackson), 2008 5th round pick (158th overall subsequently traded, Kellen Davis), 2009 7th round pick (217th overall, E.J. Biggers)",Dexter Jackson),assetsReceived.tampa-bay-buccaneers.0,assetsReceived.tampa-bay-buccaneers.2
B_SUBSEQUENTLY_TRADED_MANUAL,src/data/nfl/trades.backup-before-landmark-patch-2026-07-01T15-36-27-037Z.json,4251,2011-4th-round-pick-104th-overall-philadelphia-eagles-2011,TB-2011-0215,,,Even Trade,Casey Matthews,philadelphia-eagles,philadelphia-eagles,"2011 4th round pick (116th overall, Casey Matthews) and 2012 4th round pick (99th overall subsequently traded, Ben Jones)",Casey Matthews),assetsReceived.philadelphia-eagles.3,assetsReceived.philadelphia-eagles.1
B_SUBSEQUENTLY_TRADED_MANUAL,src/data/nfl/trades.backup-before-landmark-patch-2026-07-01T15-36-27-037Z.json,4286,2012-2nd-round-pick-36th-overall-derek-wolfe-and-2012-4th-round-pick-101st-overall-omar-bo,DEN-2012-04-26-0326,,,Tampa Bay Buccaneers Win,Doug Martin,tampa-bay-buccaneers,tampa-bay-buccaneers,"2012 1st round pick (31st overall, Doug Martin) and 2012 4th round pick (126th overall subsequently traded, Jared Crick)",Doug Martin),assetsReceived.tampa-bay-buccaneers.0,assetsReceived.tampa-bay-buccaneers.2
B_SUBSEQUENTLY_TRADED_MANUAL,src/data/nfl/trades.backup-before-landmark-patch-2026-07-01T15-36-27-037Z.json,4287,2012-1st-round-pick-5th-overall-tampa-bay-buccaneers-2012,JAX-2012-0054,,,Tampa Bay Buccaneers Win,Mark Barron,tampa-bay-buccaneers,tampa-bay-buccaneers,"2012 1st round pick (7th overall, Mark Barron), 2012 4th round pick (101st overall subsequently traded, Omar Bolden)",Mark Barron),assetsReceived.tampa-bay-buccaneers.0,assetsReceived.tampa-bay-buccaneers.2
B_SUBSEQUENTLY_TRADED_MANUAL,src/data/nfl/trades.backup-before-landmark-patch-2026-07-01T15-36-27-037Z.json,4408,2014-7th-round-pick-221st-overall-randell-johnson-and-2015-5th-round-pick-137th,BUF-2014-0285,,,Buffalo Bills Win,Randell Johnson,buffalo-bills,buffalo-bills,"2014 7th round pick (221st overall, Randell Johnson) and 2015 5th round pick (137th overall subsequently traded, Grady Jarrett)",Randell Johnson),assetsReceived.buffalo-bills.0,assetsReceived.buffalo-bills.2
B_SUBSEQUENTLY_TRADED_MANUAL,src/data/nfl/trades.backup-before-landmark-patch-2026-07-01T15-36-27-037Z.json,4446,2015-2nd-round-pick-61st-overall-indianapolis-colts-2015,TB-2015-0233,,,Tampa Bay Buccaneers Win,Ali Marpet,tampa-bay-buccaneers,tampa-bay-buccaneers,"2015 2nd round pick (61st overall, Ali Marpet) and 2015 4th round pick (128th overall subsequently traded, Jon Feliciano)",Ali Marpet),assetsReceived.tampa-bay-buccaneers.3,assetsReceived.tampa-bay-buccaneers.1
B_SUBSEQUENTLY_TRADED_MANUAL,src/data/nfl/trades.backup-before-landmark-patch-2026-07-01T15-36-27-037Z.json,4488,2016-1st-round-pick-11th-overall-chicago-bears-2016,TB-2016-0235,,,Chicago Bears Win,Vernon Hargreaves,tampa-bay-buccaneers,tampa-bay-buccaneers,"2016 1st round pick (11th overall, Vernon Hargreaves) and 2016 4th round pick (106th overall subsequently traded, Eric Murray)",Vernon Hargreaves),assetsReceived.tampa-bay-buccaneers.3,assetsReceived.tampa-bay-buccaneers.1
B_SUBSEQUENTLY_TRADED_MANUAL,src/data/nfl/trades.backup-before-landmark-patch-2026-07-01T15-36-27-037Z.json,4562,2017-7th-round-pick-237th-overall-buccaneers-2017,MIA-2017-0273,,,Miami Dolphins Win,Isaiah Ford,miami-dolphins,miami-dolphins,"2017 7th round pick (237th overall, Isaiah Ford) and 2018 7th round pick (223rd overall subsequently traded, Jullian Taylor)",Isaiah Ford),assetsReceived.miami-dolphins.0,assetsReceived.miami-dolphins.2
B_SUBSEQUENTLY_TRADED_MANUAL,src/data/nfl/trades.backup-before-landmark-patch-2026-07-01T15-36-27-037Z.json,4648,2018-4th-round-pick-102nd-overall-jalyn-holmes-tampa-bay-buccaneers-2018,MIN-2018-0260,,,Tampa Bay Buccaneers Win,Jalyn Holmes,minnesota-vikings,minnesota-vikings,"2018 4th round pick (102nd overall, Jalyn Holmes) and 2018 6th round pick (180th overall subsequently traded, Folorunso Fatukasi)",Jalyn Holmes),assetsReceived.minnesota-vikings.0,assetsReceived.minnesota-vikings.2
B_SUBSEQUENTLY_TRADED_MANUAL,src/data/nfl/trades.backup-before-landmark-patch-2026-07-01T15-36-27-037Z.json,4827,2020-1st-round-pick-14th-overall-javon-kinlaw-tampa-bay-buccaneers-2020,SF-2020-0401,,,Tampa Bay Buccaneers Win,Javon Kinlaw,san-francisco-49ers,san-francisco-49ers,"2020 1st round pick (14th overall, Javon Kinlaw) and 2020 4th round pick (117th overall subsequently traded, D.J. Wonnum)",Javon Kinlaw),assetsReceived.san-francisco-49ers.0,assetsReceived.san-francisco-49ers.2
B_SUBSEQUENTLY_TRADED_MANUAL,src/data/nfl/trades.backup-before-landmark-patch-2026-07-01T15-36-27-037Z.json,4995,2022-1st-round-pick-27th-overall-tampa-bay-buccaneers-2022,JAX-2022-0089,,,Tampa Bay Buccaneers Win,Logan Hall,tampa-bay-buccaneers,tampa-bay-buccaneers,"2022 2nd round pick (33rd overall, Logan Hall), 2022 4th round pick (106th overall, Cade Otton), 2022 6th round pick (180th overall subsequently traded, Matt Araiza)",Logan Hall),assetsReceived.tampa-bay-buccaneers.0,assetsReceived.tampa-bay-buccaneers.2
B_SUBSEQUENTLY_TRADED_MANUAL,src/data/nfl/trades.backup-before-landmark-patch-2026-07-01T15-36-27-037Z.json,5019,2023-4th-round-pick-121st-overall-tampa-bay-buccaneers-2022,JAX-2022-0091,,,Jacksonville Jaguars Win,Zyon McCollum,tampa-bay-buccaneers,tampa-bay-buccaneers,"2022 5th round pick (157th overall, Zyon McCollum), 2022 7th round pick (235th overall subsequently traded, Daniel Hardy)",Zyon McCollum),assetsReceived.tampa-bay-buccaneers.0,assetsReceived.tampa-bay-buccaneers.2
B_SUBSEQUENTLY_TRADED_MANUAL,src/data/nfl/trades.backup-before-landmark-patch-2026-07-01T15-41-47-548Z.json,3368,1995-1st-round-pick-12th-overall-philadelphia-eagles-1995,TB-1995-0155,,,Tampa Bay Buccaneers Win,Warren Sapp,tampa-bay-buccaneers,tampa-bay-buccaneers,"1995 1st round pick (12th overall, Warren Sapp), 1995 2nd round pick (43rd overall, Melvin Johnson) and 1995 2nd round pick (63rd overall subsequently traded, Shane Hannah)",Warren Sapp),assetsReceived.tampa-bay-buccaneers.3,assetsReceived.tampa-bay-buccaneers.1
B_SUBSEQUENTLY_TRADED_MANUAL,src/data/nfl/trades.backup-before-landmark-patch-2026-07-01T15-41-47-548Z.json,3487,1998-1st-round-pick-23rd-overall-tampa-bay-buccaneers-1998,RAI-1998-0294,,,Oakland/Los Angeles/Las Vegas Raiders Win,Jacquez Green,tampa-bay-buccaneers,tampa-bay-buccaneers,"1998 2nd round pick (34th overall, Jacquez Green) and 1998 2nd round pick (59th overall subsequently traded, Mikhael Ricks)",Jacquez Green),assetsReceived.tampa-bay-buccaneers.0,assetsReceived.tampa-bay-buccaneers.2
B_SUBSEQUENTLY_TRADED_MANUAL,src/data/nfl/trades.backup-before-landmark-patch-2026-07-01T15-41-47-548Z.json,3638,2001-1st-round-pick-21st-overall-nate-clements-and-2001-2nd-round-pick-51st-over,BUF-2001-0252,,,Buffalo Bills Win,Nate Clements,buffalo-bills,buffalo-bills,"2001 1st round pick (21st overall, Nate Clements) and 2001 2nd round pick (51st overall subsequently traded, Paul Toviessi)",Nate Clements),assetsReceived.buffalo-bills.0,assetsReceived.buffalo-bills.2
B_SUBSEQUENTLY_TRADED_MANUAL,src/data/nfl/trades.backup-before-landmark-patch-2026-07-01T15-41-47-548Z.json,3832,keenan-mccardell-tampa-bay-buccaneers-2004,LAC-2004-0340,,,Los Angeles/San Diego Chargers Win,Chris Colmer,tampa-bay-buccaneers,tampa-bay-buccaneers,"2005 3rd round pick (91st overall, Chris Colmer) and 2005 6th round pick (203rd overall subsequently traded, Andrew Hoffman)",Chris Colmer),assetsReceived.tampa-bay-buccaneers.0,assetsReceived.tampa-bay-buccaneers.2
B_SUBSEQUENTLY_TRADED_MANUAL,src/data/nfl/trades.backup-before-landmark-patch-2026-07-01T15-41-47-548Z.json,4028,2008-2nd-round-pick-52nd-overall-tampa-bay-buccaneers-2008,JAX-2008-0039,,,Tampa Bay Buccaneers Win,Dexter Jackson,tampa-bay-buccaneers,tampa-bay-buccaneers,"2008 2nd round pick (58th overall, Dexter Jackson), 2008 5th round pick (158th overall subsequently traded, Kellen Davis), 2009 7th round pick (217th overall, E.J. Biggers)",Dexter Jackson),assetsReceived.tampa-bay-buccaneers.0,assetsReceived.tampa-bay-buccaneers.2
B_SUBSEQUENTLY_TRADED_MANUAL,src/data/nfl/trades.backup-before-landmark-patch-2026-07-01T15-41-47-548Z.json,4251,2011-4th-round-pick-104th-overall-philadelphia-eagles-2011,TB-2011-0215,,,Even Trade,Casey Matthews,philadelphia-eagles,philadelphia-eagles,"2011 4th round pick (116th overall, Casey Matthews) and 2012 4th round pick (99th overall subsequently traded, Ben Jones)",Casey Matthews),assetsReceived.philadelphia-eagles.3,assetsReceived.philadelphia-eagles.1
B_SUBSEQUENTLY_TRADED_MANUAL,src/data/nfl/trades.backup-before-landmark-patch-2026-07-01T15-41-47-548Z.json,4286,2012-2nd-round-pick-36th-overall-derek-wolfe-and-2012-4th-round-pick-101st-overall-omar-bo,DEN-2012-04-26-0326,,,Tampa Bay Buccaneers Win,Doug Martin,tampa-bay-buccaneers,tampa-bay-buccaneers,"2012 1st round pick (31st overall, Doug Martin) and 2012 4th round pick (126th overall subsequently traded, Jared Crick)",Doug Martin),assetsReceived.tampa-bay-buccaneers.0,assetsReceived.tampa-bay-buccaneers.2
B_SUBSEQUENTLY_TRADED_MANUAL,src/data/nfl/trades.backup-before-landmark-patch-2026-07-01T15-41-47-548Z.json,4287,2012-1st-round-pick-5th-overall-tampa-bay-buccaneers-2012,JAX-2012-0054,,,Tampa Bay Buccaneers Win,Mark Barron,tampa-bay-buccaneers,tampa-bay-buccaneers,"2012 1st round pick (7th overall, Mark Barron), 2012 4th round pick (101st overall subsequently traded, Omar Bolden)",Mark Barron),assetsReceived.tampa-bay-buccaneers.0,assetsReceived.tampa-bay-buccaneers.2
B_SUBSEQUENTLY_TRADED_MANUAL,src/data/nfl/trades.backup-before-landmark-patch-2026-07-01T15-41-47-548Z.json,4408,2014-7th-round-pick-221st-overall-randell-johnson-and-2015-5th-round-pick-137th,BUF-2014-0285,,,Buffalo Bills Win,Randell Johnson,buffalo-bills,buffalo-bills,"2014 7th round pick (221st overall, Randell Johnson) and 2015 5th round pick (137th overall subsequently traded, Grady Jarrett)",Randell Johnson),assetsReceived.buffalo-bills.0,assetsReceived.buffalo-bills.2
B_SUBSEQUENTLY_TRADED_MANUAL,src/data/nfl/trades.backup-before-landmark-patch-2026-07-01T15-41-47-548Z.json,4446,2015-2nd-round-pick-61st-overall-indianapolis-colts-2015,TB-2015-0233,,,Tampa Bay Buccaneers Win,Ali Marpet,tampa-bay-buccaneers,tampa-bay-buccaneers,"2015 2nd round pick (61st overall, Ali Marpet) and 2015 4th round pick (128th overall subsequently traded, Jon Feliciano)",Ali Marpet),assetsReceived.tampa-bay-buccaneers.3,assetsReceived.tampa-bay-buccaneers.1
B_SUBSEQUENTLY_TRADED_MANUAL,src/data/nfl/trades.backup-before-landmark-patch-2026-07-01T15-41-47-548Z.json,4488,2016-1st-round-pick-11th-overall-chicago-bears-2016,TB-2016-0235,,,Chicago Bears Win,Vernon Hargreaves,tampa-bay-buccaneers,tampa-bay-buccaneers,"2016 1st round pick (11th overall, Vernon Hargreaves) and 2016 4th round pick (106th overall subsequently traded, Eric Murray)",Vernon Hargreaves),assetsReceived.tampa-bay-buccaneers.3,assetsReceived.tampa-bay-buccaneers.1
B_SUBSEQUENTLY_TRADED_MANUAL,src/data/nfl/trades.backup-before-landmark-patch-2026-07-01T15-41-47-548Z.json,4562,2017-7th-round-pick-237th-overall-buccaneers-2017,MIA-2017-0273,,,Miami Dolphins Win,Isaiah Ford,miami-dolphins,miami-dolphins,"2017 7th round pick (237th overall, Isaiah Ford) and 2018 7th round pick (223rd overall subsequently traded, Jullian Taylor)",Isaiah Ford),assetsReceived.miami-dolphins.0,assetsReceived.miami-dolphins.2
B_SUBSEQUENTLY_TRADED_MANUAL,src/data/nfl/trades.backup-before-landmark-patch-2026-07-01T15-41-47-548Z.json,4648,2018-4th-round-pick-102nd-overall-jalyn-holmes-tampa-bay-buccaneers-2018,MIN-2018-0260,,,Tampa Bay Buccaneers Win,Jalyn Holmes,minnesota-vikings,minnesota-vikings,"2018 4th round pick (102nd overall, Jalyn Holmes) and 2018 6th round pick (180th overall subsequently traded, Folorunso Fatukasi)",Jalyn Holmes),assetsReceived.minnesota-vikings.0,assetsReceived.minnesota-vikings.2
B_SUBSEQUENTLY_TRADED_MANUAL,src/data/nfl/trades.backup-before-landmark-patch-2026-07-01T15-41-47-548Z.json,4827,2020-1st-round-pick-14th-overall-javon-kinlaw-tampa-bay-buccaneers-2020,SF-2020-0401,,,Tampa Bay Buccaneers Win,Javon Kinlaw,san-francisco-49ers,san-francisco-49ers,"2020 1st round pick (14th overall, Javon Kinlaw) and 2020 4th round pick (117th overall subsequently traded, D.J. Wonnum)",Javon Kinlaw),assetsReceived.san-francisco-49ers.0,assetsReceived.san-francisco-49ers.2
B_SUBSEQUENTLY_TRADED_MANUAL,src/data/nfl/trades.backup-before-landmark-patch-2026-07-01T15-41-47-548Z.json,4995,2022-1st-round-pick-27th-overall-tampa-bay-buccaneers-2022,JAX-2022-0089,,,Tampa Bay Buccaneers Win,Logan Hall,tampa-bay-buccaneers,tampa-bay-buccaneers,"2022 2nd round pick (33rd overall, Logan Hall), 2022 4th round pick (106th overall, Cade Otton), 2022 6th round pick (180th overall subsequently traded, Matt Araiza)",Logan Hall),assetsReceived.tampa-bay-buccaneers.0,assetsReceived.tampa-bay-buccaneers.2
B_SUBSEQUENTLY_TRADED_MANUAL,src/data/nfl/trades.backup-before-landmark-patch-2026-07-01T15-41-47-548Z.json,5019,2023-4th-round-pick-121st-overall-tampa-bay-buccaneers-2022,JAX-2022-0091,,,Jacksonville Jaguars Win,Zyon McCollum,tampa-bay-buccaneers,tampa-bay-buccaneers,"2022 5th round pick (157th overall, Zyon McCollum), 2022 7th round pick (235th overall subsequently traded, Daniel Hardy)",Zyon McCollum),assetsReceived.tampa-bay-buccaneers.0,assetsReceived.tampa-bay-buccaneers.2
B_SUBSEQUENTLY_TRADED_MANUAL,src/data/nfl/trades.backup-before-landmark-patch-2026-07-02T03-29-27-236Z.json,3368,1995-1st-round-pick-12th-overall-philadelphia-eagles-1995,TB-1995-0155,,,Tampa Bay Buccaneers Win,Warren Sapp,tampa-bay-buccaneers,tampa-bay-buccaneers,"1995 1st round pick (12th overall, Warren Sapp), 1995 2nd round pick (43rd overall, Melvin Johnson) and 1995 2nd round pick (63rd overall subsequently traded, Shane Hannah)",Warren Sapp),assetsReceived.tampa-bay-buccaneers.3,assetsReceived.tampa-bay-buccaneers.1
B_SUBSEQUENTLY_TRADED_MANUAL,src/data/nfl/trades.backup-before-landmark-patch-2026-07-02T03-29-27-236Z.json,3487,1998-1st-round-pick-23rd-overall-tampa-bay-buccaneers-1998,RAI-1998-0294,,,Oakland/Los Angeles/Las Vegas Raiders Win,Jacquez Green,tampa-bay-buccaneers,tampa-bay-buccaneers,"1998 2nd round pick (34th overall, Jacquez Green) and 1998 2nd round pick (59th overall subsequently traded, Mikhael Ricks)",Jacquez Green),assetsReceived.tampa-bay-buccaneers.0,assetsReceived.tampa-bay-buccaneers.2
B_SUBSEQUENTLY_TRADED_MANUAL,src/data/nfl/trades.backup-before-landmark-patch-2026-07-02T03-29-27-236Z.json,3638,2001-1st-round-pick-21st-overall-nate-clements-and-2001-2nd-round-pick-51st-over,BUF-2001-0252,,,Buffalo Bills Win,Nate Clements,buffalo-bills,buffalo-bills,"2001 1st round pick (21st overall, Nate Clements) and 2001 2nd round pick (51st overall subsequently traded, Paul Toviessi)",Nate Clements),assetsReceived.buffalo-bills.0,assetsReceived.buffalo-bills.2
B_SUBSEQUENTLY_TRADED_MANUAL,src/data/nfl/trades.backup-before-landmark-patch-2026-07-02T03-29-27-236Z.json,3832,keenan-mccardell-tampa-bay-buccaneers-2004,LAC-2004-0340,,,Los Angeles/San Diego Chargers Win,Chris Colmer,tampa-bay-buccaneers,tampa-bay-buccaneers,"2005 3rd round pick (91st overall, Chris Colmer) and 2005 6th round pick (203rd overall subsequently traded, Andrew Hoffman)",Chris Colmer),assetsReceived.tampa-bay-buccaneers.0,assetsReceived.tampa-bay-buccaneers.2
B_SUBSEQUENTLY_TRADED_MANUAL,src/data/nfl/trades.backup-before-landmark-patch-2026-07-02T03-29-27-236Z.json,4028,2008-2nd-round-pick-52nd-overall-tampa-bay-buccaneers-2008,JAX-2008-0039,,,Tampa Bay Buccaneers Win,Dexter Jackson,tampa-bay-buccaneers,tampa-bay-buccaneers,"2008 2nd round pick (58th overall, Dexter Jackson), 2008 5th round pick (158th overall subsequently traded, Kellen Davis), 2009 7th round pick (217th overall, E.J. Biggers)",Dexter Jackson),assetsReceived.tampa-bay-buccaneers.0,assetsReceived.tampa-bay-buccaneers.2
B_SUBSEQUENTLY_TRADED_MANUAL,src/data/nfl/trades.backup-before-landmark-patch-2026-07-02T03-29-27-236Z.json,4251,2011-4th-round-pick-104th-overall-philadelphia-eagles-2011,TB-2011-0215,,,Even Trade,Casey Matthews,philadelphia-eagles,philadelphia-eagles,"2011 4th round pick (116th overall, Casey Matthews) and 2012 4th round pick (99th overall subsequently traded, Ben Jones)",Casey Matthews),assetsReceived.philadelphia-eagles.3,assetsReceived.philadelphia-eagles.1
B_SUBSEQUENTLY_TRADED_MANUAL,src/data/nfl/trades.backup-before-landmark-patch-2026-07-02T03-29-27-236Z.json,4286,2012-2nd-round-pick-36th-overall-derek-wolfe-and-2012-4th-round-pick-101st-overall-omar-bo,DEN-2012-04-26-0326,,,Tampa Bay Buccaneers Win,Doug Martin,tampa-bay-buccaneers,tampa-bay-buccaneers,"2012 1st round pick (31st overall, Doug Martin) and 2012 4th round pick (126th overall subsequently traded, Jared Crick)",Doug Martin),assetsReceived.tampa-bay-buccaneers.0,assetsReceived.tampa-bay-buccaneers.2
B_SUBSEQUENTLY_TRADED_MANUAL,src/data/nfl/trades.backup-before-landmark-patch-2026-07-02T03-29-27-236Z.json,4287,2012-1st-round-pick-5th-overall-tampa-bay-buccaneers-2012,JAX-2012-0054,,,Tampa Bay Buccaneers Win,Mark Barron,tampa-bay-buccaneers,tampa-bay-buccaneers,"2012 1st round pick (7th overall, Mark Barron), 2012 4th round pick (101st overall subsequently traded, Omar Bolden)",Mark Barron),assetsReceived.tampa-bay-buccaneers.0,assetsReceived.tampa-bay-buccaneers.2
B_SUBSEQUENTLY_TRADED_MANUAL,src/data/nfl/trades.backup-before-landmark-patch-2026-07-02T03-29-27-236Z.json,4408,2014-7th-round-pick-221st-overall-randell-johnson-and-2015-5th-round-pick-137th,BUF-2014-0285,,,Buffalo Bills Win,Randell Johnson,buffalo-bills,buffalo-bills,"2014 7th round pick (221st overall, Randell Johnson) and 2015 5th round pick (137th overall subsequently traded, Grady Jarrett)",Randell Johnson),assetsReceived.buffalo-bills.0,assetsReceived.buffalo-bills.2
B_SUBSEQUENTLY_TRADED_MANUAL,src/data/nfl/trades.backup-before-landmark-patch-2026-07-02T03-29-27-236Z.json,4446,2015-2nd-round-pick-61st-overall-indianapolis-colts-2015,TB-2015-0233,,,Tampa Bay Buccaneers Win,Ali Marpet,tampa-bay-buccaneers,tampa-bay-buccaneers,"2015 2nd round pick (61st overall, Ali Marpet) and 2015 4th round pick (128th overall subsequently traded, Jon Feliciano)",Ali Marpet),assetsReceived.tampa-bay-buccaneers.3,assetsReceived.tampa-bay-buccaneers.1
B_SUBSEQUENTLY_TRADED_MANUAL,src/data/nfl/trades.backup-before-landmark-patch-2026-07-02T03-29-27-236Z.json,4488,2016-1st-round-pick-11th-overall-chicago-bears-2016,TB-2016-0235,,,Chicago Bears Win,Vernon Hargreaves,tampa-bay-buccaneers,tampa-bay-buccaneers,"2016 1st round pick (11th overall, Vernon Hargreaves) and 2016 4th round pick (106th overall subsequently traded, Eric Murray)",Vernon Hargreaves),assetsReceived.tampa-bay-buccaneers.3,assetsReceived.tampa-bay-buccaneers.1
B_SUBSEQUENTLY_TRADED_MANUAL,src/data/nfl/trades.backup-before-landmark-patch-2026-07-02T03-29-27-236Z.json,4562,2017-7th-round-pick-237th-overall-buccaneers-2017,MIA-2017-0273,,,Miami Dolphins Win,Isaiah Ford,miami-dolphins,miami-dolphins,"2017 7th round pick (237th overall, Isaiah Ford) and 2018 7th round pick (223rd overall subsequently traded, Jullian Taylor)",Isaiah Ford),assetsReceived.miami-dolphins.0,assetsReceived.miami-dolphins.2
B_SUBSEQUENTLY_TRADED_MANUAL,src/data/nfl/trades.backup-before-landmark-patch-2026-07-02T03-29-27-236Z.json,4648,2018-4th-round-pick-102nd-overall-jalyn-holmes-tampa-bay-buccaneers-2018,MIN-2018-0260,,,Tampa Bay Buccaneers Win,Jalyn Holmes,minnesota-vikings,minnesota-vikings,"2018 4th round pick (102nd overall, Jalyn Holmes) and 2018 6th round pick (180th overall subsequently traded, Folorunso Fatukasi)",Jalyn Holmes),assetsReceived.minnesota-vikings.0,assetsReceived.minnesota-vikings.2
B_SUBSEQUENTLY_TRADED_MANUAL,src/data/nfl/trades.backup-before-landmark-patch-2026-07-02T03-29-27-236Z.json,4827,2020-1st-round-pick-14th-overall-javon-kinlaw-tampa-bay-buccaneers-2020,SF-2020-0401,,,Tampa Bay Buccaneers Win,Javon Kinlaw,san-francisco-49ers,san-francisco-49ers,"2020 1st round pick (14th overall, Javon Kinlaw) and 2020 4th round pick (117th overall subsequently traded, D.J. Wonnum)",Javon Kinlaw),assetsReceived.san-francisco-49ers.0,assetsReceived.san-francisco-49ers.2
B_SUBSEQUENTLY_TRADED_MANUAL,src/data/nfl/trades.backup-before-landmark-patch-2026-07-02T03-29-27-236Z.json,4995,2022-1st-round-pick-27th-overall-tampa-bay-buccaneers-2022,JAX-2022-0089,,,Tampa Bay Buccaneers Win,Logan Hall,tampa-bay-buccaneers,tampa-bay-buccaneers,"2022 2nd round pick (33rd overall, Logan Hall), 2022 4th round pick (106th overall, Cade Otton), 2022 6th round pick (180th overall subsequently traded, Matt Araiza)",Logan Hall),assetsReceived.tampa-bay-buccaneers.0,assetsReceived.tampa-bay-buccaneers.2
B_SUBSEQUENTLY_TRADED_MANUAL,src/data/nfl/trades.backup-before-landmark-patch-2026-07-02T03-29-27-236Z.json,5019,2023-4th-round-pick-121st-overall-tampa-bay-buccaneers-2022,JAX-2022-0091,,,Jacksonville Jaguars Win,Zyon McCollum,tampa-bay-buccaneers,tampa-bay-buccaneers,"2022 5th round pick (157th overall, Zyon McCollum), 2022 7th round pick (235th overall subsequently traded, Daniel Hardy)",Zyon McCollum),assetsReceived.tampa-bay-buccaneers.0,assetsReceived.tampa-bay-buccaneers.2
B_SUBSEQUENTLY_TRADED_MANUAL,src/data/nfl/trades.backup-before-landmark-patch-2026-07-02T03-42-10-429Z.json,3368,1995-1st-round-pick-12th-overall-philadelphia-eagles-1995,TB-1995-0155,,,Tampa Bay Buccaneers Win,Warren Sapp,tampa-bay-buccaneers,tampa-bay-buccaneers,"1995 1st round pick (12th overall, Warren Sapp), 1995 2nd round pick (43rd overall, Melvin Johnson) and 1995 2nd round pick (63rd overall subsequently traded, Shane Hannah)",Warren Sapp),assetsReceived.tampa-bay-buccaneers.3,assetsReceived.tampa-bay-buccaneers.1
B_SUBSEQUENTLY_TRADED_MANUAL,src/data/nfl/trades.backup-before-landmark-patch-2026-07-02T03-42-10-429Z.json,3487,1998-1st-round-pick-23rd-overall-tampa-bay-buccaneers-1998,RAI-1998-0294,,,Oakland/Los Angeles/Las Vegas Raiders Win,Jacquez Green,tampa-bay-buccaneers,tampa-bay-buccaneers,"1998 2nd round pick (34th overall, Jacquez Green) and 1998 2nd round pick (59th overall subsequently traded, Mikhael Ricks)",Jacquez Green),assetsReceived.tampa-bay-buccaneers.0,assetsReceived.tampa-bay-buccaneers.2
B_SUBSEQUENTLY_TRADED_MANUAL,src/data/nfl/trades.backup-before-landmark-patch-2026-07-02T03-42-10-429Z.json,3638,2001-1st-round-pick-21st-overall-nate-clements-and-2001-2nd-round-pick-51st-over,BUF-2001-0252,,,Buffalo Bills Win,Nate Clements,buffalo-bills,buffalo-bills,"2001 1st round pick (21st overall, Nate Clements) and 2001 2nd round pick (51st overall subsequently traded, Paul Toviessi)",Nate Clements),assetsReceived.buffalo-bills.0,assetsReceived.buffalo-bills.2
B_SUBSEQUENTLY_TRADED_MANUAL,src/data/nfl/trades.backup-before-landmark-patch-2026-07-02T03-42-10-429Z.json,3832,keenan-mccardell-tampa-bay-buccaneers-2004,LAC-2004-0340,,,Los Angeles/San Diego Chargers Win,Chris Colmer,tampa-bay-buccaneers,tampa-bay-buccaneers,"2005 3rd round pick (91st overall, Chris Colmer) and 2005 6th round pick (203rd overall subsequently traded, Andrew Hoffman)",Chris Colmer),assetsReceived.tampa-bay-buccaneers.0,assetsReceived.tampa-bay-buccaneers.2
B_SUBSEQUENTLY_TRADED_MANUAL,src/data/nfl/trades.backup-before-landmark-patch-2026-07-02T03-42-10-429Z.json,4028,2008-2nd-round-pick-52nd-overall-tampa-bay-buccaneers-2008,JAX-2008-0039,,,Tampa Bay Buccaneers Win,Dexter Jackson,tampa-bay-buccaneers,tampa-bay-buccaneers,"2008 2nd round pick (58th overall, Dexter Jackson), 2008 5th round pick (158th overall subsequently traded, Kellen Davis), 2009 7th round pick (217th overall, E.J. Biggers)",Dexter Jackson),assetsReceived.tampa-bay-buccaneers.0,assetsReceived.tampa-bay-buccaneers.2
B_SUBSEQUENTLY_TRADED_MANUAL,src/data/nfl/trades.backup-before-landmark-patch-2026-07-02T03-42-10-429Z.json,4251,2011-4th-round-pick-104th-overall-philadelphia-eagles-2011,TB-2011-0215,,,Even Trade,Casey Matthews,philadelphia-eagles,philadelphia-eagles,"2011 4th round pick (116th overall, Casey Matthews) and 2012 4th round pick (99th overall subsequently traded, Ben Jones)",Casey Matthews),assetsReceived.philadelphia-eagles.3,assetsReceived.philadelphia-eagles.1
B_SUBSEQUENTLY_TRADED_MANUAL,src/data/nfl/trades.backup-before-landmark-patch-2026-07-02T03-42-10-429Z.json,4286,2012-2nd-round-pick-36th-overall-derek-wolfe-and-2012-4th-round-pick-101st-overall-omar-bo,DEN-2012-04-26-0326,,,Tampa Bay Buccaneers Win,Doug Martin,tampa-bay-buccaneers,tampa-bay-buccaneers,"2012 1st round pick (31st overall, Doug Martin) and 2012 4th round pick (126th overall subsequently traded, Jared Crick)",Doug Martin),assetsReceived.tampa-bay-buccaneers.0,assetsReceived.tampa-bay-buccaneers.2
B_SUBSEQUENTLY_TRADED_MANUAL,src/data/nfl/trades.backup-before-landmark-patch-2026-07-02T03-42-10-429Z.json,4287,2012-1st-round-pick-5th-overall-tampa-bay-buccaneers-2012,JAX-2012-0054,,,Tampa Bay Buccaneers Win,Mark Barron,tampa-bay-buccaneers,tampa-bay-buccaneers,"2012 1st round pick (7th overall, Mark Barron), 2012 4th round pick (101st overall subsequently traded, Omar Bolden)",Mark Barron),assetsReceived.tampa-bay-buccaneers.0,assetsReceived.tampa-bay-buccaneers.2
B_SUBSEQUENTLY_TRADED_MANUAL,src/data/nfl/trades.backup-before-landmark-patch-2026-07-02T03-42-10-429Z.json,4408,2014-7th-round-pick-221st-overall-randell-johnson-and-2015-5th-round-pick-137th,BUF-2014-0285,,,Buffalo Bills Win,Randell Johnson,buffalo-bills,buffalo-bills,"2014 7th round pick (221st overall, Randell Johnson) and 2015 5th round pick (137th overall subsequently traded, Grady Jarrett)",Randell Johnson),assetsReceived.buffalo-bills.0,assetsReceived.buffalo-bills.2
B_SUBSEQUENTLY_TRADED_MANUAL,src/data/nfl/trades.backup-before-landmark-patch-2026-07-02T03-42-10-429Z.json,4446,2015-2nd-round-pick-61st-overall-indianapolis-colts-2015,TB-2015-0233,,,Tampa Bay Buccaneers Win,Ali Marpet,tampa-bay-buccaneers,tampa-bay-buccaneers,"2015 2nd round pick (61st overall, Ali Marpet) and 2015 4th round pick (128th overall subsequently traded, Jon Feliciano)",Ali Marpet),assetsReceived.tampa-bay-buccaneers.3,assetsReceived.tampa-bay-buccaneers.1
B_SUBSEQUENTLY_TRADED_MANUAL,src/data/nfl/trades.backup-before-landmark-patch-2026-07-02T03-42-10-429Z.json,4488,2016-1st-round-pick-11th-overall-chicago-bears-2016,TB-2016-0235,,,Chicago Bears Win,Vernon Hargreaves,tampa-bay-buccaneers,tampa-bay-buccaneers,"2016 1st round pick (11th overall, Vernon Hargreaves) and 2016 4th round pick (106th overall subsequently traded, Eric Murray)",Vernon Hargreaves),assetsReceived.tampa-bay-buccaneers.3,assetsReceived.tampa-bay-buccaneers.1
B_SUBSEQUENTLY_TRADED_MANUAL,src/data/nfl/trades.backup-before-landmark-patch-2026-07-02T03-42-10-429Z.json,4562,2017-7th-round-pick-237th-overall-buccaneers-2017,MIA-2017-0273,,,Miami Dolphins Win,Isaiah Ford,miami-dolphins,miami-dolphins,"2017 7th round pick (237th overall, Isaiah Ford) and 2018 7th round pick (223rd overall subsequently traded, Jullian Taylor)",Isaiah Ford),assetsReceived.miami-dolphins.0,assetsReceived.miami-dolphins.2
B_SUBSEQUENTLY_TRADED_MANUAL,src/data/nfl/trades.backup-before-landmark-patch-2026-07-02T03-42-10-429Z.json,4648,2018-4th-round-pick-102nd-overall-jalyn-holmes-tampa-bay-buccaneers-2018,MIN-2018-0260,,,Tampa Bay Buccaneers Win,Jalyn Holmes,minnesota-vikings,minnesota-vikings,"2018 4th round pick (102nd overall, Jalyn Holmes) and 2018 6th round pick (180th overall subsequently traded, Folorunso Fatukasi)",Jalyn Holmes),assetsReceived.minnesota-vikings.0,assetsReceived.minnesota-vikings.2
B_SUBSEQUENTLY_TRADED_MANUAL,src/data/nfl/trades.backup-before-landmark-patch-2026-07-02T03-42-10-429Z.json,4827,2020-1st-round-pick-14th-overall-javon-kinlaw-tampa-bay-buccaneers-2020,SF-2020-0401,,,Tampa Bay Buccaneers Win,Javon Kinlaw,san-francisco-49ers,san-francisco-49ers,"2020 1st round pick (14th overall, Javon Kinlaw) and 2020 4th round pick (117th overall subsequently traded, D.J. Wonnum)",Javon Kinlaw),assetsReceived.san-francisco-49ers.0,assetsReceived.san-francisco-49ers.2
B_SUBSEQUENTLY_TRADED_MANUAL,src/data/nfl/trades.backup-before-landmark-patch-2026-07-02T03-42-10-429Z.json,4995,2022-1st-round-pick-27th-overall-tampa-bay-buccaneers-2022,JAX-2022-0089,,,Tampa Bay Buccaneers Win,Logan Hall,tampa-bay-buccaneers,tampa-bay-buccaneers,"2022 2nd round pick (33rd overall, Logan Hall), 2022 4th round pick (106th overall, Cade Otton), 2022 6th round pick (180th overall subsequently traded, Matt Araiza)",Logan Hall),assetsReceived.tampa-bay-buccaneers.0,assetsReceived.tampa-bay-buccaneers.2
B_SUBSEQUENTLY_TRADED_MANUAL,src/data/nfl/trades.backup-before-landmark-patch-2026-07-02T03-42-10-429Z.json,5019,2023-4th-round-pick-121st-overall-tampa-bay-buccaneers-2022,JAX-2022-0091,,,Jacksonville Jaguars Win,Zyon McCollum,tampa-bay-buccaneers,tampa-bay-buccaneers,"2022 5th round pick (157th overall, Zyon McCollum), 2022 7th round pick (235th overall subsequently traded, Daniel Hardy)",Zyon McCollum),assetsReceived.tampa-bay-buccaneers.0,assetsReceived.tampa-bay-buccaneers.2
B_SUBSEQUENTLY_TRADED_MANUAL,src/data/nfl/trades.backup-before-landmark-patch-2026-07-02T03-45-12-724Z.json,3368,1995-1st-round-pick-12th-overall-philadelphia-eagles-1995,TB-1995-0155,,,Tampa Bay Buccaneers Win,Warren Sapp,tampa-bay-buccaneers,tampa-bay-buccaneers,"1995 1st round pick (12th overall, Warren Sapp), 1995 2nd round pick (43rd overall, Melvin Johnson) and 1995 2nd round pick (63rd overall subsequently traded, Shane Hannah)",Warren Sapp),assetsReceived.tampa-bay-buccaneers.3,assetsReceived.tampa-bay-buccaneers.1
B_SUBSEQUENTLY_TRADED_MANUAL,src/data/nfl/trades.backup-before-landmark-patch-2026-07-02T03-45-12-724Z.json,3487,1998-1st-round-pick-23rd-overall-tampa-bay-buccaneers-1998,RAI-1998-0294,,,Oakland/Los Angeles/Las Vegas Raiders Win,Jacquez Green,tampa-bay-buccaneers,tampa-bay-buccaneers,"1998 2nd round pick (34th overall, Jacquez Green) and 1998 2nd round pick (59th overall subsequently traded, Mikhael Ricks)",Jacquez Green),assetsReceived.tampa-bay-buccaneers.0,assetsReceived.tampa-bay-buccaneers.2
B_SUBSEQUENTLY_TRADED_MANUAL,src/data/nfl/trades.backup-before-landmark-patch-2026-07-02T03-45-12-724Z.json,3638,2001-1st-round-pick-21st-overall-nate-clements-and-2001-2nd-round-pick-51st-over,BUF-2001-0252,,,Buffalo Bills Win,Nate Clements,buffalo-bills,buffalo-bills,"2001 1st round pick (21st overall, Nate Clements) and 2001 2nd round pick (51st overall subsequently traded, Paul Toviessi)",Nate Clements),assetsReceived.buffalo-bills.0,assetsReceived.buffalo-bills.2
B_SUBSEQUENTLY_TRADED_MANUAL,src/data/nfl/trades.backup-before-landmark-patch-2026-07-02T03-45-12-724Z.json,3832,keenan-mccardell-tampa-bay-buccaneers-2004,LAC-2004-0340,,,Los Angeles/San Diego Chargers Win,Chris Colmer,tampa-bay-buccaneers,tampa-bay-buccaneers,"2005 3rd round pick (91st overall, Chris Colmer) and 2005 6th round pick (203rd overall subsequently traded, Andrew Hoffman)",Chris Colmer),assetsReceived.tampa-bay-buccaneers.0,assetsReceived.tampa-bay-buccaneers.2
B_SUBSEQUENTLY_TRADED_MANUAL,src/data/nfl/trades.backup-before-landmark-patch-2026-07-02T03-45-12-724Z.json,4028,2008-2nd-round-pick-52nd-overall-tampa-bay-buccaneers-2008,JAX-2008-0039,,,Tampa Bay Buccaneers Win,Dexter Jackson,tampa-bay-buccaneers,tampa-bay-buccaneers,"2008 2nd round pick (58th overall, Dexter Jackson), 2008 5th round pick (158th overall subsequently traded, Kellen Davis), 2009 7th round pick (217th overall, E.J. Biggers)",Dexter Jackson),assetsReceived.tampa-bay-buccaneers.0,assetsReceived.tampa-bay-buccaneers.2
B_SUBSEQUENTLY_TRADED_MANUAL,src/data/nfl/trades.backup-before-landmark-patch-2026-07-02T03-45-12-724Z.json,4251,2011-4th-round-pick-104th-overall-philadelphia-eagles-2011,TB-2011-0215,,,Even Trade,Casey Matthews,philadelphia-eagles,philadelphia-eagles,"2011 4th round pick (116th overall, Casey Matthews) and 2012 4th round pick (99th overall subsequently traded, Ben Jones)",Casey Matthews),assetsReceived.philadelphia-eagles.3,assetsReceived.philadelphia-eagles.1
B_SUBSEQUENTLY_TRADED_MANUAL,src/data/nfl/trades.backup-before-landmark-patch-2026-07-02T03-45-12-724Z.json,4286,2012-2nd-round-pick-36th-overall-derek-wolfe-and-2012-4th-round-pick-101st-overall-omar-bo,DEN-2012-04-26-0326,,,Tampa Bay Buccaneers Win,Doug Martin,tampa-bay-buccaneers,tampa-bay-buccaneers,"2012 1st round pick (31st overall, Doug Martin) and 2012 4th round pick (126th overall subsequently traded, Jared Crick)",Doug Martin),assetsReceived.tampa-bay-buccaneers.0,assetsReceived.tampa-bay-buccaneers.2
B_SUBSEQUENTLY_TRADED_MANUAL,src/data/nfl/trades.backup-before-landmark-patch-2026-07-02T03-45-12-724Z.json,4287,2012-1st-round-pick-5th-overall-tampa-bay-buccaneers-2012,JAX-2012-0054,,,Tampa Bay Buccaneers Win,Mark Barron,tampa-bay-buccaneers,tampa-bay-buccaneers,"2012 1st round pick (7th overall, Mark Barron), 2012 4th round pick (101st overall subsequently traded, Omar Bolden)",Mark Barron),assetsReceived.tampa-bay-buccaneers.0,assetsReceived.tampa-bay-buccaneers.2
B_SUBSEQUENTLY_TRADED_MANUAL,src/data/nfl/trades.backup-before-landmark-patch-2026-07-02T03-45-12-724Z.json,4408,2014-7th-round-pick-221st-overall-randell-johnson-and-2015-5th-round-pick-137th,BUF-2014-0285,,,Buffalo Bills Win,Randell Johnson,buffalo-bills,buffalo-bills,"2014 7th round pick (221st overall, Randell Johnson) and 2015 5th round pick (137th overall subsequently traded, Grady Jarrett)",Randell Johnson),assetsReceived.buffalo-bills.0,assetsReceived.buffalo-bills.2
B_SUBSEQUENTLY_TRADED_MANUAL,src/data/nfl/trades.backup-before-landmark-patch-2026-07-02T03-45-12-724Z.json,4446,2015-2nd-round-pick-61st-overall-indianapolis-colts-2015,TB-2015-0233,,,Tampa Bay Buccaneers Win,Ali Marpet,tampa-bay-buccaneers,tampa-bay-buccaneers,"2015 2nd round pick (61st overall, Ali Marpet) and 2015 4th round pick (128th overall subsequently traded, Jon Feliciano)",Ali Marpet),assetsReceived.tampa-bay-buccaneers.3,assetsReceived.tampa-bay-buccaneers.1
B_SUBSEQUENTLY_TRADED_MANUAL,src/data/nfl/trades.backup-before-landmark-patch-2026-07-02T03-45-12-724Z.json,4488,2016-1st-round-pick-11th-overall-chicago-bears-2016,TB-2016-0235,,,Chicago Bears Win,Vernon Hargreaves,tampa-bay-buccaneers,tampa-bay-buccaneers,"2016 1st round pick (11th overall, Vernon Hargreaves) and 2016 4th round pick (106th overall subsequently traded, Eric Murray)",Vernon Hargreaves),assetsReceived.tampa-bay-buccaneers.3,assetsReceived.tampa-bay-buccaneers.1
B_SUBSEQUENTLY_TRADED_MANUAL,src/data/nfl/trades.backup-before-landmark-patch-2026-07-02T03-45-12-724Z.json,4562,2017-7th-round-pick-237th-overall-buccaneers-2017,MIA-2017-0273,,,Miami Dolphins Win,Isaiah Ford,miami-dolphins,miami-dolphins,"2017 7th round pick (237th overall, Isaiah Ford) and 2018 7th round pick (223rd overall subsequently traded, Jullian Taylor)",Isaiah Ford),assetsReceived.miami-dolphins.0,assetsReceived.miami-dolphins.2
B_SUBSEQUENTLY_TRADED_MANUAL,src/data/nfl/trades.backup-before-landmark-patch-2026-07-02T03-45-12-724Z.json,4648,2018-4th-round-pick-102nd-overall-jalyn-holmes-tampa-bay-buccaneers-2018,MIN-2018-0260,,,Tampa Bay Buccaneers Win,Jalyn Holmes,minnesota-vikings,minnesota-vikings,"2018 4th round pick (102nd overall, Jalyn Holmes) and 2018 6th round pick (180th overall subsequently traded, Folorunso Fatukasi)",Jalyn Holmes),assetsReceived.minnesota-vikings.0,assetsReceived.minnesota-vikings.2
B_SUBSEQUENTLY_TRADED_MANUAL,src/data/nfl/trades.backup-before-landmark-patch-2026-07-02T03-45-12-724Z.json,4827,2020-1st-round-pick-14th-overall-javon-kinlaw-tampa-bay-buccaneers-2020,SF-2020-0401,,,Tampa Bay Buccaneers Win,Javon Kinlaw,san-francisco-49ers,san-francisco-49ers,"2020 1st round pick (14th overall, Javon Kinlaw) and 2020 4th round pick (117th overall subsequently traded, D.J. Wonnum)",Javon Kinlaw),assetsReceived.san-francisco-49ers.0,assetsReceived.san-francisco-49ers.2
B_SUBSEQUENTLY_TRADED_MANUAL,src/data/nfl/trades.backup-before-landmark-patch-2026-07-02T03-45-12-724Z.json,4995,2022-1st-round-pick-27th-overall-tampa-bay-buccaneers-2022,JAX-2022-0089,,,Tampa Bay Buccaneers Win,Logan Hall,tampa-bay-buccaneers,tampa-bay-buccaneers,"2022 2nd round pick (33rd overall, Logan Hall), 2022 4th round pick (106th overall, Cade Otton), 2022 6th round pick (180th overall subsequently traded, Matt Araiza)",Logan Hall),assetsReceived.tampa-bay-buccaneers.0,assetsReceived.tampa-bay-buccaneers.2
B_SUBSEQUENTLY_TRADED_MANUAL,src/data/nfl/trades.backup-before-landmark-patch-2026-07-02T03-45-12-724Z.json,5019,2023-4th-round-pick-121st-overall-tampa-bay-buccaneers-2022,JAX-2022-0091,,,Jacksonville Jaguars Win,Zyon McCollum,tampa-bay-buccaneers,tampa-bay-buccaneers,"2022 5th round pick (157th overall, Zyon McCollum), 2022 7th round pick (235th overall subsequently traded, Daniel Hardy)",Zyon McCollum),assetsReceived.tampa-bay-buccaneers.0,assetsReceived.tampa-bay-buccaneers.2
B_SUBSEQUENTLY_TRADED_MANUAL,src/data/nfl/trades.backup-before-landmark-patch-2026-07-02T03-48-58-734Z.json,3368,1995-1st-round-pick-12th-overall-philadelphia-eagles-1995,TB-1995-0155,,,Tampa Bay Buccaneers Win,Warren Sapp,tampa-bay-buccaneers,tampa-bay-buccaneers,"1995 1st round pick (12th overall, Warren Sapp), 1995 2nd round pick (43rd overall, Melvin Johnson) and 1995 2nd round pick (63rd overall subsequently traded, Shane Hannah)",Warren Sapp),assetsReceived.tampa-bay-buccaneers.3,assetsReceived.tampa-bay-buccaneers.1
B_SUBSEQUENTLY_TRADED_MANUAL,src/data/nfl/trades.backup-before-landmark-patch-2026-07-02T03-48-58-734Z.json,3487,1998-1st-round-pick-23rd-overall-tampa-bay-buccaneers-1998,RAI-1998-0294,,,Oakland/Los Angeles/Las Vegas Raiders Win,Jacquez Green,tampa-bay-buccaneers,tampa-bay-buccaneers,"1998 2nd round pick (34th overall, Jacquez Green) and 1998 2nd round pick (59th overall subsequently traded, Mikhael Ricks)",Jacquez Green),assetsReceived.tampa-bay-buccaneers.0,assetsReceived.tampa-bay-buccaneers.2
B_SUBSEQUENTLY_TRADED_MANUAL,src/data/nfl/trades.backup-before-landmark-patch-2026-07-02T03-48-58-734Z.json,3638,2001-1st-round-pick-21st-overall-nate-clements-and-2001-2nd-round-pick-51st-over,BUF-2001-0252,,,Buffalo Bills Win,Nate Clements,buffalo-bills,buffalo-bills,"2001 1st round pick (21st overall, Nate Clements) and 2001 2nd round pick (51st overall subsequently traded, Paul Toviessi)",Nate Clements),assetsReceived.buffalo-bills.0,assetsReceived.buffalo-bills.2
B_SUBSEQUENTLY_TRADED_MANUAL,src/data/nfl/trades.backup-before-landmark-patch-2026-07-02T03-48-58-734Z.json,3832,keenan-mccardell-tampa-bay-buccaneers-2004,LAC-2004-0340,,,Los Angeles/San Diego Chargers Win,Chris Colmer,tampa-bay-buccaneers,tampa-bay-buccaneers,"2005 3rd round pick (91st overall, Chris Colmer) and 2005 6th round pick (203rd overall subsequently traded, Andrew Hoffman)",Chris Colmer),assetsReceived.tampa-bay-buccaneers.0,assetsReceived.tampa-bay-buccaneers.2
B_SUBSEQUENTLY_TRADED_MANUAL,src/data/nfl/trades.backup-before-landmark-patch-2026-07-02T03-48-58-734Z.json,4028,2008-2nd-round-pick-52nd-overall-tampa-bay-buccaneers-2008,JAX-2008-0039,,,Tampa Bay Buccaneers Win,Dexter Jackson,tampa-bay-buccaneers,tampa-bay-buccaneers,"2008 2nd round pick (58th overall, Dexter Jackson), 2008 5th round pick (158th overall subsequently traded, Kellen Davis), 2009 7th round pick (217th overall, E.J. Biggers)",Dexter Jackson),assetsReceived.tampa-bay-buccaneers.0,assetsReceived.tampa-bay-buccaneers.2
B_SUBSEQUENTLY_TRADED_MANUAL,src/data/nfl/trades.backup-before-landmark-patch-2026-07-02T03-48-58-734Z.json,4251,2011-4th-round-pick-104th-overall-philadelphia-eagles-2011,TB-2011-0215,,,Even Trade,Casey Matthews,philadelphia-eagles,philadelphia-eagles,"2011 4th round pick (116th overall, Casey Matthews) and 2012 4th round pick (99th overall subsequently traded, Ben Jones)",Casey Matthews),assetsReceived.philadelphia-eagles.3,assetsReceived.philadelphia-eagles.1
B_SUBSEQUENTLY_TRADED_MANUAL,src/data/nfl/trades.backup-before-landmark-patch-2026-07-02T03-48-58-734Z.json,4286,2012-2nd-round-pick-36th-overall-derek-wolfe-and-2012-4th-round-pick-101st-overall-omar-bo,DEN-2012-04-26-0326,,,Tampa Bay Buccaneers Win,Doug Martin,tampa-bay-buccaneers,tampa-bay-buccaneers,"2012 1st round pick (31st overall, Doug Martin) and 2012 4th round pick (126th overall subsequently traded, Jared Crick)",Doug Martin),assetsReceived.tampa-bay-buccaneers.0,assetsReceived.tampa-bay-buccaneers.2
B_SUBSEQUENTLY_TRADED_MANUAL,src/data/nfl/trades.backup-before-landmark-patch-2026-07-02T03-48-58-734Z.json,4287,2012-1st-round-pick-5th-overall-tampa-bay-buccaneers-2012,JAX-2012-0054,,,Tampa Bay Buccaneers Win,Mark Barron,tampa-bay-buccaneers,tampa-bay-buccaneers,"2012 1st round pick (7th overall, Mark Barron), 2012 4th round pick (101st overall subsequently traded, Omar Bolden)",Mark Barron),assetsReceived.tampa-bay-buccaneers.0,assetsReceived.tampa-bay-buccaneers.2
B_SUBSEQUENTLY_TRADED_MANUAL,src/data/nfl/trades.backup-before-landmark-patch-2026-07-02T03-48-58-734Z.json,4408,2014-7th-round-pick-221st-overall-randell-johnson-and-2015-5th-round-pick-137th,BUF-2014-0285,,,Buffalo Bills Win,Randell Johnson,buffalo-bills,buffalo-bills,"2014 7th round pick (221st overall, Randell Johnson) and 2015 5th round pick (137th overall subsequently traded, Grady Jarrett)",Randell Johnson),assetsReceived.buffalo-bills.0,assetsReceived.buffalo-bills.2
B_SUBSEQUENTLY_TRADED_MANUAL,src/data/nfl/trades.backup-before-landmark-patch-2026-07-02T03-48-58-734Z.json,4446,2015-2nd-round-pick-61st-overall-indianapolis-colts-2015,TB-2015-0233,,,Tampa Bay Buccaneers Win,Ali Marpet,tampa-bay-buccaneers,tampa-bay-buccaneers,"2015 2nd round pick (61st overall, Ali Marpet) and 2015 4th round pick (128th overall subsequently traded, Jon Feliciano)",Ali Marpet),assetsReceived.tampa-bay-buccaneers.3,assetsReceived.tampa-bay-buccaneers.1
B_SUBSEQUENTLY_TRADED_MANUAL,src/data/nfl/trades.backup-before-landmark-patch-2026-07-02T03-48-58-734Z.json,4488,2016-1st-round-pick-11th-overall-chicago-bears-2016,TB-2016-0235,,,Chicago Bears Win,Vernon Hargreaves,tampa-bay-buccaneers,tampa-bay-buccaneers,"2016 1st round pick (11th overall, Vernon Hargreaves) and 2016 4th round pick (106th overall subsequently traded, Eric Murray)",Vernon Hargreaves),assetsReceived.tampa-bay-buccaneers.3,assetsReceived.tampa-bay-buccaneers.1
B_SUBSEQUENTLY_TRADED_MANUAL,src/data/nfl/trades.backup-before-landmark-patch-2026-07-02T03-48-58-734Z.json,4562,2017-7th-round-pick-237th-overall-buccaneers-2017,MIA-2017-0273,,,Miami Dolphins Win,Isaiah Ford,miami-dolphins,miami-dolphins,"2017 7th round pick (237th overall, Isaiah Ford) and 2018 7th round pick (223rd overall subsequently traded, Jullian Taylor)",Isaiah Ford),assetsReceived.miami-dolphins.0,assetsReceived.miami-dolphins.2
B_SUBSEQUENTLY_TRADED_MANUAL,src/data/nfl/trades.backup-before-landmark-patch-2026-07-02T03-48-58-734Z.json,4648,2018-4th-round-pick-102nd-overall-jalyn-holmes-tampa-bay-buccaneers-2018,MIN-2018-0260,,,Tampa Bay Buccaneers Win,Jalyn Holmes,minnesota-vikings,minnesota-vikings,"2018 4th round pick (102nd overall, Jalyn Holmes) and 2018 6th round pick (180th overall subsequently traded, Folorunso Fatukasi)",Jalyn Holmes),assetsReceived.minnesota-vikings.0,assetsReceived.minnesota-vikings.2
B_SUBSEQUENTLY_TRADED_MANUAL,src/data/nfl/trades.backup-before-landmark-patch-2026-07-02T03-48-58-734Z.json,4827,2020-1st-round-pick-14th-overall-javon-kinlaw-tampa-bay-buccaneers-2020,SF-2020-0401,,,Tampa Bay Buccaneers Win,Javon Kinlaw,san-francisco-49ers,san-francisco-49ers,"2020 1st round pick (14th overall, Javon Kinlaw) and 2020 4th round pick (117th overall subsequently traded, D.J. Wonnum)",Javon Kinlaw),assetsReceived.san-francisco-49ers.0,assetsReceived.san-francisco-49ers.2
B_SUBSEQUENTLY_TRADED_MANUAL,src/data/nfl/trades.backup-before-landmark-patch-2026-07-02T03-48-58-734Z.json,4995,2022-1st-round-pick-27th-overall-tampa-bay-buccaneers-2022,JAX-2022-0089,,,Tampa Bay Buccaneers Win,Logan Hall,tampa-bay-buccaneers,tampa-bay-buccaneers,"2022 2nd round pick (33rd overall, Logan Hall), 2022 4th round pick (106th overall, Cade Otton), 2022 6th round pick (180th overall subsequently traded, Matt Araiza)",Logan Hall),assetsReceived.tampa-bay-buccaneers.0,assetsReceived.tampa-bay-buccaneers.2
B_SUBSEQUENTLY_TRADED_MANUAL,src/data/nfl/trades.backup-before-landmark-patch-2026-07-02T03-48-58-734Z.json,5019,2023-4th-round-pick-121st-overall-tampa-bay-buccaneers-2022,JAX-2022-0091,,,Jacksonville Jaguars Win,Zyon McCollum,tampa-bay-buccaneers,tampa-bay-buccaneers,"2022 5th round pick (157th overall, Zyon McCollum), 2022 7th round pick (235th overall subsequently traded, Daniel Hardy)",Zyon McCollum),assetsReceived.tampa-bay-buccaneers.0,assetsReceived.tampa-bay-buccaneers.2
B_SUBSEQUENTLY_TRADED_MANUAL,src/data/nfl/trades.backup-before-landmark-patch-2026-07-02T03-53-56-284Z.json,3368,1995-1st-round-pick-12th-overall-philadelphia-eagles-1995,TB-1995-0155,,,Tampa Bay Buccaneers Win,Warren Sapp,tampa-bay-buccaneers,tampa-bay-buccaneers,"1995 1st round pick (12th overall, Warren Sapp), 1995 2nd round pick (43rd overall, Melvin Johnson) and 1995 2nd round pick (63rd overall subsequently traded, Shane Hannah)",Warren Sapp),assetsReceived.tampa-bay-buccaneers.3,assetsReceived.tampa-bay-buccaneers.1
B_SUBSEQUENTLY_TRADED_MANUAL,src/data/nfl/trades.backup-before-landmark-patch-2026-07-02T03-53-56-284Z.json,3487,1998-1st-round-pick-23rd-overall-tampa-bay-buccaneers-1998,RAI-1998-0294,,,Oakland/Los Angeles/Las Vegas Raiders Win,Jacquez Green,tampa-bay-buccaneers,tampa-bay-buccaneers,"1998 2nd round pick (34th overall, Jacquez Green) and 1998 2nd round pick (59th overall subsequently traded, Mikhael Ricks)",Jacquez Green),assetsReceived.tampa-bay-buccaneers.0,assetsReceived.tampa-bay-buccaneers.2
B_SUBSEQUENTLY_TRADED_MANUAL,src/data/nfl/trades.backup-before-landmark-patch-2026-07-02T03-53-56-284Z.json,3638,2001-1st-round-pick-21st-overall-nate-clements-and-2001-2nd-round-pick-51st-over,BUF-2001-0252,,,Buffalo Bills Win,Nate Clements,buffalo-bills,buffalo-bills,"2001 1st round pick (21st overall, Nate Clements) and 2001 2nd round pick (51st overall subsequently traded, Paul Toviessi)",Nate Clements),assetsReceived.buffalo-bills.0,assetsReceived.buffalo-bills.2
B_SUBSEQUENTLY_TRADED_MANUAL,src/data/nfl/trades.backup-before-landmark-patch-2026-07-02T03-53-56-284Z.json,3832,keenan-mccardell-tampa-bay-buccaneers-2004,LAC-2004-0340,,,Los Angeles/San Diego Chargers Win,Chris Colmer,tampa-bay-buccaneers,tampa-bay-buccaneers,"2005 3rd round pick (91st overall, Chris Colmer) and 2005 6th round pick (203rd overall subsequently traded, Andrew Hoffman)",Chris Colmer),assetsReceived.tampa-bay-buccaneers.0,assetsReceived.tampa-bay-buccaneers.2
B_SUBSEQUENTLY_TRADED_MANUAL,src/data/nfl/trades.backup-before-landmark-patch-2026-07-02T03-53-56-284Z.json,4028,2008-2nd-round-pick-52nd-overall-tampa-bay-buccaneers-2008,JAX-2008-0039,,,Tampa Bay Buccaneers Win,Dexter Jackson,tampa-bay-buccaneers,tampa-bay-buccaneers,"2008 2nd round pick (58th overall, Dexter Jackson), 2008 5th round pick (158th overall subsequently traded, Kellen Davis), 2009 7th round pick (217th overall, E.J. Biggers)",Dexter Jackson),assetsReceived.tampa-bay-buccaneers.0,assetsReceived.tampa-bay-buccaneers.2
B_SUBSEQUENTLY_TRADED_MANUAL,src/data/nfl/trades.backup-before-landmark-patch-2026-07-02T03-53-56-284Z.json,4251,2011-4th-round-pick-104th-overall-philadelphia-eagles-2011,TB-2011-0215,,,Even Trade,Casey Matthews,philadelphia-eagles,philadelphia-eagles,"2011 4th round pick (116th overall, Casey Matthews) and 2012 4th round pick (99th overall subsequently traded, Ben Jones)",Casey Matthews),assetsReceived.philadelphia-eagles.3,assetsReceived.philadelphia-eagles.1
B_SUBSEQUENTLY_TRADED_MANUAL,src/data/nfl/trades.backup-before-landmark-patch-2026-07-02T03-53-56-284Z.json,4286,2012-2nd-round-pick-36th-overall-derek-wolfe-and-2012-4th-round-pick-101st-overall-omar-bo,DEN-2012-04-26-0326,,,Tampa Bay Buccaneers Win,Doug Martin,tampa-bay-buccaneers,tampa-bay-buccaneers,"2012 1st round pick (31st overall, Doug Martin) and 2012 4th round pick (126th overall subsequently traded, Jared Crick)",Doug Martin),assetsReceived.tampa-bay-buccaneers.0,assetsReceived.tampa-bay-buccaneers.2
B_SUBSEQUENTLY_TRADED_MANUAL,src/data/nfl/trades.backup-before-landmark-patch-2026-07-02T03-53-56-284Z.json,4287,2012-1st-round-pick-5th-overall-tampa-bay-buccaneers-2012,JAX-2012-0054,,,Tampa Bay Buccaneers Win,Mark Barron,tampa-bay-buccaneers,tampa-bay-buccaneers,"2012 1st round pick (7th overall, Mark Barron), 2012 4th round pick (101st overall subsequently traded, Omar Bolden)",Mark Barron),assetsReceived.tampa-bay-buccaneers.0,assetsReceived.tampa-bay-buccaneers.2
B_SUBSEQUENTLY_TRADED_MANUAL,src/data/nfl/trades.backup-before-landmark-patch-2026-07-02T03-53-56-284Z.json,4408,2014-7th-round-pick-221st-overall-randell-johnson-and-2015-5th-round-pick-137th,BUF-2014-0285,,,Buffalo Bills Win,Randell Johnson,buffalo-bills,buffalo-bills,"2014 7th round pick (221st overall, Randell Johnson) and 2015 5th round pick (137th overall subsequently traded, Grady Jarrett)",Randell Johnson),assetsReceived.buffalo-bills.0,assetsReceived.buffalo-bills.2
B_SUBSEQUENTLY_TRADED_MANUAL,src/data/nfl/trades.backup-before-landmark-patch-2026-07-02T03-53-56-284Z.json,4446,2015-2nd-round-pick-61st-overall-indianapolis-colts-2015,TB-2015-0233,,,Tampa Bay Buccaneers Win,Ali Marpet,tampa-bay-buccaneers,tampa-bay-buccaneers,"2015 2nd round pick (61st overall, Ali Marpet) and 2015 4th round pick (128th overall subsequently traded, Jon Feliciano)",Ali Marpet),assetsReceived.tampa-bay-buccaneers.3,assetsReceived.tampa-bay-buccaneers.1
B_SUBSEQUENTLY_TRADED_MANUAL,src/data/nfl/trades.backup-before-landmark-patch-2026-07-02T03-53-56-284Z.json,4488,2016-1st-round-pick-11th-overall-chicago-bears-2016,TB-2016-0235,,,Chicago Bears Win,Vernon Hargreaves,tampa-bay-buccaneers,tampa-bay-buccaneers,"2016 1st round pick (11th overall, Vernon Hargreaves) and 2016 4th round pick (106th overall subsequently traded, Eric Murray)",Vernon Hargreaves),assetsReceived.tampa-bay-buccaneers.3,assetsReceived.tampa-bay-buccaneers.1
B_SUBSEQUENTLY_TRADED_MANUAL,src/data/nfl/trades.backup-before-landmark-patch-2026-07-02T03-53-56-284Z.json,4562,2017-7th-round-pick-237th-overall-buccaneers-2017,MIA-2017-0273,,,Miami Dolphins Win,Isaiah Ford,miami-dolphins,miami-dolphins,"2017 7th round pick (237th overall, Isaiah Ford) and 2018 7th round pick (223rd overall subsequently traded, Jullian Taylor)",Isaiah Ford),assetsReceived.miami-dolphins.0,assetsReceived.miami-dolphins.2
B_SUBSEQUENTLY_TRADED_MANUAL,src/data/nfl/trades.backup-before-landmark-patch-2026-07-02T03-53-56-284Z.json,4648,2018-4th-round-pick-102nd-overall-jalyn-holmes-tampa-bay-buccaneers-2018,MIN-2018-0260,,,Tampa Bay Buccaneers Win,Jalyn Holmes,minnesota-vikings,minnesota-vikings,"2018 4th round pick (102nd overall, Jalyn Holmes) and 2018 6th round pick (180th overall subsequently traded, Folorunso Fatukasi)",Jalyn Holmes),assetsReceived.minnesota-vikings.0,assetsReceived.minnesota-vikings.2
B_SUBSEQUENTLY_TRADED_MANUAL,src/data/nfl/trades.backup-before-landmark-patch-2026-07-02T03-53-56-284Z.json,4827,2020-1st-round-pick-14th-overall-javon-kinlaw-tampa-bay-buccaneers-2020,SF-2020-0401,,,Tampa Bay Buccaneers Win,Javon Kinlaw,san-francisco-49ers,san-francisco-49ers,"2020 1st round pick (14th overall, Javon Kinlaw) and 2020 4th round pick (117th overall subsequently traded, D.J. Wonnum)",Javon Kinlaw),assetsReceived.san-francisco-49ers.0,assetsReceived.san-francisco-49ers.2
B_SUBSEQUENTLY_TRADED_MANUAL,src/data/nfl/trades.backup-before-landmark-patch-2026-07-02T03-53-56-284Z.json,4995,2022-1st-round-pick-27th-overall-tampa-bay-buccaneers-2022,JAX-2022-0089,,,Tampa Bay Buccaneers Win,Logan Hall,tampa-bay-buccaneers,tampa-bay-buccaneers,"2022 2nd round pick (33rd overall, Logan Hall), 2022 4th round pick (106th overall, Cade Otton), 2022 6th round pick (180th overall subsequently traded, Matt Araiza)",Logan Hall),assetsReceived.tampa-bay-buccaneers.0,assetsReceived.tampa-bay-buccaneers.2
B_SUBSEQUENTLY_TRADED_MANUAL,src/data/nfl/trades.backup-before-landmark-patch-2026-07-02T03-53-56-284Z.json,5019,2023-4th-round-pick-121st-overall-tampa-bay-buccaneers-2022,JAX-2022-0091,,,Jacksonville Jaguars Win,Zyon McCollum,tampa-bay-buccaneers,tampa-bay-buccaneers,"2022 5th round pick (157th overall, Zyon McCollum), 2022 7th round pick (235th overall subsequently traded, Daniel Hardy)",Zyon McCollum),assetsReceived.tampa-bay-buccaneers.0,assetsReceived.tampa-bay-buccaneers.2
B_SUBSEQUENTLY_TRADED_MANUAL,src/data/nfl/trades.backup-before-landmark-patch-2026-07-02T03-58-45-533Z.json,3368,1995-1st-round-pick-12th-overall-philadelphia-eagles-1995,TB-1995-0155,,,Tampa Bay Buccaneers Win,Warren Sapp,tampa-bay-buccaneers,tampa-bay-buccaneers,"1995 1st round pick (12th overall, Warren Sapp), 1995 2nd round pick (43rd overall, Melvin Johnson) and 1995 2nd round pick (63rd overall subsequently traded, Shane Hannah)",Warren Sapp),assetsReceived.tampa-bay-buccaneers.3,assetsReceived.tampa-bay-buccaneers.1
B_SUBSEQUENTLY_TRADED_MANUAL,src/data/nfl/trades.backup-before-landmark-patch-2026-07-02T03-58-45-533Z.json,3487,1998-1st-round-pick-23rd-overall-tampa-bay-buccaneers-1998,RAI-1998-0294,,,Oakland/Los Angeles/Las Vegas Raiders Win,Jacquez Green,tampa-bay-buccaneers,tampa-bay-buccaneers,"1998 2nd round pick (34th overall, Jacquez Green) and 1998 2nd round pick (59th overall subsequently traded, Mikhael Ricks)",Jacquez Green),assetsReceived.tampa-bay-buccaneers.0,assetsReceived.tampa-bay-buccaneers.2
B_SUBSEQUENTLY_TRADED_MANUAL,src/data/nfl/trades.backup-before-landmark-patch-2026-07-02T03-58-45-533Z.json,3638,2001-1st-round-pick-21st-overall-nate-clements-and-2001-2nd-round-pick-51st-over,BUF-2001-0252,,,Buffalo Bills Win,Nate Clements,buffalo-bills,buffalo-bills,"2001 1st round pick (21st overall, Nate Clements) and 2001 2nd round pick (51st overall subsequently traded, Paul Toviessi)",Nate Clements),assetsReceived.buffalo-bills.0,assetsReceived.buffalo-bills.2
B_SUBSEQUENTLY_TRADED_MANUAL,src/data/nfl/trades.backup-before-landmark-patch-2026-07-02T03-58-45-533Z.json,3832,keenan-mccardell-tampa-bay-buccaneers-2004,LAC-2004-0340,,,Los Angeles/San Diego Chargers Win,Chris Colmer,tampa-bay-buccaneers,tampa-bay-buccaneers,"2005 3rd round pick (91st overall, Chris Colmer) and 2005 6th round pick (203rd overall subsequently traded, Andrew Hoffman)",Chris Colmer),assetsReceived.tampa-bay-buccaneers.0,assetsReceived.tampa-bay-buccaneers.2
B_SUBSEQUENTLY_TRADED_MANUAL,src/data/nfl/trades.backup-before-landmark-patch-2026-07-02T03-58-45-533Z.json,4028,2008-2nd-round-pick-52nd-overall-tampa-bay-buccaneers-2008,JAX-2008-0039,,,Tampa Bay Buccaneers Win,Dexter Jackson,tampa-bay-buccaneers,tampa-bay-buccaneers,"2008 2nd round pick (58th overall, Dexter Jackson), 2008 5th round pick (158th overall subsequently traded, Kellen Davis), 2009 7th round pick (217th overall, E.J. Biggers)",Dexter Jackson),assetsReceived.tampa-bay-buccaneers.0,assetsReceived.tampa-bay-buccaneers.2
B_SUBSEQUENTLY_TRADED_MANUAL,src/data/nfl/trades.backup-before-landmark-patch-2026-07-02T03-58-45-533Z.json,4251,2011-4th-round-pick-104th-overall-philadelphia-eagles-2011,TB-2011-0215,,,Even Trade,Casey Matthews,philadelphia-eagles,philadelphia-eagles,"2011 4th round pick (116th overall, Casey Matthews) and 2012 4th round pick (99th overall subsequently traded, Ben Jones)",Casey Matthews),assetsReceived.philadelphia-eagles.3,assetsReceived.philadelphia-eagles.1
B_SUBSEQUENTLY_TRADED_MANUAL,src/data/nfl/trades.backup-before-landmark-patch-2026-07-02T03-58-45-533Z.json,4286,2012-2nd-round-pick-36th-overall-derek-wolfe-and-2012-4th-round-pick-101st-overall-omar-bo,DEN-2012-04-26-0326,,,Tampa Bay Buccaneers Win,Doug Martin,tampa-bay-buccaneers,tampa-bay-buccaneers,"2012 1st round pick (31st overall, Doug Martin) and 2012 4th round pick (126th overall subsequently traded, Jared Crick)",Doug Martin),assetsReceived.tampa-bay-buccaneers.0,assetsReceived.tampa-bay-buccaneers.2
B_SUBSEQUENTLY_TRADED_MANUAL,src/data/nfl/trades.backup-before-landmark-patch-2026-07-02T03-58-45-533Z.json,4287,2012-1st-round-pick-5th-overall-tampa-bay-buccaneers-2012,JAX-2012-0054,,,Tampa Bay Buccaneers Win,Mark Barron,tampa-bay-buccaneers,tampa-bay-buccaneers,"2012 1st round pick (7th overall, Mark Barron), 2012 4th round pick (101st overall subsequently traded, Omar Bolden)",Mark Barron),assetsReceived.tampa-bay-buccaneers.0,assetsReceived.tampa-bay-buccaneers.2
B_SUBSEQUENTLY_TRADED_MANUAL,src/data/nfl/trades.backup-before-landmark-patch-2026-07-02T03-58-45-533Z.json,4408,2014-7th-round-pick-221st-overall-randell-johnson-and-2015-5th-round-pick-137th,BUF-2014-0285,,,Buffalo Bills Win,Randell Johnson,buffalo-bills,buffalo-bills,"2014 7th round pick (221st overall, Randell Johnson) and 2015 5th round pick (137th overall subsequently traded, Grady Jarrett)",Randell Johnson),assetsReceived.buffalo-bills.0,assetsReceived.buffalo-bills.2
B_SUBSEQUENTLY_TRADED_MANUAL,src/data/nfl/trades.backup-before-landmark-patch-2026-07-02T03-58-45-533Z.json,4446,2015-2nd-round-pick-61st-overall-indianapolis-colts-2015,TB-2015-0233,,,Tampa Bay Buccaneers Win,Ali Marpet,tampa-bay-buccaneers,tampa-bay-buccaneers,"2015 2nd round pick (61st overall, Ali Marpet) and 2015 4th round pick (128th overall subsequently traded, Jon Feliciano)",Ali Marpet),assetsReceived.tampa-bay-buccaneers.3,assetsReceived.tampa-bay-buccaneers.1
B_SUBSEQUENTLY_TRADED_MANUAL,src/data/nfl/trades.backup-before-landmark-patch-2026-07-02T03-58-45-533Z.json,4488,2016-1st-round-pick-11th-overall-chicago-bears-2016,TB-2016-0235,,,Chicago Bears Win,Vernon Hargreaves,tampa-bay-buccaneers,tampa-bay-buccaneers,"2016 1st round pick (11th overall, Vernon Hargreaves) and 2016 4th round pick (106th overall subsequently traded, Eric Murray)",Vernon Hargreaves),assetsReceived.tampa-bay-buccaneers.3,assetsReceived.tampa-bay-buccaneers.1
B_SUBSEQUENTLY_TRADED_MANUAL,src/data/nfl/trades.backup-before-landmark-patch-2026-07-02T03-58-45-533Z.json,4562,2017-7th-round-pick-237th-overall-buccaneers-2017,MIA-2017-0273,,,Miami Dolphins Win,Isaiah Ford,miami-dolphins,miami-dolphins,"2017 7th round pick (237th overall, Isaiah Ford) and 2018 7th round pick (223rd overall subsequently traded, Jullian Taylor)",Isaiah Ford),assetsReceived.miami-dolphins.0,assetsReceived.miami-dolphins.2
B_SUBSEQUENTLY_TRADED_MANUAL,src/data/nfl/trades.backup-before-landmark-patch-2026-07-02T03-58-45-533Z.json,4648,2018-4th-round-pick-102nd-overall-jalyn-holmes-tampa-bay-buccaneers-2018,MIN-2018-0260,,,Tampa Bay Buccaneers Win,Jalyn Holmes,minnesota-vikings,minnesota-vikings,"2018 4th round pick (102nd overall, Jalyn Holmes) and 2018 6th round pick (180th overall subsequently traded, Folorunso Fatukasi)",Jalyn Holmes),assetsReceived.minnesota-vikings.0,assetsReceived.minnesota-vikings.2
B_SUBSEQUENTLY_TRADED_MANUAL,src/data/nfl/trades.backup-before-landmark-patch-2026-07-02T03-58-45-533Z.json,4827,2020-1st-round-pick-14th-overall-javon-kinlaw-tampa-bay-buccaneers-2020,SF-2020-0401,,,Tampa Bay Buccaneers Win,Javon Kinlaw,san-francisco-49ers,san-francisco-49ers,"2020 1st round pick (14th overall, Javon Kinlaw) and 2020 4th round pick (117th overall subsequently traded, D.J. Wonnum)",Javon Kinlaw),assetsReceived.san-francisco-49ers.0,assetsReceived.san-francisco-49ers.2
B_SUBSEQUENTLY_TRADED_MANUAL,src/data/nfl/trades.backup-before-landmark-patch-2026-07-02T03-58-45-533Z.json,4995,2022-1st-round-pick-27th-overall-tampa-bay-buccaneers-2022,JAX-2022-0089,,,Tampa Bay Buccaneers Win,Logan Hall,tampa-bay-buccaneers,tampa-bay-buccaneers,"2022 2nd round pick (33rd overall, Logan Hall), 2022 4th round pick (106th overall, Cade Otton), 2022 6th round pick (180th overall subsequently traded, Matt Araiza)",Logan Hall),assetsReceived.tampa-bay-buccaneers.0,assetsReceived.tampa-bay-buccaneers.2
B_SUBSEQUENTLY_TRADED_MANUAL,src/data/nfl/trades.backup-before-landmark-patch-2026-07-02T03-58-45-533Z.json,5019,2023-4th-round-pick-121st-overall-tampa-bay-buccaneers-2022,JAX-2022-0091,,,Jacksonville Jaguars Win,Zyon McCollum,tampa-bay-buccaneers,tampa-bay-buccaneers,"2022 5th round pick (157th overall, Zyon McCollum), 2022 7th round pick (235th overall subsequently traded, Daniel Hardy)",Zyon McCollum),assetsReceived.tampa-bay-buccaneers.0,assetsReceived.tampa-bay-buccaneers.2
B_SUBSEQUENTLY_TRADED_MANUAL,src/data/nfl/trades.backup-before-landmark-patch-2026-07-02T04-05-46-376Z.json,3368,1995-1st-round-pick-12th-overall-philadelphia-eagles-1995,TB-1995-0155,,,Tampa Bay Buccaneers Win,Warren Sapp,tampa-bay-buccaneers,tampa-bay-buccaneers,"1995 1st round pick (12th overall, Warren Sapp), 1995 2nd round pick (43rd overall, Melvin Johnson) and 1995 2nd round pick (63rd overall subsequently traded, Shane Hannah)",Warren Sapp),assetsReceived.tampa-bay-buccaneers.3,assetsReceived.tampa-bay-buccaneers.1
B_SUBSEQUENTLY_TRADED_MANUAL,src/data/nfl/trades.backup-before-landmark-patch-2026-07-02T04-05-46-376Z.json,3487,1998-1st-round-pick-23rd-overall-tampa-bay-buccaneers-1998,RAI-1998-0294,,,Oakland/Los Angeles/Las Vegas Raiders Win,Jacquez Green,tampa-bay-buccaneers,tampa-bay-buccaneers,"1998 2nd round pick (34th overall, Jacquez Green) and 1998 2nd round pick (59th overall subsequently traded, Mikhael Ricks)",Jacquez Green),assetsReceived.tampa-bay-buccaneers.0,assetsReceived.tampa-bay-buccaneers.2
B_SUBSEQUENTLY_TRADED_MANUAL,src/data/nfl/trades.backup-before-landmark-patch-2026-07-02T04-05-46-376Z.json,3638,2001-1st-round-pick-21st-overall-nate-clements-and-2001-2nd-round-pick-51st-over,BUF-2001-0252,,,Buffalo Bills Win,Nate Clements,buffalo-bills,buffalo-bills,"2001 1st round pick (21st overall, Nate Clements) and 2001 2nd round pick (51st overall subsequently traded, Paul Toviessi)",Nate Clements),assetsReceived.buffalo-bills.0,assetsReceived.buffalo-bills.2
B_SUBSEQUENTLY_TRADED_MANUAL,src/data/nfl/trades.backup-before-landmark-patch-2026-07-02T04-05-46-376Z.json,3832,keenan-mccardell-tampa-bay-buccaneers-2004,LAC-2004-0340,,,Los Angeles/San Diego Chargers Win,Chris Colmer,tampa-bay-buccaneers,tampa-bay-buccaneers,"2005 3rd round pick (91st overall, Chris Colmer) and 2005 6th round pick (203rd overall subsequently traded, Andrew Hoffman)",Chris Colmer),assetsReceived.tampa-bay-buccaneers.0,assetsReceived.tampa-bay-buccaneers.2
B_SUBSEQUENTLY_TRADED_MANUAL,src/data/nfl/trades.backup-before-landmark-patch-2026-07-02T04-05-46-376Z.json,4028,2008-2nd-round-pick-52nd-overall-tampa-bay-buccaneers-2008,JAX-2008-0039,,,Tampa Bay Buccaneers Win,Dexter Jackson,tampa-bay-buccaneers,tampa-bay-buccaneers,"2008 2nd round pick (58th overall, Dexter Jackson), 2008 5th round pick (158th overall subsequently traded, Kellen Davis), 2009 7th round pick (217th overall, E.J. Biggers)",Dexter Jackson),assetsReceived.tampa-bay-buccaneers.0,assetsReceived.tampa-bay-buccaneers.2
B_SUBSEQUENTLY_TRADED_MANUAL,src/data/nfl/trades.backup-before-landmark-patch-2026-07-02T04-05-46-376Z.json,4251,2011-4th-round-pick-104th-overall-philadelphia-eagles-2011,TB-2011-0215,,,Even Trade,Casey Matthews,philadelphia-eagles,philadelphia-eagles,"2011 4th round pick (116th overall, Casey Matthews) and 2012 4th round pick (99th overall subsequently traded, Ben Jones)",Casey Matthews),assetsReceived.philadelphia-eagles.3,assetsReceived.philadelphia-eagles.1
B_SUBSEQUENTLY_TRADED_MANUAL,src/data/nfl/trades.backup-before-landmark-patch-2026-07-02T04-05-46-376Z.json,4286,2012-2nd-round-pick-36th-overall-derek-wolfe-and-2012-4th-round-pick-101st-overall-omar-bo,DEN-2012-04-26-0326,,,Tampa Bay Buccaneers Win,Doug Martin,tampa-bay-buccaneers,tampa-bay-buccaneers,"2012 1st round pick (31st overall, Doug Martin) and 2012 4th round pick (126th overall subsequently traded, Jared Crick)",Doug Martin),assetsReceived.tampa-bay-buccaneers.0,assetsReceived.tampa-bay-buccaneers.2
B_SUBSEQUENTLY_TRADED_MANUAL,src/data/nfl/trades.backup-before-landmark-patch-2026-07-02T04-05-46-376Z.json,4287,2012-1st-round-pick-5th-overall-tampa-bay-buccaneers-2012,JAX-2012-0054,,,Tampa Bay Buccaneers Win,Mark Barron,tampa-bay-buccaneers,tampa-bay-buccaneers,"2012 1st round pick (7th overall, Mark Barron), 2012 4th round pick (101st overall subsequently traded, Omar Bolden)",Mark Barron),assetsReceived.tampa-bay-buccaneers.0,assetsReceived.tampa-bay-buccaneers.2
B_SUBSEQUENTLY_TRADED_MANUAL,src/data/nfl/trades.backup-before-landmark-patch-2026-07-02T04-05-46-376Z.json,4408,2014-7th-round-pick-221st-overall-randell-johnson-and-2015-5th-round-pick-137th,BUF-2014-0285,,,Buffalo Bills Win,Randell Johnson,buffalo-bills,buffalo-bills,"2014 7th round pick (221st overall, Randell Johnson) and 2015 5th round pick (137th overall subsequently traded, Grady Jarrett)",Randell Johnson),assetsReceived.buffalo-bills.0,assetsReceived.buffalo-bills.2
B_SUBSEQUENTLY_TRADED_MANUAL,src/data/nfl/trades.backup-before-landmark-patch-2026-07-02T04-05-46-376Z.json,4446,2015-2nd-round-pick-61st-overall-indianapolis-colts-2015,TB-2015-0233,,,Tampa Bay Buccaneers Win,Ali Marpet,tampa-bay-buccaneers,tampa-bay-buccaneers,"2015 2nd round pick (61st overall, Ali Marpet) and 2015 4th round pick (128th overall subsequently traded, Jon Feliciano)",Ali Marpet),assetsReceived.tampa-bay-buccaneers.3,assetsReceived.tampa-bay-buccaneers.1
B_SUBSEQUENTLY_TRADED_MANUAL,src/data/nfl/trades.backup-before-landmark-patch-2026-07-02T04-05-46-376Z.json,4488,2016-1st-round-pick-11th-overall-chicago-bears-2016,TB-2016-0235,,,Chicago Bears Win,Vernon Hargreaves,tampa-bay-buccaneers,tampa-bay-buccaneers,"2016 1st round pick (11th overall, Vernon Hargreaves) and 2016 4th round pick (106th overall subsequently traded, Eric Murray)",Vernon Hargreaves),assetsReceived.tampa-bay-buccaneers.3,assetsReceived.tampa-bay-buccaneers.1
B_SUBSEQUENTLY_TRADED_MANUAL,src/data/nfl/trades.backup-before-landmark-patch-2026-07-02T04-05-46-376Z.json,4562,2017-7th-round-pick-237th-overall-buccaneers-2017,MIA-2017-0273,,,Miami Dolphins Win,Isaiah Ford,miami-dolphins,miami-dolphins,"2017 7th round pick (237th overall, Isaiah Ford) and 2018 7th round pick (223rd overall subsequently traded, Jullian Taylor)",Isaiah Ford),assetsReceived.miami-dolphins.0,assetsReceived.miami-dolphins.2
B_SUBSEQUENTLY_TRADED_MANUAL,src/data/nfl/trades.backup-before-landmark-patch-2026-07-02T04-05-46-376Z.json,4648,2018-4th-round-pick-102nd-overall-jalyn-holmes-tampa-bay-buccaneers-2018,MIN-2018-0260,,,Tampa Bay Buccaneers Win,Jalyn Holmes,minnesota-vikings,minnesota-vikings,"2018 4th round pick (102nd overall, Jalyn Holmes) and 2018 6th round pick (180th overall subsequently traded, Folorunso Fatukasi)",Jalyn Holmes),assetsReceived.minnesota-vikings.0,assetsReceived.minnesota-vikings.2
B_SUBSEQUENTLY_TRADED_MANUAL,src/data/nfl/trades.backup-before-landmark-patch-2026-07-02T04-05-46-376Z.json,4827,2020-1st-round-pick-14th-overall-javon-kinlaw-tampa-bay-buccaneers-2020,SF-2020-0401,,,Tampa Bay Buccaneers Win,Javon Kinlaw,san-francisco-49ers,san-francisco-49ers,"2020 1st round pick (14th overall, Javon Kinlaw) and 2020 4th round pick (117th overall subsequently traded, D.J. Wonnum)",Javon Kinlaw),assetsReceived.san-francisco-49ers.0,assetsReceived.san-francisco-49ers.2
B_SUBSEQUENTLY_TRADED_MANUAL,src/data/nfl/trades.backup-before-landmark-patch-2026-07-02T04-05-46-376Z.json,4995,2022-1st-round-pick-27th-overall-tampa-bay-buccaneers-2022,JAX-2022-0089,,,Tampa Bay Buccaneers Win,Logan Hall,tampa-bay-buccaneers,tampa-bay-buccaneers,"2022 2nd round pick (33rd overall, Logan Hall), 2022 4th round pick (106th overall, Cade Otton), 2022 6th round pick (180th overall subsequently traded, Matt Araiza)",Logan Hall),assetsReceived.tampa-bay-buccaneers.0,assetsReceived.tampa-bay-buccaneers.2
B_SUBSEQUENTLY_TRADED_MANUAL,src/data/nfl/trades.backup-before-landmark-patch-2026-07-02T04-05-46-376Z.json,5019,2023-4th-round-pick-121st-overall-tampa-bay-buccaneers-2022,JAX-2022-0091,,,Jacksonville Jaguars Win,Zyon McCollum,tampa-bay-buccaneers,tampa-bay-buccaneers,"2022 5th round pick (157th overall, Zyon McCollum), 2022 7th round pick (235th overall subsequently traded, Daniel Hardy)",Zyon McCollum),assetsReceived.tampa-bay-buccaneers.0,assetsReceived.tampa-bay-buccaneers.2
B_SUBSEQUENTLY_TRADED_MANUAL,src/data/nfl/trades.backup-before-landmark-patch-2026-07-02T04-22-20-187Z.json,3368,1995-1st-round-pick-12th-overall-philadelphia-eagles-1995,TB-1995-0155,,,Tampa Bay Buccaneers Win,Warren Sapp,tampa-bay-buccaneers,tampa-bay-buccaneers,"1995 1st round pick (12th overall, Warren Sapp), 1995 2nd round pick (43rd overall, Melvin Johnson) and 1995 2nd round pick (63rd overall subsequently traded, Shane Hannah)",Warren Sapp),assetsReceived.tampa-bay-buccaneers.3,assetsReceived.tampa-bay-buccaneers.1
B_SUBSEQUENTLY_TRADED_MANUAL,src/data/nfl/trades.backup-before-landmark-patch-2026-07-02T04-22-20-187Z.json,3487,1998-1st-round-pick-23rd-overall-tampa-bay-buccaneers-1998,RAI-1998-0294,,,Oakland/Los Angeles/Las Vegas Raiders Win,Jacquez Green,tampa-bay-buccaneers,tampa-bay-buccaneers,"1998 2nd round pick (34th overall, Jacquez Green) and 1998 2nd round pick (59th overall subsequently traded, Mikhael Ricks)",Jacquez Green),assetsReceived.tampa-bay-buccaneers.0,assetsReceived.tampa-bay-buccaneers.2
B_SUBSEQUENTLY_TRADED_MANUAL,src/data/nfl/trades.backup-before-landmark-patch-2026-07-02T04-22-20-187Z.json,3638,2001-1st-round-pick-21st-overall-nate-clements-and-2001-2nd-round-pick-51st-over,BUF-2001-0252,,,Buffalo Bills Win,Nate Clements,buffalo-bills,buffalo-bills,"2001 1st round pick (21st overall, Nate Clements) and 2001 2nd round pick (51st overall subsequently traded, Paul Toviessi)",Nate Clements),assetsReceived.buffalo-bills.0,assetsReceived.buffalo-bills.2
B_SUBSEQUENTLY_TRADED_MANUAL,src/data/nfl/trades.backup-before-landmark-patch-2026-07-02T04-22-20-187Z.json,3832,keenan-mccardell-tampa-bay-buccaneers-2004,LAC-2004-0340,,,Los Angeles/San Diego Chargers Win,Chris Colmer,tampa-bay-buccaneers,tampa-bay-buccaneers,"2005 3rd round pick (91st overall, Chris Colmer) and 2005 6th round pick (203rd overall subsequently traded, Andrew Hoffman)",Chris Colmer),assetsReceived.tampa-bay-buccaneers.0,assetsReceived.tampa-bay-buccaneers.2
B_SUBSEQUENTLY_TRADED_MANUAL,src/data/nfl/trades.backup-before-landmark-patch-2026-07-02T04-22-20-187Z.json,4028,2008-2nd-round-pick-52nd-overall-tampa-bay-buccaneers-2008,JAX-2008-0039,,,Tampa Bay Buccaneers Win,Dexter Jackson,tampa-bay-buccaneers,tampa-bay-buccaneers,"2008 2nd round pick (58th overall, Dexter Jackson), 2008 5th round pick (158th overall subsequently traded, Kellen Davis), 2009 7th round pick (217th overall, E.J. Biggers)",Dexter Jackson),assetsReceived.tampa-bay-buccaneers.0,assetsReceived.tampa-bay-buccaneers.2
B_SUBSEQUENTLY_TRADED_MANUAL,src/data/nfl/trades.backup-before-landmark-patch-2026-07-02T04-22-20-187Z.json,4251,2011-4th-round-pick-104th-overall-philadelphia-eagles-2011,TB-2011-0215,,,Even Trade,Casey Matthews,philadelphia-eagles,philadelphia-eagles,"2011 4th round pick (116th overall, Casey Matthews) and 2012 4th round pick (99th overall subsequently traded, Ben Jones)",Casey Matthews),assetsReceived.philadelphia-eagles.3,assetsReceived.philadelphia-eagles.1
B_SUBSEQUENTLY_TRADED_MANUAL,src/data/nfl/trades.backup-before-landmark-patch-2026-07-02T04-22-20-187Z.json,4286,2012-2nd-round-pick-36th-overall-derek-wolfe-and-2012-4th-round-pick-101st-overall-omar-bo,DEN-2012-04-26-0326,,,Tampa Bay Buccaneers Win,Doug Martin,tampa-bay-buccaneers,tampa-bay-buccaneers,"2012 1st round pick (31st overall, Doug Martin) and 2012 4th round pick (126th overall subsequently traded, Jared Crick)",Doug Martin),assetsReceived.tampa-bay-buccaneers.0,assetsReceived.tampa-bay-buccaneers.2
B_SUBSEQUENTLY_TRADED_MANUAL,src/data/nfl/trades.backup-before-landmark-patch-2026-07-02T04-22-20-187Z.json,4287,2012-1st-round-pick-5th-overall-tampa-bay-buccaneers-2012,JAX-2012-0054,,,Tampa Bay Buccaneers Win,Mark Barron,tampa-bay-buccaneers,tampa-bay-buccaneers,"2012 1st round pick (7th overall, Mark Barron), 2012 4th round pick (101st overall subsequently traded, Omar Bolden)",Mark Barron),assetsReceived.tampa-bay-buccaneers.0,assetsReceived.tampa-bay-buccaneers.2
B_SUBSEQUENTLY_TRADED_MANUAL,src/data/nfl/trades.backup-before-landmark-patch-2026-07-02T04-22-20-187Z.json,4408,2014-7th-round-pick-221st-overall-randell-johnson-and-2015-5th-round-pick-137th,BUF-2014-0285,,,Buffalo Bills Win,Randell Johnson,buffalo-bills,buffalo-bills,"2014 7th round pick (221st overall, Randell Johnson) and 2015 5th round pick (137th overall subsequently traded, Grady Jarrett)",Randell Johnson),assetsReceived.buffalo-bills.0,assetsReceived.buffalo-bills.2
B_SUBSEQUENTLY_TRADED_MANUAL,src/data/nfl/trades.backup-before-landmark-patch-2026-07-02T04-22-20-187Z.json,4446,2015-2nd-round-pick-61st-overall-indianapolis-colts-2015,TB-2015-0233,,,Tampa Bay Buccaneers Win,Ali Marpet,tampa-bay-buccaneers,tampa-bay-buccaneers,"2015 2nd round pick (61st overall, Ali Marpet) and 2015 4th round pick (128th overall subsequently traded, Jon Feliciano)",Ali Marpet),assetsReceived.tampa-bay-buccaneers.3,assetsReceived.tampa-bay-buccaneers.1
B_SUBSEQUENTLY_TRADED_MANUAL,src/data/nfl/trades.backup-before-landmark-patch-2026-07-02T04-22-20-187Z.json,4488,2016-1st-round-pick-11th-overall-chicago-bears-2016,TB-2016-0235,,,Chicago Bears Win,Vernon Hargreaves,tampa-bay-buccaneers,tampa-bay-buccaneers,"2016 1st round pick (11th overall, Vernon Hargreaves) and 2016 4th round pick (106th overall subsequently traded, Eric Murray)",Vernon Hargreaves),assetsReceived.tampa-bay-buccaneers.3,assetsReceived.tampa-bay-buccaneers.1
B_SUBSEQUENTLY_TRADED_MANUAL,src/data/nfl/trades.backup-before-landmark-patch-2026-07-02T04-22-20-187Z.json,4562,2017-7th-round-pick-237th-overall-buccaneers-2017,MIA-2017-0273,,,Miami Dolphins Win,Isaiah Ford,miami-dolphins,miami-dolphins,"2017 7th round pick (237th overall, Isaiah Ford) and 2018 7th round pick (223rd overall subsequently traded, Jullian Taylor)",Isaiah Ford),assetsReceived.miami-dolphins.0,assetsReceived.miami-dolphins.2
B_SUBSEQUENTLY_TRADED_MANUAL,src/data/nfl/trades.backup-before-landmark-patch-2026-07-02T04-22-20-187Z.json,4648,2018-4th-round-pick-102nd-overall-jalyn-holmes-tampa-bay-buccaneers-2018,MIN-2018-0260,,,Tampa Bay Buccaneers Win,Jalyn Holmes,minnesota-vikings,minnesota-vikings,"2018 4th round pick (102nd overall, Jalyn Holmes) and 2018 6th round pick (180th overall subsequently traded, Folorunso Fatukasi)",Jalyn Holmes),assetsReceived.minnesota-vikings.0,assetsReceived.minnesota-vikings.2
B_SUBSEQUENTLY_TRADED_MANUAL,src/data/nfl/trades.backup-before-landmark-patch-2026-07-02T04-22-20-187Z.json,4827,2020-1st-round-pick-14th-overall-javon-kinlaw-tampa-bay-buccaneers-2020,SF-2020-0401,,,Tampa Bay Buccaneers Win,Javon Kinlaw,san-francisco-49ers,san-francisco-49ers,"2020 1st round pick (14th overall, Javon Kinlaw) and 2020 4th round pick (117th overall subsequently traded, D.J. Wonnum)",Javon Kinlaw),assetsReceived.san-francisco-49ers.0,assetsReceived.san-francisco-49ers.2
B_SUBSEQUENTLY_TRADED_MANUAL,src/data/nfl/trades.backup-before-landmark-patch-2026-07-02T04-22-20-187Z.json,4995,2022-1st-round-pick-27th-overall-tampa-bay-buccaneers-2022,JAX-2022-0089,,,Tampa Bay Buccaneers Win,Logan Hall,tampa-bay-buccaneers,tampa-bay-buccaneers,"2022 2nd round pick (33rd overall, Logan Hall), 2022 4th round pick (106th overall, Cade Otton), 2022 6th round pick (180th overall subsequently traded, Matt Araiza)",Logan Hall),assetsReceived.tampa-bay-buccaneers.0,assetsReceived.tampa-bay-buccaneers.2
B_SUBSEQUENTLY_TRADED_MANUAL,src/data/nfl/trades.backup-before-landmark-patch-2026-07-02T04-22-20-187Z.json,5019,2023-4th-round-pick-121st-overall-tampa-bay-buccaneers-2022,JAX-2022-0091,,,Jacksonville Jaguars Win,Zyon McCollum,tampa-bay-buccaneers,tampa-bay-buccaneers,"2022 5th round pick (157th overall, Zyon McCollum), 2022 7th round pick (235th overall subsequently traded, Daniel Hardy)",Zyon McCollum),assetsReceived.tampa-bay-buccaneers.0,assetsReceived.tampa-bay-buccaneers.2
B_SUBSEQUENTLY_TRADED_MANUAL,src/data/nfl/trades.backup-before-parsons-premium.json,3368,1995-1st-round-pick-12th-overall-philadelphia-eagles-1995,TB-1995-0155,,,Tampa Bay Buccaneers Win,Warren Sapp,tampa-bay-buccaneers,tampa-bay-buccaneers,"1995 1st round pick (12th overall, Warren Sapp), 1995 2nd round pick (43rd overall, Melvin Johnson) and 1995 2nd round pick (63rd overall subsequently traded, Shane Hannah)",Warren Sapp),assetsReceived.tampa-bay-buccaneers.3,assetsReceived.tampa-bay-buccaneers.1
B_SUBSEQUENTLY_TRADED_MANUAL,src/data/nfl/trades.backup-before-parsons-premium.json,3487,1998-1st-round-pick-23rd-overall-tampa-bay-buccaneers-1998,RAI-1998-0294,,,Oakland/Los Angeles/Las Vegas Raiders Win,Jacquez Green,tampa-bay-buccaneers,tampa-bay-buccaneers,"1998 2nd round pick (34th overall, Jacquez Green) and 1998 2nd round pick (59th overall subsequently traded, Mikhael Ricks)",Jacquez Green),assetsReceived.tampa-bay-buccaneers.0,assetsReceived.tampa-bay-buccaneers.2
B_SUBSEQUENTLY_TRADED_MANUAL,src/data/nfl/trades.backup-before-parsons-premium.json,3638,2001-1st-round-pick-21st-overall-nate-clements-and-2001-2nd-round-pick-51st-over,BUF-2001-0252,,,Buffalo Bills Win,Nate Clements,buffalo-bills,buffalo-bills,"2001 1st round pick (21st overall, Nate Clements) and 2001 2nd round pick (51st overall subsequently traded, Paul Toviessi)",Nate Clements),assetsReceived.buffalo-bills.0,assetsReceived.buffalo-bills.2
B_SUBSEQUENTLY_TRADED_MANUAL,src/data/nfl/trades.backup-before-parsons-premium.json,3832,keenan-mccardell-tampa-bay-buccaneers-2004,LAC-2004-0340,,,Los Angeles/San Diego Chargers Win,Chris Colmer,tampa-bay-buccaneers,tampa-bay-buccaneers,"2005 3rd round pick (91st overall, Chris Colmer) and 2005 6th round pick (203rd overall subsequently traded, Andrew Hoffman)",Chris Colmer),assetsReceived.tampa-bay-buccaneers.0,assetsReceived.tampa-bay-buccaneers.2
B_SUBSEQUENTLY_TRADED_MANUAL,src/data/nfl/trades.backup-before-parsons-premium.json,4028,2008-2nd-round-pick-52nd-overall-tampa-bay-buccaneers-2008,JAX-2008-0039,,,Tampa Bay Buccaneers Win,Dexter Jackson,tampa-bay-buccaneers,tampa-bay-buccaneers,"2008 2nd round pick (58th overall, Dexter Jackson), 2008 5th round pick (158th overall subsequently traded, Kellen Davis), 2009 7th round pick (217th overall, E.J. Biggers)",Dexter Jackson),assetsReceived.tampa-bay-buccaneers.0,assetsReceived.tampa-bay-buccaneers.2
B_SUBSEQUENTLY_TRADED_MANUAL,src/data/nfl/trades.backup-before-parsons-premium.json,4251,2011-4th-round-pick-104th-overall-philadelphia-eagles-2011,TB-2011-0215,,,Even Trade,Casey Matthews,philadelphia-eagles,philadelphia-eagles,"2011 4th round pick (116th overall, Casey Matthews) and 2012 4th round pick (99th overall subsequently traded, Ben Jones)",Casey Matthews),assetsReceived.philadelphia-eagles.3,assetsReceived.philadelphia-eagles.1
B_SUBSEQUENTLY_TRADED_MANUAL,src/data/nfl/trades.backup-before-parsons-premium.json,4286,2012-2nd-round-pick-36th-overall-derek-wolfe-and-2012-4th-round-pick-101st-overall-omar-bo,DEN-2012-04-26-0326,,,Tampa Bay Buccaneers Win,Doug Martin,tampa-bay-buccaneers,tampa-bay-buccaneers,"2012 1st round pick (31st overall, Doug Martin) and 2012 4th round pick (126th overall subsequently traded, Jared Crick)",Doug Martin),assetsReceived.tampa-bay-buccaneers.0,assetsReceived.tampa-bay-buccaneers.2
B_SUBSEQUENTLY_TRADED_MANUAL,src/data/nfl/trades.backup-before-parsons-premium.json,4287,2012-1st-round-pick-5th-overall-tampa-bay-buccaneers-2012,JAX-2012-0054,,,Tampa Bay Buccaneers Win,Mark Barron,tampa-bay-buccaneers,tampa-bay-buccaneers,"2012 1st round pick (7th overall, Mark Barron), 2012 4th round pick (101st overall subsequently traded, Omar Bolden)",Mark Barron),assetsReceived.tampa-bay-buccaneers.0,assetsReceived.tampa-bay-buccaneers.2
B_SUBSEQUENTLY_TRADED_MANUAL,src/data/nfl/trades.backup-before-parsons-premium.json,4408,2014-7th-round-pick-221st-overall-randell-johnson-and-2015-5th-round-pick-137th,BUF-2014-0285,,,Buffalo Bills Win,Randell Johnson,buffalo-bills,buffalo-bills,"2014 7th round pick (221st overall, Randell Johnson) and 2015 5th round pick (137th overall subsequently traded, Grady Jarrett)",Randell Johnson),assetsReceived.buffalo-bills.0,assetsReceived.buffalo-bills.2
B_SUBSEQUENTLY_TRADED_MANUAL,src/data/nfl/trades.backup-before-parsons-premium.json,4446,2015-2nd-round-pick-61st-overall-indianapolis-colts-2015,TB-2015-0233,,,Tampa Bay Buccaneers Win,Ali Marpet,tampa-bay-buccaneers,tampa-bay-buccaneers,"2015 2nd round pick (61st overall, Ali Marpet) and 2015 4th round pick (128th overall subsequently traded, Jon Feliciano)",Ali Marpet),assetsReceived.tampa-bay-buccaneers.3,assetsReceived.tampa-bay-buccaneers.1
B_SUBSEQUENTLY_TRADED_MANUAL,src/data/nfl/trades.backup-before-parsons-premium.json,4488,2016-1st-round-pick-11th-overall-chicago-bears-2016,TB-2016-0235,,,Chicago Bears Win,Vernon Hargreaves,tampa-bay-buccaneers,tampa-bay-buccaneers,"2016 1st round pick (11th overall, Vernon Hargreaves) and 2016 4th round pick (106th overall subsequently traded, Eric Murray)",Vernon Hargreaves),assetsReceived.tampa-bay-buccaneers.3,assetsReceived.tampa-bay-buccaneers.1
B_SUBSEQUENTLY_TRADED_MANUAL,src/data/nfl/trades.backup-before-parsons-premium.json,4562,2017-7th-round-pick-237th-overall-buccaneers-2017,MIA-2017-0273,,,Miami Dolphins Win,Isaiah Ford,miami-dolphins,miami-dolphins,"2017 7th round pick (237th overall, Isaiah Ford) and 2018 7th round pick (223rd overall subsequently traded, Jullian Taylor)",Isaiah Ford),assetsReceived.miami-dolphins.0,assetsReceived.miami-dolphins.2
B_SUBSEQUENTLY_TRADED_MANUAL,src/data/nfl/trades.backup-before-parsons-premium.json,4648,2018-4th-round-pick-102nd-overall-jalyn-holmes-tampa-bay-buccaneers-2018,MIN-2018-0260,,,Tampa Bay Buccaneers Win,Jalyn Holmes,minnesota-vikings,minnesota-vikings,"2018 4th round pick (102nd overall, Jalyn Holmes) and 2018 6th round pick (180th overall subsequently traded, Folorunso Fatukasi)",Jalyn Holmes),assetsReceived.minnesota-vikings.0,assetsReceived.minnesota-vikings.2
B_SUBSEQUENTLY_TRADED_MANUAL,src/data/nfl/trades.backup-before-parsons-premium.json,4827,2020-1st-round-pick-14th-overall-javon-kinlaw-tampa-bay-buccaneers-2020,SF-2020-0401,,,Tampa Bay Buccaneers Win,Javon Kinlaw,san-francisco-49ers,san-francisco-49ers,"2020 1st round pick (14th overall, Javon Kinlaw) and 2020 4th round pick (117th overall subsequently traded, D.J. Wonnum)",Javon Kinlaw),assetsReceived.san-francisco-49ers.0,assetsReceived.san-francisco-49ers.2
B_SUBSEQUENTLY_TRADED_MANUAL,src/data/nfl/trades.backup-before-parsons-premium.json,4995,2022-1st-round-pick-27th-overall-tampa-bay-buccaneers-2022,JAX-2022-0089,,,Tampa Bay Buccaneers Win,Logan Hall,tampa-bay-buccaneers,tampa-bay-buccaneers,"2022 2nd round pick (33rd overall, Logan Hall), 2022 4th round pick (106th overall, Cade Otton), 2022 6th round pick (180th overall subsequently traded, Matt Araiza)",Logan Hall),assetsReceived.tampa-bay-buccaneers.0,assetsReceived.tampa-bay-buccaneers.2
B_SUBSEQUENTLY_TRADED_MANUAL,src/data/nfl/trades.backup-before-parsons-premium.json,5019,2023-4th-round-pick-121st-overall-tampa-bay-buccaneers-2022,JAX-2022-0091,,,Jacksonville Jaguars Win,Zyon McCollum,tampa-bay-buccaneers,tampa-bay-buccaneers,"2022 5th round pick (157th overall, Zyon McCollum), 2022 7th round pick (235th overall subsequently traded, Daniel Hardy)",Zyon McCollum),assetsReceived.tampa-bay-buccaneers.0,assetsReceived.tampa-bay-buccaneers.2
B_SUBSEQUENTLY_TRADED_MANUAL,src/data/nfl/trades.backup-before-sectioned-landmark-format.json,3368,1995-1st-round-pick-12th-overall-philadelphia-eagles-1995,TB-1995-0155,,,Tampa Bay Buccaneers Win,Warren Sapp,tampa-bay-buccaneers,tampa-bay-buccaneers,"1995 1st round pick (12th overall, Warren Sapp), 1995 2nd round pick (43rd overall, Melvin Johnson) and 1995 2nd round pick (63rd overall subsequently traded, Shane Hannah)",Warren Sapp),assetsReceived.tampa-bay-buccaneers.3,assetsReceived.tampa-bay-buccaneers.1
B_SUBSEQUENTLY_TRADED_MANUAL,src/data/nfl/trades.backup-before-sectioned-landmark-format.json,3487,1998-1st-round-pick-23rd-overall-tampa-bay-buccaneers-1998,RAI-1998-0294,,,Oakland/Los Angeles/Las Vegas Raiders Win,Jacquez Green,tampa-bay-buccaneers,tampa-bay-buccaneers,"1998 2nd round pick (34th overall, Jacquez Green) and 1998 2nd round pick (59th overall subsequently traded, Mikhael Ricks)",Jacquez Green),assetsReceived.tampa-bay-buccaneers.0,assetsReceived.tampa-bay-buccaneers.2
B_SUBSEQUENTLY_TRADED_MANUAL,src/data/nfl/trades.backup-before-sectioned-landmark-format.json,3638,2001-1st-round-pick-21st-overall-nate-clements-and-2001-2nd-round-pick-51st-over,BUF-2001-0252,,,Buffalo Bills Win,Nate Clements,buffalo-bills,buffalo-bills,"2001 1st round pick (21st overall, Nate Clements) and 2001 2nd round pick (51st overall subsequently traded, Paul Toviessi)",Nate Clements),assetsReceived.buffalo-bills.0,assetsReceived.buffalo-bills.2
B_SUBSEQUENTLY_TRADED_MANUAL,src/data/nfl/trades.backup-before-sectioned-landmark-format.json,3832,keenan-mccardell-tampa-bay-buccaneers-2004,LAC-2004-0340,,,Los Angeles/San Diego Chargers Win,Chris Colmer,tampa-bay-buccaneers,tampa-bay-buccaneers,"2005 3rd round pick (91st overall, Chris Colmer) and 2005 6th round pick (203rd overall subsequently traded, Andrew Hoffman)",Chris Colmer),assetsReceived.tampa-bay-buccaneers.0,assetsReceived.tampa-bay-buccaneers.2
B_SUBSEQUENTLY_TRADED_MANUAL,src/data/nfl/trades.backup-before-sectioned-landmark-format.json,4028,2008-2nd-round-pick-52nd-overall-tampa-bay-buccaneers-2008,JAX-2008-0039,,,Tampa Bay Buccaneers Win,Dexter Jackson,tampa-bay-buccaneers,tampa-bay-buccaneers,"2008 2nd round pick (58th overall, Dexter Jackson), 2008 5th round pick (158th overall subsequently traded, Kellen Davis), 2009 7th round pick (217th overall, E.J. Biggers)",Dexter Jackson),assetsReceived.tampa-bay-buccaneers.0,assetsReceived.tampa-bay-buccaneers.2
B_SUBSEQUENTLY_TRADED_MANUAL,src/data/nfl/trades.backup-before-sectioned-landmark-format.json,4251,2011-4th-round-pick-104th-overall-philadelphia-eagles-2011,TB-2011-0215,,,Even Trade,Casey Matthews,philadelphia-eagles,philadelphia-eagles,"2011 4th round pick (116th overall, Casey Matthews) and 2012 4th round pick (99th overall subsequently traded, Ben Jones)",Casey Matthews),assetsReceived.philadelphia-eagles.3,assetsReceived.philadelphia-eagles.1
B_SUBSEQUENTLY_TRADED_MANUAL,src/data/nfl/trades.backup-before-sectioned-landmark-format.json,4286,2012-2nd-round-pick-36th-overall-derek-wolfe-and-2012-4th-round-pick-101st-overall-omar-bo,DEN-2012-04-26-0326,,,Tampa Bay Buccaneers Win,Doug Martin,tampa-bay-buccaneers,tampa-bay-buccaneers,"2012 1st round pick (31st overall, Doug Martin) and 2012 4th round pick (126th overall subsequently traded, Jared Crick)",Doug Martin),assetsReceived.tampa-bay-buccaneers.0,assetsReceived.tampa-bay-buccaneers.2
B_SUBSEQUENTLY_TRADED_MANUAL,src/data/nfl/trades.backup-before-sectioned-landmark-format.json,4287,2012-1st-round-pick-5th-overall-tampa-bay-buccaneers-2012,JAX-2012-0054,,,Tampa Bay Buccaneers Win,Mark Barron,tampa-bay-buccaneers,tampa-bay-buccaneers,"2012 1st round pick (7th overall, Mark Barron), 2012 4th round pick (101st overall subsequently traded, Omar Bolden)",Mark Barron),assetsReceived.tampa-bay-buccaneers.0,assetsReceived.tampa-bay-buccaneers.2
B_SUBSEQUENTLY_TRADED_MANUAL,src/data/nfl/trades.backup-before-sectioned-landmark-format.json,4408,2014-7th-round-pick-221st-overall-randell-johnson-and-2015-5th-round-pick-137th,BUF-2014-0285,,,Buffalo Bills Win,Randell Johnson,buffalo-bills,buffalo-bills,"2014 7th round pick (221st overall, Randell Johnson) and 2015 5th round pick (137th overall subsequently traded, Grady Jarrett)",Randell Johnson),assetsReceived.buffalo-bills.0,assetsReceived.buffalo-bills.2
B_SUBSEQUENTLY_TRADED_MANUAL,src/data/nfl/trades.backup-before-sectioned-landmark-format.json,4446,2015-2nd-round-pick-61st-overall-indianapolis-colts-2015,TB-2015-0233,,,Tampa Bay Buccaneers Win,Ali Marpet,tampa-bay-buccaneers,tampa-bay-buccaneers,"2015 2nd round pick (61st overall, Ali Marpet) and 2015 4th round pick (128th overall subsequently traded, Jon Feliciano)",Ali Marpet),assetsReceived.tampa-bay-buccaneers.3,assetsReceived.tampa-bay-buccaneers.1
B_SUBSEQUENTLY_TRADED_MANUAL,src/data/nfl/trades.backup-before-sectioned-landmark-format.json,4488,2016-1st-round-pick-11th-overall-chicago-bears-2016,TB-2016-0235,,,Chicago Bears Win,Vernon Hargreaves,tampa-bay-buccaneers,tampa-bay-buccaneers,"2016 1st round pick (11th overall, Vernon Hargreaves) and 2016 4th round pick (106th overall subsequently traded, Eric Murray)",Vernon Hargreaves),assetsReceived.tampa-bay-buccaneers.3,assetsReceived.tampa-bay-buccaneers.1
B_SUBSEQUENTLY_TRADED_MANUAL,src/data/nfl/trades.backup-before-sectioned-landmark-format.json,4562,2017-7th-round-pick-237th-overall-buccaneers-2017,MIA-2017-0273,,,Miami Dolphins Win,Isaiah Ford,miami-dolphins,miami-dolphins,"2017 7th round pick (237th overall, Isaiah Ford) and 2018 7th round pick (223rd overall subsequently traded, Jullian Taylor)",Isaiah Ford),assetsReceived.miami-dolphins.0,assetsReceived.miami-dolphins.2
B_SUBSEQUENTLY_TRADED_MANUAL,src/data/nfl/trades.backup-before-sectioned-landmark-format.json,4648,2018-4th-round-pick-102nd-overall-jalyn-holmes-tampa-bay-buccaneers-2018,MIN-2018-0260,,,Tampa Bay Buccaneers Win,Jalyn Holmes,minnesota-vikings,minnesota-vikings,"2018 4th round pick (102nd overall, Jalyn Holmes) and 2018 6th round pick (180th overall subsequently traded, Folorunso Fatukasi)",Jalyn Holmes),assetsReceived.minnesota-vikings.0,assetsReceived.minnesota-vikings.2
B_SUBSEQUENTLY_TRADED_MANUAL,src/data/nfl/trades.backup-before-sectioned-landmark-format.json,4827,2020-1st-round-pick-14th-overall-javon-kinlaw-tampa-bay-buccaneers-2020,SF-2020-0401,,,Tampa Bay Buccaneers Win,Javon Kinlaw,san-francisco-49ers,san-francisco-49ers,"2020 1st round pick (14th overall, Javon Kinlaw) and 2020 4th round pick (117th overall subsequently traded, D.J. Wonnum)",Javon Kinlaw),assetsReceived.san-francisco-49ers.0,assetsReceived.san-francisco-49ers.2
B_SUBSEQUENTLY_TRADED_MANUAL,src/data/nfl/trades.backup-before-sectioned-landmark-format.json,4995,2022-1st-round-pick-27th-overall-tampa-bay-buccaneers-2022,JAX-2022-0089,,,Tampa Bay Buccaneers Win,Logan Hall,tampa-bay-buccaneers,tampa-bay-buccaneers,"2022 2nd round pick (33rd overall, Logan Hall), 2022 4th round pick (106th overall, Cade Otton), 2022 6th round pick (180th overall subsequently traded, Matt Araiza)",Logan Hall),assetsReceived.tampa-bay-buccaneers.0,assetsReceived.tampa-bay-buccaneers.2
B_SUBSEQUENTLY_TRADED_MANUAL,src/data/nfl/trades.backup-before-sectioned-landmark-format.json,5019,2023-4th-round-pick-121st-overall-tampa-bay-buccaneers-2022,JAX-2022-0091,,,Jacksonville Jaguars Win,Zyon McCollum,tampa-bay-buccaneers,tampa-bay-buccaneers,"2022 5th round pick (157th overall, Zyon McCollum), 2022 7th round pick (235th overall subsequently traded, Daniel Hardy)",Zyon McCollum),assetsReceived.tampa-bay-buccaneers.0,assetsReceived.tampa-bay-buccaneers.2
B_SUBSEQUENTLY_TRADED_MANUAL,src/data/nfl/trades.before-modern-alias-cleanup.json,3368,1995-1st-round-pick-12th-overall-philadelphia-eagles-1995,TB-1995-0155,,,Tampa Bay Buccaneers Win,Warren Sapp,tampa-bay-buccaneers,tampa-bay-buccaneers,"1995 1st round pick (12th overall, Warren Sapp), 1995 2nd round pick (43rd overall, Melvin Johnson) and 1995 2nd round pick (63rd overall subsequently traded, Shane Hannah)",Warren Sapp),assetsReceived.tampa-bay-buccaneers.3,assetsReceived.tampa-bay-buccaneers.1
B_SUBSEQUENTLY_TRADED_MANUAL,src/data/nfl/trades.before-modern-alias-cleanup.json,3487,1998-1st-round-pick-23rd-overall-tampa-bay-buccaneers-1998,RAI-1998-0294,,,Tampa Bay Buccaneers Win,Jacquez Green,tampa-bay-buccaneers,tampa-bay-buccaneers,"1998 2nd round pick (34th overall, Jacquez Green) and 1998 2nd round pick (59th overall subsequently traded, Mikhael Ricks)",Jacquez Green),assetsReceived.tampa-bay-buccaneers.0,assetsReceived.tampa-bay-buccaneers.2
B_SUBSEQUENTLY_TRADED_MANUAL,src/data/nfl/trades.before-modern-alias-cleanup.json,3638,2001-1st-round-pick-21st-overall-nate-clements-and-2001-2nd-round-pick-51st-over,BUF-2001-0252,,,Buffalo Bills Win,Nate Clements,buffalo-bills,buffalo-bills,"2001 1st round pick (21st overall, Nate Clements) and 2001 2nd round pick (51st overall subsequently traded, Paul Toviessi)",Nate Clements),assetsReceived.buffalo-bills.0,assetsReceived.buffalo-bills.2
B_SUBSEQUENTLY_TRADED_MANUAL,src/data/nfl/trades.before-modern-alias-cleanup.json,3832,keenan-mccardell-tampa-bay-buccaneers-2004,LAC-2004-0340,,,Los Angeles/San Diego Chargers Win,Chris Colmer,tampa-bay-buccaneers,tampa-bay-buccaneers,"2005 3rd round pick (91st overall, Chris Colmer) and 2005 6th round pick (203rd overall subsequently traded, Andrew Hoffman)",Chris Colmer),assetsReceived.tampa-bay-buccaneers.0,assetsReceived.tampa-bay-buccaneers.2
B_SUBSEQUENTLY_TRADED_MANUAL,src/data/nfl/trades.before-modern-alias-cleanup.json,4029,2008-2nd-round-pick-52nd-overall-tampa-bay-buccaneers-2008,JAX-2008-0039,,,Tampa Bay Buccaneers Win,Dexter Jackson,tampa-bay-buccaneers,tampa-bay-buccaneers,"2008 2nd round pick (58th overall, Dexter Jackson), 2008 5th round pick (158th overall subsequently traded, Kellen Davis), 2009 7th round pick (217th overall, E.J. Biggers)",Dexter Jackson),assetsReceived.tampa-bay-buccaneers.0,assetsReceived.tampa-bay-buccaneers.2
B_SUBSEQUENTLY_TRADED_MANUAL,src/data/nfl/trades.before-modern-alias-cleanup.json,4252,2011-4th-round-pick-104th-overall-philadelphia-eagles-2011,TB-2011-0215,,,Even Trade,Casey Matthews,philadelphia-eagles,philadelphia-eagles,"2011 4th round pick (116th overall, Casey Matthews) and 2012 4th round pick (99th overall subsequently traded, Ben Jones)",Casey Matthews),assetsReceived.philadelphia-eagles.3,assetsReceived.philadelphia-eagles.1
B_SUBSEQUENTLY_TRADED_MANUAL,src/data/nfl/trades.before-modern-alias-cleanup.json,4288,2012-2nd-round-pick-36th-overall-derek-wolfe-and-2012-4th-round-pick-101st-overall-omar-bo,DEN-2012-04-26-0326,,,Tampa Bay Buccaneers Win,Doug Martin,tampa-bay-buccaneers,tampa-bay-buccaneers,"2012 1st round pick (31st overall, Doug Martin) and 2012 4th round pick (126th overall subsequently traded, Jared Crick)",Doug Martin),assetsReceived.tampa-bay-buccaneers.0,assetsReceived.tampa-bay-buccaneers.2
B_SUBSEQUENTLY_TRADED_MANUAL,src/data/nfl/trades.before-modern-alias-cleanup.json,4289,2012-1st-round-pick-5th-overall-tampa-bay-buccaneers-2012,JAX-2012-0054,,,Tampa Bay Buccaneers Win,Mark Barron,tampa-bay-buccaneers,tampa-bay-buccaneers,"2012 1st round pick (7th overall, Mark Barron), 2012 4th round pick (101st overall subsequently traded, Omar Bolden)",Mark Barron),assetsReceived.tampa-bay-buccaneers.0,assetsReceived.tampa-bay-buccaneers.2
B_SUBSEQUENTLY_TRADED_MANUAL,src/data/nfl/trades.before-modern-alias-cleanup.json,4410,2014-7th-round-pick-221st-overall-randell-johnson-and-2015-5th-round-pick-137th,BUF-2014-0285,,,Buffalo Bills Win,Randell Johnson,buffalo-bills,buffalo-bills,"2014 7th round pick (221st overall, Randell Johnson) and 2015 5th round pick (137th overall subsequently traded, Grady Jarrett)",Randell Johnson),assetsReceived.buffalo-bills.0,assetsReceived.buffalo-bills.2
B_SUBSEQUENTLY_TRADED_MANUAL,src/data/nfl/trades.before-modern-alias-cleanup.json,4449,2015-2nd-round-pick-61st-overall-indianapolis-colts-2015,TB-2015-0233,,,Tampa Bay Buccaneers Win,Ali Marpet,tampa-bay-buccaneers,tampa-bay-buccaneers,"2015 2nd round pick (61st overall, Ali Marpet) and 2015 4th round pick (128th overall subsequently traded, Jon Feliciano)",Ali Marpet),assetsReceived.tampa-bay-buccaneers.3,assetsReceived.tampa-bay-buccaneers.1
B_SUBSEQUENTLY_TRADED_MANUAL,src/data/nfl/trades.before-modern-alias-cleanup.json,4491,2016-1st-round-pick-11th-overall-chicago-bears-2016,TB-2016-0235,,,Chicago Bears Win,Vernon Hargreaves,tampa-bay-buccaneers,tampa-bay-buccaneers,"2016 1st round pick (11th overall, Vernon Hargreaves) and 2016 4th round pick (106th overall subsequently traded, Eric Murray)",Vernon Hargreaves),assetsReceived.tampa-bay-buccaneers.3,assetsReceived.tampa-bay-buccaneers.1
B_SUBSEQUENTLY_TRADED_MANUAL,src/data/nfl/trades.before-modern-alias-cleanup.json,4565,2017-7th-round-pick-237th-overall-buccaneers-2017,MIA-2017-0273,,,Miami Dolphins Win,Isaiah Ford,miami-dolphins,miami-dolphins,"2017 7th round pick (237th overall, Isaiah Ford) and 2018 7th round pick (223rd overall subsequently traded, Jullian Taylor)",Isaiah Ford),assetsReceived.miami-dolphins.0,assetsReceived.miami-dolphins.2
B_SUBSEQUENTLY_TRADED_MANUAL,src/data/nfl/trades.before-modern-alias-cleanup.json,4651,2018-4th-round-pick-102nd-overall-jalyn-holmes-tampa-bay-buccaneers-2018,MIN-2018-0260,,,Tampa Bay Buccaneers Win,Jalyn Holmes,minnesota-vikings,minnesota-vikings,"2018 4th round pick (102nd overall, Jalyn Holmes) and 2018 6th round pick (180th overall subsequently traded, Folorunso Fatukasi)",Jalyn Holmes),assetsReceived.minnesota-vikings.0,assetsReceived.minnesota-vikings.2
B_SUBSEQUENTLY_TRADED_MANUAL,src/data/nfl/trades.before-modern-alias-cleanup.json,4829,2020-1st-round-pick-14th-overall-javon-kinlaw-tampa-bay-buccaneers-2020,SF-2020-0401,,,Tampa Bay Buccaneers Win,Javon Kinlaw,san-francisco-49ers,san-francisco-49ers,"2020 1st round pick (14th overall, Javon Kinlaw) and 2020 4th round pick (117th overall subsequently traded, D.J. Wonnum)",Javon Kinlaw),assetsReceived.san-francisco-49ers.0,assetsReceived.san-francisco-49ers.2
B_SUBSEQUENTLY_TRADED_MANUAL,src/data/nfl/trades.before-modern-alias-cleanup.json,4998,2022-1st-round-pick-27th-overall-tampa-bay-buccaneers-2022,JAX-2022-0089,,,Tampa Bay Buccaneers Win,Logan Hall,tampa-bay-buccaneers,tampa-bay-buccaneers,"2022 2nd round pick (33rd overall, Logan Hall), 2022 4th round pick (106th overall, Cade Otton), 2022 6th round pick (180th overall subsequently traded, Matt Araiza)",Logan Hall),assetsReceived.tampa-bay-buccaneers.0,assetsReceived.tampa-bay-buccaneers.2
B_SUBSEQUENTLY_TRADED_MANUAL,src/data/nfl/trades.before-modern-alias-cleanup.json,5022,2023-4th-round-pick-121st-overall-tampa-bay-buccaneers-2022,JAX-2022-0091,,,Jacksonville Jaguars Win,Zyon McCollum,tampa-bay-buccaneers,tampa-bay-buccaneers,"2022 5th round pick (157th overall, Zyon McCollum), 2022 7th round pick (235th overall subsequently traded, Daniel Hardy)",Zyon McCollum),assetsReceived.tampa-bay-buccaneers.0,assetsReceived.tampa-bay-buccaneers.2
B_SUBSEQUENTLY_TRADED_MANUAL,src/data/nfl/trades.json,3359,1995-1st-round-pick-12th-overall-philadelphia-eagles-1995,TB-1995-0155,,,Tampa Bay Buccaneers Win,Warren Sapp,tampa-bay-buccaneers,tampa-bay-buccaneers,"1995 1st round pick (12th overall, Warren Sapp), 1995 2nd round pick (43rd overall, Melvin Johnson) and 1995 2nd round pick (63rd overall subsequently traded, Shane Hannah)",Warren Sapp),assetsReceived.tampa-bay-buccaneers.3,assetsReceived.tampa-bay-buccaneers.1