"ordinal","reviewClass","lane","id","team","slug","assetIndex","assetType","reason","before","splitParts","existingPartMatches","projectedPartsToCreate","projectedNetAssetChange","warnings","errors"
"1","manual","CND_manual_asset_has_risk_flags","SF-1953-0010","cleveland-browns","bob-van-doren-cleveland-browns-1953","0","pick","asset risks: dash_or|or_word","1954 eighth round pick (#95-Bill Barbish) -OR- 1954 tenth round pick (#119-Don Goss)","1954 eighth round pick (#95-Bill Barbish) -OR- || 1954 tenth round pick (#119-Don Goss)","","2","1","",""
"2","manual","CND_manual_asset_has_risk_flags","SF-1953-0011","cleveland-browns","fred-bruney-cleveland-browns-1953","0","pick","asset risks: dash_or|or_word","1954 eighth round pick (#95-Bill Barbish) -OR- 1954 tenth round pick (#119-Don Goss)","1954 eighth round pick (#95-Bill Barbish) -OR- || 1954 tenth round pick (#119-Don Goss)","","2","1","",""
"3","manual","CND_manual_asset_has_risk_flags","IND-1959-0035","indianapolis-colts","1960-ninth-round-pick-106-don-perkins-anthony-awarded-1962-ninth-round-pick-116","0","pick","asset risks: explanatory_or_contingent","1960 ninth round pick (#106-Don Perkins (Anthony)) (awarded 1962 ninth round pick (#116-Roy Walker) after Perkins was ruled property of Cowboys)","1960 ninth round pick (#106-Don Perkins (Anthony)) (awarded || 1962 ninth round pick (#116-Roy Walker) after Perkins was ruled property of Cowboys)","","2","1","",""
"4","manual","CND_manual_asset_has_risk_flags","RAM-1971-0200","los-angeles-rams","1973-sixth-round-pick-133-jim-peterson-1973-second-round-pick-later-revised-to-1","2","pick","asset risks: unbalanced_parentheses|explanatory_or_contingent","later revised to 1974 first round pick when it was discovered that Redskins had previously traded 1973 second round pick) (#20-Dave Gallagher)","1974 first round pick when it was discovered that Redskins had previously traded || 1973 second round pick) (#20-Dave Gallagher)","","2","1","",""
"5","manual","CND_manual_asset_has_risk_flags","WAS-1971-0171","new-york-giants","clifton-mcneil-new-york-giants-1971","1","pick","asset risks: explanatory_or_contingent","1972 sixth round pick (later replaced with Richmond Flowers because Redskins did not have a 1972 sixth round pick)","1972 sixth round pick (later replaced with Richmond Flowers because Redskins did not have a || 1972 sixth round pick)","","2","1","",""
"6","manual","CND_manual_asset_has_risk_flags","WAS-1973-0190","tennessee-titans","alvin-reed-houston-oilers-tennessee-titans-1973","0","pick","asset risks: and_or|or_word","1974 fifth round pick (undisclosed) and/or 1974 sixth round pick (undisclosed)","1974 fifth round pick (undisclosed) and/or || 1974 sixth round pick (undisclosed)","","2","1","",""
"7","manual","CND_manual_asset_has_risk_flags","IND-1974-0170","new-orleans-saints","tom-drougas-new-orleans-saints-1974","0","pick","asset risks: slash_alternative","1975 fourth round pick (AP) / 1976 fourth round pick (?-?)","1975 fourth round pick (AP) / || 1976 fourth round pick (?-?)","","2","1","",""
"8","manual","CND_manual_asset_has_risk_flags","DEN-1974-10-22-0127","denver-broncos","jim-marsalis-later-replaced-by-1975-fourth-round-pick-84-steve-taylor-a-1975-tenth-round-p","0","pick","asset risks: explanatory_or_contingent","Jim Marsalis (later replaced by 1975 fourth round pick (#84-Steve Taylor (a)), 1975 tenth round pick (#240-Hank Engelhardt) when Marsalis failed physical)","1975 fourth round pick (#84-Steve Taylor (a)) || 1975 tenth round pick (#240-Hank Engelhardt) when Marsalis failed physical)","","2","1","",""
"9","manual","CND_manual_asset_has_risk_flags","NYG-1982-0222","new-england-patriots","undisclosed-consideration-new-england-patriots-1982","1","pick","asset risks: explanatory_or_contingent","1982 eleventh round pick > later changed to 1983 tenth round pick (#264-James Williams (c))","1982 eleventh round pick > later changed to || 1983 tenth round pick (#264-James Williams (c))","","2","1","",""
"10","manual","CND_manual_asset_has_risk_flags","SEA-1984-07-31-0046","new-england-patriots","bob-cryder-new-england-patriots-1984","0","pick","asset risks: or_word","1985 third round pick or 1986 second round pick (Patriots choice) (1986 #42-Mike Ruth)","1985 third round pick or || 1986 second round pick (Patriots choice) (1986 #42-Mike Ruth)","","2","1","",""
"11","manual","CND_manual_asset_has_risk_flags","DEN-1984-10-09-0192","cincinnati-bengals","rights-to-ricky-hunley-cincinnati-bengals-1984","1","pick","asset risks: or_word","third round pick (Buccaneers 1985 third round pick or Broncos 1986 third round pick) (1986 #78-David Fulcher)","1985 third round pick or Broncos || 1986 third round pick) (1986 #78-David Fulcher)","","2","1","",""
"12","manual","CND_manual_asset_has_risk_flags","RAI-1988-0227","washington-commanders","jay-schroeder-washington-commanders-redskins-1988","1","pick","asset risks: or_word|explanatory_or_contingent","1989 third round pick or 1989 fourth round pick and 1989 fifth round pick (Raiders option) (probably #110-Erik Affholter) (probably #139-Lybrant Robinson)","1989 third round pick or || 1989 fourth round pick || 1989 fifth round pick (Raiders option) (probably #110-Erik Affholter) (probably #139-Lybrant Robinson)","","3","2","",""
"13","manual","CND_manual_asset_has_risk_flags","TB-1992-0148","dallas-cowboys","garry-lewis-1993-eighth-round-pick-224-daron-alcorn-pick-added-at-later-date","0","pick","asset risks: explanatory_or_contingent","1993 ninth round pick (later changed to 1993 eighth round pick when 1993 draft was reduced to eight rounds) (#203-Dave Thomas)","1993 ninth round pick (later changed to || 1993 eighth round pick when 1993 draft was reduced to eight rounds) (#203-Dave Thomas)","","2","1","",""
"14","manual","CND_manual_has_obvious_delimiter_use_other_lane","NYJ-1994-0154","new-york-jets","ronald-moore-1995-1st-round-pick-16th-overall-hugh-douglas-and-1995-4th-round-pick-106th-o","0","pick","asset has obvious delimiter between pick starts; should stay out of no-delimiter lane","Ronald Moore, 1995 1st round pick (16th overall, Hugh Douglas) and 1995 4th round pick (106th overall, Melvin Hayes)","1995 1st round pick (16th overall, Hugh Douglas) || 1995 4th round pick (106th overall, Melvin Hayes)","","2","1","",""
"15","manual","CND_manual_asset_has_risk_flags","MIA-1994-0152","arizona-cardinals","1994-2nd-round-pick-65th-overall-cardinals-1994","0","pick","asset risks: explanatory_or_contingent","1994 3rd round pick (89th overall, Eric England), 1994 4th round pick (115th overall, Terry Irving) and 1994 4th round pick (121st overall subsequently traded, John Burke)","1994 3rd round pick (89th overall, Eric England) || 1994 4th round pick (115th overall, Terry Irving) || 1994 4th round pick (121st overall subsequently traded, John Burke)","","3","2","",""
"16","manual","CND_manual_has_obvious_delimiter_use_other_lane","RAM-1994-0392","los-angeles-rams","1994-1st-round-pick-15th-overall-wayne-gandy-1994-2nd-round-pick-56th-overall-br","0","pick","asset has obvious delimiter between pick starts; should stay out of no-delimiter lane","1994 1st round pick (15th overall, Wayne Gandy), 1994 2nd round pick (56th overall, Brad Ottis) and 1994 3rd round pick (100th overall, Ernest Jones)","1994 1st round pick (15th overall, Wayne Gandy) || 1994 2nd round pick (56th overall, Brad Ottis) || 1994 3rd round pick (100th overall, Ernest Jones)","","3","2","",""
"17","manual","CND_manual_has_obvious_delimiter_use_other_lane","SF-1994-0285","green-bay-packers","1994-2nd-round-pick-53rd-overall-kevin-mitchell-green-bay-packers-1994","0","pick","asset has obvious delimiter between pick starts; should stay out of no-delimiter lane","1994 3rd round pick (84th overall, LeShon Johnson), 1994 5th round pick (149th overall, Dorsey Levens) and 1994 6th round pick (175th overall, Ruffin Hamilton)","1994 3rd round pick (84th overall, LeShon Johnson) || 1994 5th round pick (149th overall, Dorsey Levens) || 1994 6th round pick (175th overall, Ruffin Hamilton)","","3","2","",""
"18","manual","CND_manual_has_obvious_delimiter_use_other_lane","LAC-1995-0318","los-angeles-chargers","1995-2nd-round-pick-34th-overall-terrance-shaw-1995-3rd-round-pick-98th-overall","0","pick","asset has obvious delimiter between pick starts; should stay out of no-delimiter lane","1995 2nd round pick (34th overall, Terrance Shaw), 1995 3rd round pick (98th overall, Preston Harrison) and 1995 4th round pick (100th overall, Chris Cowart)","1995 2nd round pick (34th overall, Terrance Shaw) || 1995 3rd round pick (98th overall, Preston Harrison) || 1995 4th round pick (100th overall, Chris Cowart)","","3","2","",""
"19","candidate_strict","CND3_strict_split_no_delimiter_multipick_bundle","SF-1995-0288","san-francisco-49ers","1995-1st-round-pick-10th-overall-j-j-stokes-traded-1996-1st-round-p-cleveland-browns-1995","0","pick","bundle exactly splits into clean standalone picks with no existing duplicate parts","1995 1st round pick (10th overall, J.J. Stokes)Traded 1996 1st round pick (26th overall, Ray Lewis) to for","1995 1st round pick (10th overall, J.J. Stokes)Traded || 1996 1st round pick (26th overall, Ray Lewis) to for","","2","1","",""
"20","manual","CND_manual_asset_has_risk_flags","SF-1995-0288","cleveland-browns","1995-1st-round-pick-10th-overall-j-j-stokes-traded-1996-1st-round-p-cleveland-browns-1995","0","pick","asset risks: explanatory_or_contingent","1995 1st round pick (30th overall, Craig Powell), 1995 3rd round pick (94th overall, Mike Frederick) and 1995 4th round pick (119th overall subsequently traded, Dave Barr)","1995 1st round pick (30th overall, Craig Powell) || 1995 3rd round pick (94th overall, Mike Frederick) || 1995 4th round pick (119th overall subsequently traded, Dave Barr)","","3","2","",""
"21","manual","CND_manual_asset_has_risk_flags","TB-1995-0155","tampa-bay-buccaneers","1995-1st-round-pick-12th-overall-philadelphia-eagles-1995","3","pick","asset risks: explanatory_or_contingent","1995 1st round pick (12th overall, Warren Sapp), 1995 2nd round pick (43rd overall, Melvin Johnson) and 1995 2nd round pick (63rd overall subsequently traded, Shane Hannah)","1995 1st round pick (12th overall, Warren Sapp) || 1995 2nd round pick (43rd overall, Melvin Johnson) || 1995 2nd round pick (63rd overall subsequently traded, Shane Hannah)","","3","2","",""
"22","manual","CND_manual_has_obvious_delimiter_use_other_lane","JAX-1995-0005","philadelphia-eagles","1995-5th-round-pick-169th-overall-philadelphia-eagles-1995","0","pick","asset has obvious delimiter between pick starts; should stay out of no-delimiter lane","1995 6th round pick (208th overall, Fred McCrary), 1995 7th round pick (210th overall, Kevin Bouie) and 1995 7th round pick (248th overall, Howard Smothers)","1995 6th round pick (208th overall, Fred McCrary) || 1995 7th round pick (210th overall, Kevin Bouie) || 1995 7th round pick (248th overall, Howard Smothers)","","3","2","",""
"23","manual","CND_manual_has_obvious_delimiter_use_other_lane","CAR-1995-0004","green-bay-packers","panthers-green-bay-packers-trade-1995-0004","0","pick","asset has obvious delimiter between pick starts; should stay out of no-delimiter lane","1995 1st round pick (32nd overall, Craig Newsome), 1995 3rd round pick (65th overall, Darius Holland) and 1995 6th round pick (173rd overall, Charlie Simmons)","1995 1st round pick (32nd overall, Craig Newsome) || 1995 3rd round pick (65th overall, Darius Holland) || 1995 6th round pick (173rd overall, Charlie Simmons)","","3","2","",""
"24","manual","CND_manual_has_obvious_delimiter_use_other_lane","NYJ-1996-0159","new-york-jets","james-brown-to-dolphins-redskins-sent-1997-6th-round-pick-180th-overall-calvin-collins-and","0","pick","asset has obvious delimiter between pick starts; should stay out of no-delimiter lane","James Brown to Dolphins. Redskins sent 1997 6th round pick (180th overall, Calvin Collins) and 1997 7th round pick (222nd overall, Chris Bayne) to Falcons. Dolphins sent 1997 5th round pick (145th overall, Raymond Austin)","1997 6th round pick (180th overall, Calvin Collins) || 1997 7th round pick (222nd overall, Chris Bayne) to Falcons. Dolphins sent || 1997 5th round pick (145th overall, Raymond Austin)","","3","2","",""
"25","manual","CND_manual_has_obvious_delimiter_use_other_lane","CHI-1996-0396","los-angeles-rams","1996-1st-round-pick-13th-overall-walt-harris-los-angeles-st-louis-rams","0","pick","asset has obvious delimiter between pick starts; should stay out of no-delimiter lane","1996 1st round pick (18th overall, Eddie Kennison), 1996 3rd round pick (83rd overall, Jerald Moore) and 1996 6th round pick (201st overall, Hayward Clay)","1996 1st round pick (18th overall, Eddie Kennison) || 1996 3rd round pick (83rd overall, Jerald Moore) || 1996 6th round pick (201st overall, Hayward Clay)","","3","2","",""
"26","manual","CND_manual_has_obvious_delimiter_use_other_lane","DEN-1996-04-20-0245","denver-broncos","1996-3rd-round-pick-65th-overall-detron-smith-1996-4th-round-pick-100th-overall-jeff-lewis","0","pick","asset has obvious delimiter between pick starts; should stay out of no-delimiter lane","1996 3rd round pick (65th overall, Detron Smith), 1996 4th round pick (100th overall, Jeff Lewis) and 1996 7th round pick (213th overall, Leslie Ratliffe)","1996 3rd round pick (65th overall, Detron Smith) || 1996 4th round pick (100th overall, Jeff Lewis) || 1996 7th round pick (213th overall, Leslie Ratliffe)","","3","2","",""
"27","manual","CND_manual_has_obvious_delimiter_use_other_lane","DEN-1996-04-20-0246","denver-broncos","1996-4th-round-pick-122nd-overall-darrius-johnson-1996-5th-round-pick-159th-overall-patric","0","pick","asset has obvious delimiter between pick starts; should stay out of no-delimiter lane","1996 4th round pick (122nd overall, Darrius Johnson), 1996 5th round pick (159th overall, Patrick Jeffers) and 1996 7th round pick (235th overall, L.T. Levine)","1996 4th round pick (122nd overall, Darrius Johnson) || 1996 5th round pick (159th overall, Patrick Jeffers) || 1996 7th round pick (235th overall, L.T. Levine)","","3","2","",""
"28","manual","CND_manual_has_obvious_delimiter_use_other_lane","DET-1996-0293","new-england-patriots","1996-3rd-round-pick-76th-overall-ryan-stewart-new-england-patriots-1996-04-20","0","pick","asset has obvious delimiter between pick starts; should stay out of no-delimiter lane","1996 3rd round pick (86th overall, Tedy Bruschi), 1996 4th round pick (119th overall, Chris Sullivan) and 1996 6th round pick (195th overall, Marrio Grier)","1996 3rd round pick (86th overall, Tedy Bruschi) || 1996 4th round pick (119th overall, Chris Sullivan) || 1996 6th round pick (195th overall, Marrio Grier)","","3","2","",""
"29","manual","CND_manual_asset_has_risk_flags","MIA-1996-0159","miami-dolphins","1996-3rd-round-pick-79th-overall-jaguars-1996","0","pick","asset risks: explanatory_or_contingent","1996 3rd round pick (79th overall, Dorian Brew), 1996 4th round pick (98th overall subsequently traded, Donnie Edwards), 1996 5th round pick (134th overall, Jerris McPhail) and 1996 5th round pick (150th overall, Shane Burton)","1996 3rd round pick (79th overall, Dorian Brew) || 1996 4th round pick (98th overall subsequently traded, Donnie Edwards) || 1996 5th round pick (134th overall, Jerris McPhail) || 1996 5th round pick (150th overall, Shane Burton)","","4","3","",""
"30","manual","CND_manual_asset_has_risk_flags","RAI-1996-0283","tennessee-titans","1996-1st-round-pick-9th-overall-houston-oilers-tennessee-titans-1996","0","pick","asset risks: explanatory_or_contingent","1996 1st round pick (17th overall subsequently traded, Reggie Brown), 1996 2nd round pick (48th overall, Jason Layman) and 1996 4th round pick (109th overall, Jon Runyan)","1996 1st round pick (17th overall subsequently traded, Reggie Brown) || 1996 2nd round pick (48th overall, Jason Layman) || 1996 4th round pick (109th overall, Jon Runyan)","","3","2","",""
"31","manual","CND_manual_asset_has_risk_flags","RAI-1996-0284","new-england-patriots","1996-2nd-round-pick-57th-overall-new-england-patriots-1996","0","pick","asset risks: explanatory_or_contingent","1996 3rd round pick (76th overall subsequently traded, Ryan Stewart), 1996 4th round pick (124th overall, Kantroy Barber) and 1996 5th round pick (149th overall, Christian Peter)","1996 3rd round pick (76th overall subsequently traded, Ryan Stewart) || 1996 4th round pick (124th overall, Kantroy Barber) || 1996 5th round pick (149th overall, Christian Peter)","","3","2","",""
"32","manual","CND_manual_asset_has_risk_flags","RAI-1997-0289","new-orleans-saints","1997-1st-round-pick-2nd-overall-new-orleans-saints-1997","0","pick","asset risks: explanatory_or_contingent","Daryl Hobbs, 1997 1st round pick (10th overall, Chris Naeole), 1997 2nd round pick (39th overall, Jared Tomich) and 1997 4th round pick (107th overall subsequently traded, Pratt Lyons)","1997 1st round pick (10th overall, Chris Naeole) || 1997 2nd round pick (39th overall, Jared Tomich) || 1997 4th round pick (107th overall subsequently traded, Pratt Lyons)","","3","2","",""
"33","manual","CND_manual_asset_has_risk_flags","RAM-1997-0402","new-york-jets","1997-1st-round-pick-1st-overall-orlando-pace-new-york-jets-1997","0","pick","asset risks: explanatory_or_contingent","1997 1st round pick (6th overall subsequently traded, Walter Jones), 1997 3rd round pick (67th overall subsequently traded, Dan Neil), 1997 4th round pick (102nd overall, Terry Day) and 1997 7th round pick (207th overall subsequently traded, Koy Detmer)","1997 1st round pick (6th overall subsequently traded, Walter Jones) || 1997 3rd round pick (67th overall subsequently traded, Dan Neil) || 1997 4th round pick (102nd overall, Terry Day) || 1997 7th round pick (207th overall subsequently traded, Koy Detmer)","","4","3","",""
"34","manual","CND_manual_asset_has_risk_flags","DAL-1997-0239","philadelphia-eagles","1997-1st-round-pick-philadelphia-eagles-1997","0","pick","asset risks: explanatory_or_contingent","1997 1st round pick (25th overall, Jon Harris), 1997 5th round pick (155th overall, Luther Broughton) and 1998 3rd round pick (70th overall subsequently traded, Brian Alford)","1997 1st round pick (25th overall, Jon Harris) || 1997 5th round pick (155th overall, Luther Broughton) || 1998 3rd round pick (70th overall subsequently traded, Brian Alford)","","3","2","",""
"35","manual","CND_manual_has_obvious_delimiter_use_other_lane","DEN-1997-04-19-0249","new-york-jets","1997-3rd-round-pick-67th-overall-dan-neil-new-york-jets-1997","0","pick","asset has obvious delimiter between pick starts; should stay out of no-delimiter lane","1997 3rd round pick (88th overall, Dedric Ward), 1997 6th round pick (191st overall, Chuck Clements), 1997 7th round pick (229th overall, Jason Ferguson) and 1998 6th round pick (183rd overall, Dustin Johnson)","1997 3rd round pick (88th overall, Dedric Ward) || 1997 6th round pick (191st overall, Chuck Clements) || 1997 7th round pick (229th overall, Jason Ferguson) || 1998 6th round pick (183rd overall, Dustin Johnson)","","4","3","",""
"36","manual","CND_manual_asset_has_risk_flags","KC-1997-0190","tennessee-titans","1997-1st-round-pick-13th-overall-houston-oilers-1997","0","pick","asset risks: explanatory_or_contingent","1997 1st round pick (18th overall, Kenny Holmes), 1997 3rd round pick (81st overall, Scott Sanderson), 1997 4th round pick (116th overall subsequently traded, Keith Poole) and 1997 6th round pick (181st overall, Dennis Stallings)","1997 1st round pick (18th overall, Kenny Holmes) || 1997 3rd round pick (81st overall, Scott Sanderson) || 1997 4th round pick (116th overall subsequently traded, Keith Poole) || 1997 6th round pick (181st overall, Dennis Stallings)","","4","3","",""
"37","manual","CND_manual_has_obvious_delimiter_use_other_lane","SF-1997-0291","philadelphia-eagles","1997-3rd-round-pick-66th-overall-subsequently-traded-ronde-barber-philadelphia-eagles-1997","0","pick","asset has obvious delimiter between pick starts; should stay out of no-delimiter lane","1997 2nd round pick (57th overall, James Darling), 1997 6th round pick (190th overall, Antwuan Wyatt) and 1997 7th round pick (227th overall, DeAuntae Brown)","1997 2nd round pick (57th overall, James Darling) || 1997 6th round pick (190th overall, Antwuan Wyatt) || 1997 7th round pick (227th overall, DeAuntae Brown)","","3","2","",""
"38","candidate_strict","CND2_strict_split_bundle_create_missing_parts_dedupe_existing_parts","ATL-1997-0219","atlanta-falcons","1997-5th-round-pick-140th-overall-washington-commanders-1997","0","pick","bundle exactly splits into clean picks; some parts already exist, so create only missing parts","1997 5th round pick (140th overall, Keith Thibodeaux) to Redskins. Dolphins sent 1997 5th round pick (145th overall, Raymond Austin) to Jets. Jets sent James Brown to Dolphins. Redskins sent 1997 6th round pick (180th overall, Calvin Collins)","1997 5th round pick (140th overall, Keith Thibodeaux) to Redskins. Dolphins sent || 1997 5th round pick (145th overall, Raymond Austin) to Jets. Jets sent James Brown to Dolphins. Redskins sent || 1997 6th round pick (180th overall, Calvin Collins)","1997 6th round pick (180th overall, Calvin Collins) => [2] 1997 6th round pick (180th overall, Calvin Collins)","2","1","",""
"39","manual","CND_manual_has_obvious_delimiter_use_other_lane","MIA-1997-0164","miami-dolphins","1997-4th-round-pick-121st-overall-rams-1997","0","pick","asset has obvious delimiter between pick starts; should stay out of no-delimiter lane","1997 4th round pick (121st overall, Jerome Daniels), 1997 6th round pick (170th overall, Brian Manning) and 1997 6th round pick (173rd overall, Mike Crawford)","1997 4th round pick (121st overall, Jerome Daniels) || 1997 6th round pick (170th overall, Brian Manning) || 1997 6th round pick (173rd overall, Mike Crawford)","","3","2","",""
"40","manual","CND_manual_has_obvious_delimiter_use_other_lane","MIA-1997-0165","miami-dolphins","1997-5th-round-pick-157th-overall-raiders-1997","0","pick","asset has obvious delimiter between pick starts; should stay out of no-delimiter lane","1997 5th round pick (157th overall, Nicholas Lopez), 1997 6th round pick (166th overall, John Fiala) and 1997 7th round pick (203rd overall, Hudhaifa Ismaeli)","1997 5th round pick (157th overall, Nicholas Lopez) || 1997 6th round pick (166th overall, John Fiala) || 1997 7th round pick (203rd overall, Hudhaifa Ismaeli)","","3","2","",""
"41","manual","CND_manual_has_obvious_delimiter_use_other_lane","LAC-1998-0323","arizona-cardinals","1998-1st-round-pick-2nd-overall-ryan-leaf-arizonast-louis-cardinals-1998","0","pick","asset has obvious delimiter between pick starts; should stay out of no-delimiter lane","Eric Metcalf, Patrick Sapp, 1998 1st round pick (3rd overall, Andre Wadsworth), 1998 2nd round pick (33rd overall, Corey Chavous) and 1999 1st round pick (8th overall, David Boston)","1998 1st round pick (3rd overall, Andre Wadsworth) || 1998 2nd round pick (33rd overall, Corey Chavous) || 1999 1st round pick (8th overall, David Boston)","","3","2","",""
"42","manual","CND_manual_has_obvious_delimiter_use_other_lane","MIA-1998-0168","miami-dolphins","1998-3rd-round-pick-79th-overall-lions-1998","0","pick","asset has obvious delimiter between pick starts; should stay out of no-delimiter lane","1998 3rd round pick (79th overall, Brad Jackson), 1998 5th round pick (143rd overall, Scott Shaw) and 1998 6th round pick (172nd overall, John Dutton)","1998 3rd round pick (79th overall, Brad Jackson) || 1998 5th round pick (143rd overall, Scott Shaw) || 1998 6th round pick (172nd overall, John Dutton)","","3","2","",""
"43","manual","CND_manual_asset_has_risk_flags","PIT-1998-0316","atlanta-falcons","1998-5th-round-pick-137th-overall-jason-simmons-atlanta-falcons-1998","0","pick","asset risks: explanatory_or_contingent","1998 7th round pick (199th overall, Ephraim Salaam), 1998 7th round pick (203rd overall, Henry Slay) and 1998 7th round pick (215th overall subsequently traded, Ryan Thelwell)","1998 7th round pick (199th overall, Ephraim Salaam) || 1998 7th round pick (203rd overall, Henry Slay) || 1998 7th round pick (215th overall subsequently traded, Ryan Thelwell)","1998 7th round pick (199th overall, Ephraim Salaam) => [1] 1998 7th round pick (199th overall, Ephraim Salaam) || 1998 7th round pick (203rd overall, Henry Slay) => [2] 1998 7th round pick (203rd overall, Henry Slay) || 1998 7th round pick (215th overall subsequently traded, Ryan Thelwell) => [3] 1998 7th round pick (215th overall subsequently traded, Ryan Thelwell)","0","-1","",""
"44","manual","CND_manual_has_obvious_delimiter_use_other_lane","PIT-1998-0317","new-york-jets","1998-2nd-round-pick-41st-overall-jeremy-staat-new-york-jets-1998","0","pick","asset has obvious delimiter between pick starts; should stay out of no-delimiter lane","1998 2nd round pick (56th overall, Dorian Boose), 1998 3rd round pick (87th overall, Kevin Williams) and 1998 5th round pick (149th overall, Eric Bateman)","1998 2nd round pick (56th overall, Dorian Boose) || 1998 3rd round pick (87th overall, Kevin Williams) || 1998 5th round pick (149th overall, Eric Bateman)","","3","2","",""
"45","manual","CND_manual_asset_has_risk_flags","IND-1998-0293","baltimore-ravens","1998-4th-round-pick-93rd-overall-steve-mckinney-baltimore-ravens-1998","0","pick","asset risks: explanatory_or_contingent","1998 4th round pick (104th overall subsequently traded, Todd Washington), 1998 5th round pick (124th overall, Martin Chase) and 1998 6th round pick (154th overall, Ron Rogers)","1998 4th round pick (104th overall subsequently traded, Todd Washington) || 1998 5th round pick (124th overall, Martin Chase) || 1998 6th round pick (154th overall, Ron Rogers)","","3","2","",""
"46","manual","CND_manual_has_obvious_delimiter_use_other_lane","MIA-1999-0173","miami-dolphins","1999-2nd-round-pick-39th-overall-lions-1999","0","pick","asset has obvious delimiter between pick starts; should stay out of no-delimiter lane","1999 2nd round pick (39th overall, J.J. Johnson), 1999 3rd round pick (72nd overall, Grey Ruegamer) and 1999 5th round pick (142nd overall, Bryan Jones)","1999 2nd round pick (39th overall, J.J. Johnson) || 1999 3rd round pick (72nd overall, Grey Ruegamer) || 1999 5th round pick (142nd overall, Bryan Jones)","","3","2","",""
"47","manual","CND_manual_has_obvious_delimiter_use_other_lane","MIA-1999-0175","kansas-city-chiefs","1999-2nd-round-pick-43rd-overall-chiefs-1999","0","pick","asset has obvious delimiter between pick starts; should stay out of no-delimiter lane","1999 2nd round pick (54th overall, Mike Cloud), 1999 3rd round pick (84th overall, Larry Atkins) and 2000 6th round pick (188th overall, Darnell Alford)","1999 2nd round pick (54th overall, Mike Cloud) || 1999 3rd round pick (84th overall, Larry Atkins) || 2000 6th round pick (188th overall, Darnell Alford)","","3","2","",""
"48","manual","CND_manual_asset_has_risk_flags","MIN-1999-04-17-0195","pittsburgh-steelers","draft-pick-trade-pittsburgh-steelers-1999","0","pick","asset risks: explanatory_or_contingent","1999 2nd round pick (59th overall, Scott Shields), 1999 3rd round pick (73rd overall, Joey Porter) and 1999 5th round pick (163rd overall subsequently traded, Craig Heimburger)","1999 2nd round pick (59th overall, Scott Shields) || 1999 3rd round pick (73rd overall, Joey Porter) || 1999 5th round pick (163rd overall subsequently traded, Craig Heimburger)","","3","2","",""
"49","manual","CND_manual_has_obvious_delimiter_use_other_lane","RAI-1999-0297","chicago-bears","1999-2nd-round-pick-40th-overall-chicago-bears-1999","0","pick","asset has obvious delimiter between pick starts; should stay out of no-delimiter lane","1999 2nd round pick (48th overall, Russell Davis), 1999 3rd round pick (78th overall, Marty Booker) and 1999 4th round pick (111th overall, Rosevelt Colvin)","1999 2nd round pick (48th overall, Russell Davis) || 1999 3rd round pick (78th overall, Marty Booker) || 1999 4th round pick (111th overall, Rosevelt Colvin)","","3","2","",""
"50","manual","CND_manual_asset_has_risk_flags","SEA-1999-04-17-0103","seattle-seahawks","1999-1st-round-pick-20th-overall-subsequently-tra-new-england-patriots-1999","3","pick","asset risks: explanatory_or_contingent","1999 1st round pick (20th overall subsequently traded, Ebenezer Ekuban), 1999 3rd round pick (82nd overall, Karsten Bailey) and 1999 6th round pick (191st overall subsequently traded, James Dearth)","1999 1st round pick (20th overall subsequently traded, Ebenezer Ekuban) || 1999 3rd round pick (82nd overall, Karsten Bailey) || 1999 6th round pick (191st overall subsequently traded, James Dearth)","1999 1st round pick (20th overall subsequently traded, Ebenezer Ekuban) => [0] 1999 1st round pick (20th overall subsequently traded, Ebenezer Ekuban) || 1999 3rd round pick (82nd overall, Karsten Bailey) => [1] 1999 3rd round pick (82nd overall, Karsten Bailey) || 1999 6th round pick (191st overall subsequently traded, James Dearth) => [2] 1999 6th round pick (191st overall subsequently traded, James Dearth)","0","-1","",""
"51","manual","CND_manual_asset_has_risk_flags","WAS-1999-0353","washington-commanders","1999-1st-round-pick-12th-overall-subsequently-traded-cade-mcnown-1999-3rd-round-pick-71st","0","pick","asset risks: explanatory_or_contingent","1999 1st round pick (12th overall subsequently traded, Cade McNown), 1999 3rd round pick (71st overall subsequently traded, D'Wayne Bates), 1999 4th round pick (107th overall, Nate Stimson), 1999 5th round pick (144th overall subsequently traded, Khari Samuel), 1999 6th round pick (179th overall subsequently traded, Desmond Clark), 1999 7th round pick (218th overall subsequently traded, Billy Miller), 2000 1st round pick (2nd overall, LaVar Arrington) and 2000 3rd round pick (64th overall, Lloyd Harrison)","1999 1st round pick (12th overall subsequently traded, Cade McNown) || 1999 3rd round pick (71st overall subsequently traded, D'Wayne Bates) || 1999 4th round pick (107th overall, Nate Stimson) || 1999 5th round pick (144th overall subsequently traded, Khari Samuel) || 1999 6th round pick (179th overall subsequently traded, Desmond Clark) || 1999 7th round pick (218th overall subsequently traded, Billy Miller) || 2000 1st round pick (2nd overall, LaVar Arrington) || 2000 3rd round pick (64th overall, Lloyd Harrison)","","8","7","",""
"52","manual","CND_manual_has_obvious_delimiter_use_other_lane","WAS-1999-0354","chicago-bears","1999-1st-round-pick-7th-overall-champ-bailey-chicago-bears-1999","0","pick","asset has obvious delimiter between pick starts; should stay out of no-delimiter lane","1999 1st round pick (12th overall, Cade McNown), 1999 3rd round pick (71st overall, D'Wayne Bates), 1999 4th round pick (106th overall, Warrick Holdman), 1999 5th round pick (143rd overall, Jerry Wisne) and 2000 3rd round pick (87th overall, Dustin Lyman)","1999 1st round pick (12th overall, Cade McNown) || 1999 3rd round pick (71st overall, D'Wayne Bates) || 1999 4th round pick (106th overall, Warrick Holdman) || 1999 5th round pick (143rd overall, Jerry Wisne) || 2000 3rd round pick (87th overall, Dustin Lyman)","","5","4","",""
"53","manual","CND_manual_asset_has_risk_flags","SF-2000-0307","san-francisco-49ers","2000-1st-round-pick-12th-overall-subsequently-traded-shaun-ellis-2-washington-redskins-com","0","pick","asset risks: explanatory_or_contingent","2000 1st round pick (12th overall subsequently traded, Shaun Ellis), 2000 1st round pick (24th overall, Ahmed Plummer), 2000 4th round pick (119th overall subsequently traded, Isaiah Kacyvenski) and 2000 5th round pick (154th overall subsequently traded, Muneer Moore)","2000 1st round pick (12th overall subsequently traded, Shaun Ellis) || 2000 1st round pick (24th overall, Ahmed Plummer) || 2000 4th round pick (119th overall subsequently traded, Isaiah Kacyvenski) || 2000 5th round pick (154th overall subsequently traded, Muneer Moore)","","4","3","",""
"54","manual","CND_manual_asset_has_risk_flags","CHI-2000-0413","chicago-bears","2000-4th-round-pick-125th-overall-reggie-austin-2000-5th-round-pick-15","0","pick","asset risks: explanatory_or_contingent","2000 4th round pick (125th overall, Reggie Austin), 2000 5th round pick (150th overall subsequently traded, John Milem) and 2000 7th round pick (225th overall subsequently traded, Rashidi Barnes)","2000 4th round pick (125th overall, Reggie Austin) || 2000 5th round pick (150th overall subsequently traded, John Milem) || 2000 7th round pick (225th overall subsequently traded, Rashidi Barnes)","","3","2","",""
"55","manual","CND_manual_asset_has_risk_flags","CLE-2000-0319","chicago-bears","2000-7th-round-pick-209th-overall-eric-chandler-and-2000-7th-round-pick-225th-ov","0","pick","asset risks: explanatory_or_contingent","2000 7th round pick (223rd overall, James Cotton), 2000 7th round pick (232nd overall subsequently traded, Jeff Harris) and 2000 7th round pick (254th overall, Michael Green)","2000 7th round pick (223rd overall, James Cotton) || 2000 7th round pick (232nd overall subsequently traded, Jeff Harris) || 2000 7th round pick (254th overall, Michael Green)","","3","2","",""
"56","manual","CND_manual_has_obvious_delimiter_use_other_lane","NYG-2001-0257","indianapolis-colts","2001-1st-round-pick-22nd-overall-will-allen-indianapolis-baltimore-colts-2001","0","pick","asset has obvious delimiter between pick starts; should stay out of no-delimiter lane","2001 1st round pick (30th overall, Reggie Wayne), 2001 3rd round pick (91st overall, Cory Bird) and 2001 6th round pick (193rd overall, Jason Doering)","2001 1st round pick (30th overall, Reggie Wayne) || 2001 3rd round pick (91st overall, Cory Bird) || 2001 6th round pick (193rd overall, Jason Doering)","","3","2","",""
"57","manual","CND_manual_has_obvious_delimiter_use_other_lane","ATL-2001-0227","los-angeles-chargers","2001-1st-round-pick-1st-overall-los-angeles-chargers-2001","0","pick","asset has obvious delimiter between pick starts; should stay out of no-delimiter lane","Tim Dwight, 2001 1st round pick (5th overall, LaDainian Tomlinson), 2001 3rd round pick (67th overall, Tay Cody)","2001 1st round pick (5th overall, LaDainian Tomlinson) || 2001 3rd round pick (67th overall, Tay Cody)","","2","1","",""
"58","manual","CND_manual_has_obvious_delimiter_use_other_lane","ATL-2001-0227","los-angeles-chargers","2001-1st-round-pick-1st-overall-los-angeles-chargers-2001","2","pick","asset has obvious delimiter between pick starts; should stay out of no-delimiter lane","Tim Dwight, 2001 1st round pick (5th overall, LaDainian Tomlinson), 2001 3rd round pick (67th overall, Tay Cody) and 2002 2nd round pick (48th overall, Reche Caldwell)","2001 1st round pick (5th overall, LaDainian Tomlinson) || 2001 3rd round pick (67th overall, Tay Cody) || 2002 2nd round pick (48th overall, Reche Caldwell)","2002 2nd round pick (48th overall, Reche Caldwell) => [1] 2002 2nd round pick (48th overall, Reche Caldwell)","2","1","",""
"59","manual","CND_manual_has_obvious_delimiter_use_other_lane","IND-2001-0303","indianapolis-colts","2001-1st-round-pick-30th-overall-reggie-wayne-2001-3rd-round-pick-91st-overall-c","0","pick","asset has obvious delimiter between pick starts; should stay out of no-delimiter lane","2001 1st round pick (30th overall, Reggie Wayne), 2001 3rd round pick (91st overall, Cory Bird) and 2001 6th round pick (193rd overall, Jason Doering)","2001 1st round pick (30th overall, Reggie Wayne) || 2001 3rd round pick (91st overall, Cory Bird) || 2001 6th round pick (193rd overall, Jason Doering)","","3","2","",""
"60","manual","CND_manual_has_obvious_delimiter_use_other_lane","PIT-2001-0329","pittsburgh-steelers","2001-1st-round-pick-19th-overall-casey-hampton-2001-4th-round-pick-111th-overall-mathias-nkwenti-new-york-jets-2001","0","pick","asset has obvious delimiter between pick starts; should stay out of no-delimiter lane","2001 1st round pick (19th overall, Casey Hampton), 2001 4th round pick (111th overall, Mathias Nkwenti) and 2001 6th round pick (181st overall, Rodney Bailey)","2001 1st round pick (19th overall, Casey Hampton) || 2001 4th round pick (111th overall, Mathias Nkwenti) || 2001 6th round pick (181st overall, Rodney Bailey)","","3","2","",""
"61","manual","CND_manual_asset_has_risk_flags","SF-2001-0315","san-francisco-49ers","2001-2nd-round-pick-47th-overall-jamie-winborn-2001-3rd-round-pick-green-bay-packers-2001","0","pick","asset risks: explanatory_or_contingent","2001 2nd round pick (47th overall, Jamie Winborn), 2001 3rd round pick (80th overall, Kevan Barlow), 2001 3rd round pick (82nd overall subsequently traded, Heath Evans), 2001 6th round pick (179th overall, Rashad Holman) and 2001 7th round pick (222nd overall subsequently traded, Dennis Norman)","2001 2nd round pick (47th overall, Jamie Winborn) || 2001 3rd round pick (80th overall, Kevan Barlow) || 2001 3rd round pick (82nd overall subsequently traded, Heath Evans) || 2001 6th round pick (179th overall, Rashad Holman) || 2001 7th round pick (222nd overall subsequently traded, Dennis Norman)","","5","4","",""
"62","manual","CND_manual_has_obvious_delimiter_use_other_lane","SF-2001-0315","green-bay-packers","2001-2nd-round-pick-47th-overall-jamie-winborn-2001-3rd-round-pick-green-bay-packers-2001","0","pick","asset has obvious delimiter between pick starts; should stay out of no-delimiter lane","2001 2nd round pick (41st overall, Robert Ferguson), 2001 3rd round pick (71st overall, Bhawoh Jue) and 2001 4th round pick (105th overall, Bill Ferrario)","2001 2nd round pick (41st overall, Robert Ferguson) || 2001 3rd round pick (71st overall, Bhawoh Jue) || 2001 4th round pick (105th overall, Bill Ferrario)","","3","2","",""
"63","manual","CND_manual_has_obvious_delimiter_use_other_lane","SF-2001-0316","seattle-seahawks","2001-1st-round-pick-7th-overall-andre-carter-seattle-seahawks-2001","0","pick","asset has obvious delimiter between pick starts; should stay out of no-delimiter lane","2001 1st round pick (9th overall, Koren Robinson), 2001 3rd round pick (82nd overall, Heath Evans) and 2001 7th round pick (222nd overall, Dennis Norman)","2001 1st round pick (9th overall, Koren Robinson) || 2001 3rd round pick (82nd overall, Heath Evans) || 2001 7th round pick (222nd overall, Dennis Norman)","","3","2","",""
"64","manual","CND_manual_has_obvious_delimiter_use_other_lane","DEN-2001-04-22-0267","atlanta-falcons","2002-4th-round-pick-112th-overall-subsequently-traded-dave-zastudil-atlanta-falcons-2001","0","pick","asset has obvious delimiter between pick starts; should stay out of no-delimiter lane","2001 7th round pick (215th overall, Corey Hall), 2001 7th round pick (219th overall, Kynan Forney) and 2001 7th round pick (226th overall, Ronald Flemons)","2001 7th round pick (215th overall, Corey Hall) || 2001 7th round pick (219th overall, Kynan Forney) || 2001 7th round pick (226th overall, Ronald Flemons)","","3","2","",""
"65","manual","CND_manual_asset_has_risk_flags","MIA-2002-0188","new-orleans-saints","ricky-williams-saints-2002","0","pick","asset risks: explanatory_or_contingent","2002 1st round pick (25th overall, Charles Grant), 2002 4th round pick (125th overall, Keyuo Craver) and 2003 1st round pick (18th overall subsequently traded, Calvin Pace)","2002 1st round pick (25th overall, Charles Grant) || 2002 4th round pick (125th overall, Keyuo Craver) || 2003 1st round pick (18th overall subsequently traded, Calvin Pace)","","3","2","",""
"66","manual","CND_manual_has_obvious_delimiter_use_other_lane","DAL-2002-0256","chicago-bears","2002-2nd-round-pick-and-2002-4th-round-pick-chicago-bears-2002","0","pick","asset has obvious delimiter between pick starts; should stay out of no-delimiter lane","2002 3rd round pick (72nd overall, Roosevelt Williams), 2002 4th round pick (104th overall, Alex Brown) and 2002 5th round pick (140th overall, Bobby Gray)","2002 3rd round pick (72nd overall, Roosevelt Williams) || 2002 4th round pick (104th overall, Alex Brown) || 2002 5th round pick (140th overall, Bobby Gray)","","3","2","",""
"67","manual","CND_manual_has_obvious_delimiter_use_other_lane","KC-2002-0203","dallas-cowboys","2002-1st-round-pick-6th-overall-dallas-cowboys-2002","0","pick","asset has obvious delimiter between pick starts; should stay out of no-delimiter lane","2002 1st round pick (8th overall, Roy Williams), 2002 3rd round pick (75th overall, Derek Ross) and 2003 6th round pick (186th overall, Zuriel Smith)","2002 1st round pick (8th overall, Roy Williams) || 2002 3rd round pick (75th overall, Derek Ross) || 2003 6th round pick (186th overall, Zuriel Smith)","","3","2","",""
"68","manual","CND_manual_asset_has_risk_flags","WAS-2002-0369","washington-commanders","2002-1st-round-pick-32nd-overall-patrick-ramsey-2002-3rd-round-pick-96th-overall-subsequen","0","pick","asset risks: explanatory_or_contingent","2002 1st round pick (32nd overall, Patrick Ramsey), 2002 3rd round pick (96th overall subsequently traded, Dorsett Davis) and 2002 7th round pick (234th overall, Greg Scott)","2002 1st round pick (32nd overall, Patrick Ramsey) || 2002 3rd round pick (96th overall subsequently traded, Dorsett Davis) || 2002 7th round pick (234th overall, Greg Scott)","","3","2","",""
"69","manual","CND_manual_has_obvious_delimiter_use_other_lane","WAS-2002-0370","washington-commanders","2002-2nd-round-pick-56th-overall-ladell-betts-2002-3rd-round-pick-87th-overall-cliff-russe","0","pick","asset has obvious delimiter between pick starts; should stay out of no-delimiter lane","2002 2nd round pick (56th overall, Ladell Betts), 2002 3rd round pick (87th overall, Cliff Russell) and 2002 5th round pick (159th overall, Andre Lott)","2002 2nd round pick (56th overall, Ladell Betts) || 2002 3rd round pick (87th overall, Cliff Russell) || 2002 5th round pick (159th overall, Andre Lott)","","3","2","",""
"70","manual","CND_manual_asset_has_risk_flags","NO-2003-0260","new-england-patriots","saints-2003-04-14-new-england-patriots-tebucky-jones","0","pick","asset risks: explanatory_or_contingent","2003 3rd round pick (78th overall subsequently traded, Wade Smith), 2003 7th round pick (239th overall, Tully Banta-Cain) and 2004 4th round pick (113th overall, Dexter Reid)","2003 3rd round pick (78th overall subsequently traded, Wade Smith) || 2003 7th round pick (239th overall, Tully Banta-Cain) || 2004 4th round pick (113th overall, Dexter Reid)","","3","2","",""
"71","manual","CND_manual_asset_has_risk_flags","DEN-2003-04-26-0271","denver-broncos","2003-4th-round-pick-108th-overall-quentin-griffin-2003-4th-round-pick-120th-overall-subseq","0","pick","asset risks: explanatory_or_contingent","2003 4th round pick (108th overall, Quentin Griffin), 2003 4th round pick (120th overall subsequently traded, Asante Samuel) and 2003 7th round pick (227th overall, Clint Mitchell)","2003 4th round pick (108th overall, Quentin Griffin) || 2003 4th round pick (120th overall subsequently traded, Asante Samuel) || 2003 7th round pick (227th overall, Clint Mitchell)","","3","2","",""
"72","manual","CND_manual_has_obvious_delimiter_use_other_lane","NO-2003-0261","new-orleans-saints","saints-2003-04-26-arizona-cardinals-st-louis-cardinals-2003-1st-round-pick-6th-o","0","pick","asset has obvious delimiter between pick starts; should stay out of no-delimiter lane","2003 1st round pick (6th overall, Johnathan Sullivan), 2003 2nd round pick (37th overall, Jon Stinchcomb) and 2003 4th round pick (102nd overall, Montrae Holland)","2003 1st round pick (6th overall, Johnathan Sullivan) || 2003 2nd round pick (37th overall, Jon Stinchcomb) || 2003 4th round pick (102nd overall, Montrae Holland)","","3","2","",""
"73","manual","CND_manual_has_obvious_delimiter_use_other_lane","NO-2003-0261","arizona-cardinals","saints-2003-04-26-arizona-cardinals-st-louis-cardinals-2003-1st-round-pick-6th-o","0","pick","asset has obvious delimiter between pick starts; should stay out of no-delimiter lane","2003 1st round pick (17th overall, Bryant Johnson), 2003 1st round pick (18th overall, Calvin Pace) and 2003 2nd round pick (54th overall, Anquan Boldin)","2003 1st round pick (17th overall, Bryant Johnson) || 2003 1st round pick (18th overall, Calvin Pace) || 2003 2nd round pick (54th overall, Anquan Boldin)","","3","2","",""
"74","manual","CND_manual_asset_has_risk_flags","NYJ-2003-0185","chicago-bears","2003-1st-round-pick-4th-overall-dewayne-robertson-chicago-bears-2003","0","pick","asset risks: explanatory_or_contingent","2003 1st round pick (13th overall subsequently traded, Ty Warren), 2003 1st round pick (22nd overall, Rex Grossman) and 2003 4th round pick (116th overall, Ian Scott)","2003 1st round pick (13th overall subsequently traded, Ty Warren) || 2003 1st round pick (22nd overall, Rex Grossman) || 2003 4th round pick (116th overall, Ian Scott)","","3","2","",""
"75","manual","CND_manual_asset_has_risk_flags","PIT-2003-0332","kansas-city-chiefs","2003-1st-round-pick-16th-overall-troy-polamalu-kansas-city-chiefs-2003","0","pick","asset risks: explanatory_or_contingent","2003 1st round pick (27th overall, Larry Johnson), 2003 3rd round pick (92nd overall, Julian Battle) and 2003 6th round pick (200th overall subsequently traded, Brooks Bollinger)","2003 1st round pick (27th overall, Larry Johnson) || 2003 3rd round pick (92nd overall, Julian Battle) || 2003 6th round pick (200th overall subsequently traded, Brooks Bollinger)","","3","2","",""
"76","manual","CND_manual_has_obvious_delimiter_use_other_lane","JAX-2003-0019","jacksonville-jaguars","2003-6th-round-pick-176th-overall-chicago-bears-2003","0","pick","asset has obvious delimiter between pick starts; should stay out of no-delimiter lane","2003 6th round pick (176th overall, Brandon Green), 2003 6th round pick (193rd overall, Marques Ogden) and 2003 7th round pick (218th overall, Malaefou MacKenzie)","2003 6th round pick (176th overall, Brandon Green) || 2003 6th round pick (193rd overall, Marques Ogden) || 2003 7th round pick (218th overall, Malaefou MacKenzie)","","3","2","",""
"77","manual","CND_manual_has_obvious_delimiter_use_other_lane","NE-2003-0283","new-england-patriots","2003-5th-round-pick-164th-overall-dan-koppen-2003-6th-round-pick-201st-overall-kliff-kings","0","pick","asset has obvious delimiter between pick starts; should stay out of no-delimiter lane","2003 5th round pick (164th overall, Dan Koppen), 2003 6th round pick (201st overall, Kliff Kingsbury) and 2003 7th round pick (243rd overall, Ethan Kelley)","2003 5th round pick (164th overall, Dan Koppen) || 2003 6th round pick (201st overall, Kliff Kingsbury) || 2003 7th round pick (243rd overall, Ethan Kelley)","","3","2","",""
"78","manual","CND_manual_asset_has_risk_flags","DEN-2004-04-09-0277","cincinnati-bengals","2004-1st-round-pick-17th-overall-d-j-williams-cincinnati-bengals-2004","0","player","asset risks: explanatory_or_contingent","Deltha O'Neal, 2004 1st round pick (24th overall subsequently traded, Steven Jackson) and 2004 4th round pick (117th overall, Robert Geathers)","2004 1st round pick (24th overall subsequently traded, Steven Jackson) || 2004 4th round pick (117th overall, Robert Geathers)","","2","1","assetType_not_pick=player",""
"79","manual","CND_manual_asset_has_risk_flags","ATL-2004-0237","indianapolis-colts","2004-1st-round-pick-29th-overall-indianapolis-colts-2004","3","pick","asset risks: explanatory_or_contingent","2004 2nd round pick (38th overall subsequently traded, Ricardo Colclough), 2004 3rd round pick (69th overall, Gilbert Gardner) and 2004 4th round pick (125th overall, Jason David)","2004 2nd round pick (38th overall subsequently traded, Ricardo Colclough) || 2004 3rd round pick (69th overall, Gilbert Gardner) || 2004 4th round pick (125th overall, Jason David)","2004 2nd round pick (38th overall subsequently traded, Ricardo Colclough) => [0] 2004 2nd round pick (38th overall subsequently traded, Ricardo Colclough) || 2004 3rd round pick (69th overall, Gilbert Gardner) => [1] 2004 3rd round pick (69th overall, Gilbert Gardner) || 2004 4th round pick (125th overall, Jason David) => [2] 2004 4th round pick (125th overall, Jason David)","0","-1","",""
"80","manual","CND_manual_has_obvious_delimiter_use_other_lane","BUF-2004-0262","dallas-cowboys","2004-1st-round-pick-22nd-overall-j-p-losman-dallas-cowboys-2004","0","pick","asset has obvious delimiter between pick starts; should stay out of no-delimiter lane","2004 2nd round pick (43rd overall, Julius Jones), 2004 5th round pick (144th overall, Sean Ryan) and 2005 1st round pick (20th overall, Marcus Spears)","2004 2nd round pick (43rd overall, Julius Jones) || 2004 5th round pick (144th overall, Sean Ryan) || 2005 1st round pick (20th overall, Marcus Spears)","","3","2","",""
"81","manual","CND_manual_has_obvious_delimiter_use_other_lane","CLE-2004-0331","indianapolis-colts","2004-2nd-round-pick-59th-overall-sean-jones-and-2004-5th-round-pick-161st-overal","0","pick","asset has obvious delimiter between pick starts; should stay out of no-delimiter lane","2004 3rd round pick (68th overall, Ben Hartsock), 2004 5th round pick (141st overall, Jake Scott) and 2004 6th round pick (173rd overall, Von Hutchins)","2004 3rd round pick (68th overall, Ben Hartsock) || 2004 5th round pick (141st overall, Jake Scott) || 2004 6th round pick (173rd overall, Von Hutchins)","","3","2","",""
"82","manual","CND_manual_asset_has_risk_flags","LAC-2004-0338","los-angeles-chargers","philip-rivers-2004-3rd-round-pick-65th-overall-nate-kaeding-2005-1st-round-pick","0","pick","asset risks: explanatory_or_contingent","Philip Rivers, 2004 3rd round pick (65th overall, Nate Kaeding), 2005 1st round pick (12th overall, Shawne Merriman) and 2005 5th round pick (144th overall subsequently traded, Jerome Collins)","2004 3rd round pick (65th overall, Nate Kaeding) || 2005 1st round pick (12th overall, Shawne Merriman) || 2005 5th round pick (144th overall subsequently traded, Jerome Collins)","","3","2","",""
"83","manual","CND_manual_has_obvious_delimiter_use_other_lane","MIN-2005-0199","minnesota-vikings","napoleon-harris-2005-1st-round-pick-7th-overall-troy-williamson-las-vegas-oaklan","0","pick","asset has obvious delimiter between pick starts; should stay out of no-delimiter lane","Napoleon Harris, 2005 1st round pick (7th overall, Troy Williamson) and 2005 7th round pick (219th overall, Adrian Ward)","2005 1st round pick (7th overall, Troy Williamson) || 2005 7th round pick (219th overall, Adrian Ward)","","2","1","",""
"84","manual","CND_manual_asset_has_risk_flags","RAI-2005-0320","new-york-jets","2005-1st-round-pick-26th-overall-subsequently-traded-new-york-jets-2005","0","pick","asset risks: explanatory_or_contingent","Doug Jolley, 2005 2nd round pick (47th overall, Mike Nugent), 2005 6th round pick (182nd overall, Cedric Houston) and 2005 6th round pick (185th overall subsequently traded, Chad Owens)","2005 2nd round pick (47th overall, Mike Nugent) || 2005 6th round pick (182nd overall, Cedric Houston) || 2005 6th round pick (185th overall subsequently traded, Chad Owens)","","3","2","",""
"85","manual","CND_manual_asset_has_risk_flags","NE-2005-0289","new-england-patriots","2005-3rd-round-pick-84th-overall-ellis-hobbs-2005-6th-round-pick-195th-overall-subsequentl","0","pick","asset risks: explanatory_or_contingent","2005 3rd round pick (84th overall, Ellis Hobbs), 2005 6th round pick (195th overall subsequently traded, Craig Bragg) and 2006 3rd round pick (75th overall subsequently traded, Jason Spitz)","2005 3rd round pick (84th overall, Ellis Hobbs) || 2005 6th round pick (195th overall subsequently traded, Craig Bragg) || 2006 3rd round pick (75th overall subsequently traded, Jason Spitz)","","3","2","",""
"86","manual","CND_manual_asset_has_risk_flags","SEA-2005-04-23-0125","carolina-panthers","2005-2nd-round-pick-45th-overall-lofa-tatupu-carolina-panthers-2005","3","pick","asset risks: explanatory_or_contingent","2005 2nd round pick (54th overall, Eric Shelton), 2005 4th round pick (121st overall, Stefan Lefors) and 2005 4th round pick (126th overall subsequently traded, Todd Herremans)","2005 2nd round pick (54th overall, Eric Shelton) || 2005 4th round pick (121st overall, Stefan Lefors) || 2005 4th round pick (126th overall subsequently traded, Todd Herremans)","2005 2nd round pick (54th overall, Eric Shelton) => [0] 2005 2nd round pick (54th overall, Eric Shelton) || 2005 4th round pick (121st overall, Stefan Lefors) => [1] 2005 4th round pick (121st overall, Stefan Lefors) || 2005 4th round pick (126th overall subsequently traded, Todd Herremans) => [2] 2005 4th round pick (126th overall subsequently traded, Todd Herremans)","0","-1","",""
"87","manual","CND_manual_asset_has_risk_flags","PHI-2005-0301","green-bay-packers","eagles-2005-04-24-green-bay-packers-0301","0","pick","asset risks: explanatory_or_contingent","2005 5th round pick (167th overall, Michael Hawkins), 2005 6th round pick (175th overall subsequently traded, Anttaj Hawthorne) and 2005 7th round pick (245th overall, Kurt Campbell)","2005 5th round pick (167th overall, Michael Hawkins) || 2005 6th round pick (175th overall subsequently traded, Anttaj Hawthorne) || 2005 7th round pick (245th overall, Kurt Campbell)","","3","2","",""
"88","manual","CND_manual_has_obvious_delimiter_use_other_lane","NYG-2006-0262","new-york-giants","2006-1st-round-pick-32nd-overall-mathias-kiwanuka-2006-3rd-round-pick-96th-overa","0","pick","asset has obvious delimiter between pick starts; should stay out of no-delimiter lane","2006 1st round pick (32nd overall, Mathias Kiwanuka), 2006 3rd round pick (96th overall, Gerris Wilkinson) and 2006 4th round pick (129th overall, Guy Whimper)","2006 1st round pick (32nd overall, Mathias Kiwanuka) || 2006 3rd round pick (96th overall, Gerris Wilkinson) || 2006 4th round pick (129th overall, Guy Whimper)","","3","2","",""
"89","manual","CND_manual_asset_has_risk_flags","ATL-2006-0243","green-bay-packers","2006-2nd-round-pick-37th-overall-green-bay-packers-2006","3","pick","asset risks: explanatory_or_contingent","2006 2nd round pick (47th overall, Daryn Colledge), 2006 3rd round pick (93rd overall subsequently traded, Dominique Byrd) and 2006 5th round pick (148th overall, Ingle Martin)","2006 2nd round pick (47th overall, Daryn Colledge) || 2006 3rd round pick (93rd overall subsequently traded, Dominique Byrd) || 2006 5th round pick (148th overall, Ingle Martin)","2006 2nd round pick (47th overall, Daryn Colledge) => [0] 2006 2nd round pick (47th overall, Daryn Colledge) || 2006 3rd round pick (93rd overall subsequently traded, Dominique Byrd) => [1] 2006 3rd round pick (93rd overall subsequently traded, Dominique Byrd) || 2006 5th round pick (148th overall, Ingle Martin) => [2] 2006 5th round pick (148th overall, Ingle Martin)","0","-1","",""
"90","manual","CND_manual_asset_has_risk_flags","DAL-2006-0276","dallas-cowboys","2006-2nd-round-pick-2006-6th-round-pick-and-2006-7th-round-new-york-jets-2006","0","pick","asset risks: explanatory_or_contingent","2006 2nd round pick (53rd overall, Anthony Fasano), 2006 6th round pick (189th overall subsequently traded, Drew Coleman) and 2006 7th round pick (211th overall, Pat McQuistan)","2006 2nd round pick (53rd overall, Anthony Fasano) || 2006 6th round pick (189th overall subsequently traded, Drew Coleman) || 2006 7th round pick (211th overall, Pat McQuistan)","","3","2","",""
"91","manual","CND_manual_asset_has_risk_flags","NYJ-2006-0198","new-york-jets","2006-2nd-round-pick-53rd-overall-subsequently-traded-anthony-fasano-2006-6th-round-pick-18","0","pick","asset risks: explanatory_or_contingent","2006 2nd round pick (53rd overall subsequently traded, Anthony Fasano), 2006 6th round pick (189th overall, Drew Coleman) and 2007 2nd round pick (37th overall subsequently traded, Eric Weddle)","2006 2nd round pick (53rd overall subsequently traded, Anthony Fasano) || 2006 6th round pick (189th overall, Drew Coleman) || 2007 2nd round pick (37th overall subsequently traded, Eric Weddle)","","3","2","",""
"92","manual","CND_manual_has_obvious_delimiter_use_other_lane","PIT-2006-0336","new-york-giants","2006-1st-round-pick-25th-overall-santonio-holmes-new-york-giants-2006","0","pick","asset has obvious delimiter between pick starts; should stay out of no-delimiter lane","2006 1st round pick (32nd overall, Mathias Kiwanuka), 2006 3rd round pick (96th overall, Gerris Wilkinson) and 2006 4th round pick (129th overall, Guy Whimper)","2006 1st round pick (32nd overall, Mathias Kiwanuka) || 2006 3rd round pick (96th overall, Gerris Wilkinson) || 2006 4th round pick (129th overall, Guy Whimper)","","3","2","",""
"93","manual","CND_manual_has_obvious_delimiter_use_other_lane","CAR-2007-0032","carolina-panthers","panthers-new-york-jets-trade-2007-0032","0","pick","asset has obvious delimiter between pick starts; should stay out of no-delimiter lane","2007 1st round pick (25th overall, Jon Beason), 2007 2nd round pick (59th overall, Ryan Kalil) and 2007 5th round pick (164th overall, Tim Shaw)","2007 1st round pick (25th overall, Jon Beason) || 2007 2nd round pick (59th overall, Ryan Kalil) || 2007 5th round pick (164th overall, Tim Shaw)","","3","2","",""
"94","manual","CND_manual_has_obvious_delimiter_use_other_lane","DAL-2007-0283","philadelphia-eagles","2007-1st-round-pick-philadelphia-eagles-2007","0","pick","asset has obvious delimiter between pick starts; should stay out of no-delimiter lane","2007 2nd round pick (36th overall, Kevin Kolb), 2007 3rd round pick (87th overall, Stewart Bradley) and 2007 5th round pick (159th overall, C.J. Gaddis)","2007 2nd round pick (36th overall, Kevin Kolb) || 2007 3rd round pick (87th overall, Stewart Bradley) || 2007 5th round pick (159th overall, C.J. Gaddis)","","3","2","",""
"95","manual","CND_manual_asset_has_risk_flags","DEN-2007-04-28-0292","jacksonville-jaguars","2007-1st-round-pick-17th-overall-jarvis-moss-jacksonville-jaguars-2007","0","pick","asset risks: explanatory_or_contingent","2007 1st round pick (21st overall, Reggie Nelson), 2007 3rd round pick (86th overall subsequently traded, Marshal Yanda) and 2007 6th round pick (198th overall subsequently traded, Doug Datish)","2007 1st round pick (21st overall, Reggie Nelson) || 2007 3rd round pick (86th overall subsequently traded, Marshal Yanda) || 2007 6th round pick (198th overall subsequently traded, Doug Datish)","","3","2","",""
"96","manual","CND_manual_asset_has_risk_flags","JAX-2007-0033","jacksonville-jaguars","2007-4th-round-pick-101st-overall-baltimore-ravens-2007","0","pick","asset risks: explanatory_or_contingent","2007 4th round pick (101st overall, Adam Podlesh), 2007 5th round pick (166th overall, Derek Landri) and 2007 6th round pick (203rd overall subsequently traded, Daren Stone)","2007 4th round pick (101st overall, Adam Podlesh) || 2007 5th round pick (166th overall, Derek Landri) || 2007 6th round pick (203rd overall subsequently traded, Daren Stone)","","3","2","",""
"97","manual","CND_manual_has_obvious_delimiter_use_other_lane","LAC-2007-0346","chicago-bears","2007-2nd-round-pick-37th-overall-eric-weddle-chicago-bears-2007","0","pick","asset has obvious delimiter between pick starts; should stay out of no-delimiter lane","2007 2nd round pick (62nd overall, Dan Bazuin), 2007 3rd round pick (93rd overall, Garrett Wolfe), 2007 5th round pick (167th overall, Kevin Payne) and 2008 3rd round pick (90th overall, Marcus Harrison)","2007 2nd round pick (62nd overall, Dan Bazuin) || 2007 3rd round pick (93rd overall, Garrett Wolfe) || 2007 5th round pick (167th overall, Kevin Payne) || 2008 3rd round pick (90th overall, Marcus Harrison)","","4","3","",""
"98","manual","CND_manual_has_obvious_delimiter_use_other_lane","NYJ-2007-0210","green-bay-packers","2007-2nd-round-pick-47th-overall-david-harris-and-2007-7th-round-pick-235th-overall-chansi","0","pick","asset has obvious delimiter between pick starts; should stay out of no-delimiter lane","2007 2nd round pick (63rd overall, Brandon Jackson), 2007 3rd round pick (89th overall, Aaron Rouse) and 2007 6th round pick (192nd overall, Desmond Bishop)","2007 2nd round pick (63rd overall, Brandon Jackson) || 2007 3rd round pick (89th overall, Aaron Rouse) || 2007 6th round pick (192nd overall, Desmond Bishop)","","3","2","",""
"99","manual","CND_manual_asset_has_risk_flags","JAX-2007-0034","atlanta-falcons","2007-5th-round-pick-149th-overall-atlanta-falcons-2007","0","pick","asset risks: explanatory_or_contingent","2007 6th round pick (195th overall subsequently traded, Deon Anderson), 2007 6th round pick (198th overall, Doug Datish), 2007 6th round pick (203rd overall, Daren Stone)","2007 6th round pick (195th overall subsequently traded, Deon Anderson) || 2007 6th round pick (198th overall, Doug Datish) || 2007 6th round pick (203rd overall, Daren Stone)","2007 6th round pick (195th overall subsequently traded, Deon Anderson) => [1] 2007 6th round pick (195th overall subsequently traded, Deon Anderson) || 2007 6th round pick (198th overall, Doug Datish) => [2] 2007 6th round pick (198th overall, Doug Datish) || 2007 6th round pick (203rd overall, Daren Stone) => [3] 2007 6th round pick (203rd overall, Daren Stone)","0","-1","",""
"100","manual","CND_manual_asset_has_risk_flags","MIN-2007-04-29-0220","minnesota-vikings","draft-pick-trade-denver-broncos-2007","0","pick","asset risks: explanatory_or_contingent","2007 6th round pick (176th overall, Rufus Alexander), 2007 7th round pick (233rd overall, Chandler Williams) and 2008 3rd round pick (73rd overall subsequently traded, Jamaal Charles)","2007 6th round pick (176th overall, Rufus Alexander) || 2007 7th round pick (233rd overall, Chandler Williams) || 2008 3rd round pick (73rd overall subsequently traded, Jamaal Charles)","","3","2","",""
"101","manual","CND_manual_asset_has_risk_flags","MIN-2008-04-23-0223","kansas-city-chiefs","jared-allen-kansas-city-chiefs-2008","0","pick","asset risks: explanatory_or_contingent","2008 1st round pick (17th overall subsequently traded, Gosder Cherilus), 2008 3rd round pick (73rd overall, Jamaal Charles), 2008 3rd round pick (82nd overall, DaJuan Morgan) and 2008 6th round pick (182nd overall, Kevin Robinson)","2008 1st round pick (17th overall subsequently traded, Gosder Cherilus) || 2008 3rd round pick (73rd overall, Jamaal Charles) || 2008 3rd round pick (82nd overall, DaJuan Morgan) || 2008 6th round pick (182nd overall, Kevin Robinson)","","4","3","",""
"102","manual","CND_manual_has_obvious_delimiter_use_other_lane","BAL-2008-0038","houston-texans","2008-1st-round-pick-18th-overall-joe-flacco-houston-texans-2008","0","pick","asset has obvious delimiter between pick starts; should stay out of no-delimiter lane","2008 1st round pick (26th overall, Duane Brown), 2008 3rd round pick (89th overall, Steve Slaton) and 2008 6th round pick (173rd overall, Dominique Barber)","2008 1st round pick (26th overall, Duane Brown) || 2008 3rd round pick (89th overall, Steve Slaton) || 2008 6th round pick (173rd overall, Dominique Barber)","","3","2","",""
"103","manual","CND_manual_asset_has_risk_flags","CAR-2008-0035","philadelphia-eagles","panthers-philadelphia-eagles-trade-2008-0035","0","pick","asset risks: explanatory_or_contingent","2008 2nd round pick (43rd overall subsequently traded, Tyrell Johnson), 2008 4th round pick (109th overall, Mike McGlynn) and 2009 1st round pick (28th overall subsequently traded, Eric Wood)","2008 2nd round pick (43rd overall subsequently traded, Tyrell Johnson) || 2008 4th round pick (109th overall, Mike McGlynn) || 2009 1st round pick (28th overall subsequently traded, Eric Wood)","","3","2","",""
"104","manual","CND_manual_asset_has_risk_flags","JAX-2008-0038","baltimore-ravens","2008-1st-round-pick-8th-overall-baltimore-ravens-2008","0","pick","asset risks: explanatory_or_contingent","2008 1st round pick (26th overall subsequently traded, Duane Brown), 2008 3rd round pick (71st overall, Tavares Gooden), 2008 3rd round pick (89th overall subsequently traded, Steve Slaton) and 2008 4th round pick (125th overall subsequently traded, Arman Shields)","2008 1st round pick (26th overall subsequently traded, Duane Brown) || 2008 3rd round pick (71st overall, Tavares Gooden) || 2008 3rd round pick (89th overall subsequently traded, Steve Slaton) || 2008 4th round pick (125th overall subsequently traded, Arman Shields)","","4","3","",""
"105","manual","CND_manual_asset_has_risk_flags","KC-2008-0219","detroit-lions","2008-1st-round-pick-15th-overall-detroit-lions-2008","0","pick","asset risks: explanatory_or_contingent","2008 1st round pick (17th overall, Gosder Cherilus), 2008 3rd round pick (66th overall subsequently traded, Kendall Langford) and 2008 5th round pick (136th overall, Kenny Moore)","2008 1st round pick (17th overall, Gosder Cherilus) || 2008 3rd round pick (66th overall subsequently traded, Kendall Langford) || 2008 5th round pick (136th overall, Kenny Moore)","","3","2","",""
"106","manual","CND_manual_has_obvious_delimiter_use_other_lane","SEA-2008-04-26-0136","seattle-seahawks","2008-1st-round-pick-28th-overall-lawrence-jackso-dallas-cowboys-2008","3","pick","asset has obvious delimiter between pick starts; should stay out of no-delimiter lane","2008 1st round pick (28th overall, Lawrence Jackson), 2008 5th round pick (163rd overall, Owen Schmitt) and 2008 7th round pick (235th overall, Brandon Coutu)","2008 1st round pick (28th overall, Lawrence Jackson) || 2008 5th round pick (163rd overall, Owen Schmitt) || 2008 7th round pick (235th overall, Brandon Coutu)","2008 1st round pick (28th overall, Lawrence Jackson) => [0] 2008 1st round pick (28th overall, Lawrence Jackson) || 2008 5th round pick (163rd overall, Owen Schmitt) => [1] 2008 5th round pick (163rd overall, Owen Schmitt) || 2008 7th round pick (235th overall, Brandon Coutu) => [2] 2008 7th round pick (235th overall, Brandon Coutu)","0","-1","",""
"107","manual","CND_manual_asset_has_risk_flags","WAS-2008-0395","washington-commanders","an-undisclosed-2008-draft-pick-2008-2nd-round-pick-34th-overall-devin-thomas-and-2008-4th","0","pick","asset risks: explanatory_or_contingent","an undisclosed 2008 draft pick, 2008 2nd round pick (34th overall, Devin Thomas) and 2008 4th round pick (103rd overall subsequently traded, William Hayes)","2008 2nd round pick (34th overall, Devin Thomas) || 2008 4th round pick (103rd overall subsequently traded, William Hayes)","2008 4th round pick (103rd overall subsequently traded, William Hayes) => [2] 2008 4th round pick (103rd overall subsequently traded, William Hayes)","1","0","",""
"108","manual","CND_manual_has_obvious_delimiter_use_other_lane","WAS-2008-0395","atlanta-falcons","an-undisclosed-2008-draft-pick-2008-2nd-round-pick-34th-overall-devin-thomas-and-2008-4th","0","pick","asset has obvious delimiter between pick starts; should stay out of no-delimiter lane","2008 1st round pick (21st overall, Sam Baker), 2008 3rd round pick (84th overall, Harry Douglas) and 2008 5th round pick (154th overall, Kroy Biermann)","2008 1st round pick (21st overall, Sam Baker) || 2008 3rd round pick (84th overall, Harry Douglas) || 2008 5th round pick (154th overall, Kroy Biermann)","2008 1st round pick (21st overall, Sam Baker) => [1] 2008 1st round pick (21st overall, Sam Baker) || 2008 3rd round pick (84th overall, Harry Douglas) => [2] 2008 3rd round pick (84th overall, Harry Douglas) || 2008 5th round pick (154th overall, Kroy Biermann) => [3] 2008 5th round pick (154th overall, Kroy Biermann)","0","-1","",""
"109","manual","CND_manual_asset_has_risk_flags","IND-2008-0322","philadelphia-eagles","an-undisclosed-2008-draft-pick-philadelphia-eagles-2008","1","pick","asset risks: explanatory_or_contingent","2009: Traded Greg Lewis and 2010 7th round pick (231st overall subsequently traded, Selvish Capers) to Patriots for 2009 5th round pick (159th overall, Fenuki Tupou)","2010 7th round pick (231st overall subsequently traded, Selvish Capers) to Patriots for || 2009 5th round pick (159th overall, Fenuki Tupou)","","2","1","",""
"110","manual","CND_manual_has_obvious_delimiter_use_other_lane","DAL-2008-0296","detroit-lions","roy-williams-and-2009-7th-round-pick-detroit-lions-2008","0","pick","asset has obvious delimiter between pick starts; should stay out of no-delimiter lane","2009 1st round pick (20th overall, Brandon Pettigrew), 2009 3rd round pick (82nd overall, Derrick Williams) and 2009 6th round pick (192nd overall, Aaron Brown)","2009 1st round pick (20th overall, Brandon Pettigrew) || 2009 3rd round pick (82nd overall, Derrick Williams) || 2009 6th round pick (192nd overall, Aaron Brown)","","3","2","",""
"111","manual","CND_manual_asset_has_risk_flags","DEN-2009-04-03-0301","denver-broncos","kyle-orton-2009-1st-round-pick-18th-overall-robert-ayers-2009-3rd-round-pick-84th-overall","0","pick","asset risks: explanatory_or_contingent","Kyle Orton, 2009 1st round pick (18th overall, Robert Ayers), 2009 3rd round pick (84th overall subsequently traded, Mike Wallace) and 2010 1st round pick (11th overall subsequently traded, Anthony Davis)","2009 1st round pick (18th overall, Robert Ayers) || 2009 3rd round pick (84th overall subsequently traded, Mike Wallace) || 2010 1st round pick (11th overall subsequently traded, Anthony Davis)","","3","2","",""
"112","manual","CND_manual_asset_has_risk_flags","CLE-2009-0360","cleveland-browns","kenyon-coleman-abram-elam-brett-ratliff-2009-1st-round-pick-17th-overall-subsequ","0","pick","asset risks: explanatory_or_contingent","Kenyon Coleman, Abram Elam, Brett Ratliff, 2009 1st round pick (17th overall subsequently traded, Josh Freeman) and 2009 2nd round pick (52nd overall, David Veikune)","2009 1st round pick (17th overall subsequently traded, Josh Freeman) || 2009 2nd round pick (52nd overall, David Veikune)","","2","1","",""
"113","manual","CND_manual_asset_has_risk_flags","GB-2009-0398","new-england-patriots","2009-1st-round-pick-26th-overall-clay-matthews-and-2009-5th-round-pick-162nd-ove","0","pick","asset risks: explanatory_or_contingent","2009 2nd round pick (41st overall, Darius Butler), 2009 3rd round pick (73rd overall subsequently traded, Derek Cox) and 2009 3rd round pick (83rd overall, Brandon Tate)","2009 2nd round pick (41st overall, Darius Butler) || 2009 3rd round pick (73rd overall subsequently traded, Derek Cox) || 2009 3rd round pick (83rd overall, Brandon Tate)","","3","2","",""
"114","manual","CND_manual_has_obvious_delimiter_use_other_lane","RAI-2009-0334","las-vegas-raiders","2009-2nd-round-pick-47th-overall-new-england-patriots-2009","0","pick","asset has obvious delimiter between pick starts; should stay out of no-delimiter lane","2009 2nd round pick (47th overall, Mike Mitchell), 2009 4th round pick (124th overall, Louis Murphy) and 2009 6th round pick (199th overall, Stryker Sulak)","2009 2nd round pick (47th overall, Mike Mitchell) || 2009 4th round pick (124th overall, Louis Murphy) || 2009 6th round pick (199th overall, Stryker Sulak)","","3","2","",""
"115","manual","CND_manual_has_obvious_delimiter_use_other_lane","NYJ-2009-0221","detroit-lions","2009-3rd-round-pick-65th-overall-shonn-greene-detroit-lions-2009","0","pick","asset has obvious delimiter between pick starts; should stay out of no-delimiter lane","2009 3rd round pick (76th overall, DeAndre Levy), 2009 4th round pick (115th overall, Sammie Lee Hill) and 2009 7th round pick (228th overall, Lydon Murtha)","2009 3rd round pick (76th overall, DeAndre Levy) || 2009 4th round pick (115th overall, Sammie Lee Hill) || 2009 7th round pick (228th overall, Lydon Murtha)","","3","2","",""
"116","manual","CND_manual_asset_has_risk_flags","SEA-2009-04-26-0142","philadelphia-eagles","2009-3rd-round-pick-91st-overall-deon-butler-philadelphia-eagles-2009","3","pick","asset risks: explanatory_or_contingent","2009 5th round pick (137th overall subsequently traded, Jason Phillips), 2009 7th round pick (213th overall, Paul Fanaika) and 2010 3rd round pick (70th overall subsequently traded, Ed Dickson)","2009 5th round pick (137th overall subsequently traded, Jason Phillips) || 2009 7th round pick (213th overall, Paul Fanaika) || 2010 3rd round pick (70th overall subsequently traded, Ed Dickson)","2009 5th round pick (137th overall subsequently traded, Jason Phillips) => [0] 2009 5th round pick (137th overall subsequently traded, Jason Phillips) || 2009 7th round pick (213th overall, Paul Fanaika) => [1] 2009 7th round pick (213th overall, Paul Fanaika) || 2010 3rd round pick (70th overall subsequently traded, Ed Dickson) => [2] 2010 3rd round pick (70th overall subsequently traded, Ed Dickson)","0","-1","",""
"117","manual","CND_manual_asset_has_risk_flags","DEN-2010-03-15-0308","cleveland-browns","brady-quinn-cleveland-browns-2010","0","player","asset risks: explanatory_or_contingent","Peyton Hillis, 2011 6th round pick (168th overall subsequently traded, Demarcus Love) and 2012 5th round pick (160th overall, Ryan Miller)","2011 6th round pick (168th overall subsequently traded, Demarcus Love) || 2012 5th round pick (160th overall, Ryan Miller)","","2","1","assetType_not_pick=player",""
"118","manual","CND_manual_asset_has_risk_flags","PHI-2010-0332","philadelphia-eagles","eagles-2010-04-02-cleveland-browns-0332","0","pick","asset risks: explanatory_or_contingent","Alex Hall, 2010 4th round pick (105th overall, Trevard Lindley) and 2010 5th round pick (137th overall subsequently traded, Perrish Cox)","2010 4th round pick (105th overall, Trevard Lindley) || 2010 5th round pick (137th overall subsequently traded, Perrish Cox)","","2","1","",""
"119","manual","CND_manual_asset_has_risk_flags","RAM-2010-0455","washington-commanders","2010-5th-round-pick-135th-overall-subsequently-traded-dominique-franks-and-2010","0","pick","asset risks: explanatory_or_contingent","Adam Carriker, 2010 5th round pick (163rd overall subsequently traded, Reshad Jones) and 2010 7th round pick (208th overall subsequently traded, Thomas Welch)","2010 5th round pick (163rd overall subsequently traded, Reshad Jones) || 2010 7th round pick (208th overall subsequently traded, Thomas Welch)","","2","1","",""
"120","manual","CND_manual_asset_has_risk_flags","DEN-2010-04-22-0312","denver-broncos","2010-1st-round-pick-24th-overall-subsequently-traded-dez-bryant-2010-3rd-round-pick-70th-o","0","pick","asset risks: explanatory_or_contingent","2010 1st round pick (24th overall subsequently traded, Dez Bryant), 2010 3rd round pick (70th overall subsequently traded, Ed Dickson) and 2010 3rd round pick (87th overall, Eric Decker)","2010 1st round pick (24th overall subsequently traded, Dez Bryant) || 2010 3rd round pick (70th overall subsequently traded, Ed Dickson) || 2010 3rd round pick (87th overall, Eric Decker)","","3","2","",""
"121","manual","CND_manual_has_obvious_delimiter_use_other_lane","DEN-2010-04-22-0314","baltimore-ravens","2010-1st-round-pick-25th-overall-tim-tebow-baltimore-ravens-2010","0","pick","asset has obvious delimiter between pick starts; should stay out of no-delimiter lane","2010 2nd round pick (43rd overall, Sergio Kindle), 2010 3rd round pick (70th overall, Ed Dickson) and 2010 4th round pick (114th overall, Dennis Pitta)","2010 2nd round pick (43rd overall, Sergio Kindle) || 2010 3rd round pick (70th overall, Ed Dickson) || 2010 4th round pick (114th overall, Dennis Pitta)","","3","2","",""
"122","manual","CND_manual_asset_has_risk_flags","LAC-2010-0353","los-angeles-chargers","2010-1st-round-pick-12th-overall-ryan-mathews-2010-4th-round-pick-110th-overall","0","pick","asset risks: explanatory_or_contingent","2010 1st round pick (12th overall, Ryan Mathews), 2010 4th round pick (110th overall, Darrell Stuckey) and 2010 6th round pick (173rd overall subsequently traded, Anthony Dixon)","2010 1st round pick (12th overall, Ryan Mathews) || 2010 4th round pick (110th overall, Darrell Stuckey) || 2010 6th round pick (173rd overall subsequently traded, Anthony Dixon)","","3","2","",""
"123","manual","CND_manual_asset_has_risk_flags","LAC-2010-0353","miami-dolphins","2010-1st-round-pick-12th-overall-ryan-mathews-2010-4th-round-pick-110th-overall","0","pick","asset risks: explanatory_or_contingent","Tim Dobbins, 2010 1st round pick (28th overall, Jared Odrick), 2010 2nd round pick (40th overall, Koa Misi) and 2010 4th round pick (126th overall subsequently traded, Akwasi Owusu-Ansah)","2010 1st round pick (28th overall, Jared Odrick) || 2010 2nd round pick (40th overall, Koa Misi) || 2010 4th round pick (126th overall subsequently traded, Akwasi Owusu-Ansah)","","3","2","",""
"124","manual","CND_manual_has_obvious_delimiter_use_other_lane","MIN-2010-04-22-0229","minnesota-vikings","draft-pick-trade-detroit-lions-2010","0","pick","asset has obvious delimiter between pick starts; should stay out of no-delimiter lane","2010 2nd round pick (34th overall, Chris Cook), 2010 4th round pick (100th overall, Everson Griffen) and 2010 7th round pick (214th overall, Mickey Shuler)","2010 2nd round pick (34th overall, Chris Cook) || 2010 4th round pick (100th overall, Everson Griffen) || 2010 7th round pick (214th overall, Mickey Shuler)","","3","2","",""
"125","manual","CND_manual_asset_has_risk_flags","PHI-2010-0337","philadelphia-eagles","eagles-2010-04-23-cleveland-browns-0337","0","pick","asset risks: explanatory_or_contingent","2010 3rd round pick (71st overall subsequently traded, Morgan Burnett), 2010 5th round pick (134th overall, Ricky Sapp) and 2010 5th round pick (146th overall subsequently traded, Cam Thomas)","2010 3rd round pick (71st overall subsequently traded, Morgan Burnett) || 2010 5th round pick (134th overall, Ricky Sapp) || 2010 5th round pick (146th overall subsequently traded, Cam Thomas)","","3","2","",""
"126","manual","CND_manual_has_obvious_delimiter_use_other_lane","SF-2010-0345","san-francisco-49ers","2010-3rd-round-pick-91st-overall-navorro-bowman-2010-6th-round-pic-los-angeles-san-diego-c","0","pick","asset has obvious delimiter between pick starts; should stay out of no-delimiter lane","2010 3rd round pick (91st overall, NaVorro Bowman), 2010 6th round pick (173rd overall, Anthony Dixon) and 2011 4th round pick (115th overall, Kendall Hunter)","2010 3rd round pick (91st overall, NaVorro Bowman) || 2010 6th round pick (173rd overall, Anthony Dixon) || 2011 4th round pick (115th overall, Kendall Hunter)","","3","2","",""
"127","manual","CND_manual_has_obvious_delimiter_use_other_lane","SEA-2010-04-24-0147","seattle-seahawks","kevin-vickerson-lendale-white-2010-4th-round-pic-tennessee-titans-2010","0","pick","asset has obvious delimiter between pick starts; should stay out of no-delimiter lane","Kevin Vickerson, LenDale White, 2010 4th round pick (111th overall, Walter Thurmond) and 2010 6th round pick (185th overall, Anthony McCoy)","2010 4th round pick (111th overall, Walter Thurmond) || 2010 6th round pick (185th overall, Anthony McCoy)","","2","1","",""
"128","manual","CND_manual_asset_has_risk_flags","ATL-2011-0259","cleveland-browns","2011-1st-round-pick-6th-overall-cleveland-browns-2011","5","pick","asset risks: explanatory_or_contingent","2011 1st round pick (26th overall subsequently traded, Jonathan Baldwin), 2011 2nd round pick (59th overall, Greg Little), 2011 4th round pick (118th overall subsequently traded, Jalil Brown), 2011 4th round pick (124th overall, Owen Marecic) and 2012 1st round pick (22nd overall, Brandon Weeden)","2011 1st round pick (26th overall subsequently traded, Jonathan Baldwin) || 2011 2nd round pick (59th overall, Greg Little) || 2011 4th round pick (118th overall subsequently traded, Jalil Brown) || 2011 4th round pick (124th overall, Owen Marecic) || 2012 1st round pick (22nd overall, Brandon Weeden)","2011 1st round pick (26th overall subsequently traded, Jonathan Baldwin) => [0] 2011 1st round pick (26th overall subsequently traded, Jonathan Baldwin) || 2011 2nd round pick (59th overall, Greg Little) => [1] 2011 2nd round pick (59th overall, Greg Little) || 2011 4th round pick (118th overall subsequently traded, Jalil Brown) => [2] 2011 4th round pick (118th overall subsequently traded, Jalil Brown) || 2011 4th round pick (124th overall, Owen Marecic) => [3] 2011 4th round pick (124th overall, Owen Marecic) || 2012 1st round pick (22nd overall, Brandon Weeden) => [4] 2012 1st round pick (22nd overall, Brandon Weeden)","0","-1","",""
"129","manual","CND_manual_asset_has_risk_flags","DEN-2011-04-29-0319","denver-broncos","2011-2nd-round-pick-45th-overall-rahim-moore-2011-4th-round-pick-108th-overall-quinton-car","0","pick","asset risks: explanatory_or_contingent","2011 2nd round pick (45th overall, Rahim Moore), 2011 4th round pick (108th overall, Quinton Carter) and 2011 5th round pick (141st overall subsequently traded, D.J. Williams)","2011 2nd round pick (45th overall, Rahim Moore) || 2011 4th round pick (108th overall, Quinton Carter) || 2011 5th round pick (141st overall subsequently traded, D.J. Williams)","","3","2","",""
"130","manual","CND_manual_has_obvious_delimiter_use_other_lane","MIA-2011-0242","washington-commanders","2011-2nd-round-pick-62nd-overall-redskins-2011","0","pick","asset has obvious delimiter between pick starts; should stay out of no-delimiter lane","2011 3rd round pick (79th overall, Leonard Hankerson), 2011 5th round pick (146th overall, DeJon Gomes) and 2011 7th round pick (217th overall, Maurice Hurt)","2011 3rd round pick (79th overall, Leonard Hankerson) || 2011 5th round pick (146th overall, DeJon Gomes) || 2011 7th round pick (217th overall, Maurice Hurt)","","3","2","",""
"131","manual","CND_manual_has_obvious_delimiter_use_other_lane","SEA-2011-04-29-0156","seattle-seahawks","2011-3rd-round-pick-75th-overall-john-moffitt-detroit-lions-2011","4","pick","asset has obvious delimiter between pick starts; should stay out of no-delimiter lane","2011 3rd round pick (75th overall, John Moffitt), 2011 4th round pick (107th overall, Kris Durham), 2011 5th round pick (154th overall, Richard Sherman) and 2011 7th round pick (205th overall, Pep Levingston)","2011 3rd round pick (75th overall, John Moffitt) || 2011 4th round pick (107th overall, Kris Durham) || 2011 5th round pick (154th overall, Richard Sherman) || 2011 7th round pick (205th overall, Pep Levingston)","2011 3rd round pick (75th overall, John Moffitt) => [0] 2011 3rd round pick (75th overall, John Moffitt) || 2011 4th round pick (107th overall, Kris Durham) => [1] 2011 4th round pick (107th overall, Kris Durham) || 2011 5th round pick (154th overall, Richard Sherman) => [2] 2011 5th round pick (154th overall, Richard Sherman) || 2011 7th round pick (205th overall, Pep Levingston) => [3] 2011 7th round pick (205th overall, Pep Levingston)","0","-1","",""
"132","manual","CND_manual_has_obvious_delimiter_use_other_lane","SEA-2011-04-29-0156","detroit-lions","2011-3rd-round-pick-75th-overall-john-moffitt-detroit-lions-2011","3","pick","asset has obvious delimiter between pick starts; should stay out of no-delimiter lane","2011 2nd round pick (57th overall, Mikel Leshoure), 2011 5th round pick (157th overall, Doug Hogue) and 2011 7th round pick (209th overall, Johnny Culbreath)","2011 2nd round pick (57th overall, Mikel Leshoure) || 2011 5th round pick (157th overall, Doug Hogue) || 2011 7th round pick (209th overall, Johnny Culbreath)","2011 2nd round pick (57th overall, Mikel Leshoure) => [0] 2011 2nd round pick (57th overall, Mikel Leshoure) || 2011 5th round pick (157th overall, Doug Hogue) => [1] 2011 5th round pick (157th overall, Doug Hogue) || 2011 7th round pick (209th overall, Johnny Culbreath) => [2] 2011 7th round pick (209th overall, Johnny Culbreath)","0","-1","",""
"133","manual","CND_manual_has_obvious_delimiter_use_other_lane","WAS-2011-0414","houston-texans","2011-4th-round-pick-105th-overall-roy-helu-and-2011-6th-round-pick-178th-overall-aldrick-r","0","pick","asset has obvious delimiter between pick starts; should stay out of no-delimiter lane","2011 4th round pick (127th overall, Roc Carmichael), 2011 5th round pick (144th overall, Shiloh Keo) and 2011 5th round pick (152nd overall, T.J. Yates)","2011 4th round pick (127th overall, Roc Carmichael) || 2011 5th round pick (144th overall, Shiloh Keo) || 2011 5th round pick (152nd overall, T.J. Yates)","","3","2","",""
"134","manual","CND_manual_asset_has_risk_flags","RAM-2012-0465","los-angeles-rams","2012-1st-round-pick-6th-overall-subsequently-traded-morris-claiborne-2012-2nd-ro","0","pick","asset risks: explanatory_or_contingent","2012 1st round pick (6th overall subsequently traded, Morris Claiborne), 2012 2nd round pick (39th overall, Jackrabbit Jenkins), 2013 1st round pick (22nd overall subsequently traded, Desmond Trufant) and 2014 1st round pick (2nd overall, Greg Robinson)","2012 1st round pick (6th overall subsequently traded, Morris Claiborne) || 2012 2nd round pick (39th overall, Jackrabbit Jenkins) || 2013 1st round pick (22nd overall subsequently traded, Desmond Trufant) || 2014 1st round pick (2nd overall, Greg Robinson)","","4","3","",""
"135","manual","CND_manual_asset_has_risk_flags","MIN-2012-04-26-0237","minnesota-vikings","draft-pick-trade-cleveland-browns-2012","0","pick","asset risks: explanatory_or_contingent","2012 1st round pick (4th overall, Matt Kalil), 2012 4th round pick (118th overall, Jarius Wright), 2012 5th round pick (139th overall, Robert Blanton) and 2012 7th round pick (211th overall subsequently traded, Scott Solomon)","2012 1st round pick (4th overall, Matt Kalil) || 2012 4th round pick (118th overall, Jarius Wright) || 2012 5th round pick (139th overall, Robert Blanton) || 2012 7th round pick (211th overall subsequently traded, Scott Solomon)","","4","3","",""
"136","manual","CND_manual_has_obvious_delimiter_use_other_lane","SEA-2012-04-26-0159","seattle-seahawks","2012-1st-round-pick-15th-overall-bruce-irvin-2-philadelphia-eagles-2012","3","pick","asset has obvious delimiter between pick starts; should stay out of no-delimiter lane","2012 1st round pick (15th overall, Bruce Irvin), 2012 4th round pick (114th overall, Jaye Howard) and 2012 6th round pick (172nd overall, Jeremy Lane)","2012 1st round pick (15th overall, Bruce Irvin) || 2012 4th round pick (114th overall, Jaye Howard) || 2012 6th round pick (172nd overall, Jeremy Lane)","2012 1st round pick (15th overall, Bruce Irvin) => [0] 2012 1st round pick (15th overall, Bruce Irvin) || 2012 4th round pick (114th overall, Jaye Howard) => [1] 2012 4th round pick (114th overall, Jaye Howard) || 2012 6th round pick (172nd overall, Jeremy Lane) => [2] 2012 6th round pick (172nd overall, Jeremy Lane)","0","-1","",""
"137","manual","CND_manual_has_obvious_delimiter_use_other_lane","SEA-2012-04-27-0160","seattle-seahawks","2012-2nd-round-pick-47th-overall-bobby-wagner-new-york-jets-2012","3","pick","asset has obvious delimiter between pick starts; should stay out of no-delimiter lane","2012 2nd round pick (47th overall, Bobby Wagner), 2012 5th round pick (154th overall, Korey Toomer) and 2012 7th round pick (232nd overall, Greg Scruggs)","2012 2nd round pick (47th overall, Bobby Wagner) || 2012 5th round pick (154th overall, Korey Toomer) || 2012 7th round pick (232nd overall, Greg Scruggs)","2012 2nd round pick (47th overall, Bobby Wagner) => [0] 2012 2nd round pick (47th overall, Bobby Wagner) || 2012 5th round pick (154th overall, Korey Toomer) => [1] 2012 5th round pick (154th overall, Korey Toomer) || 2012 7th round pick (232nd overall, Greg Scruggs) => [2] 2012 7th round pick (232nd overall, Greg Scruggs)","0","-1","",""
"138","manual","CND_manual_has_obvious_delimiter_use_other_lane","GB-2012-0409","new-england-patriots","2012-5th-round-pick-163rd-overall-terrell-manning-new-england-patriots-2012","0","pick","asset has obvious delimiter between pick starts; should stay out of no-delimiter lane","2012 6th round pick (197th overall, Nate Ebner), 2012 7th round pick (224th overall, Alfonzo Dennard) and 2012 7th round pick (235th overall, Jeremy Ebert)","2012 6th round pick (197th overall, Nate Ebner) || 2012 7th round pick (224th overall, Alfonzo Dennard) || 2012 7th round pick (235th overall, Jeremy Ebert)","","3","2","",""
"139","manual","CND_manual_asset_has_risk_flags","MIA-2012-0247","san-francisco-49ers","2012-4th-round-pick-97th-overall-49ers-2012","0","pick","asset risks: explanatory_or_contingent","2012 4th round pick (103rd overall subsequently traded, Frank Alexander), 2012 6th round pick (196th overall subsequently traded, Jonte Green) and 2013 6th round pick (180th overall, Nick Moody)","2012 4th round pick (103rd overall subsequently traded, Frank Alexander) || 2012 6th round pick (196th overall subsequently traded, Jonte Green) || 2013 6th round pick (180th overall, Nick Moody)","","3","2","",""
"140","manual","CND_manual_asset_has_risk_flags","MIN-2012-0233","tennessee-titans","2013-6th-round-pick-176th-overall-subsequently-traded-david-quessenberry-tenness","0","pick","asset risks: explanatory_or_contingent","2012 5th round pick (163rd overall subsequently traded, Terrell Manning), 2012 7th round pick (211th overall, Scott Solomon) and 2012 7th round pick (224th overall subsequently traded, Alfonzo Dennard)","2012 5th round pick (163rd overall subsequently traded, Terrell Manning) || 2012 7th round pick (211th overall, Scott Solomon) || 2012 7th round pick (224th overall subsequently traded, Alfonzo Dennard)","","3","2","",""
"141","manual","CND_manual_has_obvious_delimiter_use_other_lane","MIN-2013-0235","minnesota-vikings","2013-1st-round-pick-25th-overall-xavier-rhodes-2013-7th-round-pick-214th-overall","0","pick","asset has obvious delimiter between pick starts; should stay out of no-delimiter lane","2013 1st round pick (25th overall, Xavier Rhodes), 2013 7th round pick (214th overall, Travis Bond) and 2014 3rd round pick (96th overall, Jerick McKinnon)","2013 1st round pick (25th overall, Xavier Rhodes) || 2013 7th round pick (214th overall, Travis Bond) || 2014 3rd round pick (96th overall, Jerick McKinnon)","2013 1st round pick (25th overall, Xavier Rhodes) => [1] 2013 1st round pick (25th overall, Xavier Rhodes) || 2013 7th round pick (214th overall, Travis Bond) => [2] 2013 7th round pick (214th overall, Travis Bond) || 2014 3rd round pick (96th overall, Jerick McKinnon) => [3] 2014 3rd round pick (96th overall, Jerick McKinnon)","0","-1","",""
"142","manual","CND_manual_has_obvious_delimiter_use_other_lane","BUF-2013-0281","buffalo-bills","2013-1st-round-pick-16th-overall-ej-manuel-2013-2nd-round-pick-46th-overall-kiko","0","pick","asset has obvious delimiter between pick starts; should stay out of no-delimiter lane","2013 1st round pick (16th overall, EJ Manuel), 2013 2nd round pick (46th overall, Kiko Alonso), 2013 3rd round pick (78th overall, Marquise Goodwin) and 2013 7th round pick (222nd overall, Chris Gragg)","2013 1st round pick (16th overall, EJ Manuel) || 2013 2nd round pick (46th overall, Kiko Alonso) || 2013 3rd round pick (78th overall, Marquise Goodwin) || 2013 7th round pick (222nd overall, Chris Gragg)","","4","3","",""
"143","manual","CND_manual_asset_has_risk_flags","MIN-2013-0236","new-england-patriots","2013-1st-round-pick-29th-overall-cordarrelle-patterson-new-england-patriots-2013","0","pick","asset risks: explanatory_or_contingent","2013 2nd round pick (52nd overall, Jamie Collins), 2013 3rd round pick (83rd overall, Logan Ryan), 2013 4th round pick (102nd overall, Josh Boyce) and 2013 7th round pick (229th overall subsequently traded, Everett Dawkins)","2013 2nd round pick (52nd overall, Jamie Collins) || 2013 3rd round pick (83rd overall, Logan Ryan) || 2013 4th round pick (102nd overall, Josh Boyce) || 2013 7th round pick (229th overall subsequently traded, Everett Dawkins)","","4","3","",""
"144","manual","CND_manual_asset_has_risk_flags","MIA-2013-0251","cleveland-browns","2013-4th-round-pick-104th-overall-browns-2013","0","pick","asset risks: explanatory_or_contingent","Davone Bess, 2013 4th round pick (111th overall subsequently traded, Shamarko Thomas) and 2013 7th round pick (217th overall, Armonty Bryant)","2013 4th round pick (111th overall subsequently traded, Shamarko Thomas) || 2013 7th round pick (217th overall, Armonty Bryant)","","2","1","",""
"145","manual","CND_manual_asset_has_risk_flags","MIA-2013-0253","green-bay-packers","2013-3rd-round-pick-93rd-overall-packers-2013","0","pick","asset risks: explanatory_or_contingent","2013 4th round pick (109th overall, David Bakhtiari), 2013 5th round pick (146th overall subsequently traded, Quanterus Smith) and 2013 7th round pick (224th overall, Kevin Dorsey)","2013 4th round pick (109th overall, David Bakhtiari) || 2013 5th round pick (146th overall subsequently traded, Quanterus Smith) || 2013 7th round pick (224th overall, Kevin Dorsey)","","3","2","",""
"146","manual","CND_manual_asset_has_risk_flags","SEA-2013-04-26-0166","seattle-seahawks","2013-2nd-round-pick-62nd-overall-christine-micha-baltimore-ravens-2013","0","pick","asset risks: explanatory_or_contingent","2013 2nd round pick (62nd overall, Christine Michael), 2013 5th round pick (165th overall subsequently traded, Sam Martin) and 2013 6th round pick (199th overall subsequently traded, Theo Riddick)","2013 2nd round pick (62nd overall, Christine Michael) || 2013 5th round pick (165th overall subsequently traded, Sam Martin) || 2013 6th round pick (199th overall subsequently traded, Theo Riddick)","","3","2","",""
"147","manual","CND_manual_asset_has_risk_flags","SF-2013-0361","san-francisco-49ers","2013-2nd-round-pick-40th-overall-tank-carradine-2013-7th-round-pic-tennessee-titans-2013","0","pick","asset risks: explanatory_or_contingent","2013 2nd round pick (40th overall, Tank Carradine), 2013 7th round pick (216th overall subsequently traded, Charles Johnson) and 2014 3rd round pick (77th overall, Chris Borland)","2013 2nd round pick (40th overall, Tank Carradine) || 2013 7th round pick (216th overall subsequently traded, Charles Johnson) || 2014 3rd round pick (77th overall, Chris Borland)","","3","2","",""
"148","manual","CND_manual_asset_has_risk_flags","SF-2013-0362","green-bay-packers","2013-2nd-round-pick-55th-overall-vance-mcdonald-green-bay-packers-2013","0","pick","asset risks: explanatory_or_contingent","2013 2nd round pick (61st overall, Eddie Lacy), 2013 6th round pick (173rd overall subsequently traded, Vinston Painter), 2013 3rd round pick (93rd overall subsequently traded, Will Davis) and 2013 7th round pick (216th overall, Charles Johnson)","2013 2nd round pick (61st overall, Eddie Lacy) || 2013 6th round pick (173rd overall subsequently traded, Vinston Painter) || 2013 3rd round pick (93rd overall subsequently traded, Will Davis) || 2013 7th round pick (216th overall, Charles Johnson)","","4","3","",""
"149","manual","CND_manual_asset_has_risk_flags","BUF-2014-0283","cleveland-browns","2014-1st-round-pick-4th-overall-sammy-watkins-cleveland-browns-2014","0","pick","asset risks: explanatory_or_contingent","2014 1st round pick (9th overall subsequently traded, Anthony Barr), 2015 1st round pick (19th overall, Cameron Erving) and 2015 4th round pick (115th overall, Ibraheim Campbell)","2014 1st round pick (9th overall subsequently traded, Anthony Barr) || 2015 1st round pick (19th overall, Cameron Erving) || 2015 4th round pick (115th overall, Ibraheim Campbell)","","3","2","",""
"150","manual","CND_manual_asset_has_risk_flags","DEN-2014-05-09-0331","san-francisco-49ers","2014-2nd-round-pick-56th-overall-cody-latimer-and-2014-7th-round-pick-242nd-overall-corey","0","pick","asset risks: explanatory_or_contingent","2014 2nd round pick (63rd overall subsequently traded, Jarvis Landry), 2014 5th round pick (171st overall subsequently traded, Jordan Tripp) and 2015 4th round pick (126th overall, Mike Davis)","2014 2nd round pick (63rd overall subsequently traded, Jarvis Landry) || 2014 5th round pick (171st overall subsequently traded, Jordan Tripp) || 2015 4th round pick (126th overall, Mike Davis)","","3","2","",""
"151","manual","CND_manual_asset_has_risk_flags","SEA-2014-05-09-0171","seattle-seahawks","2014-2nd-round-pick-45th-overall-paul-richardson-detroit-lions-2014","0","pick","asset risks: explanatory_or_contingent","2014 2nd round pick (45th overall, Paul Richardson), 2014 4th round pick (111th overall subsequently traded, Russell Bodine) and 2014 7th round pick (227th overall, Kiero Small)","2014 2nd round pick (45th overall, Paul Richardson) || 2014 4th round pick (111th overall subsequently traded, Russell Bodine) || 2014 7th round pick (227th overall, Kiero Small)","","3","2","",""
"152","manual","CND_manual_asset_has_risk_flags","RAM-2015-0475","los-angeles-rams","nick-foles-2015-4th-round-pick-119th-overall-andrew-donnal-and-2016-2nd-round-pi","0","pick","asset risks: explanatory_or_contingent","Nick Foles, 2015 4th round pick (119th overall, Andrew Donnal) and 2016 2nd round pick (43rd overall subsequently traded, Austin Johnson)","2015 4th round pick (119th overall, Andrew Donnal) || 2016 2nd round pick (43rd overall subsequently traded, Austin Johnson)","","2","1","",""
"153","manual","CND_manual_asset_has_risk_flags","DEN-2015-04-30-0334","detroit-lions","2015-1st-round-pick-23rd-overall-shane-ray-detroit-lions-2015","0","pick","asset risks: explanatory_or_contingent","Manuel Ramirez, 2015 1st round pick (28th overall, Laken Tomlinson), 2015 5th round pick (143rd overall subsequently traded, MyCole Pruitt) and 2016 5th round pick (169th overall, Antwione Williams)","2015 1st round pick (28th overall, Laken Tomlinson) || 2015 5th round pick (143rd overall subsequently traded, MyCole Pruitt) || 2016 5th round pick (169th overall, Antwione Williams)","","3","2","",""
"154","manual","CND_manual_has_obvious_delimiter_use_other_lane","SF-2015-0373","san-francisco-49ers","2015-1st-round-pick-17th-overall-arik-armstead-2015-4th-round-pick-los-angeles-san-diego-c","0","pick","asset has obvious delimiter between pick starts; should stay out of no-delimiter lane","2015 1st round pick (17th overall, Arik Armstead), 2015 4th round pick (117th overall, Blake Bell) and 2016 5th round pick (142nd overall, Ronald Blair)","2015 1st round pick (17th overall, Arik Armstead) || 2015 4th round pick (117th overall, Blake Bell) || 2016 5th round pick (142nd overall, Ronald Blair)","","3","2","",""
"155","manual","CND_manual_asset_has_risk_flags","CLE-2015-0392","cleveland-browns","2015-2nd-round-pick-51st-overall-nate-orchard-2015-4th-round-pick-116th-overall","0","pick","asset risks: explanatory_or_contingent","2015 2nd round pick (51st overall, Nate Orchard), 2015 4th round pick (116th overall subsequently traded, Rodney Gunter) and 2015 6th round pick (195th overall, Malcolm Johnson)","2015 2nd round pick (51st overall, Nate Orchard) || 2015 4th round pick (116th overall subsequently traded, Rodney Gunter) || 2015 6th round pick (195th overall, Malcolm Johnson)","","3","2","",""
"156","manual","CND_manual_asset_has_risk_flags","CLE-2015-0393","new-england-patriots","2015-3rd-round-pick-96th-overall-xavier-cooper-and-2015-7th-round-pick-219th-ove","0","pick","asset risks: explanatory_or_contingent","2015 4th round pick (111th overall, Tre' Jackson), 2015 5th round pick (147th overall subsequently traded, Brett Hundley) and 2015 6th round pick (202nd overall, A.J. Derby)","2015 4th round pick (111th overall, Tre' Jackson) || 2015 5th round pick (147th overall subsequently traded, Brett Hundley) || 2015 6th round pick (202nd overall, A.J. Derby)","","3","2","",""
"157","manual","CND_manual_asset_has_risk_flags","HOU-2015-0045","new-york-jets","2015-3rd-round-pick-new-york-jets-2015","0","pick","asset risks: explanatory_or_contingent","DeVier Posey, 2015 3rd round pick (82nd overall, Lorenzo Mauldin), 2015 5th round pick (152nd overall, Jarvis Harrison) and 2015 7th round pick (229th overall subsequently traded, Ben Koyack)","2015 3rd round pick (82nd overall, Lorenzo Mauldin) || 2015 5th round pick (152nd overall, Jarvis Harrison) || 2015 7th round pick (229th overall subsequently traded, Ben Koyack)","","3","2","",""
"158","manual","CND_manual_has_obvious_delimiter_use_other_lane","MIA-2015-0260","miami-dolphins","2015-2nd-round-pick-52nd-overall-eagles-2015","0","pick","asset has obvious delimiter between pick starts; should stay out of no-delimiter lane","2015 2nd round pick (52nd overall, Jordan Phillips), 2015 5th round pick (145th overall, Bobby McCain) and 2015 5th round pick (156th overall, Tony Lippett)","2015 2nd round pick (52nd overall, Jordan Phillips) || 2015 5th round pick (145th overall, Bobby McCain) || 2015 5th round pick (156th overall, Tony Lippett)","","3","2","",""
"159","manual","CND_manual_has_obvious_delimiter_use_other_lane","NYG-2015-0275","tennessee-titans","2015-2nd-round-pick-33rd-overall-landon-collins-tennessee-titans-2015","0","pick","asset has obvious delimiter between pick starts; should stay out of no-delimiter lane","2015 2nd round pick (40th overall, Dorial Green-Beckham), 2015 4th round pick (108th overall, Jalston Fowler) and 2015 7th round pick (245th overall, Tre McBride)","2015 2nd round pick (40th overall, Dorial Green-Beckham) || 2015 4th round pick (108th overall, Jalston Fowler) || 2015 7th round pick (245th overall, Tre McBride)","","3","2","",""
"160","manual","CND_manual_has_obvious_delimiter_use_other_lane","RAM-2015-0477","los-angeles-rams","2015-2nd-round-pick-57th-overall-rob-havenstein-2015-3rd-round-pick-89th-overall","0","pick","asset has obvious delimiter between pick starts; should stay out of no-delimiter lane","2015 2nd round pick (57th overall, Rob Havenstein), 2015 3rd round pick (89th overall, Sean Mannion) and 2015 6th round pick (201st overall, Bud Sasser)","2015 2nd round pick (57th overall, Rob Havenstein) || 2015 3rd round pick (89th overall, Sean Mannion) || 2015 6th round pick (201st overall, Bud Sasser)","","3","2","",""
"161","manual","CND_manual_asset_has_risk_flags","WAS-2015-0426","washington-commanders","2015-3rd-round-pick-95th-overall-matt-jones-2015-4th-round-pick-112th-overall-arie-kouandj","0","pick","asset risks: explanatory_or_contingent","2015 3rd round pick (95th overall, Matt Jones), 2015 4th round pick (112th overall, Arie Kouandjio), 2015 5th round pick (167th overall subsequently traded, Damian Swann) and 2015 6th round pick (181st overall, Kyshoen Jarrett)","2015 3rd round pick (95th overall, Matt Jones) || 2015 4th round pick (112th overall, Arie Kouandjio) || 2015 5th round pick (167th overall subsequently traded, Damian Swann) || 2015 6th round pick (181st overall, Kyshoen Jarrett)","","4","3","",""
"162","manual","CND_manual_asset_has_risk_flags","CAR-2015-0054","las-vegas-raiders","panthers-oakland-raiders-trade-2015-0054","0","pick","asset risks: explanatory_or_contingent","2015 4th round pick (124th overall subsequently traded, Kwon Alexander), 2015 5th round pick (161st overall, Neiron Ball) and 2015 7th round pick (242nd overall, Dexter McDonald)","2015 4th round pick (124th overall subsequently traded, Kwon Alexander) || 2015 5th round pick (161st overall, Neiron Ball) || 2015 7th round pick (242nd overall, Dexter McDonald)","","3","2","",""
"163","manual","CND_manual_has_obvious_delimiter_use_other_lane","CLE-2015-0394","cleveland-browns","2015-4th-round-pick-123rd-overall-vince-mayle-2015-6th-round-pick-198th-overall","0","pick","asset has obvious delimiter between pick starts; should stay out of no-delimiter lane","2015 4th round pick (123rd overall, Vince Mayle), 2015 6th round pick (198th overall, Randall Telfer) and 2015 7th round pick (241st overall, Ifo Ekpre-Olomu)","2015 4th round pick (123rd overall, Vince Mayle) || 2015 6th round pick (198th overall, Randall Telfer) || 2015 7th round pick (241st overall, Ifo Ekpre-Olomu)","","3","2","",""
"164","manual","CND_manual_asset_has_risk_flags","RAM-2016-0479","los-angeles-rams","2016-1st-round-pick-1st-overall-jared-goff-2016-4th-round-pick-113th-overall-sub","0","pick","asset risks: explanatory_or_contingent","2016 1st round pick (1st overall, Jared Goff), 2016 4th round pick (113th overall subsequently traded, Nick Kwiatkoski) and 2016 6th round pick (177th overall, Temarrick Hemingway)","2016 1st round pick (1st overall, Jared Goff) || 2016 4th round pick (113th overall subsequently traded, Nick Kwiatkoski) || 2016 6th round pick (177th overall, Temarrick Hemingway)","","3","2","",""
"165","manual","CND_manual_asset_has_risk_flags","RAM-2016-0479","tennessee-titans","2016-1st-round-pick-1st-overall-jared-goff-2016-4th-round-pick-113th-overall-sub","0","pick","asset risks: explanatory_or_contingent","2016 1st round pick (15th overall subsequently traded, Corey Coleman), 2016 2nd round pick (43rd overall, Austin Johnson), 2016 2nd round pick (45th overall, Derrick Henry), 2016 3rd round pick (76th overall subsequently traded, Shon Coleman), 2017 1st round pick (5th overall, Corey Davis) and 2017 3rd round pick (100th overall, Jonnu Smith)","2016 1st round pick (15th overall subsequently traded, Corey Coleman) || 2016 2nd round pick (43rd overall, Austin Johnson) || 2016 2nd round pick (45th overall, Derrick Henry) || 2016 3rd round pick (76th overall subsequently traded, Shon Coleman) || 2017 1st round pick (5th overall, Corey Davis) || 2017 3rd round pick (100th overall, Jonnu Smith)","","6","5","",""
"166","manual","CND_manual_asset_has_risk_flags","PHI-2016-0385","cleveland-browns","eagles-2016-04-20-cleveland-browns-0385","0","pick","asset risks: explanatory_or_contingent","2016 1st round pick (8th overall subsequently traded, Jack Conklin), 2016 3rd round pick (77th overall subsequently traded, Daryl Worley), 2016 4th round pick (100th overall subsequently traded, Connor Cook), 2017 1st round pick (12th overall subsequently traded, Deshaun Watson) and 2018 2nd round pick (64th overall subsequently traded, Tyquan Lewis)","2016 1st round pick (8th overall subsequently traded, Jack Conklin) || 2016 3rd round pick (77th overall subsequently traded, Daryl Worley) || 2016 4th round pick (100th overall subsequently traded, Connor Cook) || 2017 1st round pick (12th overall subsequently traded, Deshaun Watson) || 2018 2nd round pick (64th overall subsequently traded, Tyquan Lewis)","","5","4","",""
"167","manual","CND_manual_has_obvious_delimiter_use_other_lane","CLE-2016-0397","cleveland-browns","2016-1st-round-pick-15th-overall-corey-coleman-2016-3rd-round-pick-76th-overall","0","pick","asset has obvious delimiter between pick starts; should stay out of no-delimiter lane","2016 1st round pick (15th overall, Corey Coleman), 2016 3rd round pick (76th overall, Shon Coleman) and 2017 2nd round pick (52nd overall, DeShone Kizer)","2016 1st round pick (15th overall, Corey Coleman) || 2016 3rd round pick (76th overall, Shon Coleman) || 2017 2nd round pick (52nd overall, DeShone Kizer)","","3","2","",""
"168","manual","CND_manual_has_obvious_delimiter_use_other_lane","KC-2016-0236","kansas-city-chiefs","2016-2nd-round-pick-37th-overall-san-francisco-49ers-2016","0","pick","asset has obvious delimiter between pick starts; should stay out of no-delimiter lane","2016 2nd round pick (37th overall, Chris Jones), 2016 4th round pick (105th overall, Parker Ehinger) and 2016 6th round pick (178th overall, D.J. White)","2016 2nd round pick (37th overall, Chris Jones) || 2016 4th round pick (105th overall, Parker Ehinger) || 2016 6th round pick (178th overall, D.J. White)","","3","2","",""
"169","manual","CND_manual_asset_has_risk_flags","BUF-2016-0290","chicago-bears","2016-2nd-round-pick-41st-overall-reggie-ragland-chicago-bears-2016","0","pick","asset risks: explanatory_or_contingent","2016 2nd round pick (49th overall subsequently traded, Jarran Reed), 2016 4th round pick (117th overall subsequently traded, Pharoh Cooper) and 2017 4th round pick (117th overall subsequently traded, Josh Reynolds)","2016 2nd round pick (49th overall subsequently traded, Jarran Reed) || 2016 4th round pick (117th overall subsequently traded, Pharoh Cooper) || 2017 4th round pick (117th overall subsequently traded, Josh Reynolds)","","3","2","",""
"170","manual","CND_manual_has_obvious_delimiter_use_other_lane","CAR-2016-0056","cleveland-browns","panthers-cleveland-browns-trade-2016-0056","0","pick","asset has obvious delimiter between pick starts; should stay out of no-delimiter lane","2016 3rd round pick (93rd overall, Cody Kessler), 2016 4th round pick (129th overall, Derrick Kindred) and 2016 5th round pick (168th overall, Spencer Drango)","2016 3rd round pick (93rd overall, Cody Kessler) || 2016 4th round pick (129th overall, Derrick Kindred) || 2016 5th round pick (168th overall, Spencer Drango)","","3","2","",""
"171","manual","CND_manual_has_obvious_delimiter_use_other_lane","IND-2016-0346","indianapolis-colts","2016-2nd-round-pick-57th-overall-t-j-green-2016-4th-round-pick-125th-overall-ant","0","pick","asset has obvious delimiter between pick starts; should stay out of no-delimiter lane","2016 2nd round pick (57th overall, T.J. Green), 2016 4th round pick (125th overall, Antonio Morrison) and 2016 7th round pick (248th overall, Austin Blythe)","2016 2nd round pick (57th overall, T.J. Green) || 2016 4th round pick (125th overall, Antonio Morrison) || 2016 7th round pick (248th overall, Austin Blythe)","","3","2","",""
"172","manual","CND_manual_asset_has_risk_flags","MIA-2016-0263","minnesota-vikings","2016-3rd-round-pick-86th-overall-vikings-2016","0","pick","asset risks: explanatory_or_contingent","2016 6th round pick (186th overall subsequently traded, Jakeem Grant), 2017 3rd round pick (86th overall subsequently traded, Kareem Hunt) and 2017 4th round pick (128th overall subsequently traded, Josh Malone)","2016 6th round pick (186th overall subsequently traded, Jakeem Grant) || 2017 3rd round pick (86th overall subsequently traded, Kareem Hunt) || 2017 4th round pick (128th overall subsequently traded, Josh Malone)","","3","2","",""
"173","manual","CND_manual_asset_has_risk_flags","MIA-2016-0267","miami-dolphins","2016-6th-round-pick-196th-overall-subsequently-traded-patriots-2016","0","pick","asset risks: explanatory_or_contingent","2016 6th round pick (196th overall subsequently traded, Blake Countess), 2016 6th round pick (204th overall, Jordan Lucas) and 2016 7th round pick (250th overall subsequently traded, Scooby Wright)","2016 6th round pick (196th overall subsequently traded, Blake Countess) || 2016 6th round pick (204th overall, Jordan Lucas) || 2016 7th round pick (250th overall subsequently traded, Scooby Wright)","","3","2","",""
"174","manual","CND_manual_asset_has_risk_flags","CLE-2017-0405","cleveland-browns","brock-osweiler-2017-6th-round-pick-188th-overall-subsequently-traded-elijah-mcgu","0","pick","asset risks: explanatory_or_contingent","Brock Osweiler, 2017 6th round pick (188th overall subsequently traded, Elijah McGuire) and 2018 2nd round pick (35th overall, Nick Chubb)","2017 6th round pick (188th overall subsequently traded, Elijah McGuire) || 2018 2nd round pick (35th overall, Nick Chubb)","","2","1","",""
"175","manual","CND_manual_asset_has_risk_flags","BUF-2017-0292","buffalo-bills","2017-1st-round-pick-27th-overall-tre-davious-white-2017-3rd-round-pick-91st-over","0","pick","asset risks: explanatory_or_contingent","2017 1st round pick (27th overall, Tre'Davious White), 2017 3rd round pick (91st overall subsequently traded, John Johnson) and 2018 1st round pick (22nd overall subsequently traded, Rashaan Evans)","2017 1st round pick (27th overall, Tre'Davious White) || 2017 3rd round pick (91st overall subsequently traded, John Johnson) || 2018 1st round pick (22nd overall subsequently traded, Rashaan Evans)","","3","2","",""
"176","manual","CND_manual_asset_has_risk_flags","SF-2017-0382","san-francisco-49ers","2017-1st-round-pick-3rd-overall-solomon-thomas-2017-3rd-round-pick-chicago-bears-2017","0","pick","asset risks: explanatory_or_contingent","2017 1st round pick (3rd overall, Solomon Thomas), 2017 3rd round pick (67th overall subsequently traded, Alvin Kamara), 2017 4th round pick (111th overall subsequently traded, Tedric Thompson) and 2018 3rd round pick (70th overall, Fred Warner)","2017 1st round pick (3rd overall, Solomon Thomas) || 2017 3rd round pick (67th overall subsequently traded, Alvin Kamara) || 2017 4th round pick (111th overall subsequently traded, Tedric Thompson) || 2018 3rd round pick (70th overall, Fred Warner)","","4","3","",""
"177","manual","CND_manual_has_obvious_delimiter_use_other_lane","ATL-2017-0271","atlanta-falcons","2017-3rd-round-pick-75th-overall-buffalo-bills-2017","3","pick","asset has obvious delimiter between pick starts; should stay out of no-delimiter lane","2017 3rd round pick (75th overall, Duke Riley), 2017 5th round pick (149th overall, Damontae Kazee) and 2017 5th round pick (156th overall, Brian Hill)","2017 3rd round pick (75th overall, Duke Riley) || 2017 5th round pick (149th overall, Damontae Kazee) || 2017 5th round pick (156th overall, Brian Hill)","2017 3rd round pick (75th overall, Duke Riley) => [0] 2017 3rd round pick (75th overall, Duke Riley) || 2017 5th round pick (149th overall, Damontae Kazee) => [1] 2017 5th round pick (149th overall, Damontae Kazee) || 2017 5th round pick (156th overall, Brian Hill) => [2] 2017 5th round pick (156th overall, Brian Hill)","0","-1","",""
"178","manual","CND_manual_asset_has_risk_flags","CHI-2017-0467","chicago-bears","2017-2nd-round-pick-45th-overall-adam-shaheen-2017-4th-round-pick-119t","0","pick","asset risks: explanatory_or_contingent","2017 2nd round pick (45th overall, Adam Shaheen), 2017 4th round pick (119th overall, Tarik Cohen), 2017 6th round pick (197th overall subsequently traded, Jeremy Clark) and 2018 4th round pick (115th overall, Joel Iyiegbuniwe)","2017 2nd round pick (45th overall, Adam Shaheen) || 2017 4th round pick (119th overall, Tarik Cohen) || 2017 6th round pick (197th overall subsequently traded, Jeremy Clark) || 2018 4th round pick (115th overall, Joel Iyiegbuniwe)","","4","3","",""
"179","manual","CND_manual_asset_has_risk_flags","MIN-2017-0254","minnesota-vikings","2017-3rd-round-pick-104th-overall-subsequently-traded-c-j-beathard-2017-4th-roun","0","pick","asset risks: explanatory_or_contingent","2017 3rd round pick (104th overall subsequently traded, C.J. Beathard), 2017 4th round pick (132nd overall subsequently traded, Donnel Pumphrey) and 2017 7th round pick (245th overall, Jack Tocho)","2017 3rd round pick (104th overall subsequently traded, C.J. Beathard) || 2017 4th round pick (132nd overall subsequently traded, Donnel Pumphrey) || 2017 7th round pick (245th overall, Jack Tocho)","","3","2","",""
"180","manual","CND_manual_has_obvious_delimiter_use_other_lane","BUF-2018-0303","cincinnati-bengals","2018-1st-round-pick-12th-overall-subsequently-traded-vita-vea-and-2018-6th-round","0","pick","asset has obvious delimiter between pick starts; should stay out of no-delimiter lane","Cordy Glenn, 2018 1st round pick (21st overall, Billy Price) and 2018 5th round pick (158th overall, Andrew Brown)","2018 1st round pick (21st overall, Billy Price) || 2018 5th round pick (158th overall, Andrew Brown)","","2","1","",""
"181","manual","CND_manual_asset_has_risk_flags","IND-2018-0351","indianapolis-colts","2018-1st-round-pick-6th-overall-quenton-nelson-2018-2nd-round-pick-37th-overall","0","pick","asset risks: explanatory_or_contingent","2018 1st round pick (6th overall, Quenton Nelson), 2018 2nd round pick (37th overall, Braden Smith), 2018 2nd round pick (49th overall subsequently traded, Dallas Goedert) and 2019 2nd round pick (34th overall, Rock Ya-Sin)","2018 1st round pick (6th overall, Quenton Nelson) || 2018 2nd round pick (37th overall, Braden Smith) || 2018 2nd round pick (49th overall subsequently traded, Dallas Goedert) || 2019 2nd round pick (34th overall, Rock Ya-Sin)","","4","3","",""
"182","manual","CND_manual_asset_has_risk_flags","BUF-2018-0304","tampa-bay-buccaneers","2018-1st-round-pick-7th-overall-josh-allen-tampa-bay-buccaneers-2018","0","pick","asset risks: explanatory_or_contingent","2018 1st round pick (12th overall, Vita Vea), 2018 2nd round pick (53rd overall, M.J. Stewart) and 2018 2nd round pick (56th overall subsequently traded, Duke Dawson)","2018 1st round pick (12th overall, Vita Vea) || 2018 2nd round pick (53rd overall, M.J. Stewart) || 2018 2nd round pick (56th overall subsequently traded, Duke Dawson)","","3","2","",""
"183","manual","CND_manual_asset_has_risk_flags","BUF-2018-0305","baltimore-ravens","2018-1st-round-pick-16th-overall-tremaine-edmunds-baltimore-ravens-2018","0","pick","asset risks: explanatory_or_contingent","2018 1st round pick (22nd overall subsequently traded, Rashaan Evans), 2018 3rd round pick (65th overall subsequently traded, Brandon Parker) and 2018 5th round pick (154th overall subsequently traded, Siran Neal)","2018 1st round pick (22nd overall subsequently traded, Rashaan Evans) || 2018 3rd round pick (65th overall subsequently traded, Brandon Parker) || 2018 5th round pick (154th overall subsequently traded, Siran Neal)","","3","2","",""
"184","manual","CND_manual_asset_has_risk_flags","NO-2018-0311","green-bay-packers","saints-2018-04-26-green-bay-packers-2018-1st-round-pick-14th-overall-marcus-dave","0","pick","asset risks: explanatory_or_contingent","2018 1st round pick (27th overall subsequently traded, Rashaad Penny), 2018 5th round pick (147th overall subsequently traded, Micah Kiser) and 2019 1st round pick (30th overall subsequently traded, Deandre Baker)","2018 1st round pick (27th overall subsequently traded, Rashaad Penny) || 2018 5th round pick (147th overall subsequently traded, Micah Kiser) || 2019 1st round pick (30th overall subsequently traded, Deandre Baker)","","3","2","",""
"185","manual","CND_manual_asset_has_risk_flags","PHI-2018-0401","philadelphia-eagles","eagles-2018-04-26-baltimore-ravens-0401","0","pick","asset risks: explanatory_or_contingent","2018 2nd round pick (52nd overall subsequently traded, Kemoko Turay), 2018 4th round pick (125th overall, Avonte Maddox) and 2019 2nd round pick (53rd overall, Miles Sanders)","2018 2nd round pick (52nd overall subsequently traded, Kemoko Turay) || 2018 4th round pick (125th overall, Avonte Maddox) || 2019 2nd round pick (53rd overall, Miles Sanders)","","3","2","",""
"186","manual","CND_manual_asset_has_risk_flags","RAI-2018-0370","las-vegas-raiders","2018-1st-round-pick-15th-overall-arizona-st-louis-cardinals-2018","0","pick","asset risks: explanatory_or_contingent","2018 1st round pick (15th overall, Kolton Miller), 2018 3rd round pick (79th overall subsequently traded, Rasheem Green) and 2018 5th round pick (152nd overall subsequently traded, Dane Cruikshank)","2018 1st round pick (15th overall, Kolton Miller) || 2018 3rd round pick (79th overall subsequently traded, Rasheem Green) || 2018 5th round pick (152nd overall subsequently traded, Dane Cruikshank)","","3","2","",""
"187","manual","CND_manual_asset_has_risk_flags","SEA-2018-04-26-0195","seattle-seahawks","2018-1st-round-pick-27th-overall-rashaad-penny-green-bay-packers-2018","3","pick","asset risks: explanatory_or_contingent","2018 1st round pick (27th overall, Rashaad Penny), 2018 3rd round pick (76th overall subsequently traded, Mason Rudolph) and 2018 6th round pick (186th overall, Jacob Martin)","2018 1st round pick (27th overall, Rashaad Penny) || 2018 3rd round pick (76th overall subsequently traded, Mason Rudolph) || 2018 6th round pick (186th overall, Jacob Martin)","2018 1st round pick (27th overall, Rashaad Penny) => [0] 2018 1st round pick (27th overall, Rashaad Penny) || 2018 3rd round pick (76th overall subsequently traded, Mason Rudolph) => [1] 2018 3rd round pick (76th overall subsequently traded, Mason Rudolph) || 2018 6th round pick (186th overall, Jacob Martin) => [2] 2018 6th round pick (186th overall, Jacob Martin)","0","-1","",""
"188","manual","CND_manual_asset_has_risk_flags","RAI-2018-0373","baltimore-ravens","2018-3rd-round-pick-65th-overall-baltimore-ravens-2018","0","pick","asset risks: explanatory_or_contingent","2018 3rd round pick (75th overall subsequently traded, Derrick Nnadi), 2018 5th round pick (152nd overall subsequently traded, Dane Cruikshank) and 2018 6th round pick (212th overall, Greg Senat)","2018 3rd round pick (75th overall subsequently traded, Derrick Nnadi) || 2018 5th round pick (152nd overall subsequently traded, Dane Cruikshank) || 2018 6th round pick (212th overall, Greg Senat)","","3","2","",""
"189","manual","CND_manual_asset_has_risk_flags","RAI-2018-0380","las-vegas-raiders","2019-1st-round-pick-24th-overall-chicago-bears-2018","0","pick","asset risks: explanatory_or_contingent","2019 1st round pick (24th overall, Josh Jacobs), 2019 6th round pick (196th overall subsequently traded, Blessuan Austin), 2020 1st round pick (19th overall, Damon Arnette) and 2020 3rd round pick (81st overall, Bryan Edwards)","2019 1st round pick (24th overall, Josh Jacobs) || 2019 6th round pick (196th overall subsequently traded, Blessuan Austin) || 2020 1st round pick (19th overall, Damon Arnette) || 2020 3rd round pick (81st overall, Bryan Edwards)","","4","3","",""
"190","manual","CND_manual_has_obvious_delimiter_use_other_lane","RAI-2018-0380","chicago-bears","2019-1st-round-pick-24th-overall-chicago-bears-2018","0","pick","asset has obvious delimiter between pick starts; should stay out of no-delimiter lane","Khalil Mack, 2020 2nd round pick (43rd overall, Cole Kmet) and 2020 7th round pick (226th overall, Arlington Hambright)","2020 2nd round pick (43rd overall, Cole Kmet) || 2020 7th round pick (226th overall, Arlington Hambright)","","2","1","",""
"191","manual","CND_manual_asset_has_risk_flags","NYG-2019-0287","seattle-seahawks","2019-1st-round-pick-30th-overall-deandre-baker-seattle-seahawks-2019","0","pick","asset risks: explanatory_or_contingent","2019 2nd round pick (37th overall subsequently traded, Greg Little), 2019 4th round pick (132nd overall, Ugo Amadi) and 2019 5th round pick (142nd overall, Ben Burr-Kirven)","2019 2nd round pick (37th overall subsequently traded, Greg Little) || 2019 4th round pick (132nd overall, Ugo Amadi) || 2019 5th round pick (142nd overall, Ben Burr-Kirven)","","3","2","",""
"192","manual","CND_manual_has_obvious_delimiter_use_other_lane","NYG-2019-0285","new-york-giants","jabrill-peppers-2019-1st-round-pick-17th-overall-dexter-lawrence-and-2019-3rd-ro","0","pick","asset has obvious delimiter between pick starts; should stay out of no-delimiter lane","Jabrill Peppers, 2019 1st round pick (17th overall, Dexter Lawrence) and 2019 3rd round pick (95th overall, Oshane Ximines)","2019 1st round pick (17th overall, Dexter Lawrence) || 2019 3rd round pick (95th overall, Oshane Ximines)","","2","1","",""
"193","manual","CND_manual_asset_has_risk_flags","DEN-2019-04-25-0354","denver-broncos","2019-1st-round-pick-20th-overall-noah-fant-2019-2nd-round-pick-52nd-overall-subsequently-t","0","pick","asset risks: explanatory_or_contingent","2019 1st round pick (20th overall, Noah Fant), 2019 2nd round pick (52nd overall subsequently traded, Drew Sample) and 2020 3rd round pick (83rd overall, Lloyd Cushenberry)","2019 1st round pick (20th overall, Noah Fant) || 2019 2nd round pick (52nd overall subsequently traded, Drew Sample) || 2020 3rd round pick (83rd overall, Lloyd Cushenberry)","","3","2","",""
"194","manual","CND_manual_has_obvious_delimiter_use_other_lane","PHI-2019-0409","baltimore-ravens","eagles-2019-04-25-baltimore-ravens-0409","0","pick","asset has obvious delimiter between pick starts; should stay out of no-delimiter lane","2019 1st round pick (25th overall, Marquise Brown), 2019 4th round pick (127th overall, Iman Marshall) and 2019 6th round pick (197th overall, Trace McSorley)","2019 1st round pick (25th overall, Marquise Brown) || 2019 4th round pick (127th overall, Iman Marshall) || 2019 6th round pick (197th overall, Trace McSorley)","","3","2","",""
"195","manual","CND_manual_asset_has_risk_flags","CHI-2019-0474","new-england-patriots","2019-3rd-round-pick-73rd-overall-david-montgomery-and-2019-6th-round-p","0","pick","asset risks: explanatory_or_contingent","2019 3rd round pick (87th overall, Damien Harris), 2019 5th round pick (162nd overall subsequently traded, Cameron Smith) and 2020 4th round pick (125th overall subsequently traded, James Morgan)","2019 3rd round pick (87th overall, Damien Harris) || 2019 5th round pick (162nd overall subsequently traded, Cameron Smith) || 2020 4th round pick (125th overall subsequently traded, James Morgan)","","3","2","",""
"196","manual","CND_manual_has_obvious_delimiter_use_other_lane","DEN-2019-04-26-0355","cincinnati-bengals","2019-2nd-round-pick-42nd-overall-drew-lock-cincinnati-bengals-2019","0","pick","asset has obvious delimiter between pick starts; should stay out of no-delimiter lane","2019 2nd round pick (52nd overall, Drew Sample), 2019 4th round pick (125th overall, Renell Wren) and 2019 6th round pick (182nd overall, Trayveon Williams)","2019 2nd round pick (52nd overall, Drew Sample) || 2019 4th round pick (125th overall, Renell Wren) || 2019 6th round pick (182nd overall, Trayveon Williams)","","3","2","",""
"197","manual","CND_manual_has_obvious_delimiter_use_other_lane","JAX-2019-0071","jacksonville-jaguars","2019-2nd-round-pick-35th-overall-las-vegas-oakland-raiders-2019","0","pick","asset has obvious delimiter between pick starts; should stay out of no-delimiter lane","2019 2nd round pick (35th overall, Jawaan Taylor), 2019 5th round pick (140th overall, Ryquell Armstead) and 2019 7th round pick (235th overall, Dontavius Russell)","2019 2nd round pick (35th overall, Jawaan Taylor) || 2019 5th round pick (140th overall, Ryquell Armstead) || 2019 7th round pick (235th overall, Dontavius Russell)","","3","2","",""
"198","manual","CND_manual_asset_has_risk_flags","MIA-2019-0281","miami-dolphins","2019-2nd-round-pick-62nd-overall-subsequently-traded-saints-2019","0","pick","asset risks: explanatory_or_contingent","2019 2nd round pick (62nd overall subsequently traded, Andy Isabella), 2019 6th round pick (202nd overall, Isaiah Prince) and 2020 2nd round pick (56th overall, Raekwon Davis)","2019 2nd round pick (62nd overall subsequently traded, Andy Isabella) || 2019 6th round pick (202nd overall, Isaiah Prince) || 2020 2nd round pick (56th overall, Raekwon Davis)","","3","2","",""
"199","manual","CND_manual_has_obvious_delimiter_use_other_lane","MIN-2019-0267","minnesota-vikings","2019-3rd-round-pick-102nd-overall-alexander-mattison-2019-6th-round-pick-191st-o","0","pick","asset has obvious delimiter between pick starts; should stay out of no-delimiter lane","2019 3rd round pick (102nd overall, Alexander Mattison), 2019 6th round pick (191st overall, Marcus Epps) and 2019 6th round pick (193rd overall, Oli Udoh)","2019 3rd round pick (102nd overall, Alexander Mattison) || 2019 6th round pick (191st overall, Marcus Epps) || 2019 6th round pick (193rd overall, Oli Udoh)","","3","2","",""
"200","manual","CND_manual_asset_has_risk_flags","MIA-2019-0285","miami-dolphins","johnson-bademosi-texans-2019","0","pick","asset risks: explanatory_or_contingent","Johnson Bademosi, Julie'n Davenport, 2020 1st round pick (26th overall subsequently traded, Jordan Love), 2021 1st round pick (3rd overall subsequently traded, Trey Lance) and 2021 2nd round pick (36th overall, Jevon Holland)","2020 1st round pick (26th overall subsequently traded, Jordan Love) || 2021 1st round pick (3rd overall subsequently traded, Trey Lance) || 2021 2nd round pick (36th overall, Jevon Holland)","","3","2","",""
"201","manual","CND_manual_asset_has_risk_flags","MIA-2019-0285","houston-texans","johnson-bademosi-texans-2019","0","pick","asset risks: explanatory_or_contingent","Laremy Tunsil, Kenny Stills, 2020 4th round pick (111th overall subsequently traded, Solomon Kindley) and 2021 6th round pick (202nd overall subsequently traded, Chris Evans)","2020 4th round pick (111th overall subsequently traded, Solomon Kindley) || 2021 6th round pick (202nd overall subsequently traded, Chris Evans)","","2","1","",""
"202","manual","CND_manual_has_obvious_delimiter_use_other_lane","PIT-2019-0366","pittsburgh-steelers","minkah-fitzpatrick-2020-4th-round-pick-135th-overall-kevin-dotson-miami-dolphins-2019","0","pick","asset has obvious delimiter between pick starts; should stay out of no-delimiter lane","Minkah Fitzpatrick, 2020 4th round pick (135th overall, Kevin Dotson) and 2021 7th round pick (245th overall, Tre Norwood)","2020 4th round pick (135th overall, Kevin Dotson) || 2021 7th round pick (245th overall, Tre Norwood)","","2","1","",""
"203","manual","CND_manual_asset_has_risk_flags","PIT-2019-0366","miami-dolphins","minkah-fitzpatrick-2020-4th-round-pick-135th-overall-kevin-dotson-miami-dolphins-2019","0","pick","asset risks: explanatory_or_contingent","2020 1st round pick (18th overall, Austin Jackson), 2020 5th round pick (154th overall, Jason Strowbridge) and 2021 6th round pick (207th overall subsequently traded, Jonathan Marshall)","2020 1st round pick (18th overall, Austin Jackson) || 2020 5th round pick (154th overall, Jason Strowbridge) || 2021 6th round pick (207th overall subsequently traded, Jonathan Marshall)","","3","2","",""
"204","manual","CND_manual_asset_has_risk_flags","ARI-2020-0321","houston-texans","cardinals-2020-03-16-houston-texans-deandre-hopkins-and-2020-4th-round-pick-131st-overall-rasha","0","pick","asset risks: explanatory_or_contingent","David Johnson, 2020 2nd round pick (40th overall, Ross Blacklock) and 2021 4th round pick (122nd overall subsequently traded, Tyler Shelvin)","2020 2nd round pick (40th overall, Ross Blacklock) || 2021 4th round pick (122nd overall subsequently traded, Tyler Shelvin)","","2","1","",""
"205","manual","CND_manual_asset_has_risk_flags","MIN-2020-03-16-0280","minnesota-vikings","draft-pick-trade-buffalo-bills-2020","0","pick","asset risks: explanatory_or_contingent","2020 1st round pick (22nd overall, Justin Jefferson), 2020 5th round pick (155th overall subsequently traded, Trevis Gipson), 2020 6th round pick (201st overall subsequently traded, James Proche) and 2021 4th round pick (134th overall, Janarius Robinson)","2020 1st round pick (22nd overall, Justin Jefferson) || 2020 5th round pick (155th overall subsequently traded, Trevis Gipson) || 2020 6th round pick (201st overall subsequently traded, James Proche) || 2021 4th round pick (134th overall, Janarius Robinson)","","4","3","",""
"206","manual","CND_manual_has_obvious_delimiter_use_other_lane","MIN-2020-04-23-0281","minnesota-vikings","draft-pick-trade-san-francisco-49ers-2020","0","pick","asset has obvious delimiter between pick starts; should stay out of no-delimiter lane","2020 1st-round pick (#31 Jeff Gladney), 2020 4th-round pick (#117 D.J. Wonnum), and 2020 5th-round pick (#176 K.J. Osborn)","2020 1st-round pick (#31 Jeff Gladney) || 2020 4th-round pick (#117 D.J. Wonnum), || 2020 5th-round pick (#176 K.J. Osborn)","","3","2","",""
"207","manual","CND_manual_asset_has_risk_flags","IND-2020-0366","indianapolis-colts","2020-3rd-round-pick-85th-overall-julian-blackmon-2020-5th-round-pick-149th-overa","0","pick","asset risks: explanatory_or_contingent","2020 3rd round pick (85th overall, Julian Blackmon), 2020 5th round pick (149th overall, Danny Pinter) and 2020 6th round pick (182nd overall subsequently traded, Michael Onwenu)","2020 3rd round pick (85th overall, Julian Blackmon) || 2020 5th round pick (149th overall, Danny Pinter) || 2020 6th round pick (182nd overall subsequently traded, Michael Onwenu)","","3","2","",""
"208","manual","CND_manual_has_obvious_delimiter_use_other_lane","MIN-2020-04-24-0282","minnesota-vikings","draft-pick-trade-new-orleans-saints-2020","0","pick","asset has obvious delimiter between pick starts; should stay out of no-delimiter lane","2020 4th round pick (130th overall, James Lynch), 2020 5th round pick (169th overall, Harrison Hand), 2020 6th round pick (203rd overall, Blake Brandel) and 2020 7th round pick (244th overall, Nate Stanley)","2020 4th round pick (130th overall, James Lynch) || 2020 5th round pick (169th overall, Harrison Hand) || 2020 6th round pick (203rd overall, Blake Brandel) || 2020 7th round pick (244th overall, Nate Stanley)","","4","3","",""
"209","manual","CND_manual_has_obvious_delimiter_use_other_lane","NYJ-2020-0275","new-york-jets","2020-4th-round-pick-125th-overall-james-morgan-2020-4th-round-pick-129th-overall-cameron-c","0","pick","asset has obvious delimiter between pick starts; should stay out of no-delimiter lane","2020 4th round pick (125th overall, James Morgan), 2020 4th round pick (129th overall, Cameron Clark) and 2021 6th round pick (186th overall, Hamsah Nasirildeen)","2020 4th round pick (125th overall, James Morgan) || 2020 4th round pick (129th overall, Cameron Clark) || 2021 6th round pick (186th overall, Hamsah Nasirildeen)","","3","2","",""
"210","manual","CND_manual_asset_has_risk_flags","RAI-2020-0394","las-vegas-raiders","2020-3rd-round-pick-100th-overall-new-england-patriots-2020","0","pick","asset risks: explanatory_or_contingent","2020 3rd round pick (100th overall, Tanner Muse), 2020 4th round pick (139th overall, Amik Robertson) and 2020 5th round pick (172nd overall subsequently traded, Jason Huntley)","2020 3rd round pick (100th overall, Tanner Muse) || 2020 4th round pick (139th overall, Amik Robertson) || 2020 5th round pick (172nd overall subsequently traded, Jason Huntley)","","3","2","",""
"211","manual","CND_manual_has_obvious_delimiter_use_other_lane","PHI-2020-0420","philadelphia-eagles","eagles-2020-04-25-chicago-bears-0420","0","pick","asset has obvious delimiter between pick starts; should stay out of no-delimiter lane","2020 6th round pick (196th overall, Shaun Bradley), 2020 6th round pick (200th overall, Quez Watkins) and 2020 7th round pick (233rd overall, Casey Toohill)","2020 6th round pick (196th overall, Shaun Bradley) || 2020 6th round pick (200th overall, Quez Watkins) || 2020 7th round pick (233rd overall, Casey Toohill)","","3","2","",""
"212","manual","CND_manual_has_obvious_delimiter_use_other_lane","RAM-2020-0511","los-angeles-rams","2020-4th-round-pick-136th-overall-brycen-hopkins-2020-7th-round-pick-248th-overa","0","pick","asset has obvious delimiter between pick starts; should stay out of no-delimiter lane","2020 4th round pick (136th overall, Brycen Hopkins), 2020 7th round pick (248th overall, Sam Sloman) and 2020 7th round pick (250th overall, Tremayne Anchrum)","2020 4th round pick (136th overall, Brycen Hopkins) || 2020 7th round pick (248th overall, Sam Sloman) || 2020 7th round pick (250th overall, Tremayne Anchrum)","","3","2","",""
"213","manual","CND_manual_asset_has_risk_flags","SEA-2020-07-25-0217","new-york-jets","jamal-adams-new-york-jets-2020","0","pick","asset risks: explanatory_or_contingent","Bradley McDougald, 2021 1st round pick (23rd overall subsequently traded, Christian Darrisaw), 2021 3rd round pick (86th overall subsequently traded, Wyatt Davis)","2021 1st round pick (23rd overall subsequently traded, Christian Darrisaw) || 2021 3rd round pick (86th overall subsequently traded, Wyatt Davis)","","2","1","",""
"214","manual","CND_manual_asset_has_risk_flags","SEA-2020-07-25-0217","new-york-jets","jamal-adams-new-york-jets-2020","2","pick","asset risks: explanatory_or_contingent","Bradley McDougald, 2021 1st round pick (23rd overall subsequently traded, Christian Darrisaw), 2021 3rd round pick (86th overall subsequently traded, Wyatt Davis) and 2022 1st round pick (10th overall, Garrett Wilson)","2021 1st round pick (23rd overall subsequently traded, Christian Darrisaw) || 2021 3rd round pick (86th overall subsequently traded, Wyatt Davis) || 2022 1st round pick (10th overall, Garrett Wilson)","2022 1st round pick (10th overall, Garrett Wilson) => [1] 2022 1st round pick (10th overall, Garrett Wilson)","2","1","",""
"215","manual","CND_manual_asset_has_risk_flags","NYG-2021-0292","new-york-giants","2021-1st-round-pick-20th-overall-kadarius-toney-2021-5th-round-pick-164th-overal","0","pick","asset risks: explanatory_or_contingent","2021 1st round pick (20th overall, Kadarius Toney), 2021 5th round pick (164th overall subsequently traded, Jamar Johnson), 2022 1st round pick (7th overall, Evan Neal) and 2022 4th round pick (112th overall, Daniel Bellinger)","2021 1st round pick (20th overall, Kadarius Toney) || 2021 5th round pick (164th overall subsequently traded, Jamar Johnson) || 2022 1st round pick (7th overall, Evan Neal) || 2022 4th round pick (112th overall, Daniel Bellinger)","","4","3","",""
"216","manual","CND_manual_asset_has_risk_flags","NE-2021-0424","houston-texans","2021-4th-round-pick-122nd-overall-subsequently-traded-tyler-shelvin-and-2021-6th-round-pic","0","pick","asset risks: explanatory_or_contingent","Marcus Cannon, 2021 5th round pick (158th overall subsequently traded, Daviyon Nixon) and 2021 6th round pick (195th overall, Roy Lopez)","2021 5th round pick (158th overall subsequently traded, Daviyon Nixon) || 2021 6th round pick (195th overall, Roy Lopez)","","2","1","",""
"217","manual","CND_manual_asset_has_risk_flags","RAM-2021-0513","detroit-lions","matthew-stafford-detroit-lions-2021","0","pick","asset risks: explanatory_or_contingent","Jared Goff, 2021 3rd round pick (101st overall, Ifeatu Melifonwu), 2022 1st round pick (32nd overall subsequently traded, Lewis Cine) and 2023 1st round pick (6th overall subsequently traded, Paris Johnson)","2021 3rd round pick (101st overall, Ifeatu Melifonwu) || 2022 1st round pick (32nd overall subsequently traded, Lewis Cine) || 2023 1st round pick (6th overall subsequently traded, Paris Johnson)","","3","2","",""
"218","manual","CND_manual_asset_has_risk_flags","MIA-2021-0303","miami-dolphins","2021-1st-round-pick-12th-overall-subsequently-traded-49ers-2021","0","pick","asset risks: explanatory_or_contingent","2021 1st round pick (12th overall subsequently traded, Micah Parsons), 2022 1st round pick (29th overall subsequently traded, Cole Strange), 2023 1st round pick (29th overall subsequently traded, Bryan Bresee) and 2022 3rd round pick (102nd overall, Channing Tindall)","2021 1st round pick (12th overall subsequently traded, Micah Parsons) || 2022 1st round pick (29th overall subsequently traded, Cole Strange) || 2023 1st round pick (29th overall subsequently traded, Bryan Bresee) || 2022 3rd round pick (102nd overall, Channing Tindall)","","4","3","",""
"219","manual","CND_manual_asset_has_risk_flags","MIA-2021-0304","philadelphia-eagles","2021-1st-round-pick-6th-overall-eagles-2021","0","pick","asset risks: explanatory_or_contingent","2021 1st round pick (12th overall subsequently traded, Micah Parsons), 2021 4th round pick (123rd overall, Zech McPhearson) and 2022 1st round pick (15th overall subsequently traded, Kenyon Green)","2021 1st round pick (12th overall subsequently traded, Micah Parsons) || 2021 4th round pick (123rd overall, Zech McPhearson) || 2022 1st round pick (15th overall subsequently traded, Kenyon Green)","","3","2","",""
"220","manual","CND_manual_asset_has_risk_flags","CAR-2021-0073","new-york-jets","panthers-new-york-jets-trade-2021-0073","0","pick","asset risks: explanatory_or_contingent","2021 6th round pick (226th overall subsequently traded, Trey Smith), 2022 2nd round pick (38th overall subsequently traded, Arnold Ebiketie) and 2022 4th round pick (111th overall, Max Mitchell)","2021 6th round pick (226th overall subsequently traded, Trey Smith) || 2022 2nd round pick (38th overall subsequently traded, Arnold Ebiketie) || 2022 4th round pick (111th overall, Max Mitchell)","","3","2","",""
"221","manual","CND_manual_asset_has_risk_flags","KC-2021-0266","kansas-city-chiefs","orlando-brown-jr-baltimore-ravens-2021","0","pick","asset risks: explanatory_or_contingent","Orlando Brown Jr., 2021 2nd round pick (58th overall, Nick Bolton) and 2022 6th round pick (191st overall subsequently traded, Jalen Nailor)","2021 2nd round pick (58th overall, Nick Bolton) || 2022 6th round pick (191st overall subsequently traded, Jalen Nailor)","","2","1","",""
"222","manual","CND_manual_asset_has_risk_flags","KC-2021-0266","baltimore-ravens","orlando-brown-jr-baltimore-ravens-2021","0","pick","asset risks: explanatory_or_contingent","2021 1st round pick (31st overall, Odafe Oweh), 2021 3rd round pick (94th overall, Ben Cleveland), 2021 4th round pick (136th overall subsequently traded, Marco Wilson) and 2022 5th round pick (173rd overall subsequently traded, Marcus McKethan)","2021 1st round pick (31st overall, Odafe Oweh) || 2021 3rd round pick (94th overall, Ben Cleveland) || 2021 4th round pick (136th overall subsequently traded, Marco Wilson) || 2022 5th round pick (173rd overall subsequently traded, Marcus McKethan)","","4","3","",""
"223","manual","CND_manual_asset_has_risk_flags","CHI-2021-0480","new-york-giants","2021-1st-round-pick-11th-overall-justin-fields-new-york-giants-2021","0","pick","asset risks: explanatory_or_contingent","2021 1st round pick (20th overall, Kadarius Toney), 2021 5th round pick (164th overall subsequently traded, Jamar Johnson), 2022 1st round pick (7th overall, Evan Neal) and 2022 4th round pick (112th overall, Daniel Bellinger)","2021 1st round pick (20th overall, Kadarius Toney) || 2021 5th round pick (164th overall subsequently traded, Jamar Johnson) || 2022 1st round pick (7th overall, Evan Neal) || 2022 4th round pick (112th overall, Daniel Bellinger)","","4","3","",""
"224","manual","CND_manual_has_obvious_delimiter_use_other_lane","MIN-2021-04-29-0288","minnesota-vikings","draft-pick-trade-new-york-jets-2021","0","pick","asset has obvious delimiter between pick starts; should stay out of no-delimiter lane","2021 1st round pick (23rd overall, Christian Darrisaw), 2021 3rd round pick (66th overall, Kellen Mond) and 2021 3rd round pick (86th overall, Wyatt Davis)","2021 1st round pick (23rd overall, Christian Darrisaw) || 2021 3rd round pick (66th overall, Kellen Mond) || 2021 3rd round pick (86th overall, Wyatt Davis)","","3","2","",""
"225","manual","CND_manual_asset_has_risk_flags","CAR-2021-0075","carolina-panthers","panthers-chicago-bears-trade-2021-0075","0","pick","asset risks: explanatory_or_contingent","2021 2nd round pick (52nd overall subsequently traded, Jeremiah Owusu-Koramoah), 2021 3rd round pick (83rd overall, Tommy Tremble) and 2021 6th round pick (204th overall, Shi Smith)","2021 2nd round pick (52nd overall subsequently traded, Jeremiah Owusu-Koramoah) || 2021 3rd round pick (83rd overall, Tommy Tremble) || 2021 6th round pick (204th overall, Shi Smith)","","3","2","",""
"226","manual","CND_manual_asset_has_risk_flags","CAR-2021-0078","carolina-panthers","panthers-houston-texans-trade-2021-0078","0","pick","asset risks: explanatory_or_contingent","2021 4th round pick (109th overall subsequently traded, Dez Fitzpatrick), 2021 5th round pick (158th overall, Daviyon Nixon) and 2022 4th round pick (108th overall subsequently traded, Perrion Winfrey)","2021 4th round pick (109th overall subsequently traded, Dez Fitzpatrick) || 2021 5th round pick (158th overall, Daviyon Nixon) || 2022 4th round pick (108th overall subsequently traded, Perrion Winfrey)","","3","2","",""
"227","manual","CND_manual_has_obvious_delimiter_use_other_lane","CIN-2021-0146","cincinnati-bengals","2021-2nd-round-pick-46th-overall-jackson-carman-2021-4th-round-pick-12","0","pick","asset has obvious delimiter between pick starts; should stay out of no-delimiter lane","2021 2nd round pick (46th overall, Jackson Carman), 2021 4th round pick (122nd overall, Tyler Shelvin) and 2021 4th round pick (139th overall, D'Ante Smith)","2021 2nd round pick (46th overall, Jackson Carman) || 2021 4th round pick (122nd overall, Tyler Shelvin) || 2021 4th round pick (139th overall, D'Ante Smith)","","3","2","",""
"228","manual","CND_manual_has_obvious_delimiter_use_other_lane","CAR-2021-0079","carolina-panthers","panthers-tennessee-titans-trade-2021-0079","0","pick","asset has obvious delimiter between pick starts; should stay out of no-delimiter lane","2021 4th round pick (126th overall, Chuba Hubbard), 2021 5th round pick (166th overall, Keith Taylor) and 2021 7th round pick (232nd overall, Phil Hoskins)","2021 4th round pick (126th overall, Chuba Hubbard) || 2021 5th round pick (166th overall, Keith Taylor) || 2021 7th round pick (232nd overall, Phil Hoskins)","","3","2","",""
"229","manual","CND_manual_asset_has_risk_flags","NYG-2021-0299","new-york-giants","ben-bredeson-2022-5th-round-pick-173rd-overall-marcus-mckethan-and-2023-7th-roun","0","pick","asset risks: explanatory_or_contingent","Ben Bredeson, 2022 5th round pick (173rd overall, Marcus McKethan) and 2023 7th round pick (240th overall subsequently traded, Derek Parish)","2022 5th round pick (173rd overall, Marcus McKethan) || 2023 7th round pick (240th overall subsequently traded, Derek Parish)","","2","1","",""
"230","manual","CND_manual_has_obvious_delimiter_use_other_lane","SEA-2022-03-08-0225","seattle-seahawks","drew-lock-shelby-harris-noah-fant-2022-1st-roun-denver-broncos-2022","0","pick","asset has obvious delimiter between pick starts; should stay out of no-delimiter lane","Drew Lock, Shelby Harris, Noah Fant, 2022 1st round pick (9th overall, Charles Cross), 2022 2nd round pick (40th overall, Boye Mafe), 2023 1st round pick (5th overall, Devon Witherspoon), 2023 2nd round pick (37th overall, Derick Hall)","2022 1st round pick (9th overall, Charles Cross) || 2022 2nd round pick (40th overall, Boye Mafe) || 2023 1st round pick (5th overall, Devon Witherspoon) || 2023 2nd round pick (37th overall, Derick Hall)","","4","3","",""
"231","manual","CND_manual_asset_has_risk_flags","SEA-2022-03-08-0225","seattle-seahawks","drew-lock-shelby-harris-noah-fant-2022-1st-roun-denver-broncos-2022","2","pick","asset risks: explanatory_or_contingent","Drew Lock, Shelby Harris, Noah Fant, 2022 1st round pick (9th overall, Charles Cross), 2022 2nd round pick (40th overall, Boye Mafe), 2023 1st round pick (5th overall, Devon Witherspoon), 2023 2nd round pick (37th overall, Derick Hall) and 2022 5th round pick (145th overall subsequently traded, Darian Kinnard)","2022 1st round pick (9th overall, Charles Cross) || 2022 2nd round pick (40th overall, Boye Mafe) || 2023 1st round pick (5th overall, Devon Witherspoon) || 2023 2nd round pick (37th overall, Derick Hall) || 2022 5th round pick (145th overall subsequently traded, Darian Kinnard)","2022 5th round pick (145th overall subsequently traded, Darian Kinnard) => [1] 2022 5th round pick (145th overall subsequently traded, Darian Kinnard)","4","3","",""
"232","manual","CND_manual_asset_has_risk_flags","IND-2022-0372","indianapolis-colts","2022-2nd-round-pick-42nd-overall-subsequently-traded-andrew-booth-2022-3rd-round","0","pick","asset risks: explanatory_or_contingent","2022 2nd round pick (42nd overall subsequently traded, Andrew Booth), 2022 3rd round pick (73rd overall, Jelani Woods) and 2023 3rd round pick (79th overall, Josh Downs)","2022 2nd round pick (42nd overall subsequently traded, Andrew Booth) || 2022 3rd round pick (73rd overall, Jelani Woods) || 2023 3rd round pick (79th overall, Josh Downs)","","3","2","",""
"233","manual","CND_manual_has_obvious_delimiter_use_other_lane","IND-2022-0372","washington-commanders","2022-2nd-round-pick-42nd-overall-subsequently-traded-andrew-booth-2022-3rd-round","0","pick","asset has obvious delimiter between pick starts; should stay out of no-delimiter lane","Carson Wentz, 2022 2nd round pick (47th overall, Phidarian Mathis) and 2022 7th round pick (240th overall, Christian Holmes)","2022 2nd round pick (47th overall, Phidarian Mathis) || 2022 7th round pick (240th overall, Christian Holmes)","","2","1","",""
"234","manual","CND_manual_asset_has_risk_flags","CLE-2022-0445","houston-texans","deshaun-watson-and-2024-6th-round-pick-203rd-overall-subsequently-traded-will-re","0","pick","asset risks: explanatory_or_contingent","2022 1st round pick (13th overall subsequently traded, Jordan Davis), 2023 1st round pick (12th overall subsequently traded, Jahmyr Gibbs), 2024 1st round pick (23rd overall subsequently traded, Brian Thomas), 2023 3rd round pick (73rd overall subsequently traded, Jalin Hyatt), 2024 4th round pick (123rd overall, Cade Stover) and 2022 4th round pick (107th overall, Dameon Pierce)","2022 1st round pick (13th overall subsequently traded, Jordan Davis) || 2023 1st round pick (12th overall subsequently traded, Jahmyr Gibbs) || 2024 1st round pick (23rd overall subsequently traded, Brian Thomas) || 2023 3rd round pick (73rd overall subsequently traded, Jalin Hyatt) || 2024 4th round pick (123rd overall, Cade Stover) || 2022 4th round pick (107th overall, Dameon Pierce)","","6","5","",""
"235","manual","CND_manual_asset_has_risk_flags","MIA-2022-0311","kansas-city-chiefs","tyreek-hill-chiefs-2022","0","pick","asset risks: explanatory_or_contingent","2022 1st round pick (29th overall subsequently traded, Cole Strange), 2022 2nd round pick (50th overall subsequently traded, Tyquan Thornton), 2022 4th round pick (121st overall subsequently traded, Jack Jones), 2023 4th round pick (122nd overall subsequently traded, Jon Gaines) and 2023 6th round pick (178th overall subsequently traded, Eric Scott)","2022 1st round pick (29th overall subsequently traded, Cole Strange) || 2022 2nd round pick (50th overall subsequently traded, Tyquan Thornton) || 2022 4th round pick (121st overall subsequently traded, Jack Jones) || 2023 4th round pick (122nd overall subsequently traded, Jon Gaines) || 2023 6th round pick (178th overall subsequently traded, Eric Scott)","","5","4","",""
"236","manual","CND_manual_asset_has_risk_flags","NO-2022-0327","new-orleans-saints","saints-2022-04-04-philadelphia-eagles-2022-1st-round-pick-16th-overall-subsequen","0","pick","asset risks: explanatory_or_contingent","2022 1st round pick (16th overall subsequently traded, Jahan Dotson), 2022 1st round pick (19th overall, Trevor Penning) and 2022 6th round pick (194th overall, Jordan Jackson)","2022 1st round pick (16th overall subsequently traded, Jahan Dotson) || 2022 1st round pick (19th overall, Trevor Penning) || 2022 6th round pick (194th overall, Jordan Jackson)","","3","2","",""
"237","manual","CND_manual_asset_has_risk_flags","NO-2022-0327","philadelphia-eagles","saints-2022-04-04-philadelphia-eagles-2022-1st-round-pick-16th-overall-subsequen","0","pick","asset risks: explanatory_or_contingent","2022 1st round pick (18th overall subsequently traded, Treylon Burks), 2022 3rd round pick (101st overall subsequently traded, Jeremy Ruckert), 2022 7th round pick (237th overall subsequently traded, Chase Lucas), 2023 1st round pick (10th overall subsequently traded, Darnell Wright) and 2024 2nd round pick (50th overall subsequently traded, Mike Sainristil)","2022 1st round pick (18th overall subsequently traded, Treylon Burks) || 2022 3rd round pick (101st overall subsequently traded, Jeremy Ruckert) || 2022 7th round pick (237th overall subsequently traded, Chase Lucas) || 2023 1st round pick (10th overall subsequently traded, Darnell Wright) || 2024 2nd round pick (50th overall subsequently traded, Mike Sainristil)","","5","4","",""
"238","manual","CND_manual_asset_has_risk_flags","KC-2022-0273","new-england-patriots","2022-1st-round-pick-21st-overall-new-england-boston-patriots-2022","0","pick","asset risks: explanatory_or_contingent","2022 1st round pick (29th overall, Cole Strange), 2022 3rd round pick (94th overall subsequently traded, Matt Corral) and 2022 4th round pick (121st overall, Jack Jones)","2022 1st round pick (29th overall, Cole Strange) || 2022 3rd round pick (94th overall subsequently traded, Matt Corral) || 2022 4th round pick (121st overall, Jack Jones)","","3","2","",""
"239","manual","CND_manual_asset_has_risk_flags","MIN-2022-04-28-0292","minnesota-vikings","draft-pick-trade-detroit-lions-2022","0","pick","asset risks: explanatory_or_contingent","2022 1st round pick (32nd overall, Lewis Cine), 2022 2nd round pick (34th overall subsequently traded, Christian Watson) and 2022 3rd round pick (66th overall, Brian Asamoah)","2022 1st round pick (32nd overall, Lewis Cine) || 2022 2nd round pick (34th overall subsequently traded, Christian Watson) || 2022 3rd round pick (66th overall, Brian Asamoah)","","3","2","",""
"240","manual","CND_manual_asset_has_risk_flags","NO-2022-0328","washington-commanders","saints-2022-04-28-washington-commanders-2022-1st-round-pick-11th-overall-chris-o","0","pick","asset risks: explanatory_or_contingent","2022 1st round pick (16th overall, Jahan Dotson), 2022 3rd round pick (98th overall, Brian Robinson) and 2022 4th round pick (120th overall subsequently traded, Brandon Smith)","2022 1st round pick (16th overall, Jahan Dotson) || 2022 3rd round pick (98th overall, Brian Robinson) || 2022 4th round pick (120th overall subsequently traded, Brandon Smith)","","3","2","",""
"241","manual","CND_manual_has_obvious_delimiter_use_other_lane","NYJ-2022-0290","tennessee-titans","2022-1st-round-pick-26th-overall-jermaine-johnson-and-2022-3rd-round-pick-101st-overall-je","0","pick","asset has obvious delimiter between pick starts; should stay out of no-delimiter lane","2022 2nd round pick (35th overall, Roger McCreary), 2022 3rd round pick (69th overall, Nicholas Petit-Frere) and 2022 5th round pick (163rd overall, Kyle Philips)","2022 2nd round pick (35th overall, Roger McCreary) || 2022 3rd round pick (69th overall, Nicholas Petit-Frere) || 2022 5th round pick (163rd overall, Kyle Philips)","","3","2","",""
"242","manual","CND_manual_asset_has_risk_flags","PHI-2022-0433","houston-texans","eagles-2022-04-28-houston-texans-0433","0","pick","asset risks: explanatory_or_contingent","2022 1st round pick (15th overall, Kenyon Green), 2022 4th round pick (124th overall subsequently traded, Cade York), 2022 5th round pick (162nd overall subsequently traded, Montrell Washington) and 2022 5th round pick (166th overall subsequently traded, Tycen Anderson)","2022 1st round pick (15th overall, Kenyon Green) || 2022 4th round pick (124th overall subsequently traded, Cade York) || 2022 5th round pick (162nd overall subsequently traded, Montrell Washington) || 2022 5th round pick (166th overall subsequently traded, Tycen Anderson)","","4","3","",""
"243","manual","CND_manual_has_obvious_delimiter_use_other_lane","MIN-2022-0287","indianapolis-colts","2022-2nd-round-pick-42nd-overall-andrew-booth-baltimore-indianapolis-colts-2022","0","pick","asset has obvious delimiter between pick starts; should stay out of no-delimiter lane","2022 2nd round pick (53rd overall, Alec Pierce), 2022 3rd round pick (77th overall, Bernhard Raimann) and 2022 6th round pick (192nd overall, Andrew Ogletree)","2022 2nd round pick (53rd overall, Alec Pierce) || 2022 3rd round pick (77th overall, Bernhard Raimann) || 2022 6th round pick (192nd overall, Andrew Ogletree)","","3","2","",""
"244","manual","CND_manual_asset_has_risk_flags","CAR-2022-0092","carolina-panthers","panthers-san-francisco-49ers-trade-2022-0092","0","pick","asset risks: explanatory_or_contingent","2023 2nd round pick (61st overall subsequently traded, Brenton Strange), 2023 3rd round pick (93rd overall subsequently traded, Darnell Washington), 2023 4th round pick (132nd overall subsequently traded, Nick Herbig) and 2024 5th round pick (166th overall subsequently traded, Tyrone Tracy)","2023 2nd round pick (61st overall subsequently traded, Brenton Strange) || 2023 3rd round pick (93rd overall subsequently traded, Darnell Washington) || 2023 4th round pick (132nd overall subsequently traded, Nick Herbig) || 2024 5th round pick (166th overall subsequently traded, Tyrone Tracy)","","4","3","",""
"245","manual","CND_manual_asset_has_risk_flags","MIN-2022-11-01-0302","minnesota-vikings","t-j-hockenson-detroit-lions-2022","0","pick","asset risks: explanatory_or_contingent","T.J. Hockenson, 2023 4th round pick (119th overall subsequently traded, Chamarri Conner) and 2024 4th round pick (129th overall subsequently traded, Isaac Guerendo)","2023 4th round pick (119th overall subsequently traded, Chamarri Conner) || 2024 4th round pick (129th overall subsequently traded, Isaac Guerendo)","","2","1","",""
"246","manual","CND_manual_asset_has_risk_flags","NYG-2023-0304","jacksonville-jaguars","2023-1st-round-pick-24th-overall-deonte-banks-jacksonville-jaguars-2023","0","pick","asset risks: explanatory_or_contingent","2023 1st round pick (25th overall subsequently traded, Dalton Kincaid), 2023 5th round pick (160th overall, Antonio Johnson) and 2023 7th round pick (240th overall, Derek Parish)","2023 1st round pick (25th overall subsequently traded, Dalton Kincaid) || 2023 5th round pick (160th overall, Antonio Johnson) || 2023 7th round pick (240th overall, Derek Parish)","","3","2","",""
"247","manual","CND_manual_asset_has_risk_flags","NYJ-2023-0296","new-york-jets","aaron-rodgers-2023-1st-round-pick-15th-overall-will-mcdonald-and-2023-5th-round-pick-170th","0","pick","asset risks: explanatory_or_contingent","Aaron Rodgers, 2023 1st round pick (15th overall, Will McDonald) and 2023 5th round pick (170th overall subsequently traded, Christopher Smith)","2023 1st round pick (15th overall, Will McDonald) || 2023 5th round pick (170th overall subsequently traded, Christopher Smith)","","2","1","",""
"248","manual","CND_manual_asset_has_risk_flags","NYJ-2023-0296","green-bay-packers","aaron-rodgers-2023-1st-round-pick-15th-overall-will-mcdonald-and-2023-5th-round-pick-170th","0","pick","asset risks: explanatory_or_contingent","2023 1st round pick (13th overall, Lukas Van Ness), 2023 2nd round pick (42nd overall, Luke Musgrave), 2023 6th round pick (207th overall, Anders Carlson) and 2024 2nd round pick (41st overall subsequently traded, Kool-Aid McKinstry)","2023 1st round pick (13th overall, Lukas Van Ness) || 2023 2nd round pick (42nd overall, Luke Musgrave) || 2023 6th round pick (207th overall, Anders Carlson) || 2024 2nd round pick (41st overall subsequently traded, Kool-Aid McKinstry)","","4","3","",""
"249","manual","CND_manual_asset_has_risk_flags","ARI-2023-0332","arizona-cardinals","cardinals-2023-04-27-houston-texans-2023-1st-round-pick-12th-overall-subsequently-traded-jahmyr","0","pick","asset risks: explanatory_or_contingent","2023 1st round pick (12th overall subsequently traded, Jahmyr Gibbs), 2023 2nd round pick (33rd overall subsequently traded, Will Levis), 2024 1st round pick (27th overall, Darius Robinson) and 2024 3rd round pick (90th overall, Elijah Jones)","2023 1st round pick (12th overall subsequently traded, Jahmyr Gibbs) || 2023 2nd round pick (33rd overall subsequently traded, Will Levis) || 2024 1st round pick (27th overall, Darius Robinson) || 2024 3rd round pick (90th overall, Elijah Jones)","","4","3","",""
"250","manual","CND_manual_asset_has_risk_flags","DET-2023-0397","detroit-lions","2023-1st-round-pick-12th-overall-jahmyr-gibbs-2023-2nd-round-pick-34th-overall-s","0","pick","asset risks: explanatory_or_contingent","2023 1st round pick (12th overall, Jahmyr Gibbs), 2023 2nd round pick (34th overall, Sam LaPorta) and 2023 5th round pick (168th overall subsequently traded, Owen Pappoe)","2023 1st round pick (12th overall, Jahmyr Gibbs) || 2023 2nd round pick (34th overall, Sam LaPorta) || 2023 5th round pick (168th overall subsequently traded, Owen Pappoe)","","3","2","",""
"251","manual","CND_manual_has_obvious_delimiter_use_other_lane","ARI-2023-0334","arizona-cardinals","cardinals-2023-04-28-tennessee-titans-2023-2nd-round-pick-41st-overall-bj-ojulari-2023-3rd-roun","0","pick","asset has obvious delimiter between pick starts; should stay out of no-delimiter lane","2023 2nd round pick (41st overall, BJ Ojulari), 2023 3rd round pick (72nd overall, Garrett Williams) and 2024 3rd round pick (71st overall, Isaiah Adams)","2023 2nd round pick (41st overall, BJ Ojulari) || 2023 3rd round pick (72nd overall, Garrett Williams) || 2024 3rd round pick (71st overall, Isaiah Adams)","","3","2","",""
"252","manual","CND_manual_has_obvious_delimiter_use_other_lane","DET-2023-0401","arizona-cardinals","2023-3rd-round-pick-96th-overall-brodric-martin-arizona-st-louis-cardinals-2023","0","pick","asset has obvious delimiter between pick starts; should stay out of no-delimiter lane","2023 4th round pick (122nd overall, Jon Gaines), 2023 5th round pick (139th overall, Clayton Tune) and 2023 5th round pick (168th overall, Owen Pappoe)","2023 4th round pick (122nd overall, Jon Gaines) || 2023 5th round pick (139th overall, Clayton Tune) || 2023 5th round pick (168th overall, Owen Pappoe)","","3","2","",""
"253","manual","CND_manual_asset_has_risk_flags","KC-2023-0279","detroit-lions","2023-2nd-round-pick-55th-overall-detroit-lions-2023","0","pick","asset risks: explanatory_or_contingent","2023 2nd round pick (63rd overall subsequently traded, Marvin Mims), 2023 4th round pick (122nd overall subsequently traded, Jon Gaines) and 2023 7th round pick (249th overall subsequently traded, Moro Ojomo)","2023 2nd round pick (63rd overall subsequently traded, Marvin Mims) || 2023 4th round pick (122nd overall subsequently traded, Jon Gaines) || 2023 7th round pick (249th overall subsequently traded, Moro Ojomo)","","3","2","",""
"254","manual","CND_manual_has_obvious_delimiter_use_other_lane","MIN-2023-04-28-0303","minnesota-vikings","draft-pick-trade-san-francisco-49ers-2023","0","pick","asset has obvious delimiter between pick starts; should stay out of no-delimiter lane","2023 3rd-round pick (#102 Mekhi Blackmon), 2023 5th-round pick (#164 Jaren Hall), and 2023 7th-round pick (#222 DeWayne McBride)","2023 3rd-round pick (#102 Mekhi Blackmon) || 2023 5th-round pick (#164 Jaren Hall), || 2023 7th-round pick (#222 DeWayne McBride)","","3","2","",""
"255","manual","CND_manual_asset_has_risk_flags","PHI-2023-0444","philadelphia-eagles","eagles-2023-04-28-houston-texans-0444","0","pick","asset risks: explanatory_or_contingent","2023 3rd round pick (65th overall, Tyler Steen), 2023 6th round pick (188th overall, Tanner McKee) and 2023 7th round pick (230th overall subsequently traded, Nick Broeker)","2023 3rd round pick (65th overall, Tyler Steen) || 2023 6th round pick (188th overall, Tanner McKee) || 2023 7th round pick (230th overall subsequently traded, Nick Broeker)","","3","2","",""
"256","manual","CND_manual_has_obvious_delimiter_use_other_lane","PHI-2023-0450","tennessee-titans","eagles-2023-10-23-tennessee-titans-0450","0","pick","asset has obvious delimiter between pick starts; should stay out of no-delimiter lane","Terrell Edmunds, 2024 5th round pick (146th overall, Jarvis Brownlee) and 2024 6th round pick (182nd overall, Jha'Quan Jackson)","2024 5th round pick (146th overall, Jarvis Brownlee) || 2024 6th round pick (182nd overall, Jha'Quan Jackson)","","2","1","",""
"257","manual","CND_manual_asset_has_risk_flags","CAR-2024-0098","carolina-panthers","panthers-new-york-giants-trade-2024-0098","0","pick","asset risks: explanatory_or_contingent","2024 2nd round pick (39th overall subsequently traded, Braden Fiske), 2024 5th round pick (141st overall subsequently traded, Sedrick Van Pran-Granger) and 2025 5th round pick (140th overall, Cam Jackson)","2024 2nd round pick (39th overall subsequently traded, Braden Fiske) || 2024 5th round pick (141st overall subsequently traded, Sedrick Van Pran-Granger) || 2025 5th round pick (140th overall, Cam Jackson)","","3","2","",""
"258","manual","CND_manual_asset_has_risk_flags","SEA-2024-03-14-0230","seattle-seahawks","sam-howell-2024-4th-round-pick-102nd-overall-sub-washington-commanders-2024","2","pick","asset risks: explanatory_or_contingent","Sam Howell, 2024 4th round pick (102nd overall subsequently traded, Troy Franklin) and 2024 6th round pick (179th overall, Sataoa Laumea)","2024 4th round pick (102nd overall subsequently traded, Troy Franklin) || 2024 6th round pick (179th overall, Sataoa Laumea)","2024 6th round pick (179th overall, Sataoa Laumea) => [1] 2024 6th round pick (179th overall, Sataoa Laumea)","1","0","",""
"259","manual","CND_manual_asset_has_risk_flags","MIN-2024-0304","houston-texans","2024-1st-round-pick-23rd-overall-subsequently-traded-brian-thomas-houston-texans","0","pick","asset risks: explanatory_or_contingent","2024 2nd round pick (42nd overall, Kamari Lassiter), 2024 6th round pick (188th overall, Jamal Hill) and 2025 2nd round pick (56th overall subsequently traded, Ozzy Trapilo)","2024 2nd round pick (42nd overall, Kamari Lassiter) || 2024 6th round pick (188th overall, Jamal Hill) || 2025 2nd round pick (56th overall subsequently traded, Ozzy Trapilo)","","3","2","",""
"260","manual","CND_manual_asset_has_risk_flags","PIT-2024-0384","pittsburgh-steelers","2024-3rd-round-pick-98th-overall-payton-wilson-2025-7th-round-pick-223rd-overall-subsequently-traded-damien-martinez-philadelphia-eagles-2024","0","pick","asset risks: explanatory_or_contingent","2024 3rd round pick (98th overall, Payton Wilson), 2025 7th round pick (223rd overall subsequently traded, Damien Martinez) and 2025 7th round pick (229th overall, Donte Kent)","2024 3rd round pick (98th overall, Payton Wilson) || 2025 7th round pick (223rd overall subsequently traded, Damien Martinez) || 2025 7th round pick (229th overall, Donte Kent)","","3","2","",""
"261","manual","CND_manual_asset_has_risk_flags","BUF-2024-0335","houston-texans","2025-second-round-pick-houston-texans-2024","0","pick","asset risks: explanatory_or_contingent","Stefon Diggs, 2024 sixth-round pick (#189 overall), and 2025 fifth-round pick (#166 overall subsequently traded, Tory Horton)","2024 sixth-round pick (#189 overall), || 2025 fifth-round pick (#166 overall subsequently traded, Tory Horton)","","2","1","",""
"262","manual","CND_manual_asset_has_risk_flags","BUF-2024-0337","buffalo-bills","2024-1st-round-pick-32nd-overall-subsequently-traded-xavier-legette-2024-3rd-rou","0","pick","asset risks: explanatory_or_contingent","2024 1st round pick (32nd overall subsequently traded, Xavier Legette), 2024 3rd round pick (95th overall, DeWayne Carter) and 2024 7th round pick (221st overall, Travis Clayton)","2024 1st round pick (32nd overall subsequently traded, Xavier Legette) || 2024 3rd round pick (95th overall, DeWayne Carter) || 2024 7th round pick (221st overall, Travis Clayton)","","3","2","",""
"263","manual","CND_manual_has_obvious_delimiter_use_other_lane","BUF-2024-0337","kansas-city-chiefs","2024-1st-round-pick-32nd-overall-subsequently-traded-xavier-legette-2024-3rd-rou","0","pick","asset has obvious delimiter between pick starts; should stay out of no-delimiter lane","2024 1st round pick (28th overall, Xavier Worthy), 2024 4th round pick (133rd overall, Jaden Hicks) and 2024 7th round pick (248th overall, C.J. Hanson)","2024 1st round pick (28th overall, Xavier Worthy) || 2024 4th round pick (133rd overall, Jaden Hicks) || 2024 7th round pick (248th overall, C.J. Hanson)","","3","2","",""
"264","manual","CND_manual_asset_has_risk_flags","MIN-2024-0306","jacksonville-jaguars","2024-1st-round-pick-17th-overall-dallas-turner-jacksonville-jaguars-2024","0","pick","asset risks: explanatory_or_contingent","2024 1st round pick (23rd overall, Brian Thomas), 2024 5th round pick (167th overall, Keilan Robinson), 2025 3rd round pick (88th overall, Caleb Ransaw) and 2025 4th round pick (126th overall subsequently traded, Dylan Sampson)","2024 1st round pick (23rd overall, Brian Thomas) || 2024 5th round pick (167th overall, Keilan Robinson) || 2025 3rd round pick (88th overall, Caleb Ransaw) || 2025 4th round pick (126th overall subsequently traded, Dylan Sampson)","","4","3","",""
"265","manual","CND_manual_asset_has_risk_flags","MIN-2024-04-25-0312","new-york-jets","draft-pick-trade-new-york-jets-2024","0","pick","asset risks: explanatory_or_contingent","2024 1st round pick (11th overall, Olumuyiwa Fashanu), 2024 4th round pick (129th overall subsequently traded, Isaac Guerendo) and 2024 5th round pick (157th overall subsequently traded, Chau Smith-Wade)","2024 1st round pick (11th overall, Olumuyiwa Fashanu) || 2024 4th round pick (129th overall subsequently traded, Isaac Guerendo) || 2024 5th round pick (157th overall subsequently traded, Chau Smith-Wade)","","3","2","",""
"266","manual","CND_manual_asset_has_risk_flags","CAR-2024-0101","indianapolis-colts","panthers-indianapolis-colts-trade-2024-0101","0","pick","asset risks: explanatory_or_contingent","2024 2nd round pick (52nd overall, Adonai Mitchell), 2024 5th round pick (142nd overall, Anthony Gould) and 2024 5th round pick (155th overall subsequently traded, Jeremiah Trotter)","2024 2nd round pick (52nd overall, Adonai Mitchell) || 2024 5th round pick (142nd overall, Anthony Gould) || 2024 5th round pick (155th overall subsequently traded, Jeremiah Trotter)","","3","2","",""
"267","manual","CND_manual_asset_has_risk_flags","NO-2024-0335","green-bay-packers","saints-2024-04-26-green-bay-packers-2024-2nd-round-pick-41st-overall-kool-aid-mc","0","pick","asset risks: explanatory_or_contingent","2024 2nd round pick (45th overall, Edgerrin Cooper), 2024 5th round pick (168th overall subsequently traded, Javon Solomon) and 2024 6th round pick (190th overall subsequently traded, Dylan McMahon)","2024 2nd round pick (45th overall, Edgerrin Cooper) || 2024 5th round pick (168th overall subsequently traded, Javon Solomon) || 2024 6th round pick (190th overall subsequently traded, Dylan McMahon)","","3","2","",""
"268","manual","CND_manual_asset_has_risk_flags","RAM-2024-0535","carolina-panthers","2024-2nd-round-pick-39th-overall-braden-fiske-carolina-panthers-2024","0","pick","asset risks: explanatory_or_contingent","2024 2nd round pick (52nd overall subsequently traded, Adonai Mitchell), 2024 5th round pick (155th overall subsequently traded, Jeremiah Trotter) and 2025 2nd round pick (57th overall subsequently traded, Tate Ratledge)","2024 2nd round pick (52nd overall subsequently traded, Adonai Mitchell) || 2024 5th round pick (155th overall subsequently traded, Jeremiah Trotter) || 2025 2nd round pick (57th overall subsequently traded, Tate Ratledge)","","3","2","",""
"269","manual","CND_manual_has_obvious_delimiter_use_other_lane","WAS-2024-0456","washington-commanders","2024-2nd-round-pick-50th-overall-mike-sainristil-2024-2nd-round-pick-53rd-overall-ben-sinn","0","pick","asset has obvious delimiter between pick starts; should stay out of no-delimiter lane","2024 2nd round pick (50th overall, Mike Sainristil), 2024 2nd round pick (53rd overall, Ben Sinnott) and 2024 5th round pick (161st overall, Dominique Hampton)","2024 2nd round pick (50th overall, Mike Sainristil) || 2024 2nd round pick (53rd overall, Ben Sinnott) || 2024 5th round pick (161st overall, Dominique Hampton)","","3","2","",""
"270","manual","CND_manual_asset_has_risk_flags","WAS-2024-0456","philadelphia-eagles","2024-2nd-round-pick-50th-overall-mike-sainristil-2024-2nd-round-pick-53rd-overall-ben-sinn","0","pick","asset risks: explanatory_or_contingent","2024 2nd round pick (40th overall, Cooper DeJean), 2024 3rd round pick (78th overall subsequently traded, Calen Bullock) and 2024 5th round pick (152nd overall, Ainias Smith)","2024 2nd round pick (40th overall, Cooper DeJean) || 2024 3rd round pick (78th overall subsequently traded, Calen Bullock) || 2024 5th round pick (152nd overall, Ainias Smith)","","3","2","",""
"271","manual","CND_manual_asset_has_risk_flags","PHI-2024-0459","philadelphia-eagles","eagles-2024-04-27-detroit-lions-0459","0","pick","asset risks: explanatory_or_contingent","2024 5th round pick (164th overall subsequently traded, Jaylin Simpson), 2024 6th round pick (201st overall subsequently traded, Micah Abraham) and 2025 4th round pick (134th overall subsequently traded, Quandarrius Robinson)","2024 5th round pick (164th overall subsequently traded, Jaylin Simpson) || 2024 6th round pick (201st overall subsequently traded, Micah Abraham) || 2025 4th round pick (134th overall subsequently traded, Quandarrius Robinson)","","3","2","",""
"272","manual","CND_manual_has_obvious_delimiter_use_other_lane","SEA-2024-04-27-0231","seattle-seahawks","2024-4th-round-pick-121st-overall-aj-barner-20-denver-broncos-2024","3","pick","asset has obvious delimiter between pick starts; should stay out of no-delimiter lane","2024 4th round pick (121st overall, AJ Barner), 2024 5th round pick (136th overall, Nehemiah Pritchett) and 2024 6th round pick (207th overall, Michael Jerrell)","2024 4th round pick (121st overall, AJ Barner) || 2024 5th round pick (136th overall, Nehemiah Pritchett) || 2024 6th round pick (207th overall, Michael Jerrell)","2024 4th round pick (121st overall, AJ Barner) => [0] 2024 4th round pick (121st overall, AJ Barner) || 2024 5th round pick (136th overall, Nehemiah Pritchett) => [1] 2024 5th round pick (136th overall, Nehemiah Pritchett) || 2024 6th round pick (207th overall, Michael Jerrell) => [2] 2024 6th round pick (207th overall, Michael Jerrell)","0","-1","",""
"273","manual","CND_manual_asset_has_risk_flags","WAS-2024-0458","washington-commanders","2025-3rd-round-pick-79th-overall-subsequently-traded-jaylin-noel-2025-7th-round-pick-236th","0","pick","asset risks: explanatory_or_contingent","2025 3rd round pick (79th overall subsequently traded, Jaylin Noel), 2025 7th round pick (236th overall subsequently traded, LeQuint Allen) and 2025 7th round pick (248th overall subsequently traded, Moliki Matavao)","2025 3rd round pick (79th overall subsequently traded, Jaylin Noel) || 2025 7th round pick (236th overall subsequently traded, LeQuint Allen) || 2025 7th round pick (248th overall subsequently traded, Moliki Matavao)","","3","2","",""
"274","manual","CND_manual_has_obvious_delimiter_use_other_lane","NO-2024-0337","new-orleans-saints","saints-2024-11-05-washington-commanders-2025-3rd-round-pick-93rd-overall-jonas-s","0","pick","asset has obvious delimiter between pick starts; should stay out of no-delimiter lane","2025 3rd round pick (93rd overall, Jonas Sanker), 2025 4th round pick (131st overall, Quincy Riley) and 2025 6th round pick (184th overall, Devin Neal)","2025 3rd round pick (93rd overall, Jonas Sanker) || 2025 4th round pick (131st overall, Quincy Riley) || 2025 6th round pick (184th overall, Devin Neal)","","3","2","",""
"275","manual","CND_manual_asset_has_risk_flags","NYG-2025-0311","houston-texans","2025-1st-round-pick-25th-overall-jaxson-dart-houston-texans-2025","0","pick","asset risks: explanatory_or_contingent","2025 2nd round pick (34th overall, Jayden Higgins), 2025 3rd round pick (99th overall subsequently traded, Charles Grant) and 2026 3rd round pick (69th overall subsequently traded, Sam Roush)","2025 2nd round pick (34th overall, Jayden Higgins) || 2025 3rd round pick (99th overall subsequently traded, Charles Grant) || 2026 3rd round pick (69th overall subsequently traded, Sam Roush)","","3","2","",""
"276","manual","CND_manual_asset_has_risk_flags","WAS-2025-0462","houston-texans","laremy-tunsil-and-2025-4th-round-pick-128th-overall-jaylin-lane-houston-texans-2025","0","pick","asset risks: explanatory_or_contingent","2025 3rd round pick (79th overall, Jaylin Noel), 2025 7th round pick (236th overall subsequently traded, LeQuint Allen), 2026 2nd round pick (38th overall subsequently traded, Treydan Stukes) and 2026 4th round pick (106th overall, Febechi Nwaiwu)","2025 3rd round pick (79th overall, Jaylin Noel) || 2025 7th round pick (236th overall subsequently traded, LeQuint Allen) || 2026 2nd round pick (38th overall subsequently traded, Treydan Stukes) || 2026 4th round pick (106th overall, Febechi Nwaiwu)","","4","3","",""
"277","manual","CND_manual_asset_has_risk_flags","MIN-2025-03-18-0318","san-francisco-49ers","jordan-mason-san-francisco-49ers-2025","0","pick","asset risks: explanatory_or_contingent","2025 5th-round pick (#160 Marques Sigle) and 2026 6th-round pick (#198 later traded, Demond Claiborne)","2025 5th-round pick (#160 Marques Sigle) || 2026 6th-round pick (#198 later traded, Demond Claiborne)","","2","1","",""
"278","manual","CND_manual_asset_has_risk_flags","CLE-2025-0467","cleveland-browns","2025-5th-round-pick-166th-overall-subsequently-traded-tory-horton-and-a-2027-5th","0","pick","asset risks: explanatory_or_contingent","2025 5th round pick (166th overall subsequently traded, Tory Horton) and a 2027 5th round pick","2025 5th round pick (166th overall subsequently traded, Tory Horton) and a || 2027 5th round pick","","2","1","",""
"279","manual","CND_manual_asset_has_risk_flags","CLE-2025-0467","houston-texans","2025-5th-round-pick-166th-overall-subsequently-traded-tory-horton-and-a-2027-5th","0","pick","asset risks: explanatory_or_contingent","2025 6th round pick (179th overall subsequently traded, Ollie Gordon), 2025 6th round pick (216th overall subsequently traded, Jeremy Crawshaw) and 2025 7th round pick (255th overall, Luke Lachey)","2025 6th round pick (179th overall subsequently traded, Ollie Gordon) || 2025 6th round pick (216th overall subsequently traded, Jeremy Crawshaw) || 2025 7th round pick (255th overall, Luke Lachey)","","3","2","",""
"280","manual","CND_manual_has_obvious_delimiter_use_other_lane","JAX-2025-0108","jacksonville-jaguars","travis-hunter-cleveland-browns-2025","0","pick","asset has obvious delimiter between pick starts; should stay out of no-delimiter lane","2025 1st round pick (2nd overall, Travis Hunter), 2025 4th round pick (104th overall, Bhayshul Tuten) and 2025 6th round pick (200th overall, Rayuan Lane)","2025 1st round pick (2nd overall, Travis Hunter) || 2025 4th round pick (104th overall, Bhayshul Tuten) || 2025 6th round pick (200th overall, Rayuan Lane)","","3","2","",""
"281","manual","CND_manual_has_obvious_delimiter_use_other_lane","JAX-2025-0108","cleveland-browns","travis-hunter-cleveland-browns-2025","0","pick","asset has obvious delimiter between pick starts; should stay out of no-delimiter lane","2025 1st round pick (5th overall, Mason Graham), 2025 2nd round pick (36th overall, Quinshon Judkins), 2025 4th round pick (126th overall, Dylan Sampson) and 2026 1st round pick (24th overall, KC Concepcion)","2025 1st round pick (5th overall, Mason Graham) || 2025 2nd round pick (36th overall, Quinshon Judkins) || 2025 4th round pick (126th overall, Dylan Sampson) || 2026 1st round pick (24th overall, KC Concepcion)","","4","3","",""
"282","manual","CND_manual_has_obvious_delimiter_use_other_lane","BUF-2025-0343","buffalo-bills","2025-2nd-round-pick-41st-overall-t-j-sanders-2025-3rd-round-pick-72nd-overall-la","0","pick","asset has obvious delimiter between pick starts; should stay out of no-delimiter lane","2025 2nd round pick (41st overall, T.J. Sanders), 2025 3rd round pick (72nd overall, Landon Jackson) and 2025 7th round pick (240th overall, Kaden Prather)","2025 2nd round pick (41st overall, T.J. Sanders) || 2025 3rd round pick (72nd overall, Landon Jackson) || 2025 7th round pick (240th overall, Kaden Prather)","","3","2","",""
"283","manual","CND_manual_asset_has_risk_flags","BUF-2025-0343","chicago-bears","2025-2nd-round-pick-41st-overall-t-j-sanders-2025-3rd-round-pick-72nd-overall-la","0","pick","asset risks: explanatory_or_contingent","2025 2nd round pick (56th overall, Ozzy Trapilo), 2025 2nd round pick (62nd overall, Shemar Turner) and 2025 4th round pick (109th overall subsequently traded, Deone Walker)","2025 2nd round pick (56th overall, Ozzy Trapilo) || 2025 2nd round pick (62nd overall, Shemar Turner) || 2025 4th round pick (109th overall subsequently traded, Deone Walker)","","3","2","",""
"284","manual","CND_manual_asset_has_risk_flags","DEN-2025-04-25-0394","denver-broncos","2025-2nd-round-pick-57th-overall-subsequently-traded-tate-ratledge-2025-3rd-round-pick-74t","0","pick","asset risks: explanatory_or_contingent","2025 2nd round pick (57th overall subsequently traded, Tate Ratledge), 2025 3rd round pick (74th overall, Pat Bryant), 2025 4th round pick (111th overall subsequently traded, Ty Robinson) and 2025 7th round pick (230th overall subsequently traded, Dan Jackson)","2025 2nd round pick (57th overall subsequently traded, Tate Ratledge) || 2025 3rd round pick (74th overall, Pat Bryant) || 2025 4th round pick (111th overall subsequently traded, Ty Robinson) || 2025 7th round pick (230th overall subsequently traded, Dan Jackson)","","4","3","",""
"285","manual","CND_manual_asset_has_risk_flags","DEN-2025-04-25-0394","carolina-panthers","2025-2nd-round-pick-57th-overall-subsequently-traded-tate-ratledge-2025-3rd-round-pick-74t","0","pick","asset risks: explanatory_or_contingent","2025 2nd round pick (51st overall, Nic Scourton), 2025 3rd round pick (85th overall subsequently traded, Nohl Williams), 2025 4th round pick (122nd overall, Lathan Ransom) and 2025 6th round pick (208th overall, Jimmy Horn)","2025 2nd round pick (51st overall, Nic Scourton) || 2025 3rd round pick (85th overall subsequently traded, Nohl Williams) || 2025 4th round pick (122nd overall, Lathan Ransom) || 2025 6th round pick (208th overall, Jimmy Horn)","","4","3","",""
"286","manual","CND_manual_asset_has_risk_flags","DEN-2025-04-25-0396","philadelphia-eagles","2025-3rd-round-pick-101st-overall-sai-vion-jones-and-2025-4th-round-pick-134th-overall-qua","0","pick","asset risks: explanatory_or_contingent","2025 4th round pick (111th overall, Ty Robinson), 2025 4th round pick (130th overall subsequently traded, Malachi Moore) and 2025 6th round pick (191st overall, Myles Hinton)","2025 4th round pick (111th overall, Ty Robinson) || 2025 4th round pick (130th overall subsequently traded, Malachi Moore) || 2025 6th round pick (191st overall, Myles Hinton)","","3","2","",""
"287","manual","CND_manual_asset_has_risk_flags","JAX-2025-0109","jacksonville-jaguars","2025-3rd-round-pick-102nd-overall-subsequently-traded-detroit-lions-2025","0","pick","asset risks: explanatory_or_contingent","2025 3rd round pick (102nd overall subsequently traded, Tai Felton), 2026 3rd round pick (81st overall, Albert Regis) and 2026 3rd round pick (100th overall, Jalen Huskey)","2025 3rd round pick (102nd overall subsequently traded, Tai Felton) || 2026 3rd round pick (81st overall, Albert Regis) || 2026 3rd round pick (100th overall, Jalen Huskey)","","3","2","",""
"288","manual","CND_manual_asset_has_risk_flags","JAX-2025-0109","detroit-lions","2025-3rd-round-pick-102nd-overall-subsequently-traded-detroit-lions-2025","0","pick","asset risks: explanatory_or_contingent","2025 3rd round pick (70th overall, Isaac TeSlaa), 2025 6th round pick (182nd overall subsequently traded, Andres Borregales) and 2026 6th round pick (213th overall subsequently traded, Jordan van den Berg)","2025 3rd round pick (70th overall, Isaac TeSlaa) || 2025 6th round pick (182nd overall subsequently traded, Andres Borregales) || 2026 6th round pick (213th overall subsequently traded, Jordan van den Berg)","","3","2","",""
"289","manual","CND_manual_asset_has_risk_flags","JAX-2025-0110","houston-texans","2025-3rd-round-pick-89th-overall-houston-texans-2025","0","pick","asset risks: explanatory_or_contingent","2025 3rd round pick (102nd overall subsequently traded, Tai Felton), 2025 5th round pick (142nd overall subsequently traded, Rylie Mills)","2025 3rd round pick (102nd overall subsequently traded, Tai Felton) || 2025 5th round pick (142nd overall subsequently traded, Rylie Mills)","2025 3rd round pick (102nd overall subsequently traded, Tai Felton) => [1] 2025 3rd round pick (102nd overall subsequently traded, Tai Felton)","1","0","",""
"290","candidate_strict","CND2_strict_split_bundle_create_missing_parts_dedupe_existing_parts","PIT-2025-0390","pittsburgh-steelers","2026-3rd-round-pick-76th-overall-drew-allar-dallas-cowboys-2025","2","pick","bundle exactly splits into clean picks; some parts already exist, so create only missing parts","2026 3rd round pick (76th overall, Drew Allar) and a 2027 5th round pick","2026 3rd round pick (76th overall, Drew Allar) and a || 2027 5th round pick","2027 5th round pick => [1] 2027 5th round pick","1","0","",""
"291","candidate_strict","CND3_strict_split_no_delimiter_multipick_bundle","DEN-2025-08-20-0398","denver-broncos","2026-4th-round-pick-108th-overall-jonah-coleman-and-a-2027-7th-round-pick-new-orleans-sain","0","pick","bundle exactly splits into clean standalone picks with no existing duplicate parts","2026 4th round pick (108th overall, Jonah Coleman) and a 2027 7th round pick","2026 4th round pick (108th overall, Jonah Coleman) and a || 2027 7th round pick","","2","1","",""
"292","manual","CND_manual_asset_has_risk_flags","MIN-2025-08-20-0322","minnesota-vikings","draft-pick-trade-new-york-jets-2025","0","pick","asset risks: explanatory_or_contingent","2026 6th round pick (211th overall subsequently traded, Ryan Eckley) and a 2027 6th round pick","2026 6th round pick (211th overall subsequently traded, Ryan Eckley) and a || 2027 6th round pick","","2","1","",""
"293","candidate_strict","CND3_strict_split_no_delimiter_multipick_bundle","MIN-2025-08-24-0323","minnesota-vikings","draft-pick-trade-philadelphia-eagles-2025","0","pick","bundle exactly splits into clean standalone picks with no existing duplicate parts","2026 5th round pick (163rd overall, Charles Demmings) and a 2027 7th round pick","2026 5th round pick (163rd overall, Charles Demmings) and a || 2027 7th round pick","","2","1","",""
"294","manual","CND_manual_has_obvious_delimiter_use_other_lane","MIN-2025-08-27-0325","minnesota-vikings","adam-thielen-carolina-panthers-2025","0","pick","asset has obvious delimiter between pick starts; should stay out of no-delimiter lane","Adam Thielen, 2026 7th round pick (235th overall, Gavin Gerhardt) and a 2027 5th round pick","2026 7th round pick (235th overall, Gavin Gerhardt) and a || 2027 5th round pick","","2","1","",""
"295","manual","CND_manual_asset_has_risk_flags","MIN-2025-08-27-0325","carolina-panthers","adam-thielen-carolina-panthers-2025","0","pick","asset risks: explanatory_or_contingent","2026 5th round pick (158th overall subsequently traded, Michael Taaffe) and a 2027 4th round pick","2026 5th round pick (158th overall subsequently traded, Michael Taaffe) and a || 2027 4th round pick","","2","1","",""
"296","manual","CND_manual_asset_has_risk_flags","DAL-2025-0352","dallas-cowboys","kenny-clark-2026-1st-round-pick-and-a-2027-1st-round-pick-green-bay-packers-2025","0","pick","asset risks: explanatory_or_contingent","Kenny Clark, 2026 1st round pick (20th overall subsequently traded, Makai Lemon) and a 2027 1st round pick","2026 1st round pick (20th overall subsequently traded, Makai Lemon) and a || 2027 1st round pick","","2","1","",""
"297","manual","CND_manual_asset_has_risk_flags","DAL-2025-0354","new-york-jets","quinnen-williams-new-york-jets-2025","0","pick","asset risks: explanatory_or_contingent","Mazi Smith, 2026 2nd round pick (44th overall subsequently traded, Derrick Moore) and a 2027 1st round pick","2026 2nd round pick (44th overall subsequently traded, Derrick Moore) and a || 2027 1st round pick","","2","1","",""
"298","manual","CND_manual_has_obvious_delimiter_use_other_lane","IND-2025-0388","new-york-jets","sauce-gardner-new-york-jets-2025","0","pick","asset has obvious delimiter between pick starts; should stay out of no-delimiter lane","Adonai Mitchell, 2026 1st round pick (16th overall, Kenyon Sadiq) and a 2027 1st round pick","2026 1st round pick (16th overall, Kenyon Sadiq) and a || 2027 1st round pick","","2","1","",""
"299","manual","CND_manual_asset_has_risk_flags","NYG-2026-0314","cleveland-browns","2026-3rd-round-pick-74th-overall-malachi-fields-cleveland-browns-2026","0","pick","asset risks: explanatory_or_contingent","2026 4th round pick (105th overall subsequently traded, Brenen Thompson), 2026 5th round pick (145th overall subsequently traded, Nick Barrett) and a 2027 4th round pick","2026 4th round pick (105th overall subsequently traded, Brenen Thompson) || 2026 5th round pick (145th overall subsequently traded, Nick Barrett) and a || 2027 4th round pick","","3","2","",""
"300","manual","CND_manual_asset_has_risk_flags","DET-2026-0416","detroit-lions","juice-scruggs-2026-4th-round-pick-128th-overall-subsequently-traded-connor-lew-a","0","pick","asset risks: explanatory_or_contingent","Juice Scruggs, 2026 4th round pick (128th overall subsequently traded, Connor Lew) and a 2027 7th round pick","2026 4th round pick (128th overall subsequently traded, Connor Lew) and a || 2027 7th round pick","","2","1","",""
"301","manual","CND_manual_asset_has_risk_flags","KC-2026-0300","kansas-city-chiefs","2026-1st-round-pick-29th-overall-los-angeles-st-louis-rams-2026","0","pick","asset risks: explanatory_or_contingent","2026 1st round pick (29th overall, Peter Woods), 2026 5th round pick (169th overall subsequently traded, Riley Nowakowski), 2026 6th round pick (210th overall subsequently traded, Gabriel Rubio) and a 2027 3rd round pick","2026 1st round pick (29th overall, Peter Woods) || 2026 5th round pick (169th overall subsequently traded, Riley Nowakowski) || 2026 6th round pick (210th overall subsequently traded, Gabriel Rubio) and a || 2027 3rd round pick","","4","3","",""
"302","manual","CND_manual_asset_has_risk_flags","DEN-2026-03-17-0399","miami-dolphins","jaylen-waddle-and-2026-4th-round-pick-111th-overall-kage-casey-miami-dolphins-2026","0","pick","asset risks: explanatory_or_contingent","2026 1st round pick (30th overall subsequently traded, Omar Cooper), 2026 3rd round pick (94th overall, Chris Bell) and 2026 4th round pick (130th overall, Trey Moore)","2026 1st round pick (30th overall subsequently traded, Omar Cooper) || 2026 3rd round pick (94th overall, Chris Bell) || 2026 4th round pick (130th overall, Trey Moore)","","3","2","",""
"303","manual","CND_manual_asset_has_risk_flags","ATL-2026-0304","atlanta-falcons","sydney-brown-philadelphia-eagles-2026","2","pick","asset risks: explanatory_or_contingent","Sydney Brown, 2026 4th round pick (122nd overall subsequently traded, Mike Washington) and 2026 6th round pick (215th overall, Harold Perkins)","2026 4th round pick (122nd overall subsequently traded, Mike Washington) || 2026 6th round pick (215th overall, Harold Perkins)","2026 6th round pick (215th overall, Harold Perkins) => [1] 2026 6th round pick (215th overall, Harold Perkins)","1","0","",""
"304","manual","CND_manual_has_obvious_delimiter_use_other_lane","PHI-2026-0481","green-bay-packers","eagles-2026-04-10-green-bay-packers-0481","0","pick","asset has obvious delimiter between pick starts; should stay out of no-delimiter lane","a 2027 6th round pick and 2026 5th round pick (153rd overall, Jager Burton)","2027 6th round pick || 2026 5th round pick (153rd overall, Jager Burton)","","2","1","",""
"305","manual","CND_manual_asset_has_risk_flags","BUF-2026-0347","buffalo-bills","2026-1st-round-pick-28th-overall-subsequently-traded-caleb-lomu-2026-3rd-round-p","0","pick","asset risks: explanatory_or_contingent","2026 1st round pick (28th overall subsequently traded, Caleb Lomu), 2026 3rd round pick (69th overall subsequently traded, Sam Roush) and 2026 5th round pick (167th overall, Jalon Kilgore)","2026 1st round pick (28th overall subsequently traded, Caleb Lomu) || 2026 3rd round pick (69th overall subsequently traded, Sam Roush) || 2026 5th round pick (167th overall, Jalon Kilgore)","","3","2","",""
"306","manual","CND_manual_asset_has_risk_flags","BUF-2026-0349","buffalo-bills","2026-2nd-round-pick-35th-overall-t-j-parker-2026-3rd-round-pick-66th-overall-sub","0","pick","asset risks: explanatory_or_contingent","2026 2nd round pick (35th overall, T.J. Parker), 2026 3rd round pick (66th overall subsequently traded, Tyler Onyedim) and 2026 4th round pick (101st overall subsequently traded, Jermod McCoy)","2026 2nd round pick (35th overall, T.J. Parker) || 2026 3rd round pick (66th overall subsequently traded, Tyler Onyedim) || 2026 4th round pick (101st overall subsequently traded, Jermod McCoy)","","3","2","",""
"307","manual","CND_manual_asset_has_risk_flags","BUF-2026-0349","new-york-jets","2026-2nd-round-pick-35th-overall-t-j-parker-2026-3rd-round-pick-66th-overall-sub","0","pick","asset risks: explanatory_or_contingent","2026 1st round pick (31st overall, Keldric Faulk), 2026 3rd round pick (69th overall subsequently traded, Sam Roush) and 2026 5th round pick (165th overall, Nicholas Singleton)","2026 1st round pick (31st overall, Keldric Faulk) || 2026 3rd round pick (69th overall subsequently traded, Sam Roush) || 2026 5th round pick (165th overall, Nicholas Singleton)","","3","2","",""
"308","manual","CND_manual_has_obvious_delimiter_use_other_lane","DAL-2026-0358","miami-dolphins","2026-1st-round-pick-miami-dolphins-2026","0","pick","asset has obvious delimiter between pick starts; should stay out of no-delimiter lane","2026 1st round pick (12th overall, Kadyn Proctor), 2026 5th round pick (177th overall, Kevin Coleman) and 2026 5th round pick (180th overall, Seydou Traore)","2026 1st round pick (12th overall, Kadyn Proctor) || 2026 5th round pick (177th overall, Kevin Coleman) || 2026 5th round pick (180th overall, Seydou Traore)","","3","2","",""
"309","manual","CND_manual_asset_has_risk_flags","HOU-2026-0131","buffalo-bills","2026-1st-round-pick-buffalo-bills-2026","0","pick","asset risks: explanatory_or_contingent","2026 1st round pick (28th overall subsequently traded, Caleb Lomu), 2026 3rd round pick (69th overall subsequently traded, Sam Roush) and 2026 5th round pick (167th overall, Jalon Kilgore)","2026 1st round pick (28th overall subsequently traded, Caleb Lomu) || 2026 3rd round pick (69th overall subsequently traded, Sam Roush) || 2026 5th round pick (167th overall, Jalon Kilgore)","","3","2","",""
"310","manual","CND_manual_asset_has_risk_flags","KC-2026-0302","cleveland-browns","2026-1st-round-pick-6th-overall-cleveland-browns-2026","0","pick","asset risks: explanatory_or_contingent","2026 1st round pick (9th overall, Spencer Fano), 2026 3rd round pick (74th overall subsequently traded, Malachi Fields) and 2026 5th round pick (148th overall subsequently traded, Beau Stephens)","2026 1st round pick (9th overall, Spencer Fano) || 2026 3rd round pick (74th overall subsequently traded, Malachi Fields) || 2026 5th round pick (148th overall subsequently traded, Beau Stephens)","","3","2","",""
"311","candidate_strict","CND3_strict_split_no_delimiter_multipick_bundle","PHI-2026-0482","philadelphia-eagles","eagles-2026-04-23-dallas-cowboys-0482","0","pick","bundle exactly splits into clean standalone picks with no existing duplicate parts","2026 1st round pick (20th overall, Makai Lemon) and a 2027 7th round pick","2026 1st round pick (20th overall, Makai Lemon) and a || 2027 7th round pick","","2","1","",""
"312","manual","CND_manual_has_obvious_delimiter_use_other_lane","PHI-2026-0482","dallas-cowboys","eagles-2026-04-23-dallas-cowboys-0482","0","pick","asset has obvious delimiter between pick starts; should stay out of no-delimiter lane","2026 1st round pick (23rd overall, Malachi Lawrence), 2026 4th round pick (114th overall, Devin Moore) and 2026 4th round pick (137th overall, LT Overton)","2026 1st round pick (23rd overall, Malachi Lawrence) || 2026 4th round pick (114th overall, Devin Moore) || 2026 4th round pick (137th overall, LT Overton)","","3","2","",""
"313","manual","CND_manual_asset_has_risk_flags","CLE-2026-0480","cleveland-browns","2026-4th-round-pick-105th-overall-subsequently-traded-brenen-thompson-2026-5th-r","0","pick","asset risks: explanatory_or_contingent","2026 4th round pick (105th overall subsequently traded, Brenen Thompson), 2026 5th round pick (145th overall subsequently traded, Nick Barrett) and a 2027 4th round pick","2026 4th round pick (105th overall subsequently traded, Brenen Thompson) || 2026 5th round pick (145th overall subsequently traded, Nick Barrett) and a || 2027 4th round pick","","3","2","",""
"314","manual","CND_manual_has_obvious_delimiter_use_other_lane","LAC-2026-0379","los-angeles-chargers","2026-2nd-round-pick-63rd-overall-jake-slaughter-2026-4th-round-pick-131st-overal","0","pick","asset has obvious delimiter between pick starts; should stay out of no-delimiter lane","2026 2nd round pick (63rd overall, Jake Slaughter), 2026 4th round pick (131st overall, Genesis Smith) and 2026 6th round pick (202nd overall, Logan Taylor)","2026 2nd round pick (63rd overall, Jake Slaughter) || 2026 4th round pick (131st overall, Genesis Smith) || 2026 6th round pick (202nd overall, Logan Taylor)","","3","2","",""
"315","manual","CND_manual_has_obvious_delimiter_use_other_lane","LAC-2026-0380","los-angeles-chargers","2026-4th-round-pick-105th-overall-brenen-thompson-2026-5th-round-pick-145th-over","0","pick","asset has obvious delimiter between pick starts; should stay out of no-delimiter lane","2026 4th round pick (105th overall, Brenen Thompson), 2026 5th round pick (145th overall, Nick Barrett) and 2026 6th round pick (206th overall, Alex Harkey)","2026 4th round pick (105th overall, Brenen Thompson) || 2026 5th round pick (145th overall, Nick Barrett) || 2026 6th round pick (206th overall, Alex Harkey)","","3","2","",""
"316","candidate_strict","CND3_strict_split_no_delimiter_multipick_bundle","MIN-2026-04-24-0327","minnesota-vikings","draft-pick-trade-philadelphia-eagles-2026","0","pick","bundle exactly splits into clean standalone picks with no existing duplicate parts","2026 3rd round pick (98th overall, Jakobe Thomas) and a 2027 3rd round pick","2026 3rd round pick (98th overall, Jakobe Thomas) and a || 2027 3rd round pick","","2","1","",""
"317","manual","CND_manual_has_obvious_delimiter_use_other_lane","PIT-2026-0394","indianapolis-colts","2026-2nd-round-pick-47th-overall-germie-bernard-indianapolis-colts-2026","0","pick","asset has obvious delimiter between pick starts; should stay out of no-delimiter lane","2026 2nd round pick (53rd overall, CJ Allen), 2026 4th round pick (135th overall, Bryce Boettcher) and 2026 7th round pick (237th overall, Seth McGowan)","2026 2nd round pick (53rd overall, CJ Allen) || 2026 4th round pick (135th overall, Bryce Boettcher) || 2026 7th round pick (237th overall, Seth McGowan)","","3","2","",""
"318","candidate_strict","CND3_strict_split_no_delimiter_multipick_bundle","BUF-2026-0351","buffalo-bills","2026-4th-round-pick-102nd-overall-jude-bowry-and-a-2027-7th-round-pick-las-vegas","0","pick","bundle exactly splits into clean standalone picks with no existing duplicate parts","2026 4th round pick (102nd overall, Jude Bowry) and a 2027 7th round pick","2026 4th round pick (102nd overall, Jude Bowry) and a || 2027 7th round pick","","2","1","",""
"319","candidate_strict","CND3_strict_split_no_delimiter_multipick_bundle","MIN-2026-0321","new-england-patriots","2026-6th-round-pick-198th-overall-demond-claiborne-new-england-patriots-2026","0","pick","bundle exactly splits into clean standalone picks with no existing duplicate parts","2026 7th round pick (234th overall, Behren Morton) and a 2027 6th round pick","2026 7th round pick (234th overall, Behren Morton) and a || 2027 6th round pick","","2","1","",""
"320","manual","CND_manual_has_obvious_delimiter_use_other_lane","RAM-2026-0546","philadelphia-eagles","2026-6th-round-pick-197th-overall-cj-daniels-philadelphia-eagles-2026","0","pick","asset has obvious delimiter between pick starts; should stay out of no-delimiter lane","2026 6th round pick (207th overall, Micah Morris), 2026 7th round pick (251st overall, Uar Bernard) and 2026 7th round pick (252nd overall, Keyshawn James-Newby)","2026 6th round pick (207th overall, Micah Morris) || 2026 7th round pick (251st overall, Uar Bernard) || 2026 7th round pick (252nd overall, Keyshawn James-Newby)","","3","2","",""
"321","candidate_strict","CND3_strict_split_no_delimiter_multipick_bundle","SF-2026-0435","san-francisco-49ers","2026-5th-round-pick-154th-overall-jaden-dugger-baltimore-ravens-2026","0","pick","bundle exactly splits into clean standalone picks with no existing duplicate parts","2026 5th round pick (154th overall, Jaden Dugger) and a 2027 6th round pick","2026 5th round pick (154th overall, Jaden Dugger) and a || 2027 6th round pick","","2","1","",""
"322","candidate_warning","CND_warning_parsed_parts_do_not_exactly_join_original","PHI-2026-0485","philadelphia-eagles","eagles-2026-06-01-new-england-patriots-0485","0","pick","parsed parts are clean but do not exactly compact-join to original","a 2027 5th round pick and a 2028 1st round pick","2027 5th round pick and a || 2028 1st round pick","","2","1","",""
"323","candidate_warning","CND_warning_parsed_parts_do_not_exactly_join_original","RAM-2026-0547","cleveland-browns","myles-garrett-cleveland-browns-2026","0","pick","parsed parts are clean but do not exactly compact-join to original","Jared Verse, a 2027 1st round pick, a 2028 2nd round pick and a 2029 3rd round pick","2027 1st round pick, a || 2028 2nd round pick and a || 2029 3rd round pick","","3","2","",""
