"id","slug","fieldPath","protectedContext","before","after"
"GB-1929-0005","bo-molenda-new-york-yankees-1929","qaNotes","false","Batch 011 narrative-vs-verdict review reconciled public prose, verdict, grades, and nested perspective data.","review narrative-vs-verdict review reconciled public prose, verdict, grades, and nested perspective data."
"GB-1929-0005","bo-molenda-new-york-yankees-1929","perspectives.0.qaNotes","false","Batch 011 narrative-vs-verdict review reconciled public prose, verdict, grades, and nested perspective data.","review narrative-vs-verdict review reconciled public prose, verdict, grades, and nested perspective data."
"GB-1936-0015","paul-miller-brooklyn-dodgers-1936","qaNotes","false","Batch 011 narrative-vs-verdict review reconciled public prose, verdict, grades, and nested perspective data.","review narrative-vs-verdict review reconciled public prose, verdict, grades, and nested perspective data."
"GB-1936-0015","paul-miller-brooklyn-dodgers-1936","perspectives.0.qaNotes","false","Batch 011 narrative-vs-verdict review reconciled public prose, verdict, grades, and nested perspective data.","review narrative-vs-verdict review reconciled public prose, verdict, grades, and nested perspective data."
"GB-1937-0017","bill-lee-a-brooklyn-dodgers-1937","qaNotes","false","Batch 011 narrative-vs-verdict review reconciled public prose, verdict, grades, and nested perspective data.","review narrative-vs-verdict review reconciled public prose, verdict, grades, and nested perspective data."
"GB-1937-0017","bill-lee-a-brooklyn-dodgers-1937","perspectives.0.qaNotes","false","Batch 011 narrative-vs-verdict review reconciled public prose, verdict, grades, and nested perspective data.","review narrative-vs-verdict review reconciled public prose, verdict, grades, and nested perspective data."
"PIT-1938-0007","rights-to-pat-mccarty-green-bay-packers-1938","perspectives.0.qaNotes","false","Batch 004 narrative-vs-verdict review reconciled public prose, verdict, grades, and nested perspective data.","review narrative-vs-verdict review reconciled public prose, verdict, grades, and nested perspective data."
"PIT-1938-0007","rights-to-pat-mccarty-green-bay-packers-1938","perspectives.1.qaNotes","false","Batch 004 narrative-vs-verdict review reconciled public prose, verdict, grades, and nested perspective data.","review narrative-vs-verdict review reconciled public prose, verdict, grades, and nested perspective data."
"PIT-1938-0007","rights-to-pat-mccarty-green-bay-packers-1938","qaNotes","false","Batch 004 narrative-vs-verdict review reconciled public prose, verdict, grades, and nested perspective data.","review narrative-vs-verdict review reconciled public prose, verdict, grades, and nested perspective data."
"PIT-1940-0017","bill-patterson-billy-patterson-chicago-bears-1940","perspectives.0.qaNotes","false","Batch 001 narrative-vs-verdict review reconciled public prose, verdict, grades, and nested perspective data.","review narrative-vs-verdict review reconciled public prose, verdict, grades, and nested perspective data."
"PIT-1940-0017","bill-patterson-billy-patterson-chicago-bears-1940","perspectives.1.qaNotes","false","Batch 001 narrative-vs-verdict review reconciled public prose, verdict, grades, and nested perspective data.","review narrative-vs-verdict review reconciled public prose, verdict, grades, and nested perspective data."
"PIT-1940-0017","bill-patterson-billy-patterson-chicago-bears-1940","qaNotes","false","Batch 001 narrative-vs-verdict review reconciled public prose, verdict, grades, and nested perspective data.","review narrative-vs-verdict review reconciled public prose, verdict, grades, and nested perspective data."
"CLE-1948-0004","not-specified-historical-record-unclear-baltimore-indianapolis-colts-1948-4","qaNotes","false","Batch 009 narrative-vs-verdict review reconciled public prose, verdict, grades, and nested perspective data.","review narrative-vs-verdict review reconciled public prose, verdict, grades, and nested perspective data."
"CLE-1948-0004","not-specified-historical-record-unclear-baltimore-indianapolis-colts-1948-4","perspectives.0.qaNotes","false","Batch 009 narrative-vs-verdict review reconciled public prose, verdict, grades, and nested perspective data.","review narrative-vs-verdict review reconciled public prose, verdict, grades, and nested perspective data."
"WAS-1950-0013","paul-lipscomb-green-bay-packers-1950","qaNotes","false","Batch 021 narrative-vs-verdict review reconciled public prose, verdict, grades, and nested perspective data.","review narrative-vs-verdict review reconciled public prose, verdict, grades, and nested perspective data."
"WAS-1950-0013","paul-lipscomb-green-bay-packers-1950","perspectives.0.qaNotes","false","Batch 021 narrative-vs-verdict review reconciled public prose, verdict, grades, and nested perspective data.","review narrative-vs-verdict review reconciled public prose, verdict, grades, and nested perspective data."
"WAS-1950-0013","paul-lipscomb-green-bay-packers-1950","perspectives.1.qaNotes","false","Batch 021 narrative-vs-verdict review reconciled public prose, verdict, grades, and nested perspective data.","review narrative-vs-verdict review reconciled public prose, verdict, grades, and nested perspective data."
"DET-1950-0025","bobby-layne-new-york-yanks-1950-08-04","qaNotes","false","Batch 010 narrative-vs-verdict review reconciled public prose, verdict, grades, and nested perspective data.","review narrative-vs-verdict review reconciled public prose, verdict, grades, and nested perspective data."
"DET-1950-0025","bobby-layne-new-york-yanks-1950-08-04","perspectives.0.qaNotes","false","Batch 010 narrative-vs-verdict review reconciled public prose, verdict, grades, and nested perspective data.","review narrative-vs-verdict review reconciled public prose, verdict, grades, and nested perspective data."
"SF-1950-0002","packard-harrington-cleveland-browns-1950","qaNotes","false","Batch 012 narrative-vs-verdict review reconciled public prose, verdict, grades, and nested perspective data.","review narrative-vs-verdict review reconciled public prose, verdict, grades, and nested perspective data."
"SF-1950-0002","packard-harrington-cleveland-browns-1950","perspectives.0.qaNotes","false","Batch 012 narrative-vs-verdict review reconciled public prose, verdict, grades, and nested perspective data.","review narrative-vs-verdict review reconciled public prose, verdict, grades, and nested perspective data."
"SF-1950-0002","packard-harrington-cleveland-browns-1950","perspectives.1.qaNotes","false","Batch 012 narrative-vs-verdict review reconciled public prose, verdict, grades, and nested perspective data.","review narrative-vs-verdict review reconciled public prose, verdict, grades, and nested perspective data."
"SF-1950-0003","gordon-soltau-gordy-soltau-gordie-soltau-cleveland-browns-1950","qaNotes","false","Batch 013 narrative-vs-verdict review reconciled public prose, verdict, grades, and nested perspective data.","review narrative-vs-verdict review reconciled public prose, verdict, grades, and nested perspective data."
"SF-1950-0003","gordon-soltau-gordy-soltau-gordie-soltau-cleveland-browns-1950","perspectives.0.qaNotes","false","Batch 013 narrative-vs-verdict review reconciled public prose, verdict, grades, and nested perspective data.","review narrative-vs-verdict review reconciled public prose, verdict, grades, and nested perspective data."
"SF-1950-0003","gordon-soltau-gordy-soltau-gordie-soltau-cleveland-browns-1950","perspectives.1.qaNotes","false","Batch 013 narrative-vs-verdict review reconciled public prose, verdict, grades, and nested perspective data.","review narrative-vs-verdict review reconciled public prose, verdict, grades, and nested perspective data."
"SF-1950-0004","howie-livingston-washington-redskins-commanders-1950","qaNotes","false","Batch 013 narrative-vs-verdict review reconciled public prose, verdict, grades, and nested perspective data.","review narrative-vs-verdict review reconciled public prose, verdict, grades, and nested perspective data."
"SF-1950-0004","howie-livingston-washington-redskins-commanders-1950","perspectives.0.qaNotes","false","Batch 013 narrative-vs-verdict review reconciled public prose, verdict, grades, and nested perspective data.","review narrative-vs-verdict review reconciled public prose, verdict, grades, and nested perspective data."
"SF-1950-0004","howie-livingston-washington-redskins-commanders-1950","perspectives.1.qaNotes","false","Batch 013 narrative-vs-verdict review reconciled public prose, verdict, grades, and nested perspective data.","review narrative-vs-verdict review reconciled public prose, verdict, grades, and nested perspective data."
"SF-1952-0006","1952-third-round-pick-27-gene-shannon-arizona-st-louis-cardinals-1952","qaNotes","false","Batch 013 narrative-vs-verdict review reconciled public prose, verdict, grades, and nested perspective data.","review narrative-vs-verdict review reconciled public prose, verdict, grades, and nested perspective data."
"SF-1952-0006","1952-third-round-pick-27-gene-shannon-arizona-st-louis-cardinals-1952","perspectives.0.qaNotes","false","Batch 013 narrative-vs-verdict review reconciled public prose, verdict, grades, and nested perspective data.","review narrative-vs-verdict review reconciled public prose, verdict, grades, and nested perspective data."
"SF-1952-0006","1952-third-round-pick-27-gene-shannon-arizona-st-louis-cardinals-1952","perspectives.1.qaNotes","false","Batch 013 narrative-vs-verdict review reconciled public prose, verdict, grades, and nested perspective data.","review narrative-vs-verdict review reconciled public prose, verdict, grades, and nested perspective data."
"RAM-1953-0034","1954-undisclosed-draft-pick-possibly-43-lester-mcclelland-pittsburgh-steelers-19","qaNotes","false","Batch 004 narrative-vs-verdict review reconciled public prose, verdict, grades, and nested perspective data.","review narrative-vs-verdict review reconciled public prose, verdict, grades, and nested perspective data."
"RAM-1953-0034","1954-undisclosed-draft-pick-possibly-43-lester-mcclelland-pittsburgh-steelers-19","perspectives.0.qaNotes","false","Batch 004 narrative-vs-verdict review reconciled public prose, verdict, grades, and nested perspective data.","review narrative-vs-verdict review reconciled public prose, verdict, grades, and nested perspective data."
"RAM-1953-0034","1954-undisclosed-draft-pick-possibly-43-lester-mcclelland-pittsburgh-steelers-19","perspectives.1.qaNotes","false","Batch 004 narrative-vs-verdict review reconciled public prose, verdict, grades, and nested perspective data.","review narrative-vs-verdict review reconciled public prose, verdict, grades, and nested perspective data."
"SF-1953-0010","bob-van-doren-cleveland-browns-1953","qaNotes","false","Batch 013 narrative-vs-verdict review reconciled public prose, verdict, grades, and nested perspective data.","review narrative-vs-verdict review reconciled public prose, verdict, grades, and nested perspective data."
"SF-1953-0010","bob-van-doren-cleveland-browns-1953","perspectives.0.qaNotes","false","Batch 013 narrative-vs-verdict review reconciled public prose, verdict, grades, and nested perspective data.","review narrative-vs-verdict review reconciled public prose, verdict, grades, and nested perspective data."
"SF-1953-0010","bob-van-doren-cleveland-browns-1953","perspectives.1.qaNotes","false","Batch 013 narrative-vs-verdict review reconciled public prose, verdict, grades, and nested perspective data.","review narrative-vs-verdict review reconciled public prose, verdict, grades, and nested perspective data."
"NYG-1953-0018","undisclosed-consideration-green-bay-packers-1953","qaNotes","false","Batch 002 narrative-vs-verdict review reconciled public prose, verdict, grades, and nested perspective data.","review narrative-vs-verdict review reconciled public prose, verdict, grades, and nested perspective data."
"NYG-1953-0018","undisclosed-consideration-green-bay-packers-1953","perspectives.0.qaNotes","false","Batch 002 narrative-vs-verdict review reconciled public prose, verdict, grades, and nested perspective data.","review narrative-vs-verdict review reconciled public prose, verdict, grades, and nested perspective data."
"NYG-1953-0018","undisclosed-consideration-green-bay-packers-1953","perspectives.1.qaNotes","false","Batch 002 narrative-vs-verdict review reconciled public prose, verdict, grades, and nested perspective data.","review narrative-vs-verdict review reconciled public prose, verdict, grades, and nested perspective data."
"NYG-1953-0018","undisclosed-consideration-green-bay-packers-1953","perspectives.2.qaNotes","false","Batch 002 narrative-vs-verdict review reconciled public prose, verdict, grades, and nested perspective data.","review narrative-vs-verdict review reconciled public prose, verdict, grades, and nested perspective data."
"RAM-1953-0039","1955-conditional-eighth-round-pick-if-palmer-is-on-steelers-roster-for-sixth-lea","qaNotes","false","Batch 004 narrative-vs-verdict review reconciled public prose, verdict, grades, and nested perspective data.","review narrative-vs-verdict review reconciled public prose, verdict, grades, and nested perspective data."
"RAM-1953-0039","1955-conditional-eighth-round-pick-if-palmer-is-on-steelers-roster-for-sixth-lea","perspectives.0.qaNotes","false","Batch 004 narrative-vs-verdict review reconciled public prose, verdict, grades, and nested perspective data.","review narrative-vs-verdict review reconciled public prose, verdict, grades, and nested perspective data."
"RAM-1953-0039","1955-conditional-eighth-round-pick-if-palmer-is-on-steelers-roster-for-sixth-lea","perspectives.1.qaNotes","false","Batch 004 narrative-vs-verdict review reconciled public prose, verdict, grades, and nested perspective data.","review narrative-vs-verdict review reconciled public prose, verdict, grades, and nested perspective data."
"PIT-1954-0043","ed-pullerton-san-francisco-49ers-1954","perspectives.0.qaNotes","false","Batch 002 narrative-vs-verdict review reconciled public prose, verdict, grades, and nested perspective data.","review narrative-vs-verdict review reconciled public prose, verdict, grades, and nested perspective data."
"PIT-1954-0043","ed-pullerton-san-francisco-49ers-1954","perspectives.1.qaNotes","false","Batch 002 narrative-vs-verdict review reconciled public prose, verdict, grades, and nested perspective data.","review narrative-vs-verdict review reconciled public prose, verdict, grades, and nested perspective data."
"PIT-1954-0043","ed-pullerton-san-francisco-49ers-1954","qaNotes","false","Batch 002 narrative-vs-verdict review reconciled public prose, verdict, grades, and nested perspective data.","review narrative-vs-verdict review reconciled public prose, verdict, grades, and nested perspective data."
"RAM-1954-0051","1955-draft-pick-pittsburgh-steelers-1954","qaNotes","false","Batch 004 narrative-vs-verdict review reconciled public prose, verdict, grades, and nested perspective data.","review narrative-vs-verdict review reconciled public prose, verdict, grades, and nested perspective data."
"RAM-1954-0051","1955-draft-pick-pittsburgh-steelers-1954","perspectives.0.qaNotes","false","Batch 004 narrative-vs-verdict review reconciled public prose, verdict, grades, and nested perspective data.","review narrative-vs-verdict review reconciled public prose, verdict, grades, and nested perspective data."
"RAM-1954-0051","1955-draft-pick-pittsburgh-steelers-1954","perspectives.1.qaNotes","false","Batch 004 narrative-vs-verdict review reconciled public prose, verdict, grades, and nested perspective data.","review narrative-vs-verdict review reconciled public prose, verdict, grades, and nested perspective data."
"CLE-1955-0036","1956-third-round-pick-34-larry-ross-1956-sixth-round-pick-71-sherman-plunkett-ch","qaNotes","false","Batch 012 narrative-vs-verdict review reconciled public prose, verdict, grades, and nested perspective data.","review narrative-vs-verdict review reconciled public prose, verdict, grades, and nested perspective data."
"CLE-1955-0036","1956-third-round-pick-34-larry-ross-1956-sixth-round-pick-71-sherman-plunkett-ch","perspectives.0.qaNotes","false","Batch 012 narrative-vs-verdict review reconciled public prose, verdict, grades, and nested perspective data.","review narrative-vs-verdict review reconciled public prose, verdict, grades, and nested perspective data."
"CLE-1955-0036","1956-third-round-pick-34-larry-ross-1956-sixth-round-pick-71-sherman-plunkett-ch","perspectives.1.qaNotes","false","Batch 012 narrative-vs-verdict review reconciled public prose, verdict, grades, and nested perspective data.","review narrative-vs-verdict review reconciled public prose, verdict, grades, and nested perspective data."
"PIT-1955-0049","marion-motley-cleveland-browns-1955","perspectives.0.qaNotes","false","Batch 004 narrative-vs-verdict review reconciled public prose, verdict, grades, and nested perspective data.","review narrative-vs-verdict review reconciled public prose, verdict, grades, and nested perspective data."
"PIT-1955-0049","marion-motley-cleveland-browns-1955","perspectives.1.qaNotes","false","Batch 004 narrative-vs-verdict review reconciled public prose, verdict, grades, and nested perspective data.","review narrative-vs-verdict review reconciled public prose, verdict, grades, and nested perspective data."
"PIT-1955-0049","marion-motley-cleveland-browns-1955","qaNotes","false","Batch 004 narrative-vs-verdict review reconciled public prose, verdict, grades, and nested perspective data.","review narrative-vs-verdict review reconciled public prose, verdict, grades, and nested perspective data."
"SF-1956-0018","1957-draft-pick-probably-46-mike-sandusky-arizona-st-louis-cardinals-1956","qaNotes","false","Batch 013 narrative-vs-verdict review reconciled public prose, verdict, grades, and nested perspective data.","review narrative-vs-verdict review reconciled public prose, verdict, grades, and nested perspective data."
"SF-1956-0018","1957-draft-pick-probably-46-mike-sandusky-arizona-st-louis-cardinals-1956","perspectives.0.qaNotes","false","Batch 013 narrative-vs-verdict review reconciled public prose, verdict, grades, and nested perspective data.","review narrative-vs-verdict review reconciled public prose, verdict, grades, and nested perspective data."
"SF-1956-0018","1957-draft-pick-probably-46-mike-sandusky-arizona-st-louis-cardinals-1956","perspectives.1.qaNotes","false","Batch 013 narrative-vs-verdict review reconciled public prose, verdict, grades, and nested perspective data.","review narrative-vs-verdict review reconciled public prose, verdict, grades, and nested perspective data."
"GB-1956-0081","jim-carmichael-los-angeles-rams-1956","qaNotes","false","Batch 011 narrative-vs-verdict review reconciled public prose, verdict, grades, and nested perspective data.","review narrative-vs-verdict review reconciled public prose, verdict, grades, and nested perspective data."
"GB-1956-0081","jim-carmichael-los-angeles-rams-1956","perspectives.0.qaNotes","false","Batch 011 narrative-vs-verdict review reconciled public prose, verdict, grades, and nested perspective data.","review narrative-vs-verdict review reconciled public prose, verdict, grades, and nested perspective data."
"GB-1956-0081","jim-carmichael-los-angeles-rams-1956","perspectives.1.qaNotes","false","Batch 011 narrative-vs-verdict review reconciled public prose, verdict, grades, and nested perspective data.","review narrative-vs-verdict review reconciled public prose, verdict, grades, and nested perspective data."
"DET-1957-0051","tobin-rote-green-bay-packers-1957-07-25","qaNotes","false","Batch 009 narrative-vs-verdict review reconciled public prose, verdict, grades, and nested perspective data.","review narrative-vs-verdict review reconciled public prose, verdict, grades, and nested perspective data."
"DET-1957-0051","tobin-rote-green-bay-packers-1957-07-25","perspectives.0.qaNotes","false","Batch 009 narrative-vs-verdict review reconciled public prose, verdict, grades, and nested perspective data.","review narrative-vs-verdict review reconciled public prose, verdict, grades, and nested perspective data."
"DET-1957-0051","tobin-rote-green-bay-packers-1957-07-25","perspectives.1.qaNotes","false","Batch 009 narrative-vs-verdict review reconciled public prose, verdict, grades, and nested perspective data.","review narrative-vs-verdict review reconciled public prose, verdict, grades, and nested perspective data."
"RAM-1957-0067","undisclosed-draft-pick-possibly-1958-44-frank-woidzik-possibly-1958-55-frank-rya","qaNotes","false","Batch 004 narrative-vs-verdict review reconciled public prose, verdict, grades, and nested perspective data.","review narrative-vs-verdict review reconciled public prose, verdict, grades, and nested perspective data."
"RAM-1957-0067","undisclosed-draft-pick-possibly-1958-44-frank-woidzik-possibly-1958-55-frank-rya","perspectives.0.qaNotes","false","Batch 004 narrative-vs-verdict review reconciled public prose, verdict, grades, and nested perspective data.","review narrative-vs-verdict review reconciled public prose, verdict, grades, and nested perspective data."
"RAM-1957-0067","undisclosed-draft-pick-possibly-1958-44-frank-woidzik-possibly-1958-55-frank-rya","perspectives.1.qaNotes","false","Batch 004 narrative-vs-verdict review reconciled public prose, verdict, grades, and nested perspective data.","review narrative-vs-verdict review reconciled public prose, verdict, grades, and nested perspective data."
"PIT-1957-0063","earl-morrall-san-francisco-49ers-1957","perspectives.0.qaNotes","false","Batch 024 narrative-vs-verdict review reconciled public prose, verdict, grades, and nested perspective data.","review narrative-vs-verdict review reconciled public prose, verdict, grades, and nested perspective data."
"PIT-1957-0063","earl-morrall-san-francisco-49ers-1957","perspectives.1.qaNotes","false","Batch 024 narrative-vs-verdict review reconciled public prose, verdict, grades, and nested perspective data.","review narrative-vs-verdict review reconciled public prose, verdict, grades, and nested perspective data."
"PIT-1957-0063","earl-morrall-san-francisco-49ers-1957","qaNotes","false","Batch 024 narrative-vs-verdict review reconciled public prose, verdict, grades, and nested perspective data.","review narrative-vs-verdict review reconciled public prose, verdict, grades, and nested perspective data."
"SF-1958-0024","undisclosed-draft-pick-possibly-1959-74-don-rogers-arizona-st-louis-cardinals-1958","qaNotes","false","Batch 013 narrative-vs-verdict review reconciled public prose, verdict, grades, and nested perspective data.","review narrative-vs-verdict review reconciled public prose, verdict, grades, and nested perspective data."
"SF-1958-0024","undisclosed-draft-pick-possibly-1959-74-don-rogers-arizona-st-louis-cardinals-1958","perspectives.0.qaNotes","false","Batch 013 narrative-vs-verdict review reconciled public prose, verdict, grades, and nested perspective data.","review narrative-vs-verdict review reconciled public prose, verdict, grades, and nested perspective data."
"SF-1958-0024","undisclosed-draft-pick-possibly-1959-74-don-rogers-arizona-st-louis-cardinals-1958","perspectives.1.qaNotes","false","Batch 013 narrative-vs-verdict review reconciled public prose, verdict, grades, and nested perspective data.","review narrative-vs-verdict review reconciled public prose, verdict, grades, and nested perspective data."
"PIT-1958-0074","dick-christy-green-bay-packers-1958","perspectives.0.qaNotes","false","Batch 004 narrative-vs-verdict review reconciled public prose, verdict, grades, and nested perspective data.","review narrative-vs-verdict review reconciled public prose, verdict, grades, and nested perspective data."
"PIT-1958-0074","dick-christy-green-bay-packers-1958","perspectives.1.qaNotes","false","Batch 004 narrative-vs-verdict review reconciled public prose, verdict, grades, and nested perspective data.","review narrative-vs-verdict review reconciled public prose, verdict, grades, and nested perspective data."
"PIT-1958-0074","dick-christy-green-bay-packers-1958","qaNotes","false","Batch 004 narrative-vs-verdict review reconciled public prose, verdict, grades, and nested perspective data.","review narrative-vs-verdict review reconciled public prose, verdict, grades, and nested perspective data."
"RAM-1959-0078","ollie-matson-arizona-st-louis-cardinals-1959","qaNotes","false","Batch 023 narrative-vs-verdict review reconciled public prose, verdict, grades, and nested perspective data. | Landmark expanded sectioned deep-dive content applied. | Landmark running back batch top-off added to clear premium threshold.","review narrative-vs-verdict review reconciled public prose, verdict, grades, and nested perspective data. | Landmark expanded sectioned deep-dive content applied. | Landmark running back batch top-off added to clear premium threshold."
"RAM-1959-0078","ollie-matson-arizona-st-louis-cardinals-1959","perspectives.0.qaNotes","false","Batch 023 narrative-vs-verdict review reconciled public prose, verdict, grades, and nested perspective data. | Landmark expanded sectioned deep-dive content applied.","review narrative-vs-verdict review reconciled public prose, verdict, grades, and nested perspective data. | Landmark expanded sectioned deep-dive content applied."
"RAM-1959-0078","ollie-matson-arizona-st-louis-cardinals-1959","perspectives.1.qaNotes","false","Batch 023 narrative-vs-verdict review reconciled public prose, verdict, grades, and nested perspective data. | Landmark expanded sectioned deep-dive content applied.","review narrative-vs-verdict review reconciled public prose, verdict, grades, and nested perspective data. | Landmark expanded sectioned deep-dive content applied."
"WAS-1960-0056","lee-riley-philadelphia-eagles-1960","qaNotes","false","Batch 021 narrative-vs-verdict review reconciled public prose, verdict, grades, and nested perspective data.","review narrative-vs-verdict review reconciled public prose, verdict, grades, and nested perspective data."
"WAS-1960-0056","lee-riley-philadelphia-eagles-1960","perspectives.0.qaNotes","false","Batch 021 narrative-vs-verdict review reconciled public prose, verdict, grades, and nested perspective data.","review narrative-vs-verdict review reconciled public prose, verdict, grades, and nested perspective data."
"WAS-1960-0056","lee-riley-philadelphia-eagles-1960","perspectives.1.qaNotes","false","Batch 021 narrative-vs-verdict review reconciled public prose, verdict, grades, and nested perspective data.","review narrative-vs-verdict review reconciled public prose, verdict, grades, and nested perspective data."
"SF-1960-0030","1962-fourth-round-pick-46-charlie-sieminski-chuck-sieminski-dallas-cowboys-1960","qaNotes","false","Batch 013 narrative-vs-verdict review reconciled public prose, verdict, grades, and nested perspective data.","review narrative-vs-verdict review reconciled public prose, verdict, grades, and nested perspective data."
"SF-1960-0030","1962-fourth-round-pick-46-charlie-sieminski-chuck-sieminski-dallas-cowboys-1960","perspectives.0.qaNotes","false","Batch 013 narrative-vs-verdict review reconciled public prose, verdict, grades, and nested perspective data.","review narrative-vs-verdict review reconciled public prose, verdict, grades, and nested perspective data."
"SF-1960-0030","1962-fourth-round-pick-46-charlie-sieminski-chuck-sieminski-dallas-cowboys-1960","perspectives.1.qaNotes","false","Batch 013 narrative-vs-verdict review reconciled public prose, verdict, grades, and nested perspective data.","review narrative-vs-verdict review reconciled public prose, verdict, grades, and nested perspective data."
"SF-1961-0037","1962-fifth-round-pick-62-ted-woods-arizona-st-louis-cardinals-1961","qaNotes","false","Batch 013 narrative-vs-verdict review reconciled public prose, verdict, grades, and nested perspective data.","review narrative-vs-verdict review reconciled public prose, verdict, grades, and nested perspective data."
"SF-1961-0037","1962-fifth-round-pick-62-ted-woods-arizona-st-louis-cardinals-1961","perspectives.0.qaNotes","false","Batch 013 narrative-vs-verdict review reconciled public prose, verdict, grades, and nested perspective data.","review narrative-vs-verdict review reconciled public prose, verdict, grades, and nested perspective data."
"SF-1961-0037","1962-fifth-round-pick-62-ted-woods-arizona-st-louis-cardinals-1961","perspectives.1.qaNotes","false","Batch 013 narrative-vs-verdict review reconciled public prose, verdict, grades, and nested perspective data.","review narrative-vs-verdict review reconciled public prose, verdict, grades, and nested perspective data."
"MIN-1961-08-31-0007","jim-prestel-cleveland-browns-1961","perspectives.0.qaNotes","false","Batch 001 narrative-vs-verdict review reconciled public prose, verdict, grades, and nested perspective data.","review narrative-vs-verdict review reconciled public prose, verdict, grades, and nested perspective data."
"MIN-1961-08-31-0007","jim-prestel-cleveland-browns-1961","perspectives.1.qaNotes","false","Batch 001 narrative-vs-verdict review reconciled public prose, verdict, grades, and nested perspective data.","review narrative-vs-verdict review reconciled public prose, verdict, grades, and nested perspective data."
"MIN-1961-08-31-0007","jim-prestel-cleveland-browns-1961","perspectives.2.qaNotes","false","Batch 001 narrative-vs-verdict review reconciled public prose, verdict, grades, and nested perspective data.","review narrative-vs-verdict review reconciled public prose, verdict, grades, and nested perspective data."
"MIN-1961-08-31-0007","jim-prestel-cleveland-browns-1961","qaNotes","false","Batch 001 narrative-vs-verdict review reconciled public prose, verdict, grades, and nested perspective data.","review narrative-vs-verdict review reconciled public prose, verdict, grades, and nested perspective data."
"SF-1962-0047","1963-fourth-round-pick-46-harrison-rosdahl-hatch-rosdahl-philadelphia-eagles-1962","qaNotes","false","Batch 013 narrative-vs-verdict review reconciled public prose, verdict, grades, and nested perspective data.","review narrative-vs-verdict review reconciled public prose, verdict, grades, and nested perspective data."
"SF-1962-0047","1963-fourth-round-pick-46-harrison-rosdahl-hatch-rosdahl-philadelphia-eagles-1962","perspectives.0.qaNotes","false","Batch 013 narrative-vs-verdict review reconciled public prose, verdict, grades, and nested perspective data.","review narrative-vs-verdict review reconciled public prose, verdict, grades, and nested perspective data."
"SF-1962-0047","1963-fourth-round-pick-46-harrison-rosdahl-hatch-rosdahl-philadelphia-eagles-1962","perspectives.1.qaNotes","false","Batch 013 narrative-vs-verdict review reconciled public prose, verdict, grades, and nested perspective data.","review narrative-vs-verdict review reconciled public prose, verdict, grades, and nested perspective data."
"SF-1962-0050","high-draft-pick-dallas-cowboys-1962","qaNotes","false","Batch 013 narrative-vs-verdict review reconciled public prose, verdict, grades, and nested perspective data. Blind-spot QA: non-ready public status suppressed.","review narrative-vs-verdict review reconciled public prose, verdict, grades, and nested perspective data. Blind-spot QA: non-ready public status suppressed."
"SF-1962-0050","high-draft-pick-dallas-cowboys-1962","perspectives.0.qaNotes","false","Batch 013 narrative-vs-verdict review reconciled public prose, verdict, grades, and nested perspective data.","review narrative-vs-verdict review reconciled public prose, verdict, grades, and nested perspective data."
"SF-1962-0050","high-draft-pick-dallas-cowboys-1962","perspectives.1.qaNotes","false","Batch 013 narrative-vs-verdict review reconciled public prose, verdict, grades, and nested perspective data.","review narrative-vs-verdict review reconciled public prose, verdict, grades, and nested perspective data."
"DEN-1963-09-01-0011","harold-olson-buffalo-bills-1963","perspectives.0.qaNotes","false","Batch 022 narrative-vs-verdict review reconciled public prose, verdict, grades, and nested perspective data.","review narrative-vs-verdict review reconciled public prose, verdict, grades, and nested perspective data."
"DEN-1963-09-01-0011","harold-olson-buffalo-bills-1963","perspectives.1.qaNotes","false","Batch 022 narrative-vs-verdict review reconciled public prose, verdict, grades, and nested perspective data.","review narrative-vs-verdict review reconciled public prose, verdict, grades, and nested perspective data."
"DEN-1963-09-01-0011","harold-olson-buffalo-bills-1963","perspectives.2.qaNotes","false","Batch 022 narrative-vs-verdict review reconciled public prose, verdict, grades, and nested perspective data.","review narrative-vs-verdict review reconciled public prose, verdict, grades, and nested perspective data."
"DEN-1963-09-01-0011","harold-olson-buffalo-bills-1963","perspectives.3.qaNotes","false","Batch 022 narrative-vs-verdict review reconciled public prose, verdict, grades, and nested perspective data.","review narrative-vs-verdict review reconciled public prose, verdict, grades, and nested perspective data."
"DEN-1963-09-01-0011","harold-olson-buffalo-bills-1963","qaNotes","false","Batch 022 narrative-vs-verdict review reconciled public prose, verdict, grades, and nested perspective data.","review narrative-vs-verdict review reconciled public prose, verdict, grades, and nested perspective data."
"SF-1963-0053","1965-first-round-pick-13-george-donnelly-cleveland-browns-1963","qaNotes","false","Batch 013 narrative-vs-verdict review reconciled public prose, verdict, grades, and nested perspective data.","review narrative-vs-verdict review reconciled public prose, verdict, grades, and nested perspective data."
"SF-1963-0053","1965-first-round-pick-13-george-donnelly-cleveland-browns-1963","perspectives.0.qaNotes","false","Batch 013 narrative-vs-verdict review reconciled public prose, verdict, grades, and nested perspective data.","review narrative-vs-verdict review reconciled public prose, verdict, grades, and nested perspective data."
"SF-1963-0053","1965-first-round-pick-13-george-donnelly-cleveland-browns-1963","perspectives.1.qaNotes","false","Batch 013 narrative-vs-verdict review reconciled public prose, verdict, grades, and nested perspective data.","review narrative-vs-verdict review reconciled public prose, verdict, grades, and nested perspective data."
"MIN-1963-10-15-0026","bob-ferguson-pittsburgh-steelers-1963","perspectives.0.qaNotes","false","Batch 012 narrative-vs-verdict review reconciled public prose, verdict, grades, and nested perspective data.","review narrative-vs-verdict review reconciled public prose, verdict, grades, and nested perspective data."
"MIN-1963-10-15-0026","bob-ferguson-pittsburgh-steelers-1963","perspectives.1.qaNotes","false","Batch 012 narrative-vs-verdict review reconciled public prose, verdict, grades, and nested perspective data.","review narrative-vs-verdict review reconciled public prose, verdict, grades, and nested perspective data."
"MIN-1963-10-15-0026","bob-ferguson-pittsburgh-steelers-1963","qaNotes","false","Batch 012 narrative-vs-verdict review reconciled public prose, verdict, grades, and nested perspective data.","review narrative-vs-verdict review reconciled public prose, verdict, grades, and nested perspective data."
"SF-1963-0057","howard-williams-howie-williams-green-bay-packers-1963","qaNotes","false","Batch 013 narrative-vs-verdict review reconciled public prose, verdict, grades, and nested perspective data.","review narrative-vs-verdict review reconciled public prose, verdict, grades, and nested perspective data."
"SF-1963-0057","howard-williams-howie-williams-green-bay-packers-1963","perspectives.0.qaNotes","false","Batch 013 narrative-vs-verdict review reconciled public prose, verdict, grades, and nested perspective data.","review narrative-vs-verdict review reconciled public prose, verdict, grades, and nested perspective data."
"SF-1963-0057","howard-williams-howie-williams-green-bay-packers-1963","perspectives.1.qaNotes","false","Batch 013 narrative-vs-verdict review reconciled public prose, verdict, grades, and nested perspective data.","review narrative-vs-verdict review reconciled public prose, verdict, grades, and nested perspective data."
"PIT-1963-0121","1964-second-round-pick-28-jim-kelly-harry-chicago-bears-1963","perspectives.0.qaNotes","false","Batch 002 narrative-vs-verdict review reconciled public prose, verdict, grades, and nested perspective data.","review narrative-vs-verdict review reconciled public prose, verdict, grades, and nested perspective data."
"PIT-1963-0121","1964-second-round-pick-28-jim-kelly-harry-chicago-bears-1963","perspectives.1.qaNotes","false","Batch 002 narrative-vs-verdict review reconciled public prose, verdict, grades, and nested perspective data.","review narrative-vs-verdict review reconciled public prose, verdict, grades, and nested perspective data."
"PIT-1963-0121","1964-second-round-pick-28-jim-kelly-harry-chicago-bears-1963","qaNotes","false","Batch 002 narrative-vs-verdict review reconciled public prose, verdict, grades, and nested perspective data.","review narrative-vs-verdict review reconciled public prose, verdict, grades, and nested perspective data."
"SF-1964-0059","frank-morze-cleveland-browns-1964","qaNotes","false","Batch 014 narrative-vs-verdict review reconciled public prose, verdict, grades, and nested perspective data.","review narrative-vs-verdict review reconciled public prose, verdict, grades, and nested perspective data."
"SF-1964-0059","frank-morze-cleveland-browns-1964","perspectives.0.qaNotes","false","Batch 014 narrative-vs-verdict review reconciled public prose, verdict, grades, and nested perspective data.","review narrative-vs-verdict review reconciled public prose, verdict, grades, and nested perspective data."
"SF-1964-0059","frank-morze-cleveland-browns-1964","perspectives.1.qaNotes","false","Batch 014 narrative-vs-verdict review reconciled public prose, verdict, grades, and nested perspective data.","review narrative-vs-verdict review reconciled public prose, verdict, grades, and nested perspective data."
"KC-1964-0017","1965-draft-pick-new-england-boston-patriots-1964","qaNotes","false","Batch 022 narrative-vs-verdict review reconciled public prose, verdict, grades, and nested perspective data.","review narrative-vs-verdict review reconciled public prose, verdict, grades, and nested perspective data."
"KC-1964-0017","1965-draft-pick-new-england-boston-patriots-1964","perspectives.0.qaNotes","false","Batch 022 narrative-vs-verdict review reconciled public prose, verdict, grades, and nested perspective data.","review narrative-vs-verdict review reconciled public prose, verdict, grades, and nested perspective data."
"KC-1964-0017","1965-draft-pick-new-england-boston-patriots-1964","perspectives.1.qaNotes","false","Batch 022 narrative-vs-verdict review reconciled public prose, verdict, grades, and nested perspective data.","review narrative-vs-verdict review reconciled public prose, verdict, grades, and nested perspective data."
"SF-1965-0061","john-david-crow-arizona-st-louis-cardinals-1965","qaNotes","false","Batch 014 narrative-vs-verdict review reconciled public prose, verdict, grades, and nested perspective data.","review narrative-vs-verdict review reconciled public prose, verdict, grades, and nested perspective data."
"SF-1965-0061","john-david-crow-arizona-st-louis-cardinals-1965","perspectives.0.qaNotes","false","Batch 014 narrative-vs-verdict review reconciled public prose, verdict, grades, and nested perspective data.","review narrative-vs-verdict review reconciled public prose, verdict, grades, and nested perspective data."
"SF-1965-0061","john-david-crow-arizona-st-louis-cardinals-1965","perspectives.1.qaNotes","false","Batch 014 narrative-vs-verdict review reconciled public prose, verdict, grades, and nested perspective data.","review narrative-vs-verdict review reconciled public prose, verdict, grades, and nested perspective data."
"BUF-1966-0032","1967-sixth-round-pick-149-bill-wilkerson-las-vegas-raiders-1966","qaNotes","false","Batch 003 narrative-vs-verdict review reconciled public prose, verdict, grades, and nested perspective data.","review narrative-vs-verdict review reconciled public prose, verdict, grades, and nested perspective data."
"BUF-1966-0032","1967-sixth-round-pick-149-bill-wilkerson-las-vegas-raiders-1966","perspectives.0.qaNotes","false","Batch 003 narrative-vs-verdict review reconciled public prose, verdict, grades, and nested perspective data.","review narrative-vs-verdict review reconciled public prose, verdict, grades, and nested perspective data."
"BUF-1966-0032","1967-sixth-round-pick-149-bill-wilkerson-las-vegas-raiders-1966","perspectives.1.qaNotes","false","Batch 003 narrative-vs-verdict review reconciled public prose, verdict, grades, and nested perspective data.","review narrative-vs-verdict review reconciled public prose, verdict, grades, and nested perspective data."
"NO-1967-0007","saints-1967-07-15-chicago-bears-doug-atkins-herman-lee","qaNotes","false","Batch 011 narrative-vs-verdict review reconciled public prose, verdict, grades, and nested perspective data.","review narrative-vs-verdict review reconciled public prose, verdict, grades, and nested perspective data."
"NO-1967-0007","saints-1967-07-15-chicago-bears-doug-atkins-herman-lee","perspectives.0.qaNotes","false","Batch 011 narrative-vs-verdict review reconciled public prose, verdict, grades, and nested perspective data.","review narrative-vs-verdict review reconciled public prose, verdict, grades, and nested perspective data."
"NO-1967-0007","saints-1967-07-15-chicago-bears-doug-atkins-herman-lee","perspectives.1.qaNotes","false","Batch 011 narrative-vs-verdict review reconciled public prose, verdict, grades, and nested perspective data.","review narrative-vs-verdict review reconciled public prose, verdict, grades, and nested perspective data."
"PIT-1967-0162","kent-nix-green-bay-packers-1967","perspectives.0.qaNotes","false","Batch 004 narrative-vs-verdict review reconciled public prose, verdict, grades, and nested perspective data.","review narrative-vs-verdict review reconciled public prose, verdict, grades, and nested perspective data."
"PIT-1967-0162","kent-nix-green-bay-packers-1967","perspectives.1.qaNotes","false","Batch 004 narrative-vs-verdict review reconciled public prose, verdict, grades, and nested perspective data.","review narrative-vs-verdict review reconciled public prose, verdict, grades, and nested perspective data."
"PIT-1967-0162","kent-nix-green-bay-packers-1967","qaNotes","false","Batch 004 narrative-vs-verdict review reconciled public prose, verdict, grades, and nested perspective data.","review narrative-vs-verdict review reconciled public prose, verdict, grades, and nested perspective data."
"SF-1968-0074","jim-jordan-new-orleans-saints-1968","qaNotes","false","Batch 014 narrative-vs-verdict review reconciled public prose, verdict, grades, and nested perspective data.","review narrative-vs-verdict review reconciled public prose, verdict, grades, and nested perspective data."
"SF-1968-0074","jim-jordan-new-orleans-saints-1968","perspectives.0.qaNotes","false","Batch 014 narrative-vs-verdict review reconciled public prose, verdict, grades, and nested perspective data.","review narrative-vs-verdict review reconciled public prose, verdict, grades, and nested perspective data."
"SF-1968-0074","jim-jordan-new-orleans-saints-1968","perspectives.1.qaNotes","false","Batch 014 narrative-vs-verdict review reconciled public prose, verdict, grades, and nested perspective data.","review narrative-vs-verdict review reconciled public prose, verdict, grades, and nested perspective data."
"ATL-1968-0037","william-clay-bill-clay-billy-clay-new-orleans-saints-1968","qaNotes","false","Batch 004 narrative-vs-verdict review reconciled public prose, verdict, grades, and nested perspective data.","review narrative-vs-verdict review reconciled public prose, verdict, grades, and nested perspective data."
"ATL-1968-0037","william-clay-bill-clay-billy-clay-new-orleans-saints-1968","perspectives.0.qaNotes","false","Batch 004 narrative-vs-verdict review reconciled public prose, verdict, grades, and nested perspective data.","review narrative-vs-verdict review reconciled public prose, verdict, grades, and nested perspective data."
"ATL-1968-0037","william-clay-bill-clay-billy-clay-new-orleans-saints-1968","perspectives.1.qaNotes","false","Batch 004 narrative-vs-verdict review reconciled public prose, verdict, grades, and nested perspective data.","review narrative-vs-verdict review reconciled public prose, verdict, grades, and nested perspective data."
"MIA-1969-0023","nick-buoniconti-patriots-1969","qaNotes","false","Batch 001 narrative-vs-verdict review reconciled public prose, verdict, grades, and nested perspective data.","review narrative-vs-verdict review reconciled public prose, verdict, grades, and nested perspective data."
"MIA-1969-0023","nick-buoniconti-patriots-1969","perspectives.0.qaNotes","false","Batch 001 narrative-vs-verdict review reconciled public prose, verdict, grades, and nested perspective data.","review narrative-vs-verdict review reconciled public prose, verdict, grades, and nested perspective data."
"MIA-1969-0023","nick-buoniconti-patriots-1969","perspectives.1.qaNotes","false","Batch 001 narrative-vs-verdict review reconciled public prose, verdict, grades, and nested perspective data.","review narrative-vs-verdict review reconciled public prose, verdict, grades, and nested perspective data."
"CIN-1969-0017","jeff-richardson-new-york-jets-1969","qaNotes","false","Batch 022 narrative-vs-verdict review reconciled public prose, verdict, grades, and nested perspective data.","review narrative-vs-verdict review reconciled public prose, verdict, grades, and nested perspective data."
"CIN-1969-0017","jeff-richardson-new-york-jets-1969","perspectives.0.qaNotes","false","Batch 022 narrative-vs-verdict review reconciled public prose, verdict, grades, and nested perspective data.","review narrative-vs-verdict review reconciled public prose, verdict, grades, and nested perspective data."
"CIN-1969-0017","jeff-richardson-new-york-jets-1969","perspectives.1.qaNotes","false","Batch 022 narrative-vs-verdict review reconciled public prose, verdict, grades, and nested perspective data.","review narrative-vs-verdict review reconciled public prose, verdict, grades, and nested perspective data."
"PIT-1969-0185","draft-pick-undisclosed-overall-player-dallas-cowboys-1969","perspectives.0.qaNotes","false","Batch 005 narrative-vs-verdict review reconciled public prose, verdict, grades, and nested perspective data.","review narrative-vs-verdict review reconciled public prose, verdict, grades, and nested perspective data."
"PIT-1969-0185","draft-pick-undisclosed-overall-player-dallas-cowboys-1969","perspectives.1.qaNotes","false","Batch 005 narrative-vs-verdict review reconciled public prose, verdict, grades, and nested perspective data.","review narrative-vs-verdict review reconciled public prose, verdict, grades, and nested perspective data."
"PIT-1969-0185","draft-pick-undisclosed-overall-player-dallas-cowboys-1969","qaNotes","false","Batch 005 narrative-vs-verdict review reconciled public prose, verdict, grades, and nested perspective data. Blind-spot QA: non-ready public status suppressed.","review narrative-vs-verdict review reconciled public prose, verdict, grades, and nested perspective data. Blind-spot QA: non-ready public status suppressed."
"KC-1969-0045","cash-cincinnati-bengals-1969","qaNotes","false","Batch 022 narrative-vs-verdict review reconciled public prose, verdict, grades, and nested perspective data.","review narrative-vs-verdict review reconciled public prose, verdict, grades, and nested perspective data."
"KC-1969-0045","cash-cincinnati-bengals-1969","perspectives.0.qaNotes","false","Batch 022 narrative-vs-verdict review reconciled public prose, verdict, grades, and nested perspective data.","review narrative-vs-verdict review reconciled public prose, verdict, grades, and nested perspective data."
"KC-1969-0045","cash-cincinnati-bengals-1969","perspectives.1.qaNotes","false","Batch 022 narrative-vs-verdict review reconciled public prose, verdict, grades, and nested perspective data.","review narrative-vs-verdict review reconciled public prose, verdict, grades, and nested perspective data."
"KC-1969-0045","cash-cincinnati-bengals-1969","perspectives.2.qaNotes","false","Batch 022 narrative-vs-verdict review reconciled public prose, verdict, grades, and nested perspective data.","review narrative-vs-verdict review reconciled public prose, verdict, grades, and nested perspective data."
"KC-1969-0045","cash-cincinnati-bengals-1969","perspectives.3.qaNotes","false","Batch 022 narrative-vs-verdict review reconciled public prose, verdict, grades, and nested perspective data.","review narrative-vs-verdict review reconciled public prose, verdict, grades, and nested perspective data."
"SF-1969-0086","randy-beisler-philadelphia-eagles-1969","qaNotes","false","Batch 014 narrative-vs-verdict review reconciled public prose, verdict, grades, and nested perspective data.","review narrative-vs-verdict review reconciled public prose, verdict, grades, and nested perspective data."
"SF-1969-0086","randy-beisler-philadelphia-eagles-1969","perspectives.0.qaNotes","false","Batch 014 narrative-vs-verdict review reconciled public prose, verdict, grades, and nested perspective data.","review narrative-vs-verdict review reconciled public prose, verdict, grades, and nested perspective data."
"SF-1969-0086","randy-beisler-philadelphia-eagles-1969","perspectives.1.qaNotes","false","Batch 014 narrative-vs-verdict review reconciled public prose, verdict, grades, and nested perspective data.","review narrative-vs-verdict review reconciled public prose, verdict, grades, and nested perspective data."
"SF-1970-0091","draft-pick-possibly-1971-122-george-wells-new-york-giants-1970","qaNotes","false","Batch 014 narrative-vs-verdict review reconciled public prose, verdict, grades, and nested perspective data.","review narrative-vs-verdict review reconciled public prose, verdict, grades, and nested perspective data."
"SF-1970-0091","draft-pick-possibly-1971-122-george-wells-new-york-giants-1970","perspectives.0.qaNotes","false","Batch 014 narrative-vs-verdict review reconciled public prose, verdict, grades, and nested perspective data.","review narrative-vs-verdict review reconciled public prose, verdict, grades, and nested perspective data."
"SF-1970-0091","draft-pick-possibly-1971-122-george-wells-new-york-giants-1970","perspectives.1.qaNotes","false","Batch 014 narrative-vs-verdict review reconciled public prose, verdict, grades, and nested perspective data.","review narrative-vs-verdict review reconciled public prose, verdict, grades, and nested perspective data."
"SF-1970-0092","1971-second-round-pick-37-ernie-janet-green-bay-packers-1970","qaNotes","false","Batch 014 narrative-vs-verdict review reconciled public prose, verdict, grades, and nested perspective data.","review narrative-vs-verdict review reconciled public prose, verdict, grades, and nested perspective data."
"SF-1970-0092","1971-second-round-pick-37-ernie-janet-green-bay-packers-1970","perspectives.0.qaNotes","false","Batch 014 narrative-vs-verdict review reconciled public prose, verdict, grades, and nested perspective data.","review narrative-vs-verdict review reconciled public prose, verdict, grades, and nested perspective data."
"LAC-1971-0055","unspecified-consideration-dallas-cowboys-1971-lac-1971-0055","qaNotes","false","Batch 009 narrative-vs-verdict review reconciled public prose, verdict, grades, and nested perspective data.","review narrative-vs-verdict review reconciled public prose, verdict, grades, and nested perspective data."
"LAC-1971-0055","unspecified-consideration-dallas-cowboys-1971-lac-1971-0055","perspectives.0.qaNotes","false","Batch 009 narrative-vs-verdict review reconciled public prose, verdict, grades, and nested perspective data.","review narrative-vs-verdict review reconciled public prose, verdict, grades, and nested perspective data."
"SF-1971-0094","1973-second-round-pick-41-willie-harper-new-york-giants-1971","qaNotes","false","Batch 014 narrative-vs-verdict review reconciled public prose, verdict, grades, and nested perspective data.","review narrative-vs-verdict review reconciled public prose, verdict, grades, and nested perspective data."
"SF-1971-0094","1973-second-round-pick-41-willie-harper-new-york-giants-1971","perspectives.0.qaNotes","false","Batch 014 narrative-vs-verdict review reconciled public prose, verdict, grades, and nested perspective data.","review narrative-vs-verdict review reconciled public prose, verdict, grades, and nested perspective data."
"SF-1971-0094","1973-second-round-pick-41-willie-harper-new-york-giants-1971","perspectives.1.qaNotes","false","Batch 014 narrative-vs-verdict review reconciled public prose, verdict, grades, and nested perspective data.","review narrative-vs-verdict review reconciled public prose, verdict, grades, and nested perspective data."
"MIA-1971-0033","bob-matheson-browns-1971","qaNotes","false","Batch 002 narrative-vs-verdict review reconciled public prose, verdict, grades, and nested perspective data.","review narrative-vs-verdict review reconciled public prose, verdict, grades, and nested perspective data."
"MIA-1971-0033","bob-matheson-browns-1971","perspectives.0.qaNotes","false","Batch 002 narrative-vs-verdict review reconciled public prose, verdict, grades, and nested perspective data.","review narrative-vs-verdict review reconciled public prose, verdict, grades, and nested perspective data."
"MIA-1971-0033","bob-matheson-browns-1971","perspectives.1.qaNotes","false","Batch 002 narrative-vs-verdict review reconciled public prose, verdict, grades, and nested perspective data.","review narrative-vs-verdict review reconciled public prose, verdict, grades, and nested perspective data."
"SF-1971-0095","1974-fourth-round-pick-90-sammy-johnson-a-green-bay-packers-1971","qaNotes","false","Batch 014 narrative-vs-verdict review reconciled public prose, verdict, grades, and nested perspective data.","review narrative-vs-verdict review reconciled public prose, verdict, grades, and nested perspective data."
"SF-1971-0095","1974-fourth-round-pick-90-sammy-johnson-a-green-bay-packers-1971","perspectives.0.qaNotes","false","Batch 014 narrative-vs-verdict review reconciled public prose, verdict, grades, and nested perspective data.","review narrative-vs-verdict review reconciled public prose, verdict, grades, and nested perspective data."
"MIN-1972-01-27-0102","fran-tarkenton-new-york-giants-1972","qaNotes","false","Final QA passed | Final Giants QA complete; no blank public fields. | Final Giants QA complete; no blank public fields. | Final QA passed. | Final public-data QA complete. | Final public-data QA complete. | Landmark expanded sectioned deep-dive content applied. | Batch 59-61 threshold top-off added.","Final QA passed | Final Giants QA complete; no blank public fields. | Final Giants QA complete; no blank public fields. | Final QA passed. | Final public-data QA complete. | Final public-data QA complete. | Landmark expanded sectioned deep-dive content applied. | review-61 threshold top-off added."
"SF-1972-0098","1974-first-round-pick-9-wilbur-jackson-new-england-patriots-1972","qaNotes","false","Batch 014 narrative-vs-verdict review reconciled public prose, verdict, grades, and nested perspective data.","review narrative-vs-verdict review reconciled public prose, verdict, grades, and nested perspective data."
"SF-1972-0098","1974-first-round-pick-9-wilbur-jackson-new-england-patriots-1972","perspectives.0.qaNotes","false","Batch 014 narrative-vs-verdict review reconciled public prose, verdict, grades, and nested perspective data.","review narrative-vs-verdict review reconciled public prose, verdict, grades, and nested perspective data."
"SF-1972-0098","1974-first-round-pick-9-wilbur-jackson-new-england-patriots-1972","perspectives.1.qaNotes","false","Batch 014 narrative-vs-verdict review reconciled public prose, verdict, grades, and nested perspective data.","review narrative-vs-verdict review reconciled public prose, verdict, grades, and nested perspective data."
"PIT-1972-0213","1973-draft-pick-undisclosed-overall-player-chicago-bears-1972","perspectives.0.qaNotes","false","Batch 005 narrative-vs-verdict review reconciled public prose, verdict, grades, and nested perspective data.","review narrative-vs-verdict review reconciled public prose, verdict, grades, and nested perspective data."
"PIT-1972-0213","1973-draft-pick-undisclosed-overall-player-chicago-bears-1972","perspectives.1.qaNotes","false","Batch 005 narrative-vs-verdict review reconciled public prose, verdict, grades, and nested perspective data.","review narrative-vs-verdict review reconciled public prose, verdict, grades, and nested perspective data."
"PIT-1972-0213","1973-draft-pick-undisclosed-overall-player-chicago-bears-1972","qaNotes","false","Batch 005 narrative-vs-verdict review reconciled public prose, verdict, grades, and nested perspective data.","review narrative-vs-verdict review reconciled public prose, verdict, grades, and nested perspective data."
"CIN-1972-0039","charlie-joiner-houston-oilers-tennessee-titans-1972","qaNotes","false","Batch 001 narrative-vs-verdict review reconciled public prose, verdict, grades, and nested perspective data.","review narrative-vs-verdict review reconciled public prose, verdict, grades, and nested perspective data."
"CIN-1972-0039","charlie-joiner-houston-oilers-tennessee-titans-1972","perspectives.0.qaNotes","false","Batch 001 narrative-vs-verdict review reconciled public prose, verdict, grades, and nested perspective data.","review narrative-vs-verdict review reconciled public prose, verdict, grades, and nested perspective data."
"CIN-1972-0040","john-shinners-indianapolis-colts-1972","qaNotes","false","Batch 022 narrative-vs-verdict review reconciled public prose, verdict, grades, and nested perspective data.","review narrative-vs-verdict review reconciled public prose, verdict, grades, and nested perspective data."
"CIN-1972-0040","john-shinners-indianapolis-colts-1972","perspectives.0.qaNotes","false","Batch 022 narrative-vs-verdict review reconciled public prose, verdict, grades, and nested perspective data.","review narrative-vs-verdict review reconciled public prose, verdict, grades, and nested perspective data."
"CIN-1972-0040","john-shinners-indianapolis-colts-1972","perspectives.1.qaNotes","false","Batch 022 narrative-vs-verdict review reconciled public prose, verdict, grades, and nested perspective data.","review narrative-vs-verdict review reconciled public prose, verdict, grades, and nested perspective data."
"CHI-1973-0216","carl-garrett-new-england-patriots-1973","qaNotes","false","Batch 005 narrative-vs-verdict review reconciled public prose, verdict, grades, and nested perspective data.","review narrative-vs-verdict review reconciled public prose, verdict, grades, and nested perspective data."
"CHI-1973-0216","carl-garrett-new-england-patriots-1973","perspectives.0.qaNotes","false","Batch 005 narrative-vs-verdict review reconciled public prose, verdict, grades, and nested perspective data.","review narrative-vs-verdict review reconciled public prose, verdict, grades, and nested perspective data."
"CHI-1973-0216","carl-garrett-new-england-patriots-1973","perspectives.1.qaNotes","false","Batch 005 narrative-vs-verdict review reconciled public prose, verdict, grades, and nested perspective data.","review narrative-vs-verdict review reconciled public prose, verdict, grades, and nested perspective data."
"SF-1973-0100","1975-fourth-round-pick-85-cleveland-elam-new-orleans-saints-1973","qaNotes","false","Batch 014 narrative-vs-verdict review reconciled public prose, verdict, grades, and nested perspective data.","review narrative-vs-verdict review reconciled public prose, verdict, grades, and nested perspective data."
"SF-1973-0100","1975-fourth-round-pick-85-cleveland-elam-new-orleans-saints-1973","perspectives.0.qaNotes","false","Batch 014 narrative-vs-verdict review reconciled public prose, verdict, grades, and nested perspective data.","review narrative-vs-verdict review reconciled public prose, verdict, grades, and nested perspective data."
"SF-1973-0100","1975-fourth-round-pick-85-cleveland-elam-new-orleans-saints-1973","perspectives.1.qaNotes","false","Batch 014 narrative-vs-verdict review reconciled public prose, verdict, grades, and nested perspective data.","review narrative-vs-verdict review reconciled public prose, verdict, grades, and nested perspective data."
"PIT-1973-0227","john-smith-c-new-england-boston-patriots-1973","perspectives.0.qaNotes","false","Batch 005 narrative-vs-verdict review reconciled public prose, verdict, grades, and nested perspective data.","review narrative-vs-verdict review reconciled public prose, verdict, grades, and nested perspective data."
"PIT-1973-0227","john-smith-c-new-england-boston-patriots-1973","perspectives.1.qaNotes","false","Batch 005 narrative-vs-verdict review reconciled public prose, verdict, grades, and nested perspective data.","review narrative-vs-verdict review reconciled public prose, verdict, grades, and nested perspective data."
"PIT-1973-0227","john-smith-c-new-england-boston-patriots-1973","qaNotes","false","Batch 005 narrative-vs-verdict review reconciled public prose, verdict, grades, and nested perspective data.","review narrative-vs-verdict review reconciled public prose, verdict, grades, and nested perspective data."
"WAS-1973-0196","1974-ninth-round-pick-218-mark-sens-new-england-boston-patriots-1973","qaNotes","false","Batch 021 narrative-vs-verdict review reconciled public prose, verdict, grades, and nested perspective data.","review narrative-vs-verdict review reconciled public prose, verdict, grades, and nested perspective data."
"WAS-1973-0196","1974-ninth-round-pick-218-mark-sens-new-england-boston-patriots-1973","perspectives.0.qaNotes","false","Batch 021 narrative-vs-verdict review reconciled public prose, verdict, grades, and nested perspective data.","review narrative-vs-verdict review reconciled public prose, verdict, grades, and nested perspective data."
"WAS-1973-0196","1974-ninth-round-pick-218-mark-sens-new-england-boston-patriots-1973","perspectives.1.qaNotes","false","Batch 021 narrative-vs-verdict review reconciled public prose, verdict, grades, and nested perspective data.","review narrative-vs-verdict review reconciled public prose, verdict, grades, and nested perspective data."
"SF-1973-0104","1974-undisclosed-draft-pick-possibly-83-clint-haslerig-new-orleans-saints-1973","qaNotes","false","Batch 015 narrative-vs-verdict review reconciled public prose, verdict, grades, and nested perspective data.","review narrative-vs-verdict review reconciled public prose, verdict, grades, and nested perspective data."
"SF-1973-0104","1974-undisclosed-draft-pick-possibly-83-clint-haslerig-new-orleans-saints-1973","perspectives.0.qaNotes","false","Batch 015 narrative-vs-verdict review reconciled public prose, verdict, grades, and nested perspective data.","review narrative-vs-verdict review reconciled public prose, verdict, grades, and nested perspective data."
"NYJ-1973-0069","1974-eleventh-round-pick-267-william-buckley-arizona-st-louis-cardinals-1973","qaNotes","false","Batch 024 narrative-vs-verdict review reconciled public prose, verdict, grades, and nested perspective data.","review narrative-vs-verdict review reconciled public prose, verdict, grades, and nested perspective data."
"NYJ-1973-0069","1974-eleventh-round-pick-267-william-buckley-arizona-st-louis-cardinals-1973","perspectives.0.qaNotes","false","Batch 024 narrative-vs-verdict review reconciled public prose, verdict, grades, and nested perspective data.","review narrative-vs-verdict review reconciled public prose, verdict, grades, and nested perspective data."
"NYJ-1973-0069","1974-eleventh-round-pick-267-william-buckley-arizona-st-louis-cardinals-1973","perspectives.1.qaNotes","false","Batch 024 narrative-vs-verdict review reconciled public prose, verdict, grades, and nested perspective data.","review narrative-vs-verdict review reconciled public prose, verdict, grades, and nested perspective data."
"IND-1974-0161","1974-sixth-round-pick-140-dan-rhodes-danny-rhodes-new-england-patriots-1974","qaNotes","false","Batch 005 narrative-vs-verdict review reconciled public prose, verdict, grades, and nested perspective data.","review narrative-vs-verdict review reconciled public prose, verdict, grades, and nested perspective data."
"IND-1974-0161","1974-sixth-round-pick-140-dan-rhodes-danny-rhodes-new-england-patriots-1974","perspectives.0.qaNotes","false","Batch 005 narrative-vs-verdict review reconciled public prose, verdict, grades, and nested perspective data.","review narrative-vs-verdict review reconciled public prose, verdict, grades, and nested perspective data."
"IND-1974-0161","1974-sixth-round-pick-140-dan-rhodes-danny-rhodes-new-england-patriots-1974","perspectives.1.qaNotes","false","Batch 005 narrative-vs-verdict review reconciled public prose, verdict, grades, and nested perspective data.","review narrative-vs-verdict review reconciled public prose, verdict, grades, and nested perspective data."
"SF-1974-0110","1975-third-round-pick-74-wayne-baker-arizona-st-louis-cardinals-1974","qaNotes","false","Batch 015 narrative-vs-verdict review reconciled public prose, verdict, grades, and nested perspective data.","review narrative-vs-verdict review reconciled public prose, verdict, grades, and nested perspective data."
"SF-1974-0110","1975-third-round-pick-74-wayne-baker-arizona-st-louis-cardinals-1974","perspectives.0.qaNotes","false","Batch 015 narrative-vs-verdict review reconciled public prose, verdict, grades, and nested perspective data.","review narrative-vs-verdict review reconciled public prose, verdict, grades, and nested perspective data."
"SF-1974-0110","1975-third-round-pick-74-wayne-baker-arizona-st-louis-cardinals-1974","perspectives.1.qaNotes","false","Batch 015 narrative-vs-verdict review reconciled public prose, verdict, grades, and nested perspective data.","review narrative-vs-verdict review reconciled public prose, verdict, grades, and nested perspective data."
"BUF-1974-0121","undisclosed-high-draft-pick-philadelphia-eagles-1974","qaNotes","false","Batch 003 narrative-vs-verdict review reconciled public prose, verdict, grades, and nested perspective data.","review narrative-vs-verdict review reconciled public prose, verdict, grades, and nested perspective data."
"BUF-1974-0121","undisclosed-high-draft-pick-philadelphia-eagles-1974","perspectives.0.qaNotes","false","Batch 003 narrative-vs-verdict review reconciled public prose, verdict, grades, and nested perspective data.","review narrative-vs-verdict review reconciled public prose, verdict, grades, and nested perspective data."
"BUF-1974-0121","undisclosed-high-draft-pick-philadelphia-eagles-1974","perspectives.1.qaNotes","false","Batch 003 narrative-vs-verdict review reconciled public prose, verdict, grades, and nested perspective data.","review narrative-vs-verdict review reconciled public prose, verdict, grades, and nested perspective data."
"CIN-1974-0053","1977-first-round-pick-8-wilson-whitley-philadelphia-eagles-1974","qaNotes","false","Batch 024 narrative-vs-verdict review reconciled public prose, verdict, grades, and nested perspective data.","review narrative-vs-verdict review reconciled public prose, verdict, grades, and nested perspective data."
"CIN-1974-0053","1977-first-round-pick-8-wilson-whitley-philadelphia-eagles-1974","perspectives.0.qaNotes","false","Batch 024 narrative-vs-verdict review reconciled public prose, verdict, grades, and nested perspective data.","review narrative-vs-verdict review reconciled public prose, verdict, grades, and nested perspective data."
"CIN-1974-0053","1977-first-round-pick-8-wilson-whitley-philadelphia-eagles-1974","perspectives.1.qaNotes","false","Batch 024 narrative-vs-verdict review reconciled public prose, verdict, grades, and nested perspective data.","review narrative-vs-verdict review reconciled public prose, verdict, grades, and nested perspective data."
"BUF-1974-0122","scott-hunter-green-bay-packers-1974","qaNotes","false","Batch 005 narrative-vs-verdict review reconciled public prose, verdict, grades, and nested perspective data.","review narrative-vs-verdict review reconciled public prose, verdict, grades, and nested perspective data."
"BUF-1974-0122","scott-hunter-green-bay-packers-1974","perspectives.0.qaNotes","false","Batch 005 narrative-vs-verdict review reconciled public prose, verdict, grades, and nested perspective data.","review narrative-vs-verdict review reconciled public prose, verdict, grades, and nested perspective data."
"BUF-1974-0122","scott-hunter-green-bay-packers-1974","perspectives.1.qaNotes","false","Batch 005 narrative-vs-verdict review reconciled public prose, verdict, grades, and nested perspective data.","review narrative-vs-verdict review reconciled public prose, verdict, grades, and nested perspective data."
"SF-1974-0115","1976-first-round-pick-21-tim-fox-houston-oilers-tennessee-titans-1974","qaNotes","false","Batch 015 narrative-vs-verdict review reconciled public prose, verdict, grades, and nested perspective data.","review narrative-vs-verdict review reconciled public prose, verdict, grades, and nested perspective data."
"SF-1974-0115","1976-first-round-pick-21-tim-fox-houston-oilers-tennessee-titans-1974","perspectives.0.qaNotes","false","Batch 015 narrative-vs-verdict review reconciled public prose, verdict, grades, and nested perspective data.","review narrative-vs-verdict review reconciled public prose, verdict, grades, and nested perspective data."
"MIA-1974-0057","1975-14th-round-pick-giants-1974","qaNotes","false","Batch 005 narrative-vs-verdict review reconciled public prose, verdict, grades, and nested perspective data.","review narrative-vs-verdict review reconciled public prose, verdict, grades, and nested perspective data."
"MIA-1974-0057","1975-14th-round-pick-giants-1974","perspectives.0.qaNotes","false","Batch 005 narrative-vs-verdict review reconciled public prose, verdict, grades, and nested perspective data.","review narrative-vs-verdict review reconciled public prose, verdict, grades, and nested perspective data."
"MIA-1974-0057","1975-14th-round-pick-giants-1974","perspectives.1.qaNotes","false","Batch 005 narrative-vs-verdict review reconciled public prose, verdict, grades, and nested perspective data.","review narrative-vs-verdict review reconciled public prose, verdict, grades, and nested perspective data."
"SF-1974-0118","1975-ninth-round-pick-223-dan-natale-philadelphia-eagles-1974","qaNotes","false","Batch 015 narrative-vs-verdict review reconciled public prose, verdict, grades, and nested perspective data.","review narrative-vs-verdict review reconciled public prose, verdict, grades, and nested perspective data."
"SF-1974-0118","1975-ninth-round-pick-223-dan-natale-philadelphia-eagles-1974","perspectives.0.qaNotes","false","Batch 015 narrative-vs-verdict review reconciled public prose, verdict, grades, and nested perspective data.","review narrative-vs-verdict review reconciled public prose, verdict, grades, and nested perspective data."
"SF-1974-0118","1975-ninth-round-pick-223-dan-natale-philadelphia-eagles-1974","perspectives.1.qaNotes","false","Batch 015 narrative-vs-verdict review reconciled public prose, verdict, grades, and nested perspective data.","review narrative-vs-verdict review reconciled public prose, verdict, grades, and nested perspective data."
"SF-1974-0118","1975-ninth-round-pick-223-dan-natale-philadelphia-eagles-1974","perspectives.2.qaNotes","false","Batch 015 narrative-vs-verdict review reconciled public prose, verdict, grades, and nested perspective data.","review narrative-vs-verdict review reconciled public prose, verdict, grades, and nested perspective data."
"SF-1974-0118","1975-ninth-round-pick-223-dan-natale-philadelphia-eagles-1974","perspectives.3.qaNotes","false","Batch 015 narrative-vs-verdict review reconciled public prose, verdict, grades, and nested perspective data.","review narrative-vs-verdict review reconciled public prose, verdict, grades, and nested perspective data."
"GB-1975-0204","bill-curry-los-angeles-rams-1975","qaNotes","false","Batch 011 narrative-vs-verdict review reconciled public prose, verdict, grades, and nested perspective data.","review narrative-vs-verdict review reconciled public prose, verdict, grades, and nested perspective data."
"GB-1975-0204","bill-curry-los-angeles-rams-1975","perspectives.0.qaNotes","false","Batch 011 narrative-vs-verdict review reconciled public prose, verdict, grades, and nested perspective data.","review narrative-vs-verdict review reconciled public prose, verdict, grades, and nested perspective data."
"GB-1975-0204","bill-curry-los-angeles-rams-1975","perspectives.1.qaNotes","false","Batch 011 narrative-vs-verdict review reconciled public prose, verdict, grades, and nested perspective data.","review narrative-vs-verdict review reconciled public prose, verdict, grades, and nested perspective data."
"GB-1975-0207","jerry-lawrence-tennessee-titans-1975","qaNotes","false","Batch 011 narrative-vs-verdict review reconciled public prose, verdict, grades, and nested perspective data.","review narrative-vs-verdict review reconciled public prose, verdict, grades, and nested perspective data."
"GB-1975-0207","jerry-lawrence-tennessee-titans-1975","perspectives.0.qaNotes","false","Batch 011 narrative-vs-verdict review reconciled public prose, verdict, grades, and nested perspective data.","review narrative-vs-verdict review reconciled public prose, verdict, grades, and nested perspective data."
"CIN-1976-0066","lander-mccoy-bacon-coy-bacon-los-angeles-chargers-1976","qaNotes","false","Batch 001 narrative-vs-verdict review reconciled public prose, verdict, grades, and nested perspective data.","review narrative-vs-verdict review reconciled public prose, verdict, grades, and nested perspective data."
"CIN-1976-0066","lander-mccoy-bacon-coy-bacon-los-angeles-chargers-1976","perspectives.0.qaNotes","false","Batch 001 narrative-vs-verdict review reconciled public prose, verdict, grades, and nested perspective data.","review narrative-vs-verdict review reconciled public prose, verdict, grades, and nested perspective data."
"CIN-1976-0066","lander-mccoy-bacon-coy-bacon-los-angeles-chargers-1976","perspectives.1.qaNotes","false","Batch 001 narrative-vs-verdict review reconciled public prose, verdict, grades, and nested perspective data.","review narrative-vs-verdict review reconciled public prose, verdict, grades, and nested perspective data."
"LAC-1976-0143","unspecified-consideration-new-orleans-saints-1976-lac-1976-0143","qaNotes","false","Batch 005 narrative-vs-verdict review reconciled public prose, verdict, grades, and nested perspective data.","review narrative-vs-verdict review reconciled public prose, verdict, grades, and nested perspective data."
"LAC-1976-0143","unspecified-consideration-new-orleans-saints-1976-lac-1976-0143","perspectives.0.qaNotes","false","Batch 005 narrative-vs-verdict review reconciled public prose, verdict, grades, and nested perspective data.","review narrative-vs-verdict review reconciled public prose, verdict, grades, and nested perspective data."
"LAC-1976-0143","unspecified-consideration-new-orleans-saints-1976-lac-1976-0143","perspectives.1.qaNotes","false","Batch 005 narrative-vs-verdict review reconciled public prose, verdict, grades, and nested perspective data.","review narrative-vs-verdict review reconciled public prose, verdict, grades, and nested perspective data."
"BUF-1976-0147","1977-first-round-pick-12-phil-dokes-detroit-lions-1976","qaNotes","false","Batch 003 narrative-vs-verdict review reconciled public prose, verdict, grades, and nested perspective data.","review narrative-vs-verdict review reconciled public prose, verdict, grades, and nested perspective data."
"BUF-1976-0147","1977-first-round-pick-12-phil-dokes-detroit-lions-1976","perspectives.0.qaNotes","false","Batch 003 narrative-vs-verdict review reconciled public prose, verdict, grades, and nested perspective data.","review narrative-vs-verdict review reconciled public prose, verdict, grades, and nested perspective data."
"BUF-1976-0147","1977-first-round-pick-12-phil-dokes-detroit-lions-1976","perspectives.1.qaNotes","false","Batch 003 narrative-vs-verdict review reconciled public prose, verdict, grades, and nested perspective data.","review narrative-vs-verdict review reconciled public prose, verdict, grades, and nested perspective data."
"KC-1976-0109","1977-fourth-round-pick-92-mark-bailey-philadelphia-eagles-1976","qaNotes","false","Batch 022 narrative-vs-verdict review reconciled public prose, verdict, grades, and nested perspective data.","review narrative-vs-verdict review reconciled public prose, verdict, grades, and nested perspective data."
"KC-1976-0109","1977-fourth-round-pick-92-mark-bailey-philadelphia-eagles-1976","perspectives.0.qaNotes","false","Batch 022 narrative-vs-verdict review reconciled public prose, verdict, grades, and nested perspective data.","review narrative-vs-verdict review reconciled public prose, verdict, grades, and nested perspective data."
"KC-1976-0109","1977-fourth-round-pick-92-mark-bailey-philadelphia-eagles-1976","perspectives.1.qaNotes","false","Batch 022 narrative-vs-verdict review reconciled public prose, verdict, grades, and nested perspective data.","review narrative-vs-verdict review reconciled public prose, verdict, grades, and nested perspective data."
"SEA-1976-08-26-0002","steve-largent-tennessee-titans-houston-oilers-1976","perspectives.0.qaNotes","false","Final QA passed. | Retained for TradeVerdicts database coverage. | Landmark expanded sectioned deep-dive content applied. | Landmark Batch 3 Mirer/Ki-Jana/Largent top-off added; GSC priority candidate. | Landmark Batch 3 Mirer/Ki-Jana/Largent final word-count top-off added; GSC priority candidate.","Final QA passed. | Retained for TradeVerdicts database coverage. | Landmark expanded sectioned deep-dive content applied. | Landmark review Mirer/Ki-Jana/Largent top-off added; GSC priority candidate. | Landmark review Mirer/Ki-Jana/Largent final word-count top-off added; GSC priority candidate."
"SEA-1976-08-26-0002","steve-largent-tennessee-titans-houston-oilers-1976","qaNotes","false","Final QA passed. | Retained for TradeVerdicts database coverage. Retained as canonical keeper for suppressed same-date/team duplicate 1977-eighth-round-pick-198-steve-davis-b-seattle-seahawks-1976. | Landmark expanded sectioned deep-dive content applied. | Landmark Batch 3 Mirer/Ki-Jana/Largent top-off added; GSC priority candidate. | Landmark Batch 3 Mirer/Ki-Jana/Largent final word-count top-off added; GSC priority candidate.","Final QA passed. | Retained for TradeVerdicts database coverage. Retained as canonical keeper for suppressed same-date/team duplicate 1977-eighth-round-pick-198-steve-davis-b-seattle-seahawks-1976. | Landmark expanded sectioned deep-dive content applied. | Landmark review Mirer/Ki-Jana/Largent top-off added; GSC priority candidate. | Landmark review Mirer/Ki-Jana/Largent final word-count top-off added; GSC priority candidate."
"SF-1977-0145","ed-galigher-unknown-1977","qaNotes","false","Batch 015 narrative-vs-verdict review reconciled public prose, verdict, grades, and nested perspective data.","review narrative-vs-verdict review reconciled public prose, verdict, grades, and nested perspective data."
"SF-1977-0145","ed-galigher-unknown-1977","perspectives.0.qaNotes","false","Batch 015 narrative-vs-verdict review reconciled public prose, verdict, grades, and nested perspective data.","review narrative-vs-verdict review reconciled public prose, verdict, grades, and nested perspective data."
"SF-1977-0146","pat-sullivan-chicago-bears-1977","qaNotes","false","Batch 015 narrative-vs-verdict review reconciled public prose, verdict, grades, and nested perspective data.","review narrative-vs-verdict review reconciled public prose, verdict, grades, and nested perspective data."
"SF-1977-0146","pat-sullivan-chicago-bears-1977","perspectives.0.qaNotes","false","Batch 015 narrative-vs-verdict review reconciled public prose, verdict, grades, and nested perspective data.","review narrative-vs-verdict review reconciled public prose, verdict, grades, and nested perspective data."
"SF-1977-0146","pat-sullivan-chicago-bears-1977","perspectives.1.qaNotes","false","Batch 015 narrative-vs-verdict review reconciled public prose, verdict, grades, and nested perspective data.","review narrative-vs-verdict review reconciled public prose, verdict, grades, and nested perspective data."
"LAC-1977-0162","unspecified-consideration-miami-dolphins-1977","qaNotes","false","Batch 005 narrative-vs-verdict review reconciled public prose, verdict, grades, and nested perspective data. | Global duplicate-asset sweep v3 ultrasafe cleanup.","review narrative-vs-verdict review reconciled public prose, verdict, grades, and nested perspective data. | Global duplicate-asset sweep v3 ultrasafe cleanup."
"LAC-1977-0162","unspecified-consideration-miami-dolphins-1977","perspectives.0.qaNotes","false","Batch 005 narrative-vs-verdict review reconciled public prose, verdict, grades, and nested perspective data.","review narrative-vs-verdict review reconciled public prose, verdict, grades, and nested perspective data."
"LAC-1977-0162","unspecified-consideration-miami-dolphins-1977","perspectives.1.qaNotes","false","Batch 005 narrative-vs-verdict review reconciled public prose, verdict, grades, and nested perspective data.","review narrative-vs-verdict review reconciled public prose, verdict, grades, and nested perspective data."
"SF-1977-0150","paul-seal-new-orleans-saints-1977","qaNotes","false","Batch 015 narrative-vs-verdict review reconciled public prose, verdict, grades, and nested perspective data.","review narrative-vs-verdict review reconciled public prose, verdict, grades, and nested perspective data."
"SF-1977-0150","paul-seal-new-orleans-saints-1977","perspectives.0.qaNotes","false","Batch 015 narrative-vs-verdict review reconciled public prose, verdict, grades, and nested perspective data.","review narrative-vs-verdict review reconciled public prose, verdict, grades, and nested perspective data."
"SF-1977-0150","paul-seal-new-orleans-saints-1977","perspectives.1.qaNotes","false","Batch 015 narrative-vs-verdict review reconciled public prose, verdict, grades, and nested perspective data.","review narrative-vs-verdict review reconciled public prose, verdict, grades, and nested perspective data."
"SF-1978-0154","1978-second-round-pick-47-walt-downing-chicago-bears-1978","qaNotes","false","Batch 015 narrative-vs-verdict review reconciled public prose, verdict, grades, and nested perspective data.","review narrative-vs-verdict review reconciled public prose, verdict, grades, and nested perspective data."
"SF-1978-0154","1978-second-round-pick-47-walt-downing-chicago-bears-1978","perspectives.0.qaNotes","false","Batch 015 narrative-vs-verdict review reconciled public prose, verdict, grades, and nested perspective data.","review narrative-vs-verdict review reconciled public prose, verdict, grades, and nested perspective data."
"SF-1978-0154","1978-second-round-pick-47-walt-downing-chicago-bears-1978","perspectives.1.qaNotes","false","Batch 015 narrative-vs-verdict review reconciled public prose, verdict, grades, and nested perspective data.","review narrative-vs-verdict review reconciled public prose, verdict, grades, and nested perspective data."
"TEN-1978-0124","1978-first-round-pick-1-earl-campbell-tampa-bay-buccaneers-1978","qaNotes","false","Batch 002 narrative-vs-verdict review reconciled public prose, verdict, grades, and nested perspective data. | Landmark expanded sectioned deep-dive content applied. | Bonus Earl Campbell 1978 top-off added to clear premium threshold. | Final six-word Earl Campbell 1978 threshold top-off applied.","review narrative-vs-verdict review reconciled public prose, verdict, grades, and nested perspective data. | Landmark expanded sectioned deep-dive content applied. | Bonus Earl Campbell 1978 top-off added to clear premium threshold. | Final six-word Earl Campbell 1978 threshold top-off applied."
"TEN-1978-0124","1978-first-round-pick-1-earl-campbell-tampa-bay-buccaneers-1978","perspectives.0.qaNotes","false","Batch 002 narrative-vs-verdict review reconciled public prose, verdict, grades, and nested perspective data. | Landmark expanded sectioned deep-dive content applied.","review narrative-vs-verdict review reconciled public prose, verdict, grades, and nested perspective data. | Landmark expanded sectioned deep-dive content applied."
"KC-1978-0117","1979-ninth-round-pick-229-joe-robinson-new-orleans-saints-1978","qaNotes","false","Batch 022 narrative-vs-verdict review reconciled public prose, verdict, grades, and nested perspective data.","review narrative-vs-verdict review reconciled public prose, verdict, grades, and nested perspective data."
"KC-1978-0117","1979-ninth-round-pick-229-joe-robinson-new-orleans-saints-1978","perspectives.0.qaNotes","false","Batch 022 narrative-vs-verdict review reconciled public prose, verdict, grades, and nested perspective data.","review narrative-vs-verdict review reconciled public prose, verdict, grades, and nested perspective data."
"KC-1978-0117","1979-ninth-round-pick-229-joe-robinson-new-orleans-saints-1978","perspectives.1.qaNotes","false","Batch 022 narrative-vs-verdict review reconciled public prose, verdict, grades, and nested perspective data.","review narrative-vs-verdict review reconciled public prose, verdict, grades, and nested perspective data."
"MIN-1978-07-28-0132","rickey-young-los-angeles-chargers-1978","perspectives.0.qaNotes","false","Batch 009 narrative-vs-verdict review reconciled public prose, verdict, grades, and nested perspective data.","review narrative-vs-verdict review reconciled public prose, verdict, grades, and nested perspective data."
"MIN-1978-07-28-0132","rickey-young-los-angeles-chargers-1978","perspectives.1.qaNotes","false","Batch 009 narrative-vs-verdict review reconciled public prose, verdict, grades, and nested perspective data.","review narrative-vs-verdict review reconciled public prose, verdict, grades, and nested perspective data."
"MIN-1978-07-28-0132","rickey-young-los-angeles-chargers-1978","qaNotes","false","Batch 009 narrative-vs-verdict review reconciled public prose, verdict, grades, and nested perspective data.","review narrative-vs-verdict review reconciled public prose, verdict, grades, and nested perspective data."
"LAC-1978-0176","unspecified-consideration-buffalo-bills-1978-lac-1978-0176","qaNotes","false","Batch 005 narrative-vs-verdict review reconciled public prose, verdict, grades, and nested perspective data.","review narrative-vs-verdict review reconciled public prose, verdict, grades, and nested perspective data."
"LAC-1978-0176","unspecified-consideration-buffalo-bills-1978-lac-1978-0176","perspectives.0.qaNotes","false","Batch 005 narrative-vs-verdict review reconciled public prose, verdict, grades, and nested perspective data.","review narrative-vs-verdict review reconciled public prose, verdict, grades, and nested perspective data."
"LAC-1978-0176","unspecified-consideration-buffalo-bills-1978-lac-1978-0176","perspectives.1.qaNotes","false","Batch 005 narrative-vs-verdict review reconciled public prose, verdict, grades, and nested perspective data.","review narrative-vs-verdict review reconciled public prose, verdict, grades, and nested perspective data."
"DEN-1978-08-14-0158","charlie-west-detroit-lions-1978","perspectives.0.qaNotes","false","Batch 021 narrative-vs-verdict review reconciled public prose, verdict, grades, and nested perspective data.","review narrative-vs-verdict review reconciled public prose, verdict, grades, and nested perspective data."
"DEN-1978-08-14-0158","charlie-west-detroit-lions-1978","perspectives.1.qaNotes","false","Batch 021 narrative-vs-verdict review reconciled public prose, verdict, grades, and nested perspective data.","review narrative-vs-verdict review reconciled public prose, verdict, grades, and nested perspective data."
"DEN-1978-08-14-0158","charlie-west-detroit-lions-1978","perspectives.2.qaNotes","false","Batch 021 narrative-vs-verdict review reconciled public prose, verdict, grades, and nested perspective data.","review narrative-vs-verdict review reconciled public prose, verdict, grades, and nested perspective data."
"DEN-1978-08-14-0158","charlie-west-detroit-lions-1978","perspectives.3.qaNotes","false","Batch 021 narrative-vs-verdict review reconciled public prose, verdict, grades, and nested perspective data.","review narrative-vs-verdict review reconciled public prose, verdict, grades, and nested perspective data."
"DEN-1978-08-14-0158","charlie-west-detroit-lions-1978","qaNotes","false","Batch 021 narrative-vs-verdict review reconciled public prose, verdict, grades, and nested perspective data.","review narrative-vs-verdict review reconciled public prose, verdict, grades, and nested perspective data."
"SEA-1978-08-15-0018","efren-herrera-dallas-cowboys-1978","perspectives.0.qaNotes","false","Batch 005 narrative-vs-verdict review reconciled public prose, verdict, grades, and nested perspective data.","review narrative-vs-verdict review reconciled public prose, verdict, grades, and nested perspective data."
"SEA-1978-08-15-0018","efren-herrera-dallas-cowboys-1978","perspectives.1.qaNotes","false","Batch 005 narrative-vs-verdict review reconciled public prose, verdict, grades, and nested perspective data.","review narrative-vs-verdict review reconciled public prose, verdict, grades, and nested perspective data."
"SEA-1978-08-15-0018","efren-herrera-dallas-cowboys-1978","qaNotes","false","Batch 005 narrative-vs-verdict review reconciled public prose, verdict, grades, and nested perspective data.","review narrative-vs-verdict review reconciled public prose, verdict, grades, and nested perspective data."
"NYJ-1978-0107","1979-seventh-round-pick-187-keith-brown-b-houston-oilers-tennessee-titans-1978","qaNotes","false","Batch 005 narrative-vs-verdict review reconciled public prose, verdict, grades, and nested perspective data.","review narrative-vs-verdict review reconciled public prose, verdict, grades, and nested perspective data."
"NYJ-1978-0107","1979-seventh-round-pick-187-keith-brown-b-houston-oilers-tennessee-titans-1978","perspectives.0.qaNotes","false","Batch 005 narrative-vs-verdict review reconciled public prose, verdict, grades, and nested perspective data.","review narrative-vs-verdict review reconciled public prose, verdict, grades, and nested perspective data."
"SF-1979-0170","1980-second-round-pick-30-willie-teal-detroit-lions-1979","qaNotes","false","Batch 015 narrative-vs-verdict review reconciled public prose, verdict, grades, and nested perspective data.","review narrative-vs-verdict review reconciled public prose, verdict, grades, and nested perspective data."
"SF-1979-0170","1980-second-round-pick-30-willie-teal-detroit-lions-1979","perspectives.0.qaNotes","false","Batch 015 narrative-vs-verdict review reconciled public prose, verdict, grades, and nested perspective data.","review narrative-vs-verdict review reconciled public prose, verdict, grades, and nested perspective data."
"SF-1979-0170","1980-second-round-pick-30-willie-teal-detroit-lions-1979","perspectives.1.qaNotes","false","Batch 015 narrative-vs-verdict review reconciled public prose, verdict, grades, and nested perspective data.","review narrative-vs-verdict review reconciled public prose, verdict, grades, and nested perspective data."
"SF-1980-0175","scott-perry-cincinnati-bengals-1980","qaNotes","false","Batch 015 narrative-vs-verdict review reconciled public prose, verdict, grades, and nested perspective data.","review narrative-vs-verdict review reconciled public prose, verdict, grades, and nested perspective data."
"SF-1980-0175","scott-perry-cincinnati-bengals-1980","perspectives.0.qaNotes","false","Batch 015 narrative-vs-verdict review reconciled public prose, verdict, grades, and nested perspective data.","review narrative-vs-verdict review reconciled public prose, verdict, grades, and nested perspective data."
"SF-1980-0175","scott-perry-cincinnati-bengals-1980","perspectives.1.qaNotes","false","Batch 015 narrative-vs-verdict review reconciled public prose, verdict, grades, and nested perspective data.","review narrative-vs-verdict review reconciled public prose, verdict, grades, and nested perspective data."
"SF-1980-0179","1980-first-round-pick-13-earl-cooper-new-york-jets-1980","qaNotes","false","Batch 016 narrative-vs-verdict review reconciled public prose, verdict, grades, and nested perspective data.","review narrative-vs-verdict review reconciled public prose, verdict, grades, and nested perspective data."
"SF-1980-0179","1980-first-round-pick-13-earl-cooper-new-york-jets-1980","perspectives.0.qaNotes","false","Batch 016 narrative-vs-verdict review reconciled public prose, verdict, grades, and nested perspective data.","review narrative-vs-verdict review reconciled public prose, verdict, grades, and nested perspective data."
"SF-1980-0179","1980-first-round-pick-13-earl-cooper-new-york-jets-1980","perspectives.1.qaNotes","false","Batch 016 narrative-vs-verdict review reconciled public prose, verdict, grades, and nested perspective data.","review narrative-vs-verdict review reconciled public prose, verdict, grades, and nested perspective data."
"SF-1980-0183","thomas-henderson-dallas-cowboys-1980","qaNotes","false","Batch 016 narrative-vs-verdict review reconciled public prose, verdict, grades, and nested perspective data.","review narrative-vs-verdict review reconciled public prose, verdict, grades, and nested perspective data."
"SF-1980-0183","thomas-henderson-dallas-cowboys-1980","perspectives.0.qaNotes","false","Batch 016 narrative-vs-verdict review reconciled public prose, verdict, grades, and nested perspective data.","review narrative-vs-verdict review reconciled public prose, verdict, grades, and nested perspective data."
"SF-1980-0183","thomas-henderson-dallas-cowboys-1980","perspectives.1.qaNotes","false","Batch 016 narrative-vs-verdict review reconciled public prose, verdict, grades, and nested perspective data.","review narrative-vs-verdict review reconciled public prose, verdict, grades, and nested perspective data."
"MIA-1980-0099","1981-fourth-round-pick-saints-1980","qaNotes","false","Batch 006 narrative-vs-verdict review reconciled public prose, verdict, grades, and nested perspective data.","review narrative-vs-verdict review reconciled public prose, verdict, grades, and nested perspective data."
"MIA-1980-0099","1981-fourth-round-pick-saints-1980","perspectives.0.qaNotes","false","Batch 006 narrative-vs-verdict review reconciled public prose, verdict, grades, and nested perspective data.","review narrative-vs-verdict review reconciled public prose, verdict, grades, and nested perspective data."
"MIA-1980-0099","1981-fourth-round-pick-saints-1980","perspectives.1.qaNotes","false","Batch 006 narrative-vs-verdict review reconciled public prose, verdict, grades, and nested perspective data.","review narrative-vs-verdict review reconciled public prose, verdict, grades, and nested perspective data."
"MIA-1981-0104","bob-brudzinski-rams-1981","qaNotes","false","Batch 024 narrative-vs-verdict review reconciled public prose, verdict, grades, and nested perspective data.","review narrative-vs-verdict review reconciled public prose, verdict, grades, and nested perspective data."
"MIA-1981-0104","bob-brudzinski-rams-1981","perspectives.0.qaNotes","false","Batch 024 narrative-vs-verdict review reconciled public prose, verdict, grades, and nested perspective data.","review narrative-vs-verdict review reconciled public prose, verdict, grades, and nested perspective data."
"MIA-1981-0104","bob-brudzinski-rams-1981","perspectives.1.qaNotes","false","Batch 024 narrative-vs-verdict review reconciled public prose, verdict, grades, and nested perspective data.","review narrative-vs-verdict review reconciled public prose, verdict, grades, and nested perspective data."
"WAS-1981-0269","1981-fourth-round-pick-90-tom-flick-green-bay-packers-1981","qaNotes","false","Batch 021 narrative-vs-verdict review reconciled public prose, verdict, grades, and nested perspective data.","review narrative-vs-verdict review reconciled public prose, verdict, grades, and nested perspective data."
"WAS-1981-0269","1981-fourth-round-pick-90-tom-flick-green-bay-packers-1981","perspectives.0.qaNotes","false","Batch 021 narrative-vs-verdict review reconciled public prose, verdict, grades, and nested perspective data.","review narrative-vs-verdict review reconciled public prose, verdict, grades, and nested perspective data."
"WAS-1981-0269","1981-fourth-round-pick-90-tom-flick-green-bay-packers-1981","perspectives.1.qaNotes","false","Batch 021 narrative-vs-verdict review reconciled public prose, verdict, grades, and nested perspective data.","review narrative-vs-verdict review reconciled public prose, verdict, grades, and nested perspective data."
"SF-1981-0189","1982-tenth-round-pick-269-dana-mclemore-tampa-bay-buccaneers-1981","qaNotes","false","Batch 016 narrative-vs-verdict review reconciled public prose, verdict, grades, and nested perspective data.","review narrative-vs-verdict review reconciled public prose, verdict, grades, and nested perspective data."
"SF-1981-0189","1982-tenth-round-pick-269-dana-mclemore-tampa-bay-buccaneers-1981","perspectives.0.qaNotes","false","Batch 016 narrative-vs-verdict review reconciled public prose, verdict, grades, and nested perspective data.","review narrative-vs-verdict review reconciled public prose, verdict, grades, and nested perspective data."
"SF-1981-0189","1982-tenth-round-pick-269-dana-mclemore-tampa-bay-buccaneers-1981","perspectives.1.qaNotes","false","Batch 016 narrative-vs-verdict review reconciled public prose, verdict, grades, and nested perspective data.","review narrative-vs-verdict review reconciled public prose, verdict, grades, and nested perspective data."
"WAS-1981-0272","rights-to-terry-metcalf-arizona-st-louis-cardinals-1981","qaNotes","false","Batch 021 narrative-vs-verdict review reconciled public prose, verdict, grades, and nested perspective data.","review narrative-vs-verdict review reconciled public prose, verdict, grades, and nested perspective data."
"WAS-1981-0272","rights-to-terry-metcalf-arizona-st-louis-cardinals-1981","perspectives.0.qaNotes","false","Batch 021 narrative-vs-verdict review reconciled public prose, verdict, grades, and nested perspective data.","review narrative-vs-verdict review reconciled public prose, verdict, grades, and nested perspective data."
"WAS-1981-0272","rights-to-terry-metcalf-arizona-st-louis-cardinals-1981","perspectives.1.qaNotes","false","Batch 021 narrative-vs-verdict review reconciled public prose, verdict, grades, and nested perspective data.","review narrative-vs-verdict review reconciled public prose, verdict, grades, and nested perspective data."
"DEN-1981-08-25-0172","wade-manning-buffalo-bills-1981","perspectives.0.qaNotes","false","Bottom Batch 029 public cleanup: canonical perspective rebuilt; duplicate/conflicting perspectives and public-language artifacts removed.","review public cleanup: canonical perspective rebuilt; duplicate/conflicting perspectives and public-language artifacts removed."
"DEN-1981-08-25-0172","wade-manning-buffalo-bills-1981","perspectives.1.qaNotes","false","Bottom Batch 029 public cleanup: canonical perspective rebuilt; duplicate/conflicting perspectives and public-language artifacts removed.","review public cleanup: canonical perspective rebuilt; duplicate/conflicting perspectives and public-language artifacts removed."
"DEN-1981-08-25-0172","wade-manning-buffalo-bills-1981","qaNotes","false","Final QA passed. | Final | Final | Final public-data QA complete. | Final QA passed. | Bottom Batch 029 public cleanup complete.","Final QA passed. | Final | Final | Final public-data QA complete. | Final QA passed. | review public cleanup complete."
"WAS-1981-0277","gregg-mccrary-los-angeles-san-diego-chargers-1981","qaNotes","false","Final public-data QA complete. Resolved blocked player-duplicate residue; keeper normalized and duplicate page suppressed. | Bottom Batch 029 public cleanup complete.","Final public-data QA complete. Resolved blocked player-duplicate residue; keeper normalized and duplicate page suppressed. | review public cleanup complete."
"WAS-1981-0277","gregg-mccrary-los-angeles-san-diego-chargers-1981","perspectives.0.qaNotes","false","Bottom Batch 029 public cleanup: canonical perspective rebuilt; duplicate/conflicting perspectives and public-language artifacts removed.","review public cleanup: canonical perspective rebuilt; duplicate/conflicting perspectives and public-language artifacts removed."
"WAS-1981-0277","gregg-mccrary-los-angeles-san-diego-chargers-1981","perspectives.1.qaNotes","false","Bottom Batch 029 public cleanup: canonical perspective rebuilt; duplicate/conflicting perspectives and public-language artifacts removed.","review public cleanup: canonical perspective rebuilt; duplicate/conflicting perspectives and public-language artifacts removed."
"DEN-1981-08-31-0173","1983-fifth-round-pick-125-bruce-baldwin-new-orleans-saints-1981","perspectives.0.qaNotes","false","Bottom Batch 029 public cleanup: canonical perspective rebuilt; duplicate/conflicting perspectives and public-language artifacts removed.","review public cleanup: canonical perspective rebuilt; duplicate/conflicting perspectives and public-language artifacts removed."
"DEN-1981-08-31-0173","1983-fifth-round-pick-125-bruce-baldwin-new-orleans-saints-1981","perspectives.1.qaNotes","false","Bottom Batch 029 public cleanup: canonical perspective rebuilt; duplicate/conflicting perspectives and public-language artifacts removed.","review public cleanup: canonical perspective rebuilt; duplicate/conflicting perspectives and public-language artifacts removed."
"DEN-1981-08-31-0173","1983-fifth-round-pick-125-bruce-baldwin-new-orleans-saints-1981","qaNotes","false","Final QA passed | The available outcome record supports a balanced or modest transaction rather than a decisive franchise swing | Final QA passed. | The available outcome record supports a balanced or modest transaction rather than a decisive franchise swing. | Bottom Batch 029 public cleanup complete.","Final QA passed | The available outcome record supports a balanced or modest transaction rather than a decisive franchise swing | Final QA passed. | The available outcome record supports a balanced or modest transaction rather than a decisive franchise swing. | review public cleanup complete."
"DEN-1981-08-31-0174","steve-deberg-san-francisco-49ers-1981","perspectives.0.qaNotes","false","Bottom Batch 029 public cleanup: canonical perspective rebuilt; duplicate/conflicting perspectives and public-language artifacts removed.","review public cleanup: canonical perspective rebuilt; duplicate/conflicting perspectives and public-language artifacts removed."
"DEN-1981-08-31-0174","steve-deberg-san-francisco-49ers-1981","perspectives.1.qaNotes","false","Bottom Batch 029 public cleanup: canonical perspective rebuilt; duplicate/conflicting perspectives and public-language artifacts removed.","review public cleanup: canonical perspective rebuilt; duplicate/conflicting perspectives and public-language artifacts removed."
"DEN-1981-08-31-0174","steve-deberg-san-francisco-49ers-1981","qaNotes","false","Final QA passed. | Reduced-even verify high-profile/recent rows in | Reduced-even audit confirmed existing grade. Initial 49ers pass complete; verify high-profile/recent rows in final audit. | Final QA passed. | Bottom Batch 029 public cleanup complete.","Final QA passed. | Reduced-even verify high-profile/recent rows in | Reduced-even audit confirmed existing grade. Initial 49ers pass complete; verify high-profile/recent rows in final audit. | Final QA passed. | review public cleanup complete."
"DEN-1982-04-27-0175","robert-jackson-l-cleveland-browns-1982","perspectives.0.qaNotes","false","Bottom Batch 029 public cleanup: canonical perspective rebuilt; duplicate/conflicting perspectives and public-language artifacts removed.","review public cleanup: canonical perspective rebuilt; duplicate/conflicting perspectives and public-language artifacts removed."
"DEN-1982-04-27-0175","robert-jackson-l-cleveland-browns-1982","perspectives.1.qaNotes","false","Bottom Batch 029 public cleanup: canonical perspective rebuilt; duplicate/conflicting perspectives and public-language artifacts removed.","review public cleanup: canonical perspective rebuilt; duplicate/conflicting perspectives and public-language artifacts removed."
"DEN-1982-04-27-0175","robert-jackson-l-cleveland-browns-1982","qaNotes","false","Final QA passed | Final QA passed. | Final Browns QA complete; required fields populated. | Bottom Batch 029 public cleanup complete.","Final QA passed | Final QA passed. | Final Browns QA complete; required fields populated. | review public cleanup complete."
"DEN-1982-04-27-0176","1982-first-round-pick-21-gerald-willhite-buffalo-bills-1982","perspectives.0.qaNotes","false","Bottom Batch 029 public cleanup: canonical perspective rebuilt; duplicate/conflicting perspectives and public-language artifacts removed.","review public cleanup: canonical perspective rebuilt; duplicate/conflicting perspectives and public-language artifacts removed."
"DEN-1982-04-27-0176","1982-first-round-pick-21-gerald-willhite-buffalo-bills-1982","perspectives.1.qaNotes","false","Bottom Batch 029 public cleanup: canonical perspective rebuilt; duplicate/conflicting perspectives and public-language artifacts removed.","review public cleanup: canonical perspective rebuilt; duplicate/conflicting perspectives and public-language artifacts removed."
"DEN-1982-04-27-0176","1982-first-round-pick-21-gerald-willhite-buffalo-bills-1982","qaNotes","false","Final QA passed. | Objective even-trade regrade: Denver moved down only two spots and still added Gerald Willhite plus an extra fourth. | Final | Final | Final public-data QA complete. | Final QA passed. | Objective even-trade regrade: Denver moved down only two spots and still added Gerald Willhite plus an extra fourth. | Bottom Batch 029 public cleanup complete.","Final QA passed. | Objective even-trade regrade: Denver moved down only two spots and still added Gerald Willhite plus an extra fourth. | Final | Final | Final public-data QA complete. | Final QA passed. | Objective even-trade regrade: Denver moved down only two spots and still added Gerald Willhite plus an extra fourth. | review public cleanup complete."
"KC-1982-0133","1982-first-round-pick-11-anthony-hanco-arizona-st-louis-cardinals-1982","qaNotes","false","Final | Final public-data QA complete. | should but this row is no longer defaulted to Even without evidence | Post-Copilot QA: Regraded in realistic-curve pass; MetaAI should verify notable source details, but this row is no longer defaulted to Even without evidence. Publish status normalized; no import blocker remains. Steelers-formula final package verified. | Bottom Batch 029 public cleanup complete.","Final | Final public-data QA complete. | should but this row is no longer defaulted to Even without evidence | Post-Copilot QA: Regraded in realistic-curve pass; MetaAI should verify notable source details, but this row is no longer defaulted to Even without evidence. Publish status normalized; no import blocker remains. Steelers-formula final package verified. | review public cleanup complete."
"KC-1982-0133","1982-first-round-pick-11-anthony-hanco-arizona-st-louis-cardinals-1982","perspectives.0.qaNotes","false","Bottom Batch 029 public cleanup: canonical perspective rebuilt; duplicate/conflicting perspectives and public-language artifacts removed.","review public cleanup: canonical perspective rebuilt; duplicate/conflicting perspectives and public-language artifacts removed."
"KC-1982-0133","1982-first-round-pick-11-anthony-hanco-arizona-st-louis-cardinals-1982","perspectives.1.qaNotes","false","Bottom Batch 029 public cleanup: canonical perspective rebuilt; duplicate/conflicting perspectives and public-language artifacts removed.","review public cleanup: canonical perspective rebuilt; duplicate/conflicting perspectives and public-language artifacts removed."
"SF-1982-0198","1982-second-round-pick-29-william-paris-bubba-paris-new-england-patriots-1982","qaNotes","false","Reduced-even verify high-profile/recent rows in | QA implemented: added production-versus-cost justification; D retained | Reduced-even audit confirmed existing grade. Initial 49ers pass complete; verify high-profile/recent rows in final audit. | Copilot QA implemented: added production-versus-cost justification; D retained. | Final public-data QA complete; trade retained in finished product. | Final public-data QA complete; trade retained in finished product. | Bottom Batch 029 public cleanup complete.","Reduced-even verify high-profile/recent rows in | QA implemented: added production-versus-cost justification; D retained | Reduced-even audit confirmed existing grade. Initial 49ers pass complete; verify high-profile/recent rows in final audit. | Copilot QA implemented: added production-versus-cost justification; D retained. | Final public-data QA complete; trade retained in finished product. | Final public-data QA complete; trade retained in finished product. | review public cleanup complete."
"SF-1982-0198","1982-second-round-pick-29-william-paris-bubba-paris-new-england-patriots-1982","perspectives.0.qaNotes","false","Bottom Batch 029 public cleanup: canonical perspective rebuilt; duplicate/conflicting perspectives and public-language artifacts removed.","review public cleanup: canonical perspective rebuilt; duplicate/conflicting perspectives and public-language artifacts removed."
"SF-1982-0198","1982-second-round-pick-29-william-paris-bubba-paris-new-england-patriots-1982","perspectives.1.qaNotes","false","Bottom Batch 029 public cleanup: canonical perspective rebuilt; duplicate/conflicting perspectives and public-language artifacts removed.","review public cleanup: canonical perspective rebuilt; duplicate/conflicting perspectives and public-language artifacts removed."
"CLE-1982-0235","1983-eleventh-round-pick-305-howard-mcadoo-las-vegas-oakland-raiders-1982-235","qaNotes","false","Final Browns QA complete; required fields populated. | Final | Final public-data QA complete. | Final public-data QA complete. | Bottom Batch 029 public cleanup complete.","Final Browns QA complete; required fields populated. | Final | Final public-data QA complete. | Final public-data QA complete. | review public cleanup complete."
"CLE-1982-0235","1983-eleventh-round-pick-305-howard-mcadoo-las-vegas-oakland-raiders-1982-235","perspectives.0.qaNotes","false","Bottom Batch 029 public cleanup: canonical perspective rebuilt; duplicate/conflicting perspectives and public-language artifacts removed.","review public cleanup: canonical perspective rebuilt; duplicate/conflicting perspectives and public-language artifacts removed."
"CLE-1982-0235","1983-eleventh-round-pick-305-howard-mcadoo-las-vegas-oakland-raiders-1982-235","perspectives.1.qaNotes","false","Bottom Batch 029 public cleanup: canonical perspective rebuilt; duplicate/conflicting perspectives and public-language artifacts removed.","review public cleanup: canonical perspective rebuilt; duplicate/conflicting perspectives and public-language artifacts removed."
"CHI-1982-0329","john-lee-b-new-england-patriots-1982","qaNotes","false","Audit complete: historical hindsight applied, summaries rewritten for readability, legendary trades verified against Pro Football Hall of Fame records and team histories. | Final public-data QA complete; trade retained in finished product. | Bottom Batch 029 public cleanup complete.","Audit complete: historical hindsight applied, summaries rewritten for readability, legendary trades verified against Pro Football Hall of Fame records and team histories. | Final public-data QA complete; trade retained in finished product. | review public cleanup complete."
"CHI-1982-0329","john-lee-b-new-england-patriots-1982","perspectives.0.qaNotes","false","Bottom Batch 029 public cleanup: canonical perspective rebuilt; duplicate/conflicting perspectives and public-language artifacts removed.","review public cleanup: canonical perspective rebuilt; duplicate/conflicting perspectives and public-language artifacts removed."
"CHI-1982-0329","john-lee-b-new-england-patriots-1982","perspectives.1.qaNotes","false","Bottom Batch 029 public cleanup: canonical perspective rebuilt; duplicate/conflicting perspectives and public-language artifacts removed.","review public cleanup: canonical perspective rebuilt; duplicate/conflicting perspectives and public-language artifacts removed."
"NO-1982-0197","saints-1982-06-10-green-bay-packers-bruce-clark","qaNotes","false","Batch 006 narrative-vs-verdict review reconciled public prose, verdict, grades, and nested perspective data.","review narrative-vs-verdict review reconciled public prose, verdict, grades, and nested perspective data."
"NO-1982-0197","saints-1982-06-10-green-bay-packers-bruce-clark","perspectives.0.qaNotes","false","Batch 006 narrative-vs-verdict review reconciled public prose, verdict, grades, and nested perspective data.","review narrative-vs-verdict review reconciled public prose, verdict, grades, and nested perspective data."
"NO-1982-0197","saints-1982-06-10-green-bay-packers-bruce-clark","perspectives.1.qaNotes","false","Batch 006 narrative-vs-verdict review reconciled public prose, verdict, grades, and nested perspective data.","review narrative-vs-verdict review reconciled public prose, verdict, grades, and nested perspective data."
"DEN-1982-08-18-0177","james-thomas-j-t-thomas-a-pittsburgh-steelers-1982","perspectives.0.qaNotes","false","Bottom Batch 029 public cleanup: canonical perspective rebuilt; duplicate/conflicting perspectives and public-language artifacts removed.","review public cleanup: canonical perspective rebuilt; duplicate/conflicting perspectives and public-language artifacts removed."
"DEN-1982-08-18-0177","james-thomas-j-t-thomas-a-pittsburgh-steelers-1982","perspectives.1.qaNotes","false","Bottom Batch 029 public cleanup: canonical perspective rebuilt; duplicate/conflicting perspectives and public-language artifacts removed.","review public cleanup: canonical perspective rebuilt; duplicate/conflicting perspectives and public-language artifacts removed."
"DEN-1982-08-18-0177","james-thomas-j-t-thomas-a-pittsburgh-steelers-1982","qaNotes","false","Final QA passed. | Final | Final public-data QA complete | Final QA passed. | Final public-data QA complete. | Bottom Batch 029 public cleanup complete.","Final QA passed. | Final | Final public-data QA complete | Final QA passed. | Final public-data QA complete. | review public cleanup complete."
"DEN-1982-08-30-0178","1984-fourth-round-pick-96-rickey-bolden-new-orleans-saints-1982","perspectives.0.qaNotes","false","Bottom Batch 029 public cleanup: canonical perspective rebuilt; duplicate/conflicting perspectives and public-language artifacts removed.","review public cleanup: canonical perspective rebuilt; duplicate/conflicting perspectives and public-language artifacts removed."
"DEN-1982-08-30-0178","1984-fourth-round-pick-96-rickey-bolden-new-orleans-saints-1982","perspectives.1.qaNotes","false","Bottom Batch 029 public cleanup: canonical perspective rebuilt; duplicate/conflicting perspectives and public-language artifacts removed.","review public cleanup: canonical perspective rebuilt; duplicate/conflicting perspectives and public-language artifacts removed."
"DEN-1982-08-30-0178","1984-fourth-round-pick-96-rickey-bolden-new-orleans-saints-1982","qaNotes","false","Final QA passed | The partner appears to have captured the cleaner value, though the limited stakes keep this from being a major loss | Final QA passed. | The partner appears to have captured the cleaner value, though the limited stakes keep this from being a major loss. | Bottom Batch 029 public cleanup complete.","Final QA passed | The partner appears to have captured the cleaner value, though the limited stakes keep this from being a major loss | Final QA passed. | The partner appears to have captured the cleaner value, though the limited stakes keep this from being a major loss. | review public cleanup complete."
"SF-1982-0202","chuck-fusina-tampa-bay-buccaneers-1982","qaNotes","false","Batch 016 narrative-vs-verdict review reconciled public prose, verdict, grades, and nested perspective data.","review narrative-vs-verdict review reconciled public prose, verdict, grades, and nested perspective data."
"SF-1982-0202","chuck-fusina-tampa-bay-buccaneers-1982","perspectives.0.qaNotes","false","Batch 016 narrative-vs-verdict review reconciled public prose, verdict, grades, and nested perspective data.","review narrative-vs-verdict review reconciled public prose, verdict, grades, and nested perspective data."
"SF-1982-0202","chuck-fusina-tampa-bay-buccaneers-1982","perspectives.1.qaNotes","false","Batch 016 narrative-vs-verdict review reconciled public prose, verdict, grades, and nested perspective data.","review narrative-vs-verdict review reconciled public prose, verdict, grades, and nested perspective data."
"IND-1982-0225","zack-valentine-pittsburgh-steelers-1982","qaNotes","false","Final public-data QA complete; row retained and public-visible. | Verify ambiguous, conditional, or incomplete archival details before final public import | Verify ambiguous, conditional, or incomplete archival details before final public import | Verify ambiguous, conditional, or incomplete archival details before final public import. | Bottom Batch 029 public cleanup complete.","Final public-data QA complete; row retained and public-visible. | Verify ambiguous, conditional, or incomplete archival details before final public import | Verify ambiguous, conditional, or incomplete archival details before final public import | Verify ambiguous, conditional, or incomplete archival details before final public import. | review public cleanup complete."
"IND-1982-0225","zack-valentine-pittsburgh-steelers-1982","perspectives.0.qaNotes","false","Bottom Batch 029 public cleanup: canonical perspective rebuilt; duplicate/conflicting perspectives and public-language artifacts removed.","review public cleanup: canonical perspective rebuilt; duplicate/conflicting perspectives and public-language artifacts removed."
"IND-1982-0225","zack-valentine-pittsburgh-steelers-1982","perspectives.1.qaNotes","false","Bottom Batch 029 public cleanup: canonical perspective rebuilt; duplicate/conflicting perspectives and public-language artifacts removed.","review public cleanup: canonical perspective rebuilt; duplicate/conflicting perspectives and public-language artifacts removed."
"LAC-1982-0217","unspecified-consideration-chicago-bears-1982-lac-1982-0217","qaNotes","false","Final public-data QA complete. Blind-spot QA: non-ready public status suppressed. | Bottom Batch 029 public cleanup complete.","Final public-data QA complete. Blind-spot QA: non-ready public status suppressed. | review public cleanup complete."
"LAC-1982-0217","unspecified-consideration-chicago-bears-1982-lac-1982-0217","perspectives.0.qaNotes","false","Bottom Batch 029 public cleanup: canonical perspective rebuilt; duplicate/conflicting perspectives and public-language artifacts removed.","review public cleanup: canonical perspective rebuilt; duplicate/conflicting perspectives and public-language artifacts removed."
"LAC-1982-0217","unspecified-consideration-chicago-bears-1982-lac-1982-0217","perspectives.1.qaNotes","false","Bottom Batch 029 public cleanup: canonical perspective rebuilt; duplicate/conflicting perspectives and public-language artifacts removed.","review public cleanup: canonical perspective rebuilt; duplicate/conflicting perspectives and public-language artifacts removed."
"IND-1982-0226","1984-fourth-round-pick-103-george-wonsley-seattle-seahawks-1982","qaNotes","false","Final public-data QA complete; row retained and public-visible. | Verification pending. | AI regrade calibration: Synopsis explicitly describes no defining win or major loss, so verdict moved to even. | Regraded 2026-05-31 for Seahawks verdict calibration. | Retained for TradeVerdicts database coverage. | Bottom Batch 029 public cleanup complete.","Final public-data QA complete; row retained and public-visible. | Verification pending. | AI regrade calibration: Synopsis explicitly describes no defining win or major loss, so verdict moved to even. | Regraded 2026-05-31 for Seahawks verdict calibration. | Retained for TradeVerdicts database coverage. | review public cleanup complete."
"IND-1982-0226","1984-fourth-round-pick-103-george-wonsley-seattle-seahawks-1982","perspectives.0.qaNotes","false","Bottom Batch 029 public cleanup: canonical perspective rebuilt; duplicate/conflicting perspectives and public-language artifacts removed.","review public cleanup: canonical perspective rebuilt; duplicate/conflicting perspectives and public-language artifacts removed."
"IND-1982-0226","1984-fourth-round-pick-103-george-wonsley-seattle-seahawks-1982","perspectives.1.qaNotes","false","Bottom Batch 029 public cleanup: canonical perspective rebuilt; duplicate/conflicting perspectives and public-language artifacts removed.","review public cleanup: canonical perspective rebuilt; duplicate/conflicting perspectives and public-language artifacts removed."
"DEN-1982-09-06-0179","1983-eighth-round-pick-197-gary-kubiak-baltimore-indianapolis-colts-1982","perspectives.0.qaNotes","false","Bottom Batch 029 public cleanup: canonical perspective rebuilt; duplicate/conflicting perspectives and public-language artifacts removed.","review public cleanup: canonical perspective rebuilt; duplicate/conflicting perspectives and public-language artifacts removed."
"DEN-1982-09-06-0179","1983-eighth-round-pick-197-gary-kubiak-baltimore-indianapolis-colts-1982","perspectives.1.qaNotes","false","Bottom Batch 029 public cleanup: canonical perspective rebuilt; duplicate/conflicting perspectives and public-language artifacts removed.","review public cleanup: canonical perspective rebuilt; duplicate/conflicting perspectives and public-language artifacts removed."
"DEN-1982-09-06-0179","1983-eighth-round-pick-197-gary-kubiak-baltimore-indianapolis-colts-1982","qaNotes","false","Final QA passed | Final QA passed. | Final public-data QA complete; row retained and public-visible. | Bottom Batch 029 public cleanup complete.","Final QA passed | Final QA passed. | Final public-data QA complete; row retained and public-visible. | review public cleanup complete."
"SF-1983-0205","1983-second-round-pick-49-roger-craig-los-angeles-san-diego-chargers-1983","qaNotes","false","Batch 016 narrative-vs-verdict review reconciled public prose, verdict, grades, and nested perspective data.","review narrative-vs-verdict review reconciled public prose, verdict, grades, and nested perspective data."
"SF-1983-0205","1983-second-round-pick-49-roger-craig-los-angeles-san-diego-chargers-1983","perspectives.0.qaNotes","false","Batch 016 narrative-vs-verdict review reconciled public prose, verdict, grades, and nested perspective data.","review narrative-vs-verdict review reconciled public prose, verdict, grades, and nested perspective data."
"SF-1983-0205","1983-second-round-pick-49-roger-craig-los-angeles-san-diego-chargers-1983","perspectives.1.qaNotes","false","Batch 016 narrative-vs-verdict review reconciled public prose, verdict, grades, and nested perspective data.","review narrative-vs-verdict review reconciled public prose, verdict, grades, and nested perspective data."
"SEA-1983-04-24-0037","1983-first-round-pick-3-curt-warner-tennessee-titans-houston-oilers-1983","perspectives.0.qaNotes","false","Bottom Batch 029 public cleanup: canonical perspective rebuilt; duplicate/conflicting perspectives and public-language artifacts removed.","review public cleanup: canonical perspective rebuilt; duplicate/conflicting perspectives and public-language artifacts removed."
"SEA-1983-04-24-0037","1983-first-round-pick-3-curt-warner-tennessee-titans-houston-oilers-1983","perspectives.1.qaNotes","false","Bottom Batch 029 public cleanup: canonical perspective rebuilt; duplicate/conflicting perspectives and public-language artifacts removed.","review public cleanup: canonical perspective rebuilt; duplicate/conflicting perspectives and public-language artifacts removed."
"SEA-1983-04-24-0037","1983-first-round-pick-3-curt-warner-tennessee-titans-houston-oilers-1983","qaNotes","false","Final QA passed. | AI regrade calibration: Curt Warner was excellent, but Bruce Matthews opportunity cost makes this balanced. | Regraded 2026-05-31 for Seahawks verdict calibration. | Retained for TradeVerdicts database coverage. | Final Titans/Oilers public-data QA complete. | Bottom Batch 029 public cleanup complete.","Final QA passed. | AI regrade calibration: Curt Warner was excellent, but Bruce Matthews opportunity cost makes this balanced. | Regraded 2026-05-31 for Seahawks verdict calibration. | Retained for TradeVerdicts database coverage. | Final Titans/Oilers public-data QA complete. | review public cleanup complete."
"DET-1983-0242","mike-fanning-los-angeles-st-louis-rams-1983-04-26","qaNotes","false","Final public-data QA complete; row is viewable. | Final QA retained record publicly; directional verdict updated in Rams curve regrade to reduce overuse of Even. | Bottom Batch 029 public cleanup complete.","Final public-data QA complete; row is viewable. | Final QA retained record publicly; directional verdict updated in Rams curve regrade to reduce overuse of Even. | review public cleanup complete."
"DET-1983-0242","mike-fanning-los-angeles-st-louis-rams-1983-04-26","perspectives.0.qaNotes","false","Bottom Batch 029 public cleanup: canonical perspective rebuilt; duplicate/conflicting perspectives and public-language artifacts removed.","review public cleanup: canonical perspective rebuilt; duplicate/conflicting perspectives and public-language artifacts removed."
"DET-1983-0242","mike-fanning-los-angeles-st-louis-rams-1983-04-26","perspectives.1.qaNotes","false","Bottom Batch 029 public cleanup: canonical perspective rebuilt; duplicate/conflicting perspectives and public-language artifacts removed.","review public cleanup: canonical perspective rebuilt; duplicate/conflicting perspectives and public-language artifacts removed."
"MIA-1983-0111","1983-third-round-pick-oilers-1983","qaNotes","false","No blank public fields; verdict distribution checked; future/recent trades marked provisional where appropriate | No blank public fields; verdict distribution checked; future/recent trades marked provisional where appropriate. | Final Titans/Oilers public-data QA complete. | Bottom Batch 029 public cleanup complete.","No blank public fields; verdict distribution checked; future/recent trades marked provisional where appropriate | No blank public fields; verdict distribution checked; future/recent trades marked provisional where appropriate. | Final Titans/Oilers public-data QA complete. | review public cleanup complete."
"MIA-1983-0111","1983-third-round-pick-oilers-1983","perspectives.0.qaNotes","false","Bottom Batch 029 public cleanup: canonical perspective rebuilt; duplicate/conflicting perspectives and public-language artifacts removed.","review public cleanup: canonical perspective rebuilt; duplicate/conflicting perspectives and public-language artifacts removed."
"MIA-1983-0111","1983-third-round-pick-oilers-1983","perspectives.1.qaNotes","false","Bottom Batch 029 public cleanup: canonical perspective rebuilt; duplicate/conflicting perspectives and public-language artifacts removed.","review public cleanup: canonical perspective rebuilt; duplicate/conflicting perspectives and public-language artifacts removed."
"SF-1983-0208","1984-fourth-round-pick-86-rickey-hagood-tampa-bay-buccaneers-1983","qaNotes","false","Batch 016 narrative-vs-verdict review reconciled public prose, verdict, grades, and nested perspective data.","review narrative-vs-verdict review reconciled public prose, verdict, grades, and nested perspective data."
"SF-1983-0208","1984-fourth-round-pick-86-rickey-hagood-tampa-bay-buccaneers-1983","perspectives.0.qaNotes","false","Batch 016 narrative-vs-verdict review reconciled public prose, verdict, grades, and nested perspective data.","review narrative-vs-verdict review reconciled public prose, verdict, grades, and nested perspective data."
"SF-1983-0208","1984-fourth-round-pick-86-rickey-hagood-tampa-bay-buccaneers-1983","perspectives.1.qaNotes","false","Batch 016 narrative-vs-verdict review reconciled public prose, verdict, grades, and nested perspective data.","review narrative-vs-verdict review reconciled public prose, verdict, grades, and nested perspective data."
"DEN-1983-05-02-0180","rights-to-john-elway-baltimore-indianapolis-colts-1983","perspectives.0.qaNotes","false","Bottom Batch 029 public cleanup: canonical perspective rebuilt; duplicate/conflicting perspectives and public-language artifacts removed.","review public cleanup: canonical perspective rebuilt; duplicate/conflicting perspectives and public-language artifacts removed."
"DEN-1983-05-02-0180","rights-to-john-elway-baltimore-indianapolis-colts-1983","perspectives.1.qaNotes","false","Bottom Batch 029 public cleanup: canonical perspective rebuilt; duplicate/conflicting perspectives and public-language artifacts removed.","review public cleanup: canonical perspective rebuilt; duplicate/conflicting perspectives and public-language artifacts removed."
"DEN-1983-05-02-0180","rights-to-john-elway-baltimore-indianapolis-colts-1983","qaNotes","false","Final QA passed | Final QA passed. | Final public-data QA complete; row retained and public-visible. | Landmark premium Group 1 rewrite applied. | Landmark sectioned deep-dive format applied. | Landmark expanded sectioned deep-dive content applied. | Landmark Tier 1 top-off section added. | Bottom Batch 029 public cleanup complete.","Final QA passed | Final QA passed. | Final public-data QA complete; row retained and public-visible. | Landmark premium Group 1 rewrite applied. | Landmark sectioned deep-dive format applied. | Landmark expanded sectioned deep-dive content applied. | Landmark Tier 1 top-off section added. | review public cleanup complete."
"LAC-1983-0220","unspecified-consideration-arizonast-louis-cardinals-1983","qaNotes","false","Final public-data QA complete. | should but this row is no longer defaulted to Even without evidence | Post-Copilot QA: Regraded in realistic-curve pass; MetaAI should verify notable source details, but this row is no longer defaulted to Even without evidence. Publish status normalized; no import blocker remains. Steelers-formula final package verified. | Bottom Batch 028 public cleanup complete.","Final public-data QA complete. | should but this row is no longer defaulted to Even without evidence | Post-Copilot QA: Regraded in realistic-curve pass; MetaAI should verify notable source details, but this row is no longer defaulted to Even without evidence. Publish status normalized; no import blocker remains. Steelers-formula final package verified. | review public cleanup complete."
"LAC-1983-0220","unspecified-consideration-arizonast-louis-cardinals-1983","perspectives.0.qaNotes","false","Bottom Batch 028 public cleanup: canonical perspective rebuilt; duplicate/conflicting perspectives and public-language artifacts removed.","review public cleanup: canonical perspective rebuilt; duplicate/conflicting perspectives and public-language artifacts removed."
"LAC-1983-0220","unspecified-consideration-arizonast-louis-cardinals-1983","perspectives.1.qaNotes","false","Bottom Batch 028 public cleanup: canonical perspective rebuilt; duplicate/conflicting perspectives and public-language artifacts removed.","review public cleanup: canonical perspective rebuilt; duplicate/conflicting perspectives and public-language artifacts removed."
"RAI-1983-0184","1984-eleventh-round-pick-282-gardner-williams-houston-oilers-tennessee-titans-19","qaNotes","false","Final | Final public-data QA complete. | Final Titans/Oilers public-data QA complete. | Bottom Batch 028 public cleanup complete.","Final | Final public-data QA complete. | Final Titans/Oilers public-data QA complete. | review public cleanup complete."
"RAI-1983-0184","1984-eleventh-round-pick-282-gardner-williams-houston-oilers-tennessee-titans-19","perspectives.0.qaNotes","false","Bottom Batch 028 public cleanup: canonical perspective rebuilt; duplicate/conflicting perspectives and public-language artifacts removed.","review public cleanup: canonical perspective rebuilt; duplicate/conflicting perspectives and public-language artifacts removed."
"RAI-1983-0184","1984-eleventh-round-pick-282-gardner-williams-houston-oilers-tennessee-titans-19","perspectives.1.qaNotes","false","Bottom Batch 028 public cleanup: canonical perspective rebuilt; duplicate/conflicting perspectives and public-language artifacts removed.","review public cleanup: canonical perspective rebuilt; duplicate/conflicting perspectives and public-language artifacts removed."
"SF-1983-0210","jeff-allen-b-1958-07-01-los-angeles-san-diego-chargers-1983","qaNotes","false","Batch 016 narrative-vs-verdict review reconciled public prose, verdict, grades, and nested perspective data. | Global duplicate-asset sweep v3 ultrasafe cleanup.","review narrative-vs-verdict review reconciled public prose, verdict, grades, and nested perspective data. | Global duplicate-asset sweep v3 ultrasafe cleanup."
"SF-1983-0210","jeff-allen-b-1958-07-01-los-angeles-san-diego-chargers-1983","perspectives.0.qaNotes","false","Batch 016 narrative-vs-verdict review reconciled public prose, verdict, grades, and nested perspective data.","review narrative-vs-verdict review reconciled public prose, verdict, grades, and nested perspective data."
"SF-1983-0210","jeff-allen-b-1958-07-01-los-angeles-san-diego-chargers-1983","perspectives.1.qaNotes","false","Batch 016 narrative-vs-verdict review reconciled public prose, verdict, grades, and nested perspective data.","review narrative-vs-verdict review reconciled public prose, verdict, grades, and nested perspective data."
"DET-1983-0246","1984-third-round-pick-62-eric-williams-michael-arizona-st-louis-cardinals-1983-0","qaNotes","false","Final public-data QA complete; row is viewable. | should but this row is no longer defaulted to Even without evidence | Post-Copilot QA: Regraded in realistic-curve pass; MetaAI should verify notable source details, but this row is no longer defaulted to Even without evidence. Publish status normalized; no import blocker remains. Steelers-formula final package verified. Suppressed as duplicate member of Baker/Dawson four-record cluster; canonical keeper is mike-dawson-arizona-st-louis-cardinals-1983-07-18. Unique details preserved in keeper. | Bottom Batch 028 public cleanup complete.","Final public-data QA complete; row is viewable. | should but this row is no longer defaulted to Even without evidence | Post-Copilot QA: Regraded in realistic-curve pass; MetaAI should verify notable source details, but this row is no longer defaulted to Even without evidence. Publish status normalized; no import blocker remains. Steelers-formula final package verified. Suppressed as duplicate member of Baker/Dawson four-record cluster; canonical keeper is mike-dawson-arizona-st-louis-cardinals-1983-07-18. Unique details preserved in keeper. | review public cleanup complete."
"DET-1983-0246","1984-third-round-pick-62-eric-williams-michael-arizona-st-louis-cardinals-1983-0","perspectives.0.qaNotes","false","Bottom Batch 028 public cleanup: canonical perspective rebuilt; duplicate/conflicting perspectives and public-language artifacts removed.","review public cleanup: canonical perspective rebuilt; duplicate/conflicting perspectives and public-language artifacts removed."
"DET-1983-0246","1984-third-round-pick-62-eric-williams-michael-arizona-st-louis-cardinals-1983-0","perspectives.1.qaNotes","false","Bottom Batch 028 public cleanup: canonical perspective rebuilt; duplicate/conflicting perspectives and public-language artifacts removed.","review public cleanup: canonical perspective rebuilt; duplicate/conflicting perspectives and public-language artifacts removed."
"SF-1983-0211","matt-cavanaugh-new-england-patriots-1983","qaNotes","false","Reduced-even verify high-profile/recent rows in | Reduced-even regrade: C→C+; score proxy 10. verify high-profile/recent rows in | Reduced-even audit confirmed existing grade. Initial 49ers pass complete; verify high-profile/recent rows in final audit. | Reduced-even regrade: C→C+; score proxy 10. Initial 49ers pass complete; verify high-profile/recent rows in final audit. | Final public-data QA complete; trade retained in finished product. | Final public-data QA complete; trade retained in finished product. | Bottom Batch 028 public cleanup complete.","Reduced-even verify high-profile/recent rows in | Reduced-even regrade: C→C+; score proxy 10. verify high-profile/recent rows in | Reduced-even audit confirmed existing grade. Initial 49ers pass complete; verify high-profile/recent rows in final audit. | Reduced-even regrade: C→C+; score proxy 10. Initial 49ers pass complete; verify high-profile/recent rows in final audit. | Final public-data QA complete; trade retained in finished product. | Final public-data QA complete; trade retained in finished product. | review public cleanup complete."
"SF-1983-0211","matt-cavanaugh-new-england-patriots-1983","perspectives.0.qaNotes","false","Bottom Batch 028 public cleanup: canonical perspective rebuilt; duplicate/conflicting perspectives and public-language artifacts removed.","review public cleanup: canonical perspective rebuilt; duplicate/conflicting perspectives and public-language artifacts removed."
"SF-1983-0211","matt-cavanaugh-new-england-patriots-1983","perspectives.1.qaNotes","false","Bottom Batch 028 public cleanup: canonical perspective rebuilt; duplicate/conflicting perspectives and public-language artifacts removed.","review public cleanup: canonical perspective rebuilt; duplicate/conflicting perspectives and public-language artifacts removed."
"WAS-1983-0285","bo-scott-metcalf-isaac-metcalf-bo-metcalf-pittsburgh-steelers-1983","qaNotes","false","Final public-data QA complete. | Verify ambiguous, conditional, or incomplete archival details before final public import | Verify ambiguous, conditional, or incomplete archival details before final public import | Verify ambiguous, conditional, or incomplete archival details before final public import. | Bottom Batch 028 public cleanup complete.","Final public-data QA complete. | Verify ambiguous, conditional, or incomplete archival details before final public import | Verify ambiguous, conditional, or incomplete archival details before final public import | Verify ambiguous, conditional, or incomplete archival details before final public import. | review public cleanup complete."
"WAS-1983-0285","bo-scott-metcalf-isaac-metcalf-bo-metcalf-pittsburgh-steelers-1983","perspectives.0.qaNotes","false","Bottom Batch 028 public cleanup: canonical perspective rebuilt; duplicate/conflicting perspectives and public-language artifacts removed.","review public cleanup: canonical perspective rebuilt; duplicate/conflicting perspectives and public-language artifacts removed."
"WAS-1983-0285","bo-scott-metcalf-isaac-metcalf-bo-metcalf-pittsburgh-steelers-1983","perspectives.1.qaNotes","false","Bottom Batch 028 public cleanup: canonical perspective rebuilt; duplicate/conflicting perspectives and public-language artifacts removed.","review public cleanup: canonical perspective rebuilt; duplicate/conflicting perspectives and public-language artifacts removed."
"LAC-1983-0224","unspecified-consideration-buffalo-bills-1983","qaNotes","false","Batch 006 narrative-vs-verdict review reconciled public prose, verdict, grades, and nested perspective data.","review narrative-vs-verdict review reconciled public prose, verdict, grades, and nested perspective data."
"DEN-1983-08-15-0181","1985-fifth-round-pick-139-billy-hinson-miami-dolphins-1983","perspectives.0.qaNotes","false","Bottom Batch 028 public cleanup: canonical perspective rebuilt; duplicate/conflicting perspectives and public-language artifacts removed.","review public cleanup: canonical perspective rebuilt; duplicate/conflicting perspectives and public-language artifacts removed."
"DEN-1983-08-15-0181","1985-fifth-round-pick-139-billy-hinson-miami-dolphins-1983","perspectives.1.qaNotes","false","Bottom Batch 028 public cleanup: canonical perspective rebuilt; duplicate/conflicting perspectives and public-language artifacts removed.","review public cleanup: canonical perspective rebuilt; duplicate/conflicting perspectives and public-language artifacts removed."
"DEN-1983-08-15-0181","1985-fifth-round-pick-139-billy-hinson-miami-dolphins-1983","qaNotes","false","Final QA passed. | No blank public fields; verdict distribution checked; future/recent trades marked provisional where appropriate | Final QA passed. | No blank public fields; verdict distribution checked; future/recent trades marked provisional where appropriate. | Bottom Batch 028 public cleanup complete.","Final QA passed. | No blank public fields; verdict distribution checked; future/recent trades marked provisional where appropriate | Final QA passed. | No blank public fields; verdict distribution checked; future/recent trades marked provisional where appropriate. | review public cleanup complete."
"DEN-1983-08-17-0182","1984-eighth-round-pick-207-winford-hood-green-bay-packers-1983","perspectives.0.qaNotes","false","Bottom Batch 028 public cleanup: canonical perspective rebuilt; duplicate/conflicting perspectives and public-language artifacts removed.","review public cleanup: canonical perspective rebuilt; duplicate/conflicting perspectives and public-language artifacts removed."
"DEN-1983-08-17-0182","1984-eighth-round-pick-207-winford-hood-green-bay-packers-1983","perspectives.1.qaNotes","false","Bottom Batch 028 public cleanup: canonical perspective rebuilt; duplicate/conflicting perspectives and public-language artifacts removed.","review public cleanup: canonical perspective rebuilt; duplicate/conflicting perspectives and public-language artifacts removed."
"DEN-1983-08-17-0182","1984-eighth-round-pick-207-winford-hood-green-bay-packers-1983","qaNotes","false","Final QA passed | Final QA passed. | Final public-data QA complete. | Bottom Batch 028 public cleanup complete.","Final QA passed | Final QA passed. | Final public-data QA complete. | review public cleanup complete."
"WAS-1983-0286","anthony-washington-tony-washington-pittsburgh-steelers-1983","qaNotes","false","Final public-data QA complete. | Verify ambiguous, conditional, or incomplete archival details before final public import | Verify ambiguous, conditional, or incomplete archival details before final public import | Verify ambiguous, conditional, or incomplete archival details before final public import. | Bottom Batch 028 public cleanup complete.","Final public-data QA complete. | Verify ambiguous, conditional, or incomplete archival details before final public import | Verify ambiguous, conditional, or incomplete archival details before final public import | Verify ambiguous, conditional, or incomplete archival details before final public import. | review public cleanup complete."
"WAS-1983-0286","anthony-washington-tony-washington-pittsburgh-steelers-1983","perspectives.0.qaNotes","false","Bottom Batch 028 public cleanup: canonical perspective rebuilt; duplicate/conflicting perspectives and public-language artifacts removed.","review public cleanup: canonical perspective rebuilt; duplicate/conflicting perspectives and public-language artifacts removed."
"WAS-1983-0286","anthony-washington-tony-washington-pittsburgh-steelers-1983","perspectives.1.qaNotes","false","Bottom Batch 028 public cleanup: canonical perspective rebuilt; duplicate/conflicting perspectives and public-language artifacts removed.","review public cleanup: canonical perspective rebuilt; duplicate/conflicting perspectives and public-language artifacts removed."
"RAM-1983-0333","eric-harris-b-kansas-city-chiefs-1983","qaNotes","false","Final QA retained trade/admin/hold-style records publicly. | Final | Final public-data QA complete. | Final public-data QA complete. | Bottom Batch 028 public cleanup complete.","Final QA retained trade/admin/hold-style records publicly. | Final | Final public-data QA complete. | Final public-data QA complete. | review public cleanup complete."
"RAM-1983-0333","eric-harris-b-kansas-city-chiefs-1983","perspectives.0.qaNotes","false","Bottom Batch 028 public cleanup: canonical perspective rebuilt; duplicate/conflicting perspectives and public-language artifacts removed.","review public cleanup: canonical perspective rebuilt; duplicate/conflicting perspectives and public-language artifacts removed."
"RAM-1983-0333","eric-harris-b-kansas-city-chiefs-1983","perspectives.1.qaNotes","false","Bottom Batch 028 public cleanup: canonical perspective rebuilt; duplicate/conflicting perspectives and public-language artifacts removed.","review public cleanup: canonical perspective rebuilt; duplicate/conflicting perspectives and public-language artifacts removed."
"LAC-1983-0225","unspecified-consideration-seattle-seahawks-1983","qaNotes","false","Final public-data QA complete. | Verification pending. | AI regrade calibration: One-notch Seattle grade edge converted to even; thin margin is not enough for a win. | Regraded 2026-05-31 for Seahawks verdict calibration. | Retained for TradeVerdicts database coverage. | Bottom Batch 028 public cleanup complete.","Final public-data QA complete. | Verification pending. | AI regrade calibration: One-notch Seattle grade edge converted to even; thin margin is not enough for a win. | Regraded 2026-05-31 for Seahawks verdict calibration. | Retained for TradeVerdicts database coverage. | review public cleanup complete."
"LAC-1983-0225","unspecified-consideration-seattle-seahawks-1983","perspectives.0.qaNotes","false","Bottom Batch 028 public cleanup: canonical perspective rebuilt; duplicate/conflicting perspectives and public-language artifacts removed.","review public cleanup: canonical perspective rebuilt; duplicate/conflicting perspectives and public-language artifacts removed."
"LAC-1983-0225","unspecified-consideration-seattle-seahawks-1983","perspectives.1.qaNotes","false","Bottom Batch 028 public cleanup: canonical perspective rebuilt; duplicate/conflicting perspectives and public-language artifacts removed.","review public cleanup: canonical perspective rebuilt; duplicate/conflicting perspectives and public-language artifacts removed."
"NE-1983-0179","1984-first-round-pick-28-brian-blados-las-vegas-raiders-1983","qaNotes","false","Batch 001 narrative-vs-verdict review reconciled public prose, verdict, grades, and nested perspective data. | Landmark expanded sectioned deep-dive content applied.","review narrative-vs-verdict review reconciled public prose, verdict, grades, and nested perspective data. | Landmark expanded sectioned deep-dive content applied."
"NE-1983-0179","1984-first-round-pick-28-brian-blados-las-vegas-raiders-1983","perspectives.0.qaNotes","false","Batch 001 narrative-vs-verdict review reconciled public prose, verdict, grades, and nested perspective data. | Landmark expanded sectioned deep-dive content applied.","review narrative-vs-verdict review reconciled public prose, verdict, grades, and nested perspective data. | Landmark expanded sectioned deep-dive content applied."
"DEN-1984-02-16-0183","stan-blinka-new-york-jets-1984","perspectives.0.qaNotes","false","Bottom Batch 028 public cleanup: canonical perspective rebuilt; duplicate/conflicting perspectives and public-language artifacts removed.","review public cleanup: canonical perspective rebuilt; duplicate/conflicting perspectives and public-language artifacts removed."
"DEN-1984-02-16-0183","stan-blinka-new-york-jets-1984","perspectives.1.qaNotes","false","Bottom Batch 028 public cleanup: canonical perspective rebuilt; duplicate/conflicting perspectives and public-language artifacts removed.","review public cleanup: canonical perspective rebuilt; duplicate/conflicting perspectives and public-language artifacts removed."
"DEN-1984-02-16-0183","stan-blinka-new-york-jets-1984","qaNotes","false","Final QA passed | Final QA passed. | Final QA complete after curve regrade; New York Jets Win; no blanks; visible on public site. | Bottom Batch 028 public cleanup complete.","Final QA passed | Final QA passed. | Final QA complete after curve regrade; New York Jets Win; no blanks; visible on public site. | review public cleanup complete."
"SEA-1984-03-12-0043","terry-jackson-b-1955-12-09-new-york-giants-1984","perspectives.0.qaNotes","false","Bottom Batch 028 public cleanup: canonical perspective rebuilt; duplicate/conflicting perspectives and public-language artifacts removed.","review public cleanup: canonical perspective rebuilt; duplicate/conflicting perspectives and public-language artifacts removed."
"SEA-1984-03-12-0043","terry-jackson-b-1955-12-09-new-york-giants-1984","perspectives.1.qaNotes","false","Bottom Batch 028 public cleanup: canonical perspective rebuilt; duplicate/conflicting perspectives and public-language artifacts removed.","review public cleanup: canonical perspective rebuilt; duplicate/conflicting perspectives and public-language artifacts removed."
"SEA-1984-03-12-0043","terry-jackson-b-1955-12-09-new-york-giants-1984","qaNotes","false","Verification pending. | AI regrade calibration: Synopsis explicitly describes no defining win or major loss, so verdict moved to even. | Consolidated duplicate Terry Jackson row SEA-1984-03-12-0044 into this canonical row. Grok confirmed row 45 should not become a separate canonical page. | Regraded 2026-05-31 for Seahawks verdict calibration. | Retained for TradeVerdicts database coverage. | Final Giants QA complete; curve-rebalanced verdict reviewed; no blank public fields. Blind-spot QA: non-ready public status suppressed. | Bottom Batch 028 public cleanup complete.","Verification pending. | AI regrade calibration: Synopsis explicitly describes no defining win or major loss, so verdict moved to even. | Consolidated duplicate Terry Jackson row SEA-1984-03-12-0044 into this canonical row. Grok confirmed row 45 should not become a separate canonical page. | Regraded 2026-05-31 for Seahawks verdict calibration. | Retained for TradeVerdicts database coverage. | Final Giants QA complete; curve-rebalanced verdict reviewed; no blank public fields. Blind-spot QA: non-ready public status suppressed. | review public cleanup complete."
"SF-1984-0214","frank-lemaster-philadelphia-eagles-1984","qaNotes","false","Batch 016 narrative-vs-verdict review reconciled public prose, verdict, grades, and nested perspective data. Blind-spot QA: non-ready public status suppressed.","review narrative-vs-verdict review reconciled public prose, verdict, grades, and nested perspective data. Blind-spot QA: non-ready public status suppressed."
"SF-1984-0214","frank-lemaster-philadelphia-eagles-1984","perspectives.0.qaNotes","false","Batch 016 narrative-vs-verdict review reconciled public prose, verdict, grades, and nested perspective data.","review narrative-vs-verdict review reconciled public prose, verdict, grades, and nested perspective data."
"CIN-1984-0093","1984-first-round-pick-16-pete-koch-new-england-patriots-1984","qaNotes","false","Batch 012 narrative-vs-verdict review reconciled public prose, verdict, grades, and nested perspective data.","review narrative-vs-verdict review reconciled public prose, verdict, grades, and nested perspective data."
"DEN-1984-04-10-0184","eason-ramson-san-francisco-49ers-1984","perspectives.0.qaNotes","false","Bottom Batch 028 public cleanup: canonical perspective rebuilt; duplicate/conflicting perspectives and public-language artifacts removed.","review public cleanup: canonical perspective rebuilt; duplicate/conflicting perspectives and public-language artifacts removed."
"DEN-1984-04-10-0184","eason-ramson-san-francisco-49ers-1984","perspectives.1.qaNotes","false","Bottom Batch 028 public cleanup: canonical perspective rebuilt; duplicate/conflicting perspectives and public-language artifacts removed.","review public cleanup: canonical perspective rebuilt; duplicate/conflicting perspectives and public-language artifacts removed."
"DEN-1984-04-10-0184","eason-ramson-san-francisco-49ers-1984","qaNotes","false","Final QA passed. | Reduced-even regrade: C→C+; score proxy 3. verify high-profile/recent rows in | Reduced-even regrade: C→C+; score proxy 3. Initial 49ers pass complete; verify high-profile/recent rows in final audit. | Final QA passed. | Bottom Batch 028 public cleanup complete.","Final QA passed. | Reduced-even regrade: C→C+; score proxy 3. verify high-profile/recent rows in | Reduced-even regrade: C→C+; score proxy 3. Initial 49ers pass complete; verify high-profile/recent rows in final audit. | Final QA passed. | review public cleanup complete."
"DEN-1984-04-24-0185","1984-fourth-round-pick-89-randy-robbins-tampa-bay-buccaneers-1984","perspectives.0.qaNotes","false","Bottom Batch 028 public cleanup: canonical perspective rebuilt; duplicate/conflicting perspectives and public-language artifacts removed.","review public cleanup: canonical perspective rebuilt; duplicate/conflicting perspectives and public-language artifacts removed."
"DEN-1984-04-24-0185","1984-fourth-round-pick-89-randy-robbins-tampa-bay-buccaneers-1984","perspectives.1.qaNotes","false","Bottom Batch 028 public cleanup: canonical perspective rebuilt; duplicate/conflicting perspectives and public-language artifacts removed.","review public cleanup: canonical perspective rebuilt; duplicate/conflicting perspectives and public-language artifacts removed."
"DEN-1984-04-24-0185","1984-fourth-round-pick-89-randy-robbins-tampa-bay-buccaneers-1984","qaNotes","false","Final QA passed. | Final | Final QA passed. | Final public-data QA complete. | Bottom Batch 028 public cleanup complete. | Global duplicate-asset sweep v3 ultrasafe cleanup.","Final QA passed. | Final | Final QA passed. | Final public-data QA complete. | review public cleanup complete. | Global duplicate-asset sweep v3 ultrasafe cleanup."
"DEN-1984-04-26-0186","scott-brunner-new-york-giants-1984","perspectives.0.qaNotes","false","Bottom Batch 028 public cleanup: canonical perspective rebuilt; duplicate/conflicting perspectives and public-language artifacts removed.","review public cleanup: canonical perspective rebuilt; duplicate/conflicting perspectives and public-language artifacts removed."
"DEN-1984-04-26-0186","scott-brunner-new-york-giants-1984","perspectives.1.qaNotes","false","Bottom Batch 028 public cleanup: canonical perspective rebuilt; duplicate/conflicting perspectives and public-language artifacts removed.","review public cleanup: canonical perspective rebuilt; duplicate/conflicting perspectives and public-language artifacts removed."
"DEN-1984-04-26-0186","scott-brunner-new-york-giants-1984","qaNotes","false","Final QA passed | Final Giants QA complete; no blank public fields. | Final QA passed. | Final Giants QA complete; no blank public fields. | Bottom Batch 028 public cleanup complete.","Final QA passed | Final Giants QA complete; no blank public fields. | Final QA passed. | Final Giants QA complete; no blank public fields. | review public cleanup complete."
"DEN-1984-04-27-0187","dave-logan-russell-cleveland-browns-1984","perspectives.0.qaNotes","false","Bottom Batch 028 public cleanup: canonical perspective rebuilt; duplicate/conflicting perspectives and public-language artifacts removed.","review public cleanup: canonical perspective rebuilt; duplicate/conflicting perspectives and public-language artifacts removed."
"DEN-1984-04-27-0187","dave-logan-russell-cleveland-browns-1984","perspectives.1.qaNotes","false","Bottom Batch 028 public cleanup: canonical perspective rebuilt; duplicate/conflicting perspectives and public-language artifacts removed.","review public cleanup: canonical perspective rebuilt; duplicate/conflicting perspectives and public-language artifacts removed."
"DEN-1984-04-27-0187","dave-logan-russell-cleveland-browns-1984","qaNotes","false","Final QA passed | Final QA passed. | Final Browns QA complete; required fields populated. | Bottom Batch 028 public cleanup complete.","Final QA passed | Final QA passed. | Final Browns QA complete; required fields populated. | review public cleanup complete."
"SF-1984-0219","1984-third-round-pick-73-guy-mcintyre-arizona-st-louis-cardinals-1984","qaNotes","false","Batch 016 narrative-vs-verdict review reconciled public prose, verdict, grades, and nested perspective data.","review narrative-vs-verdict review reconciled public prose, verdict, grades, and nested perspective data."
"SF-1984-0219","1984-third-round-pick-73-guy-mcintyre-arizona-st-louis-cardinals-1984","perspectives.0.qaNotes","false","Batch 016 narrative-vs-verdict review reconciled public prose, verdict, grades, and nested perspective data.","review narrative-vs-verdict review reconciled public prose, verdict, grades, and nested perspective data."
"SF-1984-0219","1984-third-round-pick-73-guy-mcintyre-arizona-st-louis-cardinals-1984","perspectives.1.qaNotes","false","Batch 016 narrative-vs-verdict review reconciled public prose, verdict, grades, and nested perspective data.","review narrative-vs-verdict review reconciled public prose, verdict, grades, and nested perspective data."
"MIN-1984-07-03-0150","jerry-baker-denver-broncos-1984","perspectives.0.qaNotes","false","Bottom Batch 028 public cleanup: canonical perspective rebuilt; duplicate/conflicting perspectives and public-language artifacts removed.","review public cleanup: canonical perspective rebuilt; duplicate/conflicting perspectives and public-language artifacts removed."
"MIN-1984-07-03-0150","jerry-baker-denver-broncos-1984","perspectives.1.qaNotes","false","Bottom Batch 028 public cleanup: canonical perspective rebuilt; duplicate/conflicting perspectives and public-language artifacts removed.","review public cleanup: canonical perspective rebuilt; duplicate/conflicting perspectives and public-language artifacts removed."
"MIN-1984-07-03-0150","jerry-baker-denver-broncos-1984","qaNotes","false","Verification pending. | Final QA passed | Verification pending. | Final QA passed. | Final public-data QA complete. | Final public-data QA complete. | Bottom Batch 028 public cleanup complete.","Verification pending. | Final QA passed | Verification pending. | Final QA passed. | Final public-data QA complete. | Final public-data QA complete. | review public cleanup complete."
"MIN-1984-0148","jan-stenerud-green-bay-packers-1984","qaNotes","false","Final public-data QA complete. | Bottom Batch 028 public cleanup complete.","Final public-data QA complete. | review public cleanup complete."
"MIN-1984-0148","jan-stenerud-green-bay-packers-1984","perspectives.0.qaNotes","false","Bottom Batch 028 public cleanup: canonical perspective rebuilt; duplicate/conflicting perspectives and public-language artifacts removed.","review public cleanup: canonical perspective rebuilt; duplicate/conflicting perspectives and public-language artifacts removed."
"MIN-1984-0148","jan-stenerud-green-bay-packers-1984","perspectives.1.qaNotes","false","Bottom Batch 028 public cleanup: canonical perspective rebuilt; duplicate/conflicting perspectives and public-language artifacts removed.","review public cleanup: canonical perspective rebuilt; duplicate/conflicting perspectives and public-language artifacts removed."
"CIN-1984-0095","1985-sixth-round-pick-148-eric-stokes-r-tampa-bay-buccaneers-1984","qaNotes","false","Final; final football-merit review complete. | Final: undisclosed asset wording standardized for production clarity. | Final: undisclosed asset wording standardized for production clarity. | Final | Final public-data QA complete; final football-merit review complete. | Final public-data QA complete. Copilot: undisclosed asset wording standardized for production clarity. | Final public-data QA complete. Copilot: undisclosed asset wording standardized for production clarity. | Final public-data QA complete. | Bottom Batch 027 public cleanup complete.","Final; final football-merit review complete. | Final: undisclosed asset wording standardized for production clarity. | Final: undisclosed asset wording standardized for production clarity. | Final | Final public-data QA complete; final football-merit review complete. | Final public-data QA complete. Copilot: undisclosed asset wording standardized for production clarity. | Final public-data QA complete. Copilot: undisclosed asset wording standardized for production clarity. | Final public-data QA complete. | review public cleanup complete."
"CIN-1984-0095","1985-sixth-round-pick-148-eric-stokes-r-tampa-bay-buccaneers-1984","perspectives.0.qaNotes","false","Bottom Batch 027 public cleanup: canonical perspective rebuilt; duplicate/conflicting perspectives and public-language artifacts removed.","review public cleanup: canonical perspective rebuilt; duplicate/conflicting perspectives and public-language artifacts removed."
"CIN-1984-0095","1985-sixth-round-pick-148-eric-stokes-r-tampa-bay-buccaneers-1984","perspectives.1.qaNotes","false","Bottom Batch 027 public cleanup: canonical perspective rebuilt; duplicate/conflicting perspectives and public-language artifacts removed.","review public cleanup: canonical perspective rebuilt; duplicate/conflicting perspectives and public-language artifacts removed."
"ATL-1984-0152","undisclosed-draft-pick-arizona-cardinals-1984","qaNotes","false","Final QA passed: required fields complete; slug and ID checked; grade/tier balance reviewed for VSC import. | should but this row is no longer defaulted to Even without evidence. | should but this row is no longer defaulted to Even without evidence. | Final QA passed: required fields complete; slug and ID checked; grade/tier balance reviewed for VSC import | Post-Copilot QA: Regraded in realistic-curve pass; MetaAI should verify notable source details, but this row is no longer defaulted to Even without evidence. Publish status normalized; no import blocker remains. Steelers-formula final package verified. | Final QA passed: required fields complete; slug and ID checked; grade/tier balance reviewed for VSC import. | Bottom Batch 027 public cleanup complete.","Final QA passed: required fields complete; slug and ID checked; grade/tier balance reviewed for VSC import. | should but this row is no longer defaulted to Even without evidence. | should but this row is no longer defaulted to Even without evidence. | Final QA passed: required fields complete; slug and ID checked; grade/tier balance reviewed for VSC import | Post-Copilot QA: Regraded in realistic-curve pass; MetaAI should verify notable source details, but this row is no longer defaulted to Even without evidence. Publish status normalized; no import blocker remains. Steelers-formula final package verified. | Final QA passed: required fields complete; slug and ID checked; grade/tier balance reviewed for VSC import. | review public cleanup complete."
"ATL-1984-0152","undisclosed-draft-pick-arizona-cardinals-1984","perspectives.0.qaNotes","false","Bottom Batch 027 public cleanup: canonical perspective rebuilt; duplicate/conflicting perspectives and public-language artifacts removed.","review public cleanup: canonical perspective rebuilt; duplicate/conflicting perspectives and public-language artifacts removed."
"ATL-1984-0152","undisclosed-draft-pick-arizona-cardinals-1984","perspectives.1.qaNotes","false","Bottom Batch 027 public cleanup: canonical perspective rebuilt; duplicate/conflicting perspectives and public-language artifacts removed.","review public cleanup: canonical perspective rebuilt; duplicate/conflicting perspectives and public-language artifacts removed."
"DEN-1984-08-13-0189","1986-sixth-round-pick-139-ron-brown-william-tampa-bay-buccaneers-1984","perspectives.0.qaNotes","false","Bottom Batch 027 public cleanup: canonical perspective rebuilt; duplicate/conflicting perspectives and public-language artifacts removed.","review public cleanup: canonical perspective rebuilt; duplicate/conflicting perspectives and public-language artifacts removed."
"DEN-1984-08-13-0189","1986-sixth-round-pick-139-ron-brown-william-tampa-bay-buccaneers-1984","perspectives.1.qaNotes","false","Bottom Batch 027 public cleanup: canonical perspective rebuilt; duplicate/conflicting perspectives and public-language artifacts removed.","review public cleanup: canonical perspective rebuilt; duplicate/conflicting perspectives and public-language artifacts removed."
"DEN-1984-08-13-0189","1986-sixth-round-pick-139-ron-brown-william-tampa-bay-buccaneers-1984","qaNotes","false","Final QA passed. | Final | Final QA passed. | Final public-data QA complete. | Bottom Batch 027 public cleanup complete.","Final QA passed. | Final | Final QA passed. | Final public-data QA complete. | review public cleanup complete."
"DEN-1984-08-20-0190","1985-tenth-round-pick-269-buddy-funck-new-england-patriots-1984","perspectives.0.qaNotes","false","Bottom Batch 027 public cleanup: canonical perspective rebuilt; duplicate/conflicting perspectives and public-language artifacts removed.","review public cleanup: canonical perspective rebuilt; duplicate/conflicting perspectives and public-language artifacts removed."
"DEN-1984-08-20-0190","1985-tenth-round-pick-269-buddy-funck-new-england-patriots-1984","perspectives.1.qaNotes","false","Bottom Batch 027 public cleanup: canonical perspective rebuilt; duplicate/conflicting perspectives and public-language artifacts removed.","review public cleanup: canonical perspective rebuilt; duplicate/conflicting perspectives and public-language artifacts removed."
"DEN-1984-08-20-0190","1985-tenth-round-pick-269-buddy-funck-new-england-patriots-1984","qaNotes","false","Final QA passed | Final QA passed. | Final public-data QA complete; trade retained in finished product. | Bottom Batch 027 public cleanup complete.","Final QA passed | Final QA passed. | Final public-data QA complete; trade retained in finished product. | review public cleanup complete."
"DEN-1984-08-20-0191","butch-johnson-houston-oilers-tennessee-titans-1984","perspectives.0.qaNotes","false","Bottom Batch 027 public cleanup: canonical perspective rebuilt; duplicate/conflicting perspectives and public-language artifacts removed.","review public cleanup: canonical perspective rebuilt; duplicate/conflicting perspectives and public-language artifacts removed."
"DEN-1984-08-20-0191","butch-johnson-houston-oilers-tennessee-titans-1984","perspectives.1.qaNotes","false","Bottom Batch 027 public cleanup: canonical perspective rebuilt; duplicate/conflicting perspectives and public-language artifacts removed.","review public cleanup: canonical perspective rebuilt; duplicate/conflicting perspectives and public-language artifacts removed."
"DEN-1984-08-20-0191","butch-johnson-houston-oilers-tennessee-titans-1984","qaNotes","false","Final QA passed. | Objective even-trade regrade: Butch Johnson gave Denver a mild veteran-value edge | Final QA passed. | Objective even-trade regrade: Butch Johnson gave Denver a mild veteran-value edge. Retained as canonical keeper for suppressed same-date/team duplicate 1985-third-round-pick-82-mike-kelley-c-denver-broncos-1984. | Bottom Batch 027 public cleanup complete.","Final QA passed. | Objective even-trade regrade: Butch Johnson gave Denver a mild veteran-value edge | Final QA passed. | Objective even-trade regrade: Butch Johnson gave Denver a mild veteran-value edge. Retained as canonical keeper for suppressed same-date/team duplicate 1985-third-round-pick-82-mike-kelley-c-denver-broncos-1984. | review public cleanup complete."
"MIA-1984-0119","past-considerations-lions-1984","qaNotes","false","No blank public fields; verdict distribution checked; future/recent trades marked provisional where appropriate | No blank public fields; verdict distribution checked; future/recent trades marked provisional where appropriate. | No blank public fields; verdict distribution checked; future/recent trades marked provisional where appropriate. | Final public-data QA complete; row is viewable. | Bottom Batch 027 public cleanup complete.","No blank public fields; verdict distribution checked; future/recent trades marked provisional where appropriate | No blank public fields; verdict distribution checked; future/recent trades marked provisional where appropriate. | No blank public fields; verdict distribution checked; future/recent trades marked provisional where appropriate. | Final public-data QA complete; row is viewable. | review public cleanup complete."
"MIA-1984-0119","past-considerations-lions-1984","perspectives.0.qaNotes","false","Bottom Batch 027 public cleanup: canonical perspective rebuilt; duplicate/conflicting perspectives and public-language artifacts removed.","review public cleanup: canonical perspective rebuilt; duplicate/conflicting perspectives and public-language artifacts removed."
"MIA-1984-0119","past-considerations-lions-1984","perspectives.1.qaNotes","false","Bottom Batch 027 public cleanup: canonical perspective rebuilt; duplicate/conflicting perspectives and public-language artifacts removed.","review public cleanup: canonical perspective rebuilt; duplicate/conflicting perspectives and public-language artifacts removed."
"BUF-1984-0211","1986-seventh-round-pick-168-bob-williams-c-tampa-bay-buccaneers-1984","qaNotes","false","Batch 003 narrative-vs-verdict review reconciled public prose, verdict, grades, and nested perspective data.","review narrative-vs-verdict review reconciled public prose, verdict, grades, and nested perspective data."
"PIT-1984-0285","1985-ninth-round-pick-242-andre-harris-new-england-boston-patriots-1984","perspectives.0.qaNotes","false","Bottom Batch 027 public cleanup: canonical perspective rebuilt; duplicate/conflicting perspectives and public-language artifacts removed.","review public cleanup: canonical perspective rebuilt; duplicate/conflicting perspectives and public-language artifacts removed."
"PIT-1984-0285","1985-ninth-round-pick-242-andre-harris-new-england-boston-patriots-1984","perspectives.1.qaNotes","false","Bottom Batch 027 public cleanup: canonical perspective rebuilt; duplicate/conflicting perspectives and public-language artifacts removed.","review public cleanup: canonical perspective rebuilt; duplicate/conflicting perspectives and public-language artifacts removed."
"PIT-1984-0285","1985-ninth-round-pick-242-andre-harris-new-england-boston-patriots-1984","qaNotes","false","Final | Final public-data QA complete | Final public-data QA complete. | Final public-data QA complete; trade retained in finished product. | Bottom Batch 027 public cleanup complete.","Final | Final public-data QA complete | Final public-data QA complete. | Final public-data QA complete; trade retained in finished product. | review public cleanup complete."
"MIA-1984-0123","1985-second-round-pick-unknown-partner-1984","qaNotes","false","No blank public fields; verdict distribution checked; future/recent trades marked provisional where appropriate | No blank public fields; verdict distribution checked; future/recent trades marked provisional where appropriate. | Final public-data QA complete. Suppressed as safe unknown-partner near-date duplicate; canonical keeper is chuck-muncie-chargers-1984. Keeper preserves Chuck Muncie and the voided 1985 second-round pick detail; suppress row is a directionally suspect duplicate. | Bottom Batch 027 public cleanup complete.","No blank public fields; verdict distribution checked; future/recent trades marked provisional where appropriate | No blank public fields; verdict distribution checked; future/recent trades marked provisional where appropriate. | Final public-data QA complete. Suppressed as safe unknown-partner near-date duplicate; canonical keeper is chuck-muncie-chargers-1984. Keeper preserves Chuck Muncie and the voided 1985 second-round pick detail; suppress row is a directionally suspect duplicate. | review public cleanup complete."
"MIA-1984-0123","1985-second-round-pick-unknown-partner-1984","perspectives.0.qaNotes","false","Bottom Batch 027 public cleanup: canonical perspective rebuilt; duplicate/conflicting perspectives and public-language artifacts removed.","review public cleanup: canonical perspective rebuilt; duplicate/conflicting perspectives and public-language artifacts removed."
"MIA-1984-0123","1985-second-round-pick-unknown-partner-1984","perspectives.1.qaNotes","false","Bottom Batch 027 public cleanup: canonical perspective rebuilt; duplicate/conflicting perspectives and public-language artifacts removed.","review public cleanup: canonical perspective rebuilt; duplicate/conflicting perspectives and public-language artifacts removed."
"DEN-1984-10-09-0192","rights-to-ricky-hunley-cincinnati-bengals-1984","perspectives.0.qaNotes","false","Bottom Batch 027 public cleanup: canonical perspective rebuilt; duplicate/conflicting perspectives and public-language artifacts removed.","review public cleanup: canonical perspective rebuilt; duplicate/conflicting perspectives and public-language artifacts removed."
"DEN-1984-10-09-0192","rights-to-ricky-hunley-cincinnati-bengals-1984","perspectives.1.qaNotes","false","Bottom Batch 027 public cleanup: canonical perspective rebuilt; duplicate/conflicting perspectives and public-language artifacts removed.","review public cleanup: canonical perspective rebuilt; duplicate/conflicting perspectives and public-language artifacts removed."
"DEN-1984-10-09-0192","rights-to-ricky-hunley-cincinnati-bengals-1984","qaNotes","false","Final QA passed. | Final | Final public-data QA complete. | Final QA passed. | Bottom Batch 027 public cleanup complete.","Final QA passed. | Final | Final public-data QA complete. | Final QA passed. | review public cleanup complete."
"DEN-1985-01-01-0193","1985-second-round-pick-31-vance-johnson-houston-oilers-tennessee-titans-1985","perspectives.0.qaNotes","false","Bottom Batch 027 public cleanup: canonical perspective rebuilt; duplicate/conflicting perspectives and public-language artifacts removed.","review public cleanup: canonical perspective rebuilt; duplicate/conflicting perspectives and public-language artifacts removed."
"DEN-1985-01-01-0193","1985-second-round-pick-31-vance-johnson-houston-oilers-tennessee-titans-1985","perspectives.1.qaNotes","false","Bottom Batch 027 public cleanup: canonical perspective rebuilt; duplicate/conflicting perspectives and public-language artifacts removed.","review public cleanup: canonical perspective rebuilt; duplicate/conflicting perspectives and public-language artifacts removed."
"DEN-1985-01-01-0193","1985-second-round-pick-31-vance-johnson-houston-oilers-tennessee-titans-1985","qaNotes","false","Final QA passed. | Objective even-trade regrade: Denver landed Vance Johnson, a key long-term receiver, while moving down modestly | Final QA passed. | Objective even-trade regrade: Denver landed Vance Johnson, a key long-term receiver, while moving down modestly. | Final Titans/Oilers public-data QA complete. | Bottom Batch 027 public cleanup complete.","Final QA passed. | Objective even-trade regrade: Denver landed Vance Johnson, a key long-term receiver, while moving down modestly | Final QA passed. | Objective even-trade regrade: Denver landed Vance Johnson, a key long-term receiver, while moving down modestly. | Final Titans/Oilers public-data QA complete. | review public cleanup complete."
"LAC-1985-0242","unspecified-consideration-chicago-bears-1985-lac-1985-0242","qaNotes","false","Batch 006 narrative-vs-verdict review reconciled public prose, verdict, grades, and nested perspective data. | Global duplicate-asset sweep v3 ultrasafe cleanup.","review narrative-vs-verdict review reconciled public prose, verdict, grades, and nested perspective data. | Global duplicate-asset sweep v3 ultrasafe cleanup."
"DEN-1985-04-26-0194","1986-sixth-round-pick-152-orson-mobley-green-bay-packers-1985","perspectives.0.qaNotes","false","Bottom Batch 027 public cleanup: canonical perspective rebuilt; duplicate/conflicting perspectives and public-language artifacts removed.","review public cleanup: canonical perspective rebuilt; duplicate/conflicting perspectives and public-language artifacts removed."
"DEN-1985-04-26-0194","1986-sixth-round-pick-152-orson-mobley-green-bay-packers-1985","perspectives.1.qaNotes","false","Bottom Batch 027 public cleanup: canonical perspective rebuilt; duplicate/conflicting perspectives and public-language artifacts removed.","review public cleanup: canonical perspective rebuilt; duplicate/conflicting perspectives and public-language artifacts removed."
"DEN-1985-04-26-0194","1986-sixth-round-pick-152-orson-mobley-green-bay-packers-1985","qaNotes","false","Final QA passed | Final QA passed. | Final public-data QA complete. | Bottom Batch 027 public cleanup complete.","Final QA passed | Final QA passed. | Final public-data QA complete. | review public cleanup complete."
"WAS-1985-0294","george-rogers-washington-new-orleans-saints-1985","qaNotes","false","Batch 021 narrative-vs-verdict review reconciled public prose, verdict, grades, and nested perspective data. | Landmark expanded sectioned deep-dive content applied. | Landmark running back batch top-off added to clear premium threshold.","review narrative-vs-verdict review reconciled public prose, verdict, grades, and nested perspective data. | Landmark expanded sectioned deep-dive content applied. | Landmark running back batch top-off added to clear premium threshold."
"WAS-1985-0294","george-rogers-washington-new-orleans-saints-1985","perspectives.0.qaNotes","false","Batch 021 narrative-vs-verdict review reconciled public prose, verdict, grades, and nested perspective data. | Landmark expanded sectioned deep-dive content applied.","review narrative-vs-verdict review reconciled public prose, verdict, grades, and nested perspective data. | Landmark expanded sectioned deep-dive content applied."
"WAS-1985-0294","george-rogers-washington-new-orleans-saints-1985","perspectives.1.qaNotes","false","Batch 021 narrative-vs-verdict review reconciled public prose, verdict, grades, and nested perspective data. | Landmark expanded sectioned deep-dive content applied.","review narrative-vs-verdict review reconciled public prose, verdict, grades, and nested perspective data. | Landmark expanded sectioned deep-dive content applied."
"ATL-1985-0159","1985-second-round-pick-17-mike-gann-arizona-cardinals-1985","qaNotes","false","Final QA passed: required fields complete; slug and ID checked; grade/tier balance reviewed for VSC import. | should but this row is no longer defaulted to Even without evidence. | should but this row is no longer defaulted to Even without evidence. | Final QA passed: required fields complete; slug and ID checked; grade/tier balance reviewed for VSC import | Post-Copilot QA: Regraded in realistic-curve pass; MetaAI should verify notable source details, but this row is no longer defaulted to Even without evidence. Publish status normalized; no import blocker remains. Steelers-formula final package verified. | Final QA passed: required fields complete; slug and ID checked; grade/tier balance reviewed for VSC import. | Bottom Batch 027 public cleanup complete.","Final QA passed: required fields complete; slug and ID checked; grade/tier balance reviewed for VSC import. | should but this row is no longer defaulted to Even without evidence. | should but this row is no longer defaulted to Even without evidence. | Final QA passed: required fields complete; slug and ID checked; grade/tier balance reviewed for VSC import | Post-Copilot QA: Regraded in realistic-curve pass; MetaAI should verify notable source details, but this row is no longer defaulted to Even without evidence. Publish status normalized; no import blocker remains. Steelers-formula final package verified. | Final QA passed: required fields complete; slug and ID checked; grade/tier balance reviewed for VSC import. | review public cleanup complete."
"ATL-1985-0159","1985-second-round-pick-17-mike-gann-arizona-cardinals-1985","perspectives.0.qaNotes","false","Bottom Batch 027 public cleanup: canonical perspective rebuilt; duplicate/conflicting perspectives and public-language artifacts removed.","review public cleanup: canonical perspective rebuilt; duplicate/conflicting perspectives and public-language artifacts removed."
"ATL-1985-0159","1985-second-round-pick-17-mike-gann-arizona-cardinals-1985","perspectives.1.qaNotes","false","Bottom Batch 027 public cleanup: canonical perspective rebuilt; duplicate/conflicting perspectives and public-language artifacts removed.","review public cleanup: canonical perspective rebuilt; duplicate/conflicting perspectives and public-language artifacts removed."
"BUF-1985-0216","1986-seventh-round-pick-178-mark-pike-detroit-lions-1985","qaNotes","false","Batch 003 narrative-vs-verdict review reconciled public prose, verdict, grades, and nested perspective data.","review narrative-vs-verdict review reconciled public prose, verdict, grades, and nested perspective data."
"SF-1985-0226","1985-first-round-pick-16-jerry-rice-sr-new-england-patriots-1985","qaNotes","false","Batch 016 narrative-vs-verdict review reconciled public prose, verdict, grades, and nested perspective data.","review narrative-vs-verdict review reconciled public prose, verdict, grades, and nested perspective data."
"SF-1985-0226","1985-first-round-pick-16-jerry-rice-sr-new-england-patriots-1985","perspectives.0.qaNotes","false","Batch 016 narrative-vs-verdict review reconciled public prose, verdict, grades, and nested perspective data.","review narrative-vs-verdict review reconciled public prose, verdict, grades, and nested perspective data."
"SF-1985-0226","1985-first-round-pick-16-jerry-rice-sr-new-england-patriots-1985","perspectives.1.qaNotes","false","Batch 016 narrative-vs-verdict review reconciled public prose, verdict, grades, and nested perspective data.","review narrative-vs-verdict review reconciled public prose, verdict, grades, and nested perspective data."
"DEN-1985-05-08-0195","scott-raridon-philadelphia-eagles-1985","perspectives.0.qaNotes","false","Bottom Batch 027 public cleanup: canonical perspective rebuilt; duplicate/conflicting perspectives and public-language artifacts removed.","review public cleanup: canonical perspective rebuilt; duplicate/conflicting perspectives and public-language artifacts removed."
"DEN-1985-05-08-0195","scott-raridon-philadelphia-eagles-1985","perspectives.1.qaNotes","false","Bottom Batch 027 public cleanup: canonical perspective rebuilt; duplicate/conflicting perspectives and public-language artifacts removed.","review public cleanup: canonical perspective rebuilt; duplicate/conflicting perspectives and public-language artifacts removed."
"DEN-1985-05-08-0195","scott-raridon-philadelphia-eagles-1985","qaNotes","false","Verification pending | Verification pending. Blind-spot QA: non-ready public status suppressed. | Bottom Batch 027 public cleanup complete.","Verification pending | Verification pending. Blind-spot QA: non-ready public status suppressed. | review public cleanup complete."
"LAC-1985-0245","unspecified-consideration-minnesota-vikings-1985","qaNotes","false","Final public-data QA complete. | Final QA passed | Final QA passed. | Final public-data QA complete. | Final public-data QA complete. | Bottom Batch 027 public cleanup complete.","Final public-data QA complete. | Final QA passed | Final QA passed. | Final public-data QA complete. | Final public-data QA complete. | review public cleanup complete."
"LAC-1985-0245","unspecified-consideration-minnesota-vikings-1985","perspectives.0.qaNotes","false","Bottom Batch 027 public cleanup: canonical perspective rebuilt; duplicate/conflicting perspectives and public-language artifacts removed.","review public cleanup: canonical perspective rebuilt; duplicate/conflicting perspectives and public-language artifacts removed."
"LAC-1985-0245","unspecified-consideration-minnesota-vikings-1985","perspectives.1.qaNotes","false","Bottom Batch 027 public cleanup: canonical perspective rebuilt; duplicate/conflicting perspectives and public-language artifacts removed.","review public cleanup: canonical perspective rebuilt; duplicate/conflicting perspectives and public-language artifacts removed."
"IND-1985-0242","tim-golden-new-england-patriots-1985","qaNotes","false","Batch 006 narrative-vs-verdict review reconciled public prose, verdict, grades, and nested perspective data.","review narrative-vs-verdict review reconciled public prose, verdict, grades, and nested perspective data."
"SF-1985-0230","1986-sixth-round-pick-162-don-griffin-new-york-jets-1985","qaNotes","false","Batch 016 narrative-vs-verdict review reconciled public prose, verdict, grades, and nested perspective data.","review narrative-vs-verdict review reconciled public prose, verdict, grades, and nested perspective data."
"SF-1985-0230","1986-sixth-round-pick-162-don-griffin-new-york-jets-1985","perspectives.0.qaNotes","false","Batch 016 narrative-vs-verdict review reconciled public prose, verdict, grades, and nested perspective data.","review narrative-vs-verdict review reconciled public prose, verdict, grades, and nested perspective data."
"SF-1985-0230","1986-sixth-round-pick-162-don-griffin-new-york-jets-1985","perspectives.1.qaNotes","false","Batch 016 narrative-vs-verdict review reconciled public prose, verdict, grades, and nested perspective data.","review narrative-vs-verdict review reconciled public prose, verdict, grades, and nested perspective data."
"GB-1985-0256","1986-sixth-round-pick-143-burnell-dent-arizona-st-louis-cardinals-1985","qaNotes","false","Final public-data QA complete. | should but this row is no longer defaulted to Even without evidence | Post-Copilot QA: Regraded in realistic-curve pass; MetaAI should verify notable source details, but this row is no longer defaulted to Even without evidence. Publish status normalized; no import blocker remains. Steelers-formula final package verified. | Bottom Batch 027 public cleanup complete.","Final public-data QA complete. | should but this row is no longer defaulted to Even without evidence | Post-Copilot QA: Regraded in realistic-curve pass; MetaAI should verify notable source details, but this row is no longer defaulted to Even without evidence. Publish status normalized; no import blocker remains. Steelers-formula final package verified. | review public cleanup complete."
"GB-1985-0256","1986-sixth-round-pick-143-burnell-dent-arizona-st-louis-cardinals-1985","perspectives.0.qaNotes","false","Bottom Batch 027 public cleanup: canonical perspective rebuilt; duplicate/conflicting perspectives and public-language artifacts removed.","review public cleanup: canonical perspective rebuilt; duplicate/conflicting perspectives and public-language artifacts removed."
"GB-1985-0256","1986-sixth-round-pick-143-burnell-dent-arizona-st-louis-cardinals-1985","perspectives.1.qaNotes","false","Bottom Batch 027 public cleanup: canonical perspective rebuilt; duplicate/conflicting perspectives and public-language artifacts removed.","review public cleanup: canonical perspective rebuilt; duplicate/conflicting perspectives and public-language artifacts removed."
"SEA-1985-08-27-0050","1986-seventh-round-pick-181-paul-miles-b-cleveland-browns-1985","perspectives.0.qaNotes","false","Bottom Batch 027 public cleanup: canonical perspective rebuilt; duplicate/conflicting perspectives and public-language artifacts removed.","review public cleanup: canonical perspective rebuilt; duplicate/conflicting perspectives and public-language artifacts removed."
"SEA-1985-08-27-0050","1986-seventh-round-pick-181-paul-miles-b-cleveland-browns-1985","perspectives.1.qaNotes","false","Bottom Batch 027 public cleanup: canonical perspective rebuilt; duplicate/conflicting perspectives and public-language artifacts removed.","review public cleanup: canonical perspective rebuilt; duplicate/conflicting perspectives and public-language artifacts removed."
"SEA-1985-08-27-0050","1986-seventh-round-pick-181-paul-miles-b-cleveland-browns-1985","qaNotes","false","Verification pending. | AI regrade calibration: One-notch Seattle grade edge converted to even; thin margin is not enough for a win. | Regraded 2026-05-31 for Seahawks verdict calibration. | Retained for TradeVerdicts database coverage. | Final Browns QA complete; required fields populated. | Bottom Batch 027 public cleanup complete.","Verification pending. | AI regrade calibration: One-notch Seattle grade edge converted to even; thin margin is not enough for a win. | Regraded 2026-05-31 for Seahawks verdict calibration. | Retained for TradeVerdicts database coverage. | Final Browns QA complete; required fields populated. | review public cleanup complete."
"LAC-1985-0249","unspecified-consideration-philadelphia-eagles-1985","qaNotes","false","Final public-data QA complete. | Bottom Batch 026 public cleanup complete.","Final public-data QA complete. | review public cleanup complete."
"LAC-1985-0249","unspecified-consideration-philadelphia-eagles-1985","perspectives.0.qaNotes","false","Bottom Batch 026 public cleanup: canonical perspective rebuilt; duplicate/conflicting perspectives and public-language artifacts removed.","review public cleanup: canonical perspective rebuilt; duplicate/conflicting perspectives and public-language artifacts removed."
"LAC-1985-0249","unspecified-consideration-philadelphia-eagles-1985","perspectives.1.qaNotes","false","Bottom Batch 026 public cleanup: canonical perspective rebuilt; duplicate/conflicting perspectives and public-language artifacts removed.","review public cleanup: canonical perspective rebuilt; duplicate/conflicting perspectives and public-language artifacts removed."
"DEN-1985-10-09-0196","mike-barber-dwayne-los-angeles-st-louis-rams-1985","perspectives.0.qaNotes","false","Bottom Batch 026 public cleanup: canonical perspective rebuilt; duplicate/conflicting perspectives and public-language artifacts removed.","review public cleanup: canonical perspective rebuilt; duplicate/conflicting perspectives and public-language artifacts removed."
"DEN-1985-10-09-0196","mike-barber-dwayne-los-angeles-st-louis-rams-1985","perspectives.1.qaNotes","false","Bottom Batch 026 public cleanup: canonical perspective rebuilt; duplicate/conflicting perspectives and public-language artifacts removed.","review public cleanup: canonical perspective rebuilt; duplicate/conflicting perspectives and public-language artifacts removed."
"DEN-1985-10-09-0196","mike-barber-dwayne-los-angeles-st-louis-rams-1985","qaNotes","false","Final QA passed | Final QA passed. | Final QA retained trade/admin/hold-style records publicly. | Bottom Batch 026 public cleanup complete.","Final QA passed | Final QA passed. | Final QA retained trade/admin/hold-style records publicly. | review public cleanup complete."
"DEN-1986-04-29-0197","mark-haynes-new-york-giants-1986","perspectives.0.qaNotes","false","Bottom Batch 026 public cleanup: canonical perspective rebuilt; duplicate/conflicting perspectives and public-language artifacts removed.","review public cleanup: canonical perspective rebuilt; duplicate/conflicting perspectives and public-language artifacts removed."
"DEN-1986-04-29-0197","mark-haynes-new-york-giants-1986","perspectives.1.qaNotes","false","Bottom Batch 026 public cleanup: canonical perspective rebuilt; duplicate/conflicting perspectives and public-language artifacts removed.","review public cleanup: canonical perspective rebuilt; duplicate/conflicting perspectives and public-language artifacts removed."
"DEN-1986-04-29-0197","mark-haynes-new-york-giants-1986","qaNotes","false","Batch 010 narrative-vs-verdict review reconciled public prose, verdict, grades, and nested perspective data. | Bottom Batch 026 public cleanup complete.","review narrative-vs-verdict review reconciled public prose, verdict, grades, and nested perspective data. | review public cleanup complete."
"SF-1986-0238","1986-third-round-pick-64-tim-mckyer-philadelphia-eagles-1986","qaNotes","false","Batch 016 narrative-vs-verdict review reconciled public prose, verdict, grades, and nested perspective data.","review narrative-vs-verdict review reconciled public prose, verdict, grades, and nested perspective data."
"SF-1986-0238","1986-third-round-pick-64-tim-mckyer-philadelphia-eagles-1986","perspectives.0.qaNotes","false","Batch 016 narrative-vs-verdict review reconciled public prose, verdict, grades, and nested perspective data.","review narrative-vs-verdict review reconciled public prose, verdict, grades, and nested perspective data."
"SF-1986-0238","1986-third-round-pick-64-tim-mckyer-philadelphia-eagles-1986","perspectives.1.qaNotes","false","Batch 016 narrative-vs-verdict review reconciled public prose, verdict, grades, and nested perspective data.","review narrative-vs-verdict review reconciled public prose, verdict, grades, and nested perspective data."
"SF-1986-0240","1986-second-round-pick-39-larry-roberts-b-1963-06-02-detroit-lions-1986","qaNotes","false","Batch 017 narrative-vs-verdict review reconciled public prose, verdict, grades, and nested perspective data.","review narrative-vs-verdict review reconciled public prose, verdict, grades, and nested perspective data."
"SF-1986-0240","1986-second-round-pick-39-larry-roberts-b-1963-06-02-detroit-lions-1986","perspectives.0.qaNotes","false","Batch 017 narrative-vs-verdict review reconciled public prose, verdict, grades, and nested perspective data.","review narrative-vs-verdict review reconciled public prose, verdict, grades, and nested perspective data."
"SF-1986-0240","1986-second-round-pick-39-larry-roberts-b-1963-06-02-detroit-lions-1986","perspectives.1.qaNotes","false","Batch 017 narrative-vs-verdict review reconciled public prose, verdict, grades, and nested perspective data.","review narrative-vs-verdict review reconciled public prose, verdict, grades, and nested perspective data."
"LAC-1986-0253","unspecified-consideration-tampa-bay-buccaneers-1986-lac-1986-0253","qaNotes","false","Batch 006 narrative-vs-verdict review reconciled public prose, verdict, grades, and nested perspective data.","review narrative-vs-verdict review reconciled public prose, verdict, grades, and nested perspective data."
"DEN-1986-05-19-0198","jim-mills-anthony-baltimore-indianapolis-colts-1986","perspectives.0.qaNotes","false","Bottom Batch 026 public cleanup: canonical perspective rebuilt; duplicate/conflicting perspectives and public-language artifacts removed.","review public cleanup: canonical perspective rebuilt; duplicate/conflicting perspectives and public-language artifacts removed."
"DEN-1986-05-19-0198","jim-mills-anthony-baltimore-indianapolis-colts-1986","perspectives.1.qaNotes","false","Bottom Batch 026 public cleanup: canonical perspective rebuilt; duplicate/conflicting perspectives and public-language artifacts removed.","review public cleanup: canonical perspective rebuilt; duplicate/conflicting perspectives and public-language artifacts removed."
"DEN-1986-05-19-0198","jim-mills-anthony-baltimore-indianapolis-colts-1986","qaNotes","false","Verification pending | Verification pending. | Final public-data QA complete; row retained and public-visible. | Bottom Batch 026 public cleanup complete.","Verification pending | Verification pending. | Final public-data QA complete; row retained and public-visible. | review public cleanup complete."
"IND-1986-0249","roosevelt-barnes-detroit-lions-1986","qaNotes","false","Final public-data QA complete; row retained and public-visible. | Final public-data QA complete; row is viewable. | Bottom Batch 026 public cleanup complete.","Final public-data QA complete; row retained and public-visible. | Final public-data QA complete; row is viewable. | review public cleanup complete."
"IND-1986-0249","roosevelt-barnes-detroit-lions-1986","perspectives.0.qaNotes","false","Bottom Batch 026 public cleanup: canonical perspective rebuilt; duplicate/conflicting perspectives and public-language artifacts removed.","review public cleanup: canonical perspective rebuilt; duplicate/conflicting perspectives and public-language artifacts removed."
"IND-1986-0249","roosevelt-barnes-detroit-lions-1986","perspectives.1.qaNotes","false","Bottom Batch 026 public cleanup: canonical perspective rebuilt; duplicate/conflicting perspectives and public-language artifacts removed.","review public cleanup: canonical perspective rebuilt; duplicate/conflicting perspectives and public-language artifacts removed."
"LAC-1986-0254","unspecified-consideration-houston-oilerstennessee-titans-1986","qaNotes","false","Final public-data QA complete. | Bottom Batch 026 public cleanup complete.","Final public-data QA complete. | review public cleanup complete."
"LAC-1986-0254","unspecified-consideration-houston-oilerstennessee-titans-1986","perspectives.0.qaNotes","false","Bottom Batch 026 public cleanup: canonical perspective rebuilt; duplicate/conflicting perspectives and public-language artifacts removed.","review public cleanup: canonical perspective rebuilt; duplicate/conflicting perspectives and public-language artifacts removed."
"LAC-1986-0254","unspecified-consideration-houston-oilerstennessee-titans-1986","perspectives.1.qaNotes","false","Bottom Batch 026 public cleanup: canonical perspective rebuilt; duplicate/conflicting perspectives and public-language artifacts removed.","review public cleanup: canonical perspective rebuilt; duplicate/conflicting perspectives and public-language artifacts removed."
"PIT-1986-0288","undisclosed-draft-pick-possibly-1988-121-darin-jordan-arizona-st-louis-cardinals-1986","perspectives.0.qaNotes","false","Bottom Batch 026 public cleanup: canonical perspective rebuilt; duplicate/conflicting perspectives and public-language artifacts removed.","review public cleanup: canonical perspective rebuilt; duplicate/conflicting perspectives and public-language artifacts removed."
"PIT-1986-0288","undisclosed-draft-pick-possibly-1988-121-darin-jordan-arizona-st-louis-cardinals-1986","perspectives.1.qaNotes","false","Bottom Batch 026 public cleanup: canonical perspective rebuilt; duplicate/conflicting perspectives and public-language artifacts removed.","review public cleanup: canonical perspective rebuilt; duplicate/conflicting perspectives and public-language artifacts removed."
"PIT-1986-0288","undisclosed-draft-pick-possibly-1988-121-darin-jordan-arizona-st-louis-cardinals-1986","qaNotes","false","Verify ambiguous, conditional, or incomplete archival details before final public import | Verify ambiguous, conditional, or incomplete archival details before final public import | Verify ambiguous, conditional, or incomplete archival details before final public import. | should but this row is no longer defaulted to Even without evidence | Post-Copilot QA: Regraded in realistic-curve pass; MetaAI should verify notable source details, but this row is no longer defaulted to Even without evidence. Publish status normalized; no import blocker remains. Steelers-formula final package verified. Blind-spot QA: non-ready public status suppressed. | Bottom Batch 026 public cleanup complete.","Verify ambiguous, conditional, or incomplete archival details before final public import | Verify ambiguous, conditional, or incomplete archival details before final public import | Verify ambiguous, conditional, or incomplete archival details before final public import. | should but this row is no longer defaulted to Even without evidence | Post-Copilot QA: Regraded in realistic-curve pass; MetaAI should verify notable source details, but this row is no longer defaulted to Even without evidence. Publish status normalized; no import blocker remains. Steelers-formula final package verified. Blind-spot QA: non-ready public status suppressed. | review public cleanup complete."
"SEA-1986-09-01-0055","1987-fifth-round-pick-119-tommie-agee-detroit-lions-1986","perspectives.0.qaNotes","false","Bottom Batch 026 public cleanup: canonical perspective rebuilt; duplicate/conflicting perspectives and public-language artifacts removed.","review public cleanup: canonical perspective rebuilt; duplicate/conflicting perspectives and public-language artifacts removed."
"SEA-1986-09-01-0055","1987-fifth-round-pick-119-tommie-agee-detroit-lions-1986","perspectives.1.qaNotes","false","Bottom Batch 026 public cleanup: canonical perspective rebuilt; duplicate/conflicting perspectives and public-language artifacts removed.","review public cleanup: canonical perspective rebuilt; duplicate/conflicting perspectives and public-language artifacts removed."
"SEA-1986-09-01-0055","1987-fifth-round-pick-119-tommie-agee-detroit-lions-1986","qaNotes","false","Verification pending. | AI regrade calibration: One-notch Seattle grade edge converted to even; thin margin is not enough for a win. | Regraded 2026-05-31 for Seahawks verdict calibration. | Retained for TradeVerdicts database coverage. | Final public-data QA complete; row is viewable. | Bottom Batch 026 public cleanup complete.","Verification pending. | AI regrade calibration: One-notch Seattle grade edge converted to even; thin margin is not enough for a win. | Regraded 2026-05-31 for Seahawks verdict calibration. | Retained for TradeVerdicts database coverage. | Final public-data QA complete; row is viewable. | review public cleanup complete."
"DEN-1986-09-03-0199","1987-eleventh-round-pick-299-steve-roberts-los-angeles-st-louis-rams-1986","perspectives.0.qaNotes","false","Bottom Batch 026 public cleanup: canonical perspective rebuilt; duplicate/conflicting perspectives and public-language artifacts removed.","review public cleanup: canonical perspective rebuilt; duplicate/conflicting perspectives and public-language artifacts removed."
"DEN-1986-09-03-0199","1987-eleventh-round-pick-299-steve-roberts-los-angeles-st-louis-rams-1986","perspectives.1.qaNotes","false","Bottom Batch 026 public cleanup: canonical perspective rebuilt; duplicate/conflicting perspectives and public-language artifacts removed.","review public cleanup: canonical perspective rebuilt; duplicate/conflicting perspectives and public-language artifacts removed."
"DEN-1986-09-03-0199","1987-eleventh-round-pick-299-steve-roberts-los-angeles-st-louis-rams-1986","qaNotes","false","Final QA passed | Final QA passed. | Final QA retained trade/admin/hold-style records publicly. | Bottom Batch 026 public cleanup complete.","Final QA passed | Final QA passed. | Final QA retained trade/admin/hold-style records publicly. | review public cleanup complete."
"RAI-1987-0203","lionel-washington-arizona-st-louis-cardinals-1987","qaNotes","false","Final | Final public-data QA complete. | should but this row is no longer defaulted to Even without evidence | Post-Copilot QA: Regraded in realistic-curve pass; MetaAI should verify notable source details, but this row is no longer defaulted to Even without evidence. Publish status normalized; no import blocker remains. Steelers-formula final package verified. | Bottom Batch 026 public cleanup complete.","Final | Final public-data QA complete. | should but this row is no longer defaulted to Even without evidence | Post-Copilot QA: Regraded in realistic-curve pass; MetaAI should verify notable source details, but this row is no longer defaulted to Even without evidence. Publish status normalized; no import blocker remains. Steelers-formula final package verified. | review public cleanup complete."
"RAI-1987-0203","lionel-washington-arizona-st-louis-cardinals-1987","perspectives.0.qaNotes","false","Bottom Batch 026 public cleanup: canonical perspective rebuilt; duplicate/conflicting perspectives and public-language artifacts removed.","review public cleanup: canonical perspective rebuilt; duplicate/conflicting perspectives and public-language artifacts removed."
"RAI-1987-0203","lionel-washington-arizona-st-louis-cardinals-1987","perspectives.1.qaNotes","false","Bottom Batch 026 public cleanup: canonical perspective rebuilt; duplicate/conflicting perspectives and public-language artifacts removed.","review public cleanup: canonical perspective rebuilt; duplicate/conflicting perspectives and public-language artifacts removed."
"SF-1987-0244","steve-young-tampa-bay-buccaneers-1987","qaNotes","false","QA implemented: added Young's MVP/Super Bowl MVP context and reinforced A+ proportionality. | Final: added explicit Steve Young HOF/MVP/Super Bowl evidence; grades retained | Copilot QA implemented: added Young's MVP/Super Bowl MVP context and reinforced A+ proportionality. | Final public-data QA complete. Copilot: added explicit Steve Young HOF/MVP/Super Bowl evidence; grades retained. | Landmark expanded sectioned deep-dive content applied. | Landmark Batch 2 Young/Roy/Kelvin top-off added; GSC priority candidate. | Landmark Batch 2 Young/Roy/Kelvin final word-count top-off added; GSC priority candidate. | Global duplicate-asset sweep v3 ultrasafe cleanup.","QA implemented: added Young's MVP/Super Bowl MVP context and reinforced A+ proportionality. | Final: added explicit Steve Young HOF/MVP/Super Bowl evidence; grades retained | Copilot QA implemented: added Young's MVP/Super Bowl MVP context and reinforced A+ proportionality. | Final public-data QA complete. Copilot: added explicit Steve Young HOF/MVP/Super Bowl evidence; grades retained. | Landmark expanded sectioned deep-dive content applied. | Landmark review Young/Roy/Kelvin top-off added; GSC priority candidate. | Landmark review Young/Roy/Kelvin final word-count top-off added; GSC priority candidate. | Global duplicate-asset sweep v3 ultrasafe cleanup."
"SF-1987-0244","steve-young-tampa-bay-buccaneers-1987","perspectives.0.qaNotes","false","QA implemented: added Young's MVP/Super Bowl MVP context and reinforced A+ proportionality | Landmark expanded sectioned deep-dive content applied. | Landmark Batch 2 Young/Roy/Kelvin top-off added; GSC priority candidate. | Landmark Batch 2 Young/Roy/Kelvin final word-count top-off added; GSC priority candidate.","QA implemented: added Young's MVP/Super Bowl MVP context and reinforced A+ proportionality | Landmark expanded sectioned deep-dive content applied. | Landmark review Young/Roy/Kelvin top-off added; GSC priority candidate. | Landmark review Young/Roy/Kelvin final word-count top-off added; GSC priority candidate."
"SF-1987-0244","steve-young-tampa-bay-buccaneers-1987","perspectives.1.qaNotes","false","Final: added explicit Steve Young HOF/MVP/Super Bowl evidence; grades retained | Landmark expanded sectioned deep-dive content applied. | Landmark Batch 2 Young/Roy/Kelvin top-off added; GSC priority candidate. | Landmark Batch 2 Young/Roy/Kelvin final word-count top-off added; GSC priority candidate.","Final: added explicit Steve Young HOF/MVP/Super Bowl evidence; grades retained | Landmark expanded sectioned deep-dive content applied. | Landmark review Young/Roy/Kelvin top-off added; GSC priority candidate. | Landmark review Young/Roy/Kelvin final word-count top-off added; GSC priority candidate."
"NYJ-1987-0128","1987-second-round-pick-42-alex-gordon-las-vegas-raiders-1987","qaNotes","false","Batch 006 narrative-vs-verdict review reconciled public prose, verdict, grades, and nested perspective data.","review narrative-vs-verdict review reconciled public prose, verdict, grades, and nested perspective data."
"RAM-1987-0364","1987-fourth-round-pick-109-larry-kelm-1987-fifth-round-pick-136-scott-mersereau","qaNotes","false","Final QA retained trade/admin/hold-style records publicly. | Final Browns QA complete; required fields populated. | Bottom Batch 026 public cleanup complete.","Final QA retained trade/admin/hold-style records publicly. | Final Browns QA complete; required fields populated. | review public cleanup complete."
"RAM-1987-0364","1987-fourth-round-pick-109-larry-kelm-1987-fifth-round-pick-136-scott-mersereau","perspectives.0.qaNotes","false","Bottom Batch 026 public cleanup: canonical perspective rebuilt; duplicate/conflicting perspectives and public-language artifacts removed.","review public cleanup: canonical perspective rebuilt; duplicate/conflicting perspectives and public-language artifacts removed."
"RAM-1987-0364","1987-fourth-round-pick-109-larry-kelm-1987-fifth-round-pick-136-scott-mersereau","perspectives.1.qaNotes","false","Bottom Batch 026 public cleanup: canonical perspective rebuilt; duplicate/conflicting perspectives and public-language artifacts removed.","review public cleanup: canonical perspective rebuilt; duplicate/conflicting perspectives and public-language artifacts removed."
"MIN-1987-0163","rights-to-rich-gannon-new-england-patriots-1987","qaNotes","false","Final public-data QA complete. | Final public-data QA complete; trade retained in finished product. | Final public-data QA complete; trade retained in finished product. | Bottom Batch 025 public cleanup complete.","Final public-data QA complete. | Final public-data QA complete; trade retained in finished product. | Final public-data QA complete; trade retained in finished product. | review public cleanup complete."
"MIN-1987-0163","rights-to-rich-gannon-new-england-patriots-1987","perspectives.0.qaNotes","false","Bottom Batch 025 public cleanup: canonical perspective rebuilt; duplicate/conflicting perspectives and public-language artifacts removed.","review public cleanup: canonical perspective rebuilt; duplicate/conflicting perspectives and public-language artifacts removed."
"MIN-1987-0163","rights-to-rich-gannon-new-england-patriots-1987","perspectives.1.qaNotes","false","Bottom Batch 025 public cleanup: canonical perspective rebuilt; duplicate/conflicting perspectives and public-language artifacts removed.","review public cleanup: canonical perspective rebuilt; duplicate/conflicting perspectives and public-language artifacts removed."
"WAS-1987-0313","chris-dressel-houston-oilers-tennessee-titans-1987","qaNotes","false","Final public-data QA complete. Retained as canonical keeper for suppressed same-date/team duplicate 1988-conditional-pick-not-exercised-washington-redskins-commanders-198. | Bottom Batch 025 public cleanup complete.","Final public-data QA complete. Retained as canonical keeper for suppressed same-date/team duplicate 1988-conditional-pick-not-exercised-washington-redskins-commanders-198. | review public cleanup complete."
"WAS-1987-0313","chris-dressel-houston-oilers-tennessee-titans-1987","perspectives.0.qaNotes","false","Bottom Batch 025 public cleanup: canonical perspective rebuilt; duplicate/conflicting perspectives and public-language artifacts removed.","review public cleanup: canonical perspective rebuilt; duplicate/conflicting perspectives and public-language artifacts removed."
"WAS-1987-0313","chris-dressel-houston-oilers-tennessee-titans-1987","perspectives.1.qaNotes","false","Bottom Batch 025 public cleanup: canonical perspective rebuilt; duplicate/conflicting perspectives and public-language artifacts removed.","review public cleanup: canonical perspective rebuilt; duplicate/conflicting perspectives and public-language artifacts removed."
"DEN-1987-07-14-0200","draft-pick-buffalo-bills-1987","perspectives.0.qaNotes","false","Bottom Batch 025 public cleanup: canonical perspective rebuilt; duplicate/conflicting perspectives and public-language artifacts removed.","review public cleanup: canonical perspective rebuilt; duplicate/conflicting perspectives and public-language artifacts removed."
"DEN-1987-07-14-0200","draft-pick-buffalo-bills-1987","perspectives.1.qaNotes","false","Bottom Batch 025 public cleanup: canonical perspective rebuilt; duplicate/conflicting perspectives and public-language artifacts removed.","review public cleanup: canonical perspective rebuilt; duplicate/conflicting perspectives and public-language artifacts removed."
"DEN-1987-07-14-0200","draft-pick-buffalo-bills-1987","qaNotes","false","Verification pending. | Final | Final | Final public-data QA complete. | Verification pending. | Bottom Batch 025 public cleanup complete.","Verification pending. | Final | Final | Final public-data QA complete. | Verification pending. | review public cleanup complete."
"DEN-1987-08-19-0201","larry-lee-b-miami-dolphins-1987","perspectives.0.qaNotes","false","Bottom Batch 025 public cleanup: canonical perspective rebuilt; duplicate/conflicting perspectives and public-language artifacts removed.","review public cleanup: canonical perspective rebuilt; duplicate/conflicting perspectives and public-language artifacts removed."
"DEN-1987-08-19-0201","larry-lee-b-miami-dolphins-1987","perspectives.1.qaNotes","false","Bottom Batch 025 public cleanup: canonical perspective rebuilt; duplicate/conflicting perspectives and public-language artifacts removed.","review public cleanup: canonical perspective rebuilt; duplicate/conflicting perspectives and public-language artifacts removed."
"DEN-1987-08-19-0201","larry-lee-b-miami-dolphins-1987","qaNotes","false","Final QA passed. | No blank public fields; verdict distribution checked; future/recent trades marked provisional where appropriate | Final QA passed. | No blank public fields; verdict distribution checked; future/recent trades marked provisional where appropriate. | Bottom Batch 025 public cleanup complete.","Final QA passed. | No blank public fields; verdict distribution checked; future/recent trades marked provisional where appropriate | Final QA passed. | No blank public fields; verdict distribution checked; future/recent trades marked provisional where appropriate. | review public cleanup complete."
"DEN-1987-08-25-0202","stefan-humphries-chicago-bears-1987","perspectives.0.qaNotes","false","Bottom Batch 025 public cleanup: canonical perspective rebuilt; duplicate/conflicting perspectives and public-language artifacts removed.","review public cleanup: canonical perspective rebuilt; duplicate/conflicting perspectives and public-language artifacts removed."
"DEN-1987-08-25-0202","stefan-humphries-chicago-bears-1987","perspectives.1.qaNotes","false","Bottom Batch 025 public cleanup: canonical perspective rebuilt; duplicate/conflicting perspectives and public-language artifacts removed.","review public cleanup: canonical perspective rebuilt; duplicate/conflicting perspectives and public-language artifacts removed."
"DEN-1987-08-25-0202","stefan-humphries-chicago-bears-1987","qaNotes","false","Final QA passed | Final QA passed. | Audit complete: historical hindsight applied, summaries rewritten for readability, legendary trades verified against Pro Football Hall of Fame records and team histories. | Bottom Batch 025 public cleanup complete.","Final QA passed | Final QA passed. | Audit complete: historical hindsight applied, summaries rewritten for readability, legendary trades verified against Pro Football Hall of Fame records and team histories. | review public cleanup complete."
"SEA-1987-08-25-0058","1988-fifth-round-pick-120-chris-gaines-dallas-cowboys-1987","perspectives.0.qaNotes","false","Bottom Batch 025 public cleanup: canonical perspective rebuilt; duplicate/conflicting perspectives and public-language artifacts removed.","review public cleanup: canonical perspective rebuilt; duplicate/conflicting perspectives and public-language artifacts removed."
"SEA-1987-08-25-0058","1988-fifth-round-pick-120-chris-gaines-dallas-cowboys-1987","perspectives.1.qaNotes","false","Bottom Batch 025 public cleanup: canonical perspective rebuilt; duplicate/conflicting perspectives and public-language artifacts removed.","review public cleanup: canonical perspective rebuilt; duplicate/conflicting perspectives and public-language artifacts removed."
"SEA-1987-08-25-0058","1988-fifth-round-pick-120-chris-gaines-dallas-cowboys-1987","qaNotes","false","Verification pending. | AI regrade calibration: One-notch Seattle grade edge converted to even; thin margin is not enough for a win. | Regraded 2026-05-31 for Seahawks verdict calibration. | Retained for TradeVerdicts database coverage. | Final Cowboys public-data QA complete. | Final Cowboys public-data QA complete. | Bottom Batch 025 public cleanup complete.","Verification pending. | AI regrade calibration: One-notch Seattle grade edge converted to even; thin margin is not enough for a win. | Regraded 2026-05-31 for Seahawks verdict calibration. | Retained for TradeVerdicts database coverage. | Final Cowboys public-data QA complete. | Final Cowboys public-data QA complete. | review public cleanup complete."
"DEN-1987-08-27-0203","1988-tenth-round-pick-268-channing-williams-pittsburgh-steelers-1987","perspectives.0.qaNotes","false","Bottom Batch 025 public cleanup: canonical perspective rebuilt; duplicate/conflicting perspectives and public-language artifacts removed.","review public cleanup: canonical perspective rebuilt; duplicate/conflicting perspectives and public-language artifacts removed."
"DEN-1987-08-27-0203","1988-tenth-round-pick-268-channing-williams-pittsburgh-steelers-1987","perspectives.1.qaNotes","false","Bottom Batch 025 public cleanup: canonical perspective rebuilt; duplicate/conflicting perspectives and public-language artifacts removed.","review public cleanup: canonical perspective rebuilt; duplicate/conflicting perspectives and public-language artifacts removed."
"DEN-1987-08-27-0203","1988-tenth-round-pick-268-channing-williams-pittsburgh-steelers-1987","qaNotes","false","Final QA passed. | Final | Final public-data QA complete | Final QA passed. | Final public-data QA complete. | Bottom Batch 025 public cleanup complete.","Final QA passed. | Final | Final public-data QA complete | Final QA passed. | Final public-data QA complete. | review public cleanup complete."
"LAC-1987-0265","unspecified-consideration-buffalo-bills-1987-lac-1987-0265","qaNotes","false","Batch 006 narrative-vs-verdict review reconciled public prose, verdict, grades, and nested perspective data.","review narrative-vs-verdict review reconciled public prose, verdict, grades, and nested perspective data."
"LAC-1987-0266","unspecified-consideration-dallas-cowboys-1987","qaNotes","false","Batch 006 narrative-vs-verdict review reconciled public prose, verdict, grades, and nested perspective data. | Global duplicate-asset sweep v3 ultrasafe cleanup.","review narrative-vs-verdict review reconciled public prose, verdict, grades, and nested perspective data. | Global duplicate-asset sweep v3 ultrasafe cleanup."
"RAI-1987-0214","brian-holloway-new-england-patriots-1987","qaNotes","false","Final | Final public-data QA complete. | Final QA complete; second-pass verdict curve applied and trade retained. | Final public-data QA complete; trade retained in finished product. | Bottom Batch 025 public cleanup complete.","Final | Final public-data QA complete. | Final QA complete; second-pass verdict curve applied and trade retained. | Final public-data QA complete; trade retained in finished product. | review public cleanup complete."
"RAI-1987-0214","brian-holloway-new-england-patriots-1987","perspectives.0.qaNotes","false","Bottom Batch 025 public cleanup: canonical perspective rebuilt; duplicate/conflicting perspectives and public-language artifacts removed.","review public cleanup: canonical perspective rebuilt; duplicate/conflicting perspectives and public-language artifacts removed."
"RAI-1987-0214","brian-holloway-new-england-patriots-1987","perspectives.1.qaNotes","false","Bottom Batch 025 public cleanup: canonical perspective rebuilt; duplicate/conflicting perspectives and public-language artifacts removed.","review public cleanup: canonical perspective rebuilt; duplicate/conflicting perspectives and public-language artifacts removed."
"RAM-1987-0368","greg-bell-leon-owen-gill-1988-first-round-pick-from-bills-14-gaston-green-1988-f","qaNotes","false","Manual-hold cleanup: special/fused/unknown record reviewed and reconciled separately from the batch patch pass. | Landmark Tier 1 canonical split record enhanced; GSC priority candidate. | Landmark Tier 1 Dickerson/Ricky final top-off added; GSC priority candidate. | Bottom Batch 025 public cleanup complete.","Manual-hold cleanup: special/fused/unknown record reviewed and reconciled separately from the review patch pass. | Landmark Tier 1 canonical split record enhanced; GSC priority candidate. | Landmark Tier 1 Dickerson/Ricky final top-off added; GSC priority candidate. | review public cleanup complete."
"RAM-1987-0368","greg-bell-leon-owen-gill-1988-first-round-pick-from-bills-14-gaston-green-1988-f","perspectives.0.qaNotes","false","Bottom Batch 025 public cleanup: canonical perspective rebuilt; duplicate/conflicting perspectives and public-language artifacts removed.","review public cleanup: canonical perspective rebuilt; duplicate/conflicting perspectives and public-language artifacts removed."
"RAM-1987-0368","greg-bell-leon-owen-gill-1988-first-round-pick-from-bills-14-gaston-green-1988-f","perspectives.1.qaNotes","false","Bottom Batch 025 public cleanup: canonical perspective rebuilt; duplicate/conflicting perspectives and public-language artifacts removed.","review public cleanup: canonical perspective rebuilt; duplicate/conflicting perspectives and public-language artifacts removed."
"RAM-1987-0368","greg-bell-leon-owen-gill-1988-first-round-pick-from-bills-14-gaston-green-1988-f","perspectives.2.qaNotes","false","Bottom Batch 025 public cleanup: canonical perspective rebuilt; duplicate/conflicting perspectives and public-language artifacts removed.","review public cleanup: canonical perspective rebuilt; duplicate/conflicting perspectives and public-language artifacts removed."
"DEN-1988-01-01-0204","undisclosed-draft-pick-washington-redskins-commanders-1988","perspectives.0.qaNotes","false","Bottom Batch 025 public cleanup: canonical perspective rebuilt; duplicate/conflicting perspectives and public-language artifacts removed.","review public cleanup: canonical perspective rebuilt; duplicate/conflicting perspectives and public-language artifacts removed."
"DEN-1988-01-01-0204","undisclosed-draft-pick-washington-redskins-commanders-1988","perspectives.1.qaNotes","false","Bottom Batch 025 public cleanup: canonical perspective rebuilt; duplicate/conflicting perspectives and public-language artifacts removed.","review public cleanup: canonical perspective rebuilt; duplicate/conflicting perspectives and public-language artifacts removed."
"DEN-1988-01-01-0204","undisclosed-draft-pick-washington-redskins-commanders-1988","qaNotes","false","Verification pending | Verification pending. | Final public-data QA complete. | Bottom Batch 025 public cleanup complete.","Verification pending | Verification pending. | Final public-data QA complete. | review public cleanup complete."
"DEN-1988-03-25-0205","emil-slovacek-san-diego-los-angeles-chargers-1988","perspectives.0.qaNotes","false","Bottom Batch 025 public cleanup: canonical perspective rebuilt; duplicate/conflicting perspectives and public-language artifacts removed.","review public cleanup: canonical perspective rebuilt; duplicate/conflicting perspectives and public-language artifacts removed."
"DEN-1988-03-25-0205","emil-slovacek-san-diego-los-angeles-chargers-1988","perspectives.1.qaNotes","false","Bottom Batch 025 public cleanup: canonical perspective rebuilt; duplicate/conflicting perspectives and public-language artifacts removed.","review public cleanup: canonical perspective rebuilt; duplicate/conflicting perspectives and public-language artifacts removed."
"DEN-1988-03-25-0205","emil-slovacek-san-diego-los-angeles-chargers-1988","qaNotes","false","Verification pending | Verification pending. | Final public-data QA complete. | Bottom Batch 025 public cleanup complete.","Verification pending | Verification pending. | Final public-data QA complete. | review public cleanup complete."
"KC-1988-0165","1988-first-round-pick-2-neil-smith-detroit-lions-1988","qaNotes","false","Batch 022 narrative-vs-verdict review reconciled public prose, verdict, grades, and nested perspective data.","review narrative-vs-verdict review reconciled public prose, verdict, grades, and nested perspective data."
"SEA-1988-04-22-0064","kelly-stouffer-arizona-cardinals-1988","perspectives.0.qaNotes","false","Bottom Batch 025 public cleanup: canonical perspective rebuilt; duplicate/conflicting perspectives and public-language artifacts removed.","review public cleanup: canonical perspective rebuilt; duplicate/conflicting perspectives and public-language artifacts removed."
"SEA-1988-04-22-0064","kelly-stouffer-arizona-cardinals-1988","perspectives.1.qaNotes","false","Bottom Batch 025 public cleanup: canonical perspective rebuilt; duplicate/conflicting perspectives and public-language artifacts removed.","review public cleanup: canonical perspective rebuilt; duplicate/conflicting perspectives and public-language artifacts removed."
"SEA-1988-04-22-0064","kelly-stouffer-arizona-cardinals-1988","qaNotes","false","Verification pending. | Retained for TradeVerdicts database coverage. | should but this row is no longer defaulted to Even without evidence | Post-Copilot QA: Regraded in realistic-curve pass; MetaAI should verify notable source details, but this row is no longer defaulted to Even without evidence. Publish status normalized; no import blocker remains. Steelers-formula final package verified. Blind-spot QA: non-ready public status suppressed. | Bottom Batch 025 public cleanup complete.","Verification pending. | Retained for TradeVerdicts database coverage. | should but this row is no longer defaulted to Even without evidence | Post-Copilot QA: Regraded in realistic-curve pass; MetaAI should verify notable source details, but this row is no longer defaulted to Even without evidence. Publish status normalized; no import blocker remains. Steelers-formula final package verified. Blind-spot QA: non-ready public status suppressed. | review public cleanup complete."
"DEN-1988-04-24-0207","1988-third-round-pick-79-kevin-guidry-new-orleans-saints-1988","perspectives.0.qaNotes","false","Bottom Batch 025 public cleanup: canonical perspective rebuilt; duplicate/conflicting perspectives and public-language artifacts removed.","review public cleanup: canonical perspective rebuilt; duplicate/conflicting perspectives and public-language artifacts removed."
"DEN-1988-04-24-0207","1988-third-round-pick-79-kevin-guidry-new-orleans-saints-1988","perspectives.1.qaNotes","false","Bottom Batch 025 public cleanup: canonical perspective rebuilt; duplicate/conflicting perspectives and public-language artifacts removed.","review public cleanup: canonical perspective rebuilt; duplicate/conflicting perspectives and public-language artifacts removed."
"DEN-1988-04-24-0207","1988-third-round-pick-79-kevin-guidry-new-orleans-saints-1988","qaNotes","false","Final QA passed. | Objective even-trade regrade: Denver moved down two spots and added a late pick; small value edge | The available outcome record supports a balanced or modest transaction rather than a decisive franchise swing | Final QA passed. | Objective even-trade regrade: Denver moved down two spots and added a late pick; small value edge. | The available outcome record supports a balanced or modest transaction rather than a decisive franchise swing. | Bottom Batch 025 public cleanup complete.","Final QA passed. | Objective even-trade regrade: Denver moved down two spots and added a late pick; small value edge | The available outcome record supports a balanced or modest transaction rather than a decisive franchise swing | Final QA passed. | Objective even-trade regrade: Denver moved down two spots and added a late pick; small value edge. | The available outcome record supports a balanced or modest transaction rather than a decisive franchise swing. | review public cleanup complete."
"LAC-1988-0271","unspecified-consideration-los-angelesst-louis-rams-1988","qaNotes","false","Final public-data QA complete. | Final QA retained record publicly; directional verdict updated in Rams curve regrade to reduce overuse of Even. | Bottom Batch 025 public cleanup complete.","Final public-data QA complete. | Final QA retained record publicly; directional verdict updated in Rams curve regrade to reduce overuse of Even. | review public cleanup complete."
"LAC-1988-0271","unspecified-consideration-los-angelesst-louis-rams-1988","perspectives.0.qaNotes","false","Bottom Batch 025 public cleanup: canonical perspective rebuilt; duplicate/conflicting perspectives and public-language artifacts removed.","review public cleanup: canonical perspective rebuilt; duplicate/conflicting perspectives and public-language artifacts removed."
"LAC-1988-0271","unspecified-consideration-los-angelesst-louis-rams-1988","perspectives.1.qaNotes","false","Bottom Batch 025 public cleanup: canonical perspective rebuilt; duplicate/conflicting perspectives and public-language artifacts removed.","review public cleanup: canonical perspective rebuilt; duplicate/conflicting perspectives and public-language artifacts removed."
"MIN-1988-0166","1988-eleventh-round-pick-296-norman-floyd-new-england-patriots-1988","qaNotes","false","Final public-data QA complete. | Final public-data QA complete; trade retained in finished product. | Bottom Batch 025 public cleanup complete.","Final public-data QA complete. | Final public-data QA complete; trade retained in finished product. | review public cleanup complete."
"MIN-1988-0166","1988-eleventh-round-pick-296-norman-floyd-new-england-patriots-1988","perspectives.0.qaNotes","false","Bottom Batch 025 public cleanup: canonical perspective rebuilt; duplicate/conflicting perspectives and public-language artifacts removed.","review public cleanup: canonical perspective rebuilt; duplicate/conflicting perspectives and public-language artifacts removed."
"MIN-1988-0166","1988-eleventh-round-pick-296-norman-floyd-new-england-patriots-1988","perspectives.1.qaNotes","false","Bottom Batch 025 public cleanup: canonical perspective rebuilt; duplicate/conflicting perspectives and public-language artifacts removed.","review public cleanup: canonical perspective rebuilt; duplicate/conflicting perspectives and public-language artifacts removed."
"MIN-1988-04-24-0174","draft-pick-trade-denver-broncos-1988","perspectives.0.qaNotes","false","Bottom Batch 025 public cleanup: canonical perspective rebuilt; duplicate/conflicting perspectives and public-language artifacts removed.","review public cleanup: canonical perspective rebuilt; duplicate/conflicting perspectives and public-language artifacts removed."
"MIN-1988-04-24-0174","draft-pick-trade-denver-broncos-1988","perspectives.1.qaNotes","false","Bottom Batch 025 public cleanup: canonical perspective rebuilt; duplicate/conflicting perspectives and public-language artifacts removed.","review public cleanup: canonical perspective rebuilt; duplicate/conflicting perspectives and public-language artifacts removed."
"MIN-1988-04-24-0174","draft-pick-trade-denver-broncos-1988","qaNotes","false","Final QA passed. | Final QA passed | Final QA passed. | Final QA passed. | Final public-data QA complete. | Final public-data QA complete. | Bottom Batch 025 public cleanup complete.","Final QA passed. | Final QA passed | Final QA passed. | Final QA passed. | Final public-data QA complete. | Final public-data QA complete. | review public cleanup complete."
"SF-1988-0253","1988-second-round-pick-39-pierce-holt-tampa-bay-buccaneers-1988","qaNotes","false","Batch 017 narrative-vs-verdict review reconciled public prose, verdict, grades, and nested perspective data. | Global duplicate-asset sweep v3 ultrasafe cleanup.","review narrative-vs-verdict review reconciled public prose, verdict, grades, and nested perspective data. | Global duplicate-asset sweep v3 ultrasafe cleanup."
"SF-1988-0253","1988-second-round-pick-39-pierce-holt-tampa-bay-buccaneers-1988","perspectives.0.qaNotes","false","Batch 017 narrative-vs-verdict review reconciled public prose, verdict, grades, and nested perspective data.","review narrative-vs-verdict review reconciled public prose, verdict, grades, and nested perspective data."
"SF-1988-0253","1988-second-round-pick-39-pierce-holt-tampa-bay-buccaneers-1988","perspectives.1.qaNotes","false","Batch 017 narrative-vs-verdict review reconciled public prose, verdict, grades, and nested perspective data.","review narrative-vs-verdict review reconciled public prose, verdict, grades, and nested perspective data."
"LAC-1988-0273","unspecified-consideration-indianapolisbaltimore-colts-1988-lac-1988-0273","qaNotes","false","Batch 006 narrative-vs-verdict review reconciled public prose, verdict, grades, and nested perspective data. | Global duplicate-asset sweep v3 ultrasafe cleanup.","review narrative-vs-verdict review reconciled public prose, verdict, grades, and nested perspective data. | Global duplicate-asset sweep v3 ultrasafe cleanup."
"LAC-1988-0274","unspecified-consideration-green-bay-packers-1988","qaNotes","false","Batch 006 narrative-vs-verdict review reconciled public prose, verdict, grades, and nested perspective data.","review narrative-vs-verdict review reconciled public prose, verdict, grades, and nested perspective data."
"PIT-1988-0296","1989-conditional-twelfth-round-pick-not-exercised-indianapolis-colts-1988","perspectives.0.qaNotes","false","Bottom Batch 025 public cleanup: canonical perspective rebuilt; duplicate/conflicting perspectives and public-language artifacts removed.","review public cleanup: canonical perspective rebuilt; duplicate/conflicting perspectives and public-language artifacts removed."
"PIT-1988-0296","1989-conditional-twelfth-round-pick-not-exercised-indianapolis-colts-1988","perspectives.1.qaNotes","false","Bottom Batch 025 public cleanup: canonical perspective rebuilt; duplicate/conflicting perspectives and public-language artifacts removed.","review public cleanup: canonical perspective rebuilt; duplicate/conflicting perspectives and public-language artifacts removed."
"PIT-1988-0296","1989-conditional-twelfth-round-pick-not-exercised-indianapolis-colts-1988","qaNotes","false","Final QA passed: required fields complete; slug and ID checked; grade/tier balance reviewed for VSC import. | Verify ambiguous, conditional, or incomplete archival details before final public import. | Final QA passed: required fields complete; slug and ID checked; grade/tier balance reviewed for VSC import | Verify ambiguous, conditional, or incomplete archival details before final public import | Final QA passed: required fields complete; slug and ID checked; grade/tier balance reviewed for VSC import. | Verify ambiguous, conditional, or incomplete archival details before final public import. | Final public-data QA complete; row retained and public-visible. Suppressed strict-covered historical blended import artifact; all player assets had active same-era coverage. Reason: Strict check passed: multi-team generic artifact and every player asset has active same-era coverage. | Bottom Batch 025 public cleanup complete.","Final QA passed: required fields complete; slug and ID checked; grade/tier balance reviewed for VSC import. | Verify ambiguous, conditional, or incomplete archival details before final public import. | Final QA passed: required fields complete; slug and ID checked; grade/tier balance reviewed for VSC import | Verify ambiguous, conditional, or incomplete archival details before final public import | Final QA passed: required fields complete; slug and ID checked; grade/tier balance reviewed for VSC import. | Verify ambiguous, conditional, or incomplete archival details before final public import. | Final public-data QA complete; row retained and public-visible. Suppressed strict-covered historical blended import artifact; all player assets had active same-era coverage. Reason: Strict check passed: multi-team generic artifact and every player asset has active same-era coverage. | review public cleanup complete."
"DEN-1988-05-10-0208","andrew-provence-atlanta-falcons-1988","perspectives.0.qaNotes","false","Bottom Batch 025 public cleanup: canonical perspective rebuilt; duplicate/conflicting perspectives and public-language artifacts removed.","review public cleanup: canonical perspective rebuilt; duplicate/conflicting perspectives and public-language artifacts removed."
"DEN-1988-05-10-0208","andrew-provence-atlanta-falcons-1988","perspectives.1.qaNotes","false","Bottom Batch 025 public cleanup: canonical perspective rebuilt; duplicate/conflicting perspectives and public-language artifacts removed.","review public cleanup: canonical perspective rebuilt; duplicate/conflicting perspectives and public-language artifacts removed."
"DEN-1988-05-10-0208","andrew-provence-atlanta-falcons-1988","qaNotes","false","Final QA passed: required fields complete; slug and ID checked; grade/tier balance reviewed for VSC import. | Verification pending. | Final QA passed: required fields complete; slug and ID checked; grade/tier balance reviewed for VSC import | Verification pending. | Final QA passed: required fields complete; slug and ID checked; grade/tier balance reviewed for VSC import. | Bottom Batch 025 public cleanup complete.","Final QA passed: required fields complete; slug and ID checked; grade/tier balance reviewed for VSC import. | Verification pending. | Final QA passed: required fields complete; slug and ID checked; grade/tier balance reviewed for VSC import | Verification pending. | Final QA passed: required fields complete; slug and ID checked; grade/tier balance reviewed for VSC import. | review public cleanup complete."
"DEN-1988-05-13-0209","rights-to-kip-corrington-detroit-lions-1988","perspectives.0.qaNotes","false","Bottom Batch 025 public cleanup: canonical perspective rebuilt; duplicate/conflicting perspectives and public-language artifacts removed.","review public cleanup: canonical perspective rebuilt; duplicate/conflicting perspectives and public-language artifacts removed."
"DEN-1988-05-13-0209","rights-to-kip-corrington-detroit-lions-1988","perspectives.1.qaNotes","false","Bottom Batch 025 public cleanup: canonical perspective rebuilt; duplicate/conflicting perspectives and public-language artifacts removed.","review public cleanup: canonical perspective rebuilt; duplicate/conflicting perspectives and public-language artifacts removed."
"DEN-1988-05-13-0209","rights-to-kip-corrington-detroit-lions-1988","qaNotes","false","Verification pending | Verification pending. | Final public-data QA complete; row is viewable. | Bottom Batch 025 public cleanup complete.","Verification pending | Verification pending. | Final public-data QA complete; row is viewable. | review public cleanup complete."
"IND-1988-0266","1989-conditional-twelfth-round-pick-not-exercised-unknown-partner-1988","qaNotes","false","Final public-data QA complete; row retained and public-visible. | Verify ambiguous, conditional, or incomplete archival details before final public import | Verify ambiguous, conditional, or incomplete archival details before final public import | Verify ambiguous, conditional, or incomplete archival details before final public import. | Bottom Batch 025 public cleanup complete.","Final public-data QA complete; row retained and public-visible. | Verify ambiguous, conditional, or incomplete archival details before final public import | Verify ambiguous, conditional, or incomplete archival details before final public import | Verify ambiguous, conditional, or incomplete archival details before final public import. | review public cleanup complete."
"IND-1988-0266","1989-conditional-twelfth-round-pick-not-exercised-unknown-partner-1988","perspectives.0.qaNotes","false","Bottom Batch 025 public cleanup: canonical perspective rebuilt; duplicate/conflicting perspectives and public-language artifacts removed.","review public cleanup: canonical perspective rebuilt; duplicate/conflicting perspectives and public-language artifacts removed."
"IND-1988-0266","1989-conditional-twelfth-round-pick-not-exercised-unknown-partner-1988","perspectives.1.qaNotes","false","Bottom Batch 025 public cleanup: canonical perspective rebuilt; duplicate/conflicting perspectives and public-language artifacts removed.","review public cleanup: canonical perspective rebuilt; duplicate/conflicting perspectives and public-language artifacts removed."
"SF-1988-0255","wes-chandler-los-angeles-san-diego-chargers-1988","qaNotes","false","Batch 017 narrative-vs-verdict review reconciled public prose, verdict, grades, and nested perspective data.","review narrative-vs-verdict review reconciled public prose, verdict, grades, and nested perspective data."
"SF-1988-0255","wes-chandler-los-angeles-san-diego-chargers-1988","perspectives.0.qaNotes","false","Batch 017 narrative-vs-verdict review reconciled public prose, verdict, grades, and nested perspective data.","review narrative-vs-verdict review reconciled public prose, verdict, grades, and nested perspective data."
"SF-1988-0255","wes-chandler-los-angeles-san-diego-chargers-1988","perspectives.1.qaNotes","false","Batch 017 narrative-vs-verdict review reconciled public prose, verdict, grades, and nested perspective data.","review narrative-vs-verdict review reconciled public prose, verdict, grades, and nested perspective data."
"DEN-1988-06-03-0210","tony-dorsett-dallas-cowboys-1988","perspectives.0.qaNotes","false","Bottom Batch 025 public cleanup: canonical perspective rebuilt; duplicate/conflicting perspectives and public-language artifacts removed.","review public cleanup: canonical perspective rebuilt; duplicate/conflicting perspectives and public-language artifacts removed."
"DEN-1988-06-03-0210","tony-dorsett-dallas-cowboys-1988","perspectives.1.qaNotes","false","Bottom Batch 025 public cleanup: canonical perspective rebuilt; duplicate/conflicting perspectives and public-language artifacts removed.","review public cleanup: canonical perspective rebuilt; duplicate/conflicting perspectives and public-language artifacts removed."
"DEN-1988-06-03-0210","tony-dorsett-dallas-cowboys-1988","qaNotes","false","Final QA passed | Final Cowboys public-data QA complete. | Final QA passed. | Final Cowboys public-data QA complete. | Final Cowboys public-data QA complete. | Bottom Batch 025 public cleanup complete.","Final QA passed | Final Cowboys public-data QA complete. | Final QA passed. | Final Cowboys public-data QA complete. | Final Cowboys public-data QA complete. | review public cleanup complete."
"SF-1988-0258","1989-twelfth-round-pick-319-antonio-goss-las-vegas-oakland-raiders-1988","qaNotes","false","Batch 017 narrative-vs-verdict review reconciled public prose, verdict, grades, and nested perspective data.","review narrative-vs-verdict review reconciled public prose, verdict, grades, and nested perspective data."
"SF-1988-0258","1989-twelfth-round-pick-319-antonio-goss-las-vegas-oakland-raiders-1988","perspectives.0.qaNotes","false","Batch 017 narrative-vs-verdict review reconciled public prose, verdict, grades, and nested perspective data.","review narrative-vs-verdict review reconciled public prose, verdict, grades, and nested perspective data."
"DEN-1988-07-21-0211","mike-ruether-arizona-st-louis-cardinals-1988","perspectives.0.qaNotes","false","Bottom Batch 024 public cleanup: canonical perspective rebuilt; duplicate/conflicting perspectives and public-language artifacts removed.","review public cleanup: canonical perspective rebuilt; duplicate/conflicting perspectives and public-language artifacts removed."
"DEN-1988-07-21-0211","mike-ruether-arizona-st-louis-cardinals-1988","perspectives.1.qaNotes","false","Bottom Batch 024 public cleanup: canonical perspective rebuilt; duplicate/conflicting perspectives and public-language artifacts removed.","review public cleanup: canonical perspective rebuilt; duplicate/conflicting perspectives and public-language artifacts removed."
"DEN-1988-07-21-0211","mike-ruether-arizona-st-louis-cardinals-1988","qaNotes","false","Final QA passed | Final QA passed. | should but this row is no longer defaulted to Even without evidence | Post-Copilot QA: Regraded in realistic-curve pass; MetaAI should verify notable source details, but this row is no longer defaulted to Even without evidence. Publish status normalized; no import blocker remains. Steelers-formula final package verified. | Bottom Batch 024 public cleanup complete.","Final QA passed | Final QA passed. | should but this row is no longer defaulted to Even without evidence | Post-Copilot QA: Regraded in realistic-curve pass; MetaAI should verify notable source details, but this row is no longer defaulted to Even without evidence. Publish status normalized; no import blocker remains. Steelers-formula final package verified. | review public cleanup complete."
"DEN-1988-08-01-0214","undisclosed-conditional-draft-pick-not-exercised-arizona-st-louis-cardinals-1988","perspectives.0.qaNotes","false","Bottom Batch 024 public cleanup: canonical perspective rebuilt; duplicate/conflicting perspectives and public-language artifacts removed.","review public cleanup: canonical perspective rebuilt; duplicate/conflicting perspectives and public-language artifacts removed."
"DEN-1988-08-01-0214","undisclosed-conditional-draft-pick-not-exercised-arizona-st-louis-cardinals-1988","perspectives.1.qaNotes","false","Bottom Batch 024 public cleanup: canonical perspective rebuilt; duplicate/conflicting perspectives and public-language artifacts removed.","review public cleanup: canonical perspective rebuilt; duplicate/conflicting perspectives and public-language artifacts removed."
"DEN-1988-08-01-0214","undisclosed-conditional-draft-pick-not-exercised-arizona-st-louis-cardinals-1988","qaNotes","false","Verification pending | Verification pending. | should but this row is no longer defaulted to Even without evidence | Post-Copilot QA: Regraded in realistic-curve pass; MetaAI should verify notable source details, but this row is no longer defaulted to Even without evidence. Publish status normalized; no import blocker remains. Steelers-formula final package verified. Blind-spot QA: non-ready public status suppressed. | Bottom Batch 024 public cleanup complete.","Verification pending | Verification pending. | should but this row is no longer defaulted to Even without evidence | Post-Copilot QA: Regraded in realistic-curve pass; MetaAI should verify notable source details, but this row is no longer defaulted to Even without evidence. Publish status normalized; no import blocker remains. Steelers-formula final package verified. Blind-spot QA: non-ready public status suppressed. | review public cleanup complete."
"LAC-1988-0280","unspecified-consideration-tampa-bay-buccaneers-1988","qaNotes","false","Batch 006 narrative-vs-verdict review reconciled public prose, verdict, grades, and nested perspective data.","review narrative-vs-verdict review reconciled public prose, verdict, grades, and nested perspective data."
"DEN-1988-08-29-0215","shawn-knight-new-orleans-saints-1988","perspectives.0.qaNotes","false","Bottom Batch 024 public cleanup: canonical perspective rebuilt; duplicate/conflicting perspectives and public-language artifacts removed.","review public cleanup: canonical perspective rebuilt; duplicate/conflicting perspectives and public-language artifacts removed."
"DEN-1988-08-29-0215","shawn-knight-new-orleans-saints-1988","perspectives.1.qaNotes","false","Bottom Batch 024 public cleanup: canonical perspective rebuilt; duplicate/conflicting perspectives and public-language artifacts removed.","review public cleanup: canonical perspective rebuilt; duplicate/conflicting perspectives and public-language artifacts removed."
"DEN-1988-08-29-0215","shawn-knight-new-orleans-saints-1988","qaNotes","false","Batch 022 narrative-vs-verdict review reconciled public prose, verdict, grades, and nested perspective data. | Bottom Batch 024 public cleanup complete.","review narrative-vs-verdict review reconciled public prose, verdict, grades, and nested perspective data. | review public cleanup complete."
"RAI-1988-0227","jay-schroeder-washington-commanders-redskins-1988","qaNotes","false","Final | Final public-data QA complete. | Final public-data QA complete. Suppressed as strict player-duplicate page. Kept canonical page jim-lachey-oakland-las-vegas-raiders-1988 (WAS-1988-0321). Reason: Strict player duplicate: exact date, exact teams, overlapping player set, and suppress row has no unique pick-signature coverage. | Bottom Batch 024 public cleanup complete.","Final | Final public-data QA complete. | Final public-data QA complete. Suppressed as strict player-duplicate page. Kept canonical page jim-lachey-oakland-las-vegas-raiders-1988 (WAS-1988-0321). Reason: Strict player duplicate: exact date, exact teams, overlapping player set, and suppress row has no unique pick-signature coverage. | review public cleanup complete."
"RAI-1988-0227","jay-schroeder-washington-commanders-redskins-1988","perspectives.0.qaNotes","false","Bottom Batch 024 public cleanup: canonical perspective rebuilt; duplicate/conflicting perspectives and public-language artifacts removed.","review public cleanup: canonical perspective rebuilt; duplicate/conflicting perspectives and public-language artifacts removed."
"RAI-1988-0227","jay-schroeder-washington-commanders-redskins-1988","perspectives.1.qaNotes","false","Bottom Batch 024 public cleanup: canonical perspective rebuilt; duplicate/conflicting perspectives and public-language artifacts removed.","review public cleanup: canonical perspective rebuilt; duplicate/conflicting perspectives and public-language artifacts removed."
"IND-1988-0270","fredd-young-seattle-seahawks-1988","qaNotes","false","Final public-data QA complete; row retained and public-visible. | Verification pending. | AI regrade calibration: One-notch Seattle grade edge converted to even; thin margin is not enough for a win. | Regraded 2026-05-31 for Seahawks verdict calibration. | Retained for TradeVerdicts database coverage. | Bottom Batch 024 public cleanup complete.","Final public-data QA complete; row retained and public-visible. | Verification pending. | AI regrade calibration: One-notch Seattle grade edge converted to even; thin margin is not enough for a win. | Regraded 2026-05-31 for Seahawks verdict calibration. | Retained for TradeVerdicts database coverage. | review public cleanup complete."
"IND-1988-0270","fredd-young-seattle-seahawks-1988","perspectives.0.qaNotes","false","Bottom Batch 024 public cleanup: canonical perspective rebuilt; duplicate/conflicting perspectives and public-language artifacts removed.","review public cleanup: canonical perspective rebuilt; duplicate/conflicting perspectives and public-language artifacts removed."
"IND-1988-0270","fredd-young-seattle-seahawks-1988","perspectives.1.qaNotes","false","Bottom Batch 024 public cleanup: canonical perspective rebuilt; duplicate/conflicting perspectives and public-language artifacts removed.","review public cleanup: canonical perspective rebuilt; duplicate/conflicting perspectives and public-language artifacts removed."
"BUF-1988-0244","leonard-smith-arizona-st-louis-cardinals-1988","qaNotes","false","Final | Final public-data QA complete. | should but this row is no longer defaulted to Even without evidence | Post-Copilot QA: Regraded in realistic-curve pass; MetaAI should verify notable source details, but this row is no longer defaulted to Even without evidence. Publish status normalized; no import blocker remains. Steelers-formula final package verified. | Bottom Batch 024 public cleanup complete.","Final | Final public-data QA complete. | should but this row is no longer defaulted to Even without evidence | Post-Copilot QA: Regraded in realistic-curve pass; MetaAI should verify notable source details, but this row is no longer defaulted to Even without evidence. Publish status normalized; no import blocker remains. Steelers-formula final package verified. | review public cleanup complete."
"BUF-1988-0244","leonard-smith-arizona-st-louis-cardinals-1988","perspectives.0.qaNotes","false","Bottom Batch 024 public cleanup: canonical perspective rebuilt; duplicate/conflicting perspectives and public-language artifacts removed.","review public cleanup: canonical perspective rebuilt; duplicate/conflicting perspectives and public-language artifacts removed."
"BUF-1988-0244","leonard-smith-arizona-st-louis-cardinals-1988","perspectives.1.qaNotes","false","Bottom Batch 024 public cleanup: canonical perspective rebuilt; duplicate/conflicting perspectives and public-language artifacts removed.","review public cleanup: canonical perspective rebuilt; duplicate/conflicting perspectives and public-language artifacts removed."
"DEN-1988-10-01-0216","calvin-thomas-chicago-bears-1988","perspectives.0.qaNotes","false","Bottom Batch 024 public cleanup: canonical perspective rebuilt; duplicate/conflicting perspectives and public-language artifacts removed.","review public cleanup: canonical perspective rebuilt; duplicate/conflicting perspectives and public-language artifacts removed."
"DEN-1988-10-01-0216","calvin-thomas-chicago-bears-1988","perspectives.1.qaNotes","false","Bottom Batch 024 public cleanup: canonical perspective rebuilt; duplicate/conflicting perspectives and public-language artifacts removed.","review public cleanup: canonical perspective rebuilt; duplicate/conflicting perspectives and public-language artifacts removed."
"DEN-1988-10-01-0216","calvin-thomas-chicago-bears-1988","qaNotes","false","Verification pending | Verification pending. | Audit complete: historical hindsight applied, summaries rewritten for readability, legendary trades verified against Pro Football Hall of Fame records and team histories. | Bottom Batch 024 public cleanup complete.","Verification pending | Verification pending. | Audit complete: historical hindsight applied, summaries rewritten for readability, legendary trades verified against Pro Football Hall of Fame records and team histories. | review public cleanup complete."
"MIN-1989-04-21-0175","mike-merriweather-pittsburgh-steelers-1989","perspectives.0.qaNotes","false","Batch 024 narrative-vs-verdict review reconciled public prose, verdict, grades, and nested perspective data.","review narrative-vs-verdict review reconciled public prose, verdict, grades, and nested perspective data."
"MIN-1989-04-21-0175","mike-merriweather-pittsburgh-steelers-1989","perspectives.1.qaNotes","false","Batch 024 narrative-vs-verdict review reconciled public prose, verdict, grades, and nested perspective data.","review narrative-vs-verdict review reconciled public prose, verdict, grades, and nested perspective data."
"MIN-1989-04-21-0175","mike-merriweather-pittsburgh-steelers-1989","qaNotes","false","Batch 024 narrative-vs-verdict review reconciled public prose, verdict, grades, and nested perspective data.","review narrative-vs-verdict review reconciled public prose, verdict, grades, and nested perspective data."
"DEN-1989-04-23-0217","1989-first-round-pick-20-steve-atwater-cleveland-browns-1989","perspectives.0.qaNotes","false","Bottom Batch 024 public cleanup: canonical perspective rebuilt; duplicate/conflicting perspectives and public-language artifacts removed.","review public cleanup: canonical perspective rebuilt; duplicate/conflicting perspectives and public-language artifacts removed."
"DEN-1989-04-23-0217","1989-first-round-pick-20-steve-atwater-cleveland-browns-1989","perspectives.1.qaNotes","false","Bottom Batch 024 public cleanup: canonical perspective rebuilt; duplicate/conflicting perspectives and public-language artifacts removed.","review public cleanup: canonical perspective rebuilt; duplicate/conflicting perspectives and public-language artifacts removed."
"DEN-1989-04-23-0217","1989-first-round-pick-20-steve-atwater-cleveland-browns-1989","qaNotes","false","Final QA passed | Final QA passed. | Final Browns QA complete; required fields populated. | Bottom Batch 024 public cleanup complete.","Final QA passed | Final QA passed. | Final Browns QA complete; required fields populated. | review public cleanup complete."
"DEN-1989-05-27-0218","david-treadwell-arizona-st-louis-cardinals-1989","perspectives.0.qaNotes","false","Bottom Batch 024 public cleanup: canonical perspective rebuilt; duplicate/conflicting perspectives and public-language artifacts removed.","review public cleanup: canonical perspective rebuilt; duplicate/conflicting perspectives and public-language artifacts removed."
"DEN-1989-05-27-0218","david-treadwell-arizona-st-louis-cardinals-1989","perspectives.1.qaNotes","false","Bottom Batch 024 public cleanup: canonical perspective rebuilt; duplicate/conflicting perspectives and public-language artifacts removed.","review public cleanup: canonical perspective rebuilt; duplicate/conflicting perspectives and public-language artifacts removed."
"DEN-1989-05-27-0218","david-treadwell-arizona-st-louis-cardinals-1989","qaNotes","false","Final QA passed | Final QA passed. | should but this row is no longer defaulted to Even without evidence | Post-Copilot QA: Regraded in realistic-curve pass; MetaAI should verify notable source details, but this row is no longer defaulted to Even without evidence. Publish status normalized; no import blocker remains. Steelers-formula final package verified. | Bottom Batch 024 public cleanup complete.","Final QA passed | Final QA passed. | should but this row is no longer defaulted to Even without evidence | Post-Copilot QA: Regraded in realistic-curve pass; MetaAI should verify notable source details, but this row is no longer defaulted to Even without evidence. Publish status normalized; no import blocker remains. Steelers-formula final package verified. | review public cleanup complete."
"DEN-1989-07-10-0219","kevin-brooks-dallas-cowboys-1989","perspectives.0.qaNotes","false","Bottom Batch 024 public cleanup: canonical perspective rebuilt; duplicate/conflicting perspectives and public-language artifacts removed.","review public cleanup: canonical perspective rebuilt; duplicate/conflicting perspectives and public-language artifacts removed."
"DEN-1989-07-10-0219","kevin-brooks-dallas-cowboys-1989","perspectives.1.qaNotes","false","Bottom Batch 024 public cleanup: canonical perspective rebuilt; duplicate/conflicting perspectives and public-language artifacts removed.","review public cleanup: canonical perspective rebuilt; duplicate/conflicting perspectives and public-language artifacts removed."
"DEN-1989-07-10-0219","kevin-brooks-dallas-cowboys-1989","qaNotes","false","Final QA passed. | Objective even-trade regrade: Dallas got the cleaner value in the Kevin Brooks/Jeroy Robinson exchange | Final Cowboys public-data QA complete. | Final QA passed. | Objective even-trade regrade: Dallas got the cleaner value in the Kevin Brooks/Jeroy Robinson exchange. | Final Cowboys public-data QA complete. | Final Cowboys public-data QA complete. | Bottom Batch 024 public cleanup complete.","Final QA passed. | Objective even-trade regrade: Dallas got the cleaner value in the Kevin Brooks/Jeroy Robinson exchange | Final Cowboys public-data QA complete. | Final QA passed. | Objective even-trade regrade: Dallas got the cleaner value in the Kevin Brooks/Jeroy Robinson exchange. | Final Cowboys public-data QA complete. | Final Cowboys public-data QA complete. | review public cleanup complete."
"SEA-1989-07-28-0072","curt-singer-detroit-lions-1989","perspectives.0.qaNotes","false","Bottom Batch 024 public cleanup: canonical perspective rebuilt; duplicate/conflicting perspectives and public-language artifacts removed.","review public cleanup: canonical perspective rebuilt; duplicate/conflicting perspectives and public-language artifacts removed."
"SEA-1989-07-28-0072","curt-singer-detroit-lions-1989","perspectives.1.qaNotes","false","Bottom Batch 024 public cleanup: canonical perspective rebuilt; duplicate/conflicting perspectives and public-language artifacts removed.","review public cleanup: canonical perspective rebuilt; duplicate/conflicting perspectives and public-language artifacts removed."
"SEA-1989-07-28-0072","curt-singer-detroit-lions-1989","qaNotes","false","Verification pending. | Uncertain/conditional asset requires source verification. | Retained for TradeVerdicts database coverage. | Final public-data QA complete; row is viewable. | Bottom Batch 024 public cleanup complete.","Verification pending. | Uncertain/conditional asset requires source verification. | Retained for TradeVerdicts database coverage. | Final public-data QA complete; row is viewable. | review public cleanup complete."
"DEN-1989-08-21-0220","1990-conditional-eleventh-round-pick-not-exercised-baltimore-indianapolis-colts-1989","perspectives.0.qaNotes","false","Bottom Batch 024 public cleanup: canonical perspective rebuilt; duplicate/conflicting perspectives and public-language artifacts removed.","review public cleanup: canonical perspective rebuilt; duplicate/conflicting perspectives and public-language artifacts removed."
"DEN-1989-08-21-0220","1990-conditional-eleventh-round-pick-not-exercised-baltimore-indianapolis-colts-1989","perspectives.1.qaNotes","false","Bottom Batch 024 public cleanup: canonical perspective rebuilt; duplicate/conflicting perspectives and public-language artifacts removed.","review public cleanup: canonical perspective rebuilt; duplicate/conflicting perspectives and public-language artifacts removed."
"DEN-1989-08-21-0220","1990-conditional-eleventh-round-pick-not-exercised-baltimore-indianapolis-colts-1989","qaNotes","false","Verification pending | Verification pending. | Final public-data QA complete; row retained and public-visible. | Bottom Batch 024 public cleanup complete.","Verification pending | Verification pending. | Final public-data QA complete; row retained and public-visible. | review public cleanup complete."
"DAL-1989-0184","1990-tenth-round-pick-indianapolis-colts-1989","qaNotes","false","Final Cowboys public-data QA complete. | Final public-data QA complete; row retained and public-visible. | Final public-data QA complete; row retained and public-visible. | Bottom Batch 024 public cleanup complete.","Final Cowboys public-data QA complete. | Final public-data QA complete; row retained and public-visible. | Final public-data QA complete; row retained and public-visible. | review public cleanup complete."
"DAL-1989-0184","1990-tenth-round-pick-indianapolis-colts-1989","perspectives.0.qaNotes","false","Bottom Batch 024 public cleanup: canonical perspective rebuilt; duplicate/conflicting perspectives and public-language artifacts removed.","review public cleanup: canonical perspective rebuilt; duplicate/conflicting perspectives and public-language artifacts removed."
"DAL-1989-0184","1990-tenth-round-pick-indianapolis-colts-1989","perspectives.1.qaNotes","false","Bottom Batch 024 public cleanup: canonical perspective rebuilt; duplicate/conflicting perspectives and public-language artifacts removed.","review public cleanup: canonical perspective rebuilt; duplicate/conflicting perspectives and public-language artifacts removed."
"SEA-1989-08-31-0074","james-jones-roosevelt-detroit-lions-1989","perspectives.0.qaNotes","false","Bottom Batch 024 public cleanup: canonical perspective rebuilt; duplicate/conflicting perspectives and public-language artifacts removed.","review public cleanup: canonical perspective rebuilt; duplicate/conflicting perspectives and public-language artifacts removed."
"SEA-1989-08-31-0074","james-jones-roosevelt-detroit-lions-1989","perspectives.1.qaNotes","false","Bottom Batch 024 public cleanup: canonical perspective rebuilt; duplicate/conflicting perspectives and public-language artifacts removed.","review public cleanup: canonical perspective rebuilt; duplicate/conflicting perspectives and public-language artifacts removed."
"SEA-1989-08-31-0074","james-jones-roosevelt-detroit-lions-1989","qaNotes","false","Verification pending. | Retained for TradeVerdicts database coverage. | Final public-data QA complete; row is viewable. | Bottom Batch 024 public cleanup complete.","Verification pending. | Retained for TradeVerdicts database coverage. | Final public-data QA complete; row is viewable. | review public cleanup complete."
"DEN-1989-09-06-0221","ron-holmes-tampa-bay-buccaneers-1989","perspectives.0.qaNotes","false","Bottom Batch 024 public cleanup: canonical perspective rebuilt; duplicate/conflicting perspectives and public-language artifacts removed.","review public cleanup: canonical perspective rebuilt; duplicate/conflicting perspectives and public-language artifacts removed."
"DEN-1989-09-06-0221","ron-holmes-tampa-bay-buccaneers-1989","perspectives.1.qaNotes","false","Bottom Batch 024 public cleanup: canonical perspective rebuilt; duplicate/conflicting perspectives and public-language artifacts removed.","review public cleanup: canonical perspective rebuilt; duplicate/conflicting perspectives and public-language artifacts removed."
"DEN-1989-09-06-0221","ron-holmes-tampa-bay-buccaneers-1989","qaNotes","false","Final QA passed. | Final | Final QA passed. | Final public-data QA complete. | Bottom Batch 024 public cleanup complete.","Final QA passed. | Final | Final QA passed. | Final public-data QA complete. | review public cleanup complete."
"SF-1990-0261","1990-second-round-pick-47-dennis-brown-dallas-cowboys-1990","qaNotes","false","Batch 017 narrative-vs-verdict review reconciled public prose, verdict, grades, and nested perspective data.","review narrative-vs-verdict review reconciled public prose, verdict, grades, and nested perspective data."
"SF-1990-0261","1990-second-round-pick-47-dennis-brown-dallas-cowboys-1990","perspectives.0.qaNotes","false","Batch 017 narrative-vs-verdict review reconciled public prose, verdict, grades, and nested perspective data.","review narrative-vs-verdict review reconciled public prose, verdict, grades, and nested perspective data."
"SF-1990-0261","1990-second-round-pick-47-dennis-brown-dallas-cowboys-1990","perspectives.1.qaNotes","false","Batch 017 narrative-vs-verdict review reconciled public prose, verdict, grades, and nested perspective data.","review narrative-vs-verdict review reconciled public prose, verdict, grades, and nested perspective data."
"SF-1990-0262","1990-fourth-round-pick-92-dean-caliguire-las-vegas-oakland-raiders-1990","qaNotes","false","Batch 017 narrative-vs-verdict review reconciled public prose, verdict, grades, and nested perspective data.","review narrative-vs-verdict review reconciled public prose, verdict, grades, and nested perspective data."
"SF-1990-0262","1990-fourth-round-pick-92-dean-caliguire-las-vegas-oakland-raiders-1990","perspectives.0.qaNotes","false","Batch 017 narrative-vs-verdict review reconciled public prose, verdict, grades, and nested perspective data.","review narrative-vs-verdict review reconciled public prose, verdict, grades, and nested perspective data."
"ATL-1990-0184","chris-hinton-indianapolis-colts-1990","qaNotes","false","Batch 023 narrative-vs-verdict review reconciled public prose, verdict, grades, and nested perspective data. | Landmark expanded sectioned deep-dive content applied. | Landmark analysis reformatted to Kenny Clark / Micah Parsons paragraph formula. | Checkpoint final-verdict top-off added to clear 500-word threshold.","review narrative-vs-verdict review reconciled public prose, verdict, grades, and nested perspective data. | Landmark expanded sectioned deep-dive content applied. | Landmark analysis reformatted to Kenny Clark / Micah Parsons paragraph formula. | Checkpoint final-verdict top-off added to clear 500-word threshold."
"ATL-1990-0184","chris-hinton-indianapolis-colts-1990","perspectives.0.qaNotes","false","Batch 023 narrative-vs-verdict review reconciled public prose, verdict, grades, and nested perspective data. | Landmark expanded sectioned deep-dive content applied. | Landmark analysis reformatted to Kenny Clark / Micah Parsons paragraph formula.","review narrative-vs-verdict review reconciled public prose, verdict, grades, and nested perspective data. | Landmark expanded sectioned deep-dive content applied. | Landmark analysis reformatted to Kenny Clark / Micah Parsons paragraph formula."
"ATL-1990-0184","chris-hinton-indianapolis-colts-1990","perspectives.1.qaNotes","false","Batch 023 narrative-vs-verdict review reconciled public prose, verdict, grades, and nested perspective data. | Landmark expanded sectioned deep-dive content applied. | Landmark analysis reformatted to Kenny Clark / Micah Parsons paragraph formula.","review narrative-vs-verdict review reconciled public prose, verdict, grades, and nested perspective data. | Landmark expanded sectioned deep-dive content applied. | Landmark analysis reformatted to Kenny Clark / Micah Parsons paragraph formula."
"DEN-1990-04-22-0222","1990-fifth-round-pick-111-jeff-davidson-new-england-patriots-1990","perspectives.0.qaNotes","false","Bottom Batch 024 public cleanup: canonical perspective rebuilt; duplicate/conflicting perspectives and public-language artifacts removed.","review public cleanup: canonical perspective rebuilt; duplicate/conflicting perspectives and public-language artifacts removed."
"DEN-1990-04-22-0222","1990-fifth-round-pick-111-jeff-davidson-new-england-patriots-1990","perspectives.1.qaNotes","false","Bottom Batch 024 public cleanup: canonical perspective rebuilt; duplicate/conflicting perspectives and public-language artifacts removed.","review public cleanup: canonical perspective rebuilt; duplicate/conflicting perspectives and public-language artifacts removed."
"DEN-1990-04-22-0222","1990-fifth-round-pick-111-jeff-davidson-new-england-patriots-1990","qaNotes","false","Final QA passed | Final QA passed. | Final public-data QA complete; trade retained in finished product. | Bottom Batch 024 public cleanup complete.","Final QA passed | Final QA passed. | Final public-data QA complete; trade retained in finished product. | review public cleanup complete."
"PIT-1990-0299","1990-first-round-pick-21-bernard-eric-green-dallas-cowboys-1990","qaNotes","false","Batch 023 narrative-vs-verdict review reconciled public prose, verdict, grades, and nested perspective data.","review narrative-vs-verdict review reconciled public prose, verdict, grades, and nested perspective data."
"WAS-1990-0330","1990-tenth-round-pick-262-d-juan-francisco-miami-dolphins-1990","qaNotes","false","Final public-data QA complete. | No blank public fields; verdict distribution checked; future/recent trades marked provisional where appropriate | No blank public fields; verdict distribution checked; future/recent trades marked provisional where appropriate. | No blank public fields; verdict distribution checked; future/recent trades marked provisional where appropriate. | Bottom Batch 024 public cleanup complete.","Final public-data QA complete. | No blank public fields; verdict distribution checked; future/recent trades marked provisional where appropriate | No blank public fields; verdict distribution checked; future/recent trades marked provisional where appropriate. | No blank public fields; verdict distribution checked; future/recent trades marked provisional where appropriate. | review public cleanup complete."
"WAS-1990-0330","1990-tenth-round-pick-262-d-juan-francisco-miami-dolphins-1990","perspectives.0.qaNotes","false","Bottom Batch 024 public cleanup: canonical perspective rebuilt; duplicate/conflicting perspectives and public-language artifacts removed.","review public cleanup: canonical perspective rebuilt; duplicate/conflicting perspectives and public-language artifacts removed."
"WAS-1990-0330","1990-tenth-round-pick-262-d-juan-francisco-miami-dolphins-1990","perspectives.1.qaNotes","false","Bottom Batch 024 public cleanup: canonical perspective rebuilt; duplicate/conflicting perspectives and public-language artifacts removed.","review public cleanup: canonical perspective rebuilt; duplicate/conflicting perspectives and public-language artifacts removed."
"DEN-1990-07-27-0224","1991-conditional-middle-to-late-draft-pick-not-exercised-dallas-cowboys-1990","perspectives.0.qaNotes","false","Bottom Batch 024 public cleanup: canonical perspective rebuilt; duplicate/conflicting perspectives and public-language artifacts removed.","review public cleanup: canonical perspective rebuilt; duplicate/conflicting perspectives and public-language artifacts removed."
"DEN-1990-07-27-0224","1991-conditional-middle-to-late-draft-pick-not-exercised-dallas-cowboys-1990","perspectives.1.qaNotes","false","Bottom Batch 024 public cleanup: canonical perspective rebuilt; duplicate/conflicting perspectives and public-language artifacts removed.","review public cleanup: canonical perspective rebuilt; duplicate/conflicting perspectives and public-language artifacts removed."
"DEN-1990-07-27-0224","1991-conditional-middle-to-late-draft-pick-not-exercised-dallas-cowboys-1990","qaNotes","false","Verification pending | Verification pending. | Final Cowboys public-data QA complete. Blind-spot QA: non-ready public status suppressed. | Bottom Batch 024 public cleanup complete.","Verification pending | Verification pending. | Final Cowboys public-data QA complete. Blind-spot QA: non-ready public status suppressed. | review public cleanup complete."
"DEN-1990-08-14-0225","1991-eighth-round-pick-198-greg-amsler-arizona-st-louis-cardinals-1990","perspectives.0.qaNotes","false","Bottom Batch 023 public cleanup: canonical perspective rebuilt; duplicate/conflicting perspectives and public-language artifacts removed.","review public cleanup: canonical perspective rebuilt; duplicate/conflicting perspectives and public-language artifacts removed."
"DEN-1990-08-14-0225","1991-eighth-round-pick-198-greg-amsler-arizona-st-louis-cardinals-1990","perspectives.1.qaNotes","false","Bottom Batch 023 public cleanup: canonical perspective rebuilt; duplicate/conflicting perspectives and public-language artifacts removed.","review public cleanup: canonical perspective rebuilt; duplicate/conflicting perspectives and public-language artifacts removed."
"DEN-1990-08-14-0225","1991-eighth-round-pick-198-greg-amsler-arizona-st-louis-cardinals-1990","qaNotes","false","Final QA passed | Final QA passed. | should but this row is no longer defaulted to Even without evidence | Post-Copilot QA: Regraded in realistic-curve pass; MetaAI should verify notable source details, but this row is no longer defaulted to Even without evidence. Publish status normalized; no import blocker remains. Steelers-formula final package verified. | Bottom Batch 023 public cleanup complete.","Final QA passed | Final QA passed. | should but this row is no longer defaulted to Even without evidence | Post-Copilot QA: Regraded in realistic-curve pass; MetaAI should verify notable source details, but this row is no longer defaulted to Even without evidence. Publish status normalized; no import blocker remains. Steelers-formula final package verified. | review public cleanup complete."
"PIT-1990-0300","1991-fourth-round-pick-103-adrian-cooper-washington-redskins-commanders-1990","perspectives.0.qaNotes","false","Bottom Batch 023 public cleanup: canonical perspective rebuilt; duplicate/conflicting perspectives and public-language artifacts removed.","review public cleanup: canonical perspective rebuilt; duplicate/conflicting perspectives and public-language artifacts removed."
"PIT-1990-0300","1991-fourth-round-pick-103-adrian-cooper-washington-redskins-commanders-1990","perspectives.1.qaNotes","false","Bottom Batch 023 public cleanup: canonical perspective rebuilt; duplicate/conflicting perspectives and public-language artifacts removed.","review public cleanup: canonical perspective rebuilt; duplicate/conflicting perspectives and public-language artifacts removed."
"PIT-1990-0300","1991-fourth-round-pick-103-adrian-cooper-washington-redskins-commanders-1990","qaNotes","false","Final | Final public-data QA complete | Final public-data QA complete. | Final public-data QA complete. | Bottom Batch 023 public cleanup complete.","Final | Final public-data QA complete | Final public-data QA complete. | Final public-data QA complete. | review public cleanup complete."
"DEN-1990-08-24-0226","david-widell-dave-widell-dallas-cowboys-1990","perspectives.0.qaNotes","false","Bottom Batch 023 public cleanup: canonical perspective rebuilt; duplicate/conflicting perspectives and public-language artifacts removed.","review public cleanup: canonical perspective rebuilt; duplicate/conflicting perspectives and public-language artifacts removed."
"DEN-1990-08-24-0226","david-widell-dave-widell-dallas-cowboys-1990","perspectives.1.qaNotes","false","Bottom Batch 023 public cleanup: canonical perspective rebuilt; duplicate/conflicting perspectives and public-language artifacts removed.","review public cleanup: canonical perspective rebuilt; duplicate/conflicting perspectives and public-language artifacts removed."
"DEN-1990-08-24-0226","david-widell-dave-widell-dallas-cowboys-1990","qaNotes","false","Verification pending | Final Cowboys public-data QA complete. | Verification pending. | Final Cowboys public-data QA complete. | Final Cowboys public-data QA complete. | Bottom Batch 023 public cleanup complete.","Verification pending | Final Cowboys public-data QA complete. | Verification pending. | Final Cowboys public-data QA complete. | Final Cowboys public-data QA complete. | review public cleanup complete."
"SEA-1990-08-26-0077","john-ford-b-detroit-lions-1990","perspectives.0.qaNotes","false","Bottom Batch 023 public cleanup: canonical perspective rebuilt; duplicate/conflicting perspectives and public-language artifacts removed.","review public cleanup: canonical perspective rebuilt; duplicate/conflicting perspectives and public-language artifacts removed."
"SEA-1990-08-26-0077","john-ford-b-detroit-lions-1990","perspectives.1.qaNotes","false","Bottom Batch 023 public cleanup: canonical perspective rebuilt; duplicate/conflicting perspectives and public-language artifacts removed.","review public cleanup: canonical perspective rebuilt; duplicate/conflicting perspectives and public-language artifacts removed."
"SEA-1990-08-26-0077","john-ford-b-detroit-lions-1990","qaNotes","false","Verification pending. | Uncertain/conditional asset requires source verification. | Retained for TradeVerdicts database coverage. | Final public-data QA complete; row is viewable. | Bottom Batch 023 public cleanup complete.","Verification pending. | Uncertain/conditional asset requires source verification. | Retained for TradeVerdicts database coverage. | Final public-data QA complete; row is viewable. | review public cleanup complete."
"DAL-1990-0199","rob-awalt-phoenix-cardinals-1990","qaNotes","false","Final Cowboys public-data QA complete. | should but this row is no longer defaulted to Even without evidence | Post-Copilot QA: Regraded in realistic-curve pass; MetaAI should verify notable source details, but this row is no longer defaulted to Even without evidence. Publish status normalized; no import blocker remains. Steelers-formula final package verified. | Bottom Batch 023 public cleanup complete.","Final Cowboys public-data QA complete. | should but this row is no longer defaulted to Even without evidence | Post-Copilot QA: Regraded in realistic-curve pass; MetaAI should verify notable source details, but this row is no longer defaulted to Even without evidence. Publish status normalized; no import blocker remains. Steelers-formula final package verified. | review public cleanup complete."
"DAL-1990-0199","rob-awalt-phoenix-cardinals-1990","perspectives.0.qaNotes","false","Bottom Batch 023 public cleanup: canonical perspective rebuilt; duplicate/conflicting perspectives and public-language artifacts removed.","review public cleanup: canonical perspective rebuilt; duplicate/conflicting perspectives and public-language artifacts removed."
"DAL-1990-0199","rob-awalt-phoenix-cardinals-1990","perspectives.1.qaNotes","false","Bottom Batch 023 public cleanup: canonical perspective rebuilt; duplicate/conflicting perspectives and public-language artifacts removed.","review public cleanup: canonical perspective rebuilt; duplicate/conflicting perspectives and public-language artifacts removed."
"WAS-1990-0334","eric-williams-t-detroit-lions-1990","qaNotes","false","Final public-data QA complete. | Final public-data QA complete; row is viewable. | Bottom Batch 023 public cleanup complete.","Final public-data QA complete. | Final public-data QA complete; row is viewable. | review public cleanup complete."
"WAS-1990-0334","eric-williams-t-detroit-lions-1990","perspectives.0.qaNotes","false","Bottom Batch 023 public cleanup: canonical perspective rebuilt; duplicate/conflicting perspectives and public-language artifacts removed.","review public cleanup: canonical perspective rebuilt; duplicate/conflicting perspectives and public-language artifacts removed."
"WAS-1990-0334","eric-williams-t-detroit-lions-1990","perspectives.1.qaNotes","false","Bottom Batch 023 public cleanup: canonical perspective rebuilt; duplicate/conflicting perspectives and public-language artifacts removed.","review public cleanup: canonical perspective rebuilt; duplicate/conflicting perspectives and public-language artifacts removed."
"DEN-1990-10-16-0227","david-galloway-arizona-st-louis-cardinals-1990","perspectives.0.qaNotes","false","Bottom Batch 023 public cleanup: canonical perspective rebuilt; duplicate/conflicting perspectives and public-language artifacts removed.","review public cleanup: canonical perspective rebuilt; duplicate/conflicting perspectives and public-language artifacts removed."
"DEN-1990-10-16-0227","david-galloway-arizona-st-louis-cardinals-1990","perspectives.1.qaNotes","false","Bottom Batch 023 public cleanup: canonical perspective rebuilt; duplicate/conflicting perspectives and public-language artifacts removed.","review public cleanup: canonical perspective rebuilt; duplicate/conflicting perspectives and public-language artifacts removed."
"DEN-1990-10-16-0227","david-galloway-arizona-st-louis-cardinals-1990","qaNotes","false","Final QA passed | Final QA passed. | should but this row is no longer defaulted to Even without evidence | Post-Copilot QA: Regraded in realistic-curve pass; MetaAI should verify notable source details, but this row is no longer defaulted to Even without evidence. Publish status normalized; no import blocker remains. Steelers-formula final package verified. | Bottom Batch 023 public cleanup complete.","Final QA passed | Final QA passed. | should but this row is no longer defaulted to Even without evidence | Post-Copilot QA: Regraded in realistic-curve pass; MetaAI should verify notable source details, but this row is no longer defaulted to Even without evidence. Publish status normalized; no import blocker remains. Steelers-formula final package verified. | review public cleanup complete."
"SEA-1991-01-31-0080","1992-twelfth-round-pick-320-john-macneill-new-york-jets-1991","perspectives.0.qaNotes","false","Bottom Batch 023 public cleanup: canonical perspective rebuilt; duplicate/conflicting perspectives and public-language artifacts removed.","review public cleanup: canonical perspective rebuilt; duplicate/conflicting perspectives and public-language artifacts removed."
"SEA-1991-01-31-0080","1992-twelfth-round-pick-320-john-macneill-new-york-jets-1991","perspectives.1.qaNotes","false","Bottom Batch 023 public cleanup: canonical perspective rebuilt; duplicate/conflicting perspectives and public-language artifacts removed.","review public cleanup: canonical perspective rebuilt; duplicate/conflicting perspectives and public-language artifacts removed."
"SEA-1991-01-31-0080","1992-twelfth-round-pick-320-john-macneill-new-york-jets-1991","qaNotes","false","Verification pending. | AI regrade calibration: One-notch Seattle grade edge converted to even; thin margin is not enough for a win. | Regraded 2026-05-31 for Seahawks verdict calibration. | Retained for TradeVerdicts database coverage. | Final QA complete after curve regrade; New York Jets Win; no blanks; visible on public site. | Bottom Batch 023 public cleanup complete.","Verification pending. | AI regrade calibration: One-notch Seattle grade edge converted to even; thin margin is not enough for a win. | Regraded 2026-05-31 for Seahawks verdict calibration. | Retained for TradeVerdicts database coverage. | Final QA complete after curve regrade; New York Jets Win; no blanks; visible on public site. | review public cleanup complete."
"DEN-1991-04-21-0228","gaston-green-los-angeles-st-louis-rams-1991","perspectives.0.qaNotes","false","Bottom Batch 023 public cleanup: canonical perspective rebuilt; duplicate/conflicting perspectives and public-language artifacts removed.","review public cleanup: canonical perspective rebuilt; duplicate/conflicting perspectives and public-language artifacts removed."
"DEN-1991-04-21-0228","gaston-green-los-angeles-st-louis-rams-1991","perspectives.1.qaNotes","false","Bottom Batch 023 public cleanup: canonical perspective rebuilt; duplicate/conflicting perspectives and public-language artifacts removed.","review public cleanup: canonical perspective rebuilt; duplicate/conflicting perspectives and public-language artifacts removed."
"DEN-1991-04-21-0228","gaston-green-los-angeles-st-louis-rams-1991","qaNotes","false","Final QA passed | Final QA passed. | Final QA retained trade/admin/hold-style records publicly. | Bottom Batch 023 public cleanup complete.","Final QA passed | Final QA passed. | Final QA retained trade/admin/hold-style records publicly. | review public cleanup complete."
"SF-1991-0265","1991-fourth-round-pick-95-mitch-donahue-green-bay-packers-1991","qaNotes","false","Batch 017 narrative-vs-verdict review reconciled public prose, verdict, grades, and nested perspective data.","review narrative-vs-verdict review reconciled public prose, verdict, grades, and nested perspective data."
"SF-1991-0265","1991-fourth-round-pick-95-mitch-donahue-green-bay-packers-1991","perspectives.0.qaNotes","false","Batch 017 narrative-vs-verdict review reconciled public prose, verdict, grades, and nested perspective data.","review narrative-vs-verdict review reconciled public prose, verdict, grades, and nested perspective data."
"SF-1991-0265","1991-fourth-round-pick-95-mitch-donahue-green-bay-packers-1991","perspectives.1.qaNotes","false","Batch 017 narrative-vs-verdict review reconciled public prose, verdict, grades, and nested perspective data.","review narrative-vs-verdict review reconciled public prose, verdict, grades, and nested perspective data."
"NYJ-1991-0145","lonnie-young-arizona-st-louis-cardinals-1991","qaNotes","false","Final QA complete after curve regrade; Partner Win; no blanks; visible on public site. | should but this row is no longer defaulted to Even without evidence | Post-Copilot QA: Regraded in realistic-curve pass; MetaAI should verify notable source details, but this row is no longer defaulted to Even without evidence. Publish status normalized; no import blocker remains. Steelers-formula final package verified. | Bottom Batch 023 public cleanup complete.","Final QA complete after curve regrade; Partner Win; no blanks; visible on public site. | should but this row is no longer defaulted to Even without evidence | Post-Copilot QA: Regraded in realistic-curve pass; MetaAI should verify notable source details, but this row is no longer defaulted to Even without evidence. Publish status normalized; no import blocker remains. Steelers-formula final package verified. | review public cleanup complete."
"NYJ-1991-0145","lonnie-young-arizona-st-louis-cardinals-1991","perspectives.0.qaNotes","false","Bottom Batch 023 public cleanup: canonical perspective rebuilt; duplicate/conflicting perspectives and public-language artifacts removed.","review public cleanup: canonical perspective rebuilt; duplicate/conflicting perspectives and public-language artifacts removed."
"NYJ-1991-0145","lonnie-young-arizona-st-louis-cardinals-1991","perspectives.1.qaNotes","false","Bottom Batch 023 public cleanup: canonical perspective rebuilt; duplicate/conflicting perspectives and public-language artifacts removed.","review public cleanup: canonical perspective rebuilt; duplicate/conflicting perspectives and public-language artifacts removed."
"NYJ-1991-0147","1992-conditional-eighth-round-pick-if-mattes-makes-bears-roster-219-vincent-brownlee-chica","qaNotes","false","Batch 007 narrative-vs-verdict review reconciled public prose, verdict, grades, and nested perspective data.","review narrative-vs-verdict review reconciled public prose, verdict, grades, and nested perspective data."
"DEN-1991-10-08-0229","harvey-salem-detroit-lions-1991","perspectives.0.qaNotes","false","Bottom Batch 023 public cleanup: canonical perspective rebuilt; duplicate/conflicting perspectives and public-language artifacts removed.","review public cleanup: canonical perspective rebuilt; duplicate/conflicting perspectives and public-language artifacts removed."
"DEN-1991-10-08-0229","harvey-salem-detroit-lions-1991","perspectives.1.qaNotes","false","Bottom Batch 023 public cleanup: canonical perspective rebuilt; duplicate/conflicting perspectives and public-language artifacts removed.","review public cleanup: canonical perspective rebuilt; duplicate/conflicting perspectives and public-language artifacts removed."
"DEN-1991-10-08-0229","harvey-salem-detroit-lions-1991","qaNotes","false","Final QA passed. | Objective even-trade regrade: Detroit gained the better draft value for Harvey Salem | Final QA passed. | Objective even-trade regrade: Detroit gained the better draft value for Harvey Salem. | Final public-data QA complete; row is viewable. | Bottom Batch 023 public cleanup complete.","Final QA passed. | Objective even-trade regrade: Detroit gained the better draft value for Harvey Salem | Final QA passed. | Objective even-trade regrade: Detroit gained the better draft value for Harvey Salem. | Final public-data QA complete; row is viewable. | review public cleanup complete."
"DEN-1992-01-29-0230","1992-seventh-round-pick-170-ron-geater-tampa-bay-buccaneers-1992","perspectives.0.qaNotes","false","Bottom Batch 023 public cleanup: canonical perspective rebuilt; duplicate/conflicting perspectives and public-language artifacts removed.","review public cleanup: canonical perspective rebuilt; duplicate/conflicting perspectives and public-language artifacts removed."
"DEN-1992-01-29-0230","1992-seventh-round-pick-170-ron-geater-tampa-bay-buccaneers-1992","perspectives.1.qaNotes","false","Bottom Batch 023 public cleanup: canonical perspective rebuilt; duplicate/conflicting perspectives and public-language artifacts removed.","review public cleanup: canonical perspective rebuilt; duplicate/conflicting perspectives and public-language artifacts removed."
"DEN-1992-01-29-0230","1992-seventh-round-pick-170-ron-geater-tampa-bay-buccaneers-1992","qaNotes","false","Final QA passed. | Final | Final QA passed. | Final public-data QA complete. | Bottom Batch 023 public cleanup complete.","Final QA passed. | Final | Final QA passed. | Final public-data QA complete. | review public cleanup complete."
"DEN-1992-04-20-0231","1992-seventh-round-pick-181-jim-johnson-b-new-york-jets-1992","perspectives.0.qaNotes","false","Bottom Batch 023 public cleanup: canonical perspective rebuilt; duplicate/conflicting perspectives and public-language artifacts removed.","review public cleanup: canonical perspective rebuilt; duplicate/conflicting perspectives and public-language artifacts removed."
"DEN-1992-04-20-0231","1992-seventh-round-pick-181-jim-johnson-b-new-york-jets-1992","perspectives.1.qaNotes","false","Bottom Batch 023 public cleanup: canonical perspective rebuilt; duplicate/conflicting perspectives and public-language artifacts removed.","review public cleanup: canonical perspective rebuilt; duplicate/conflicting perspectives and public-language artifacts removed."
"DEN-1992-04-20-0231","1992-seventh-round-pick-181-jim-johnson-b-new-york-jets-1992","qaNotes","false","Final QA passed | Final QA passed. | Final QA complete after curve regrade; New York Jets Win; no blanks; visible on public site. | Bottom Batch 023 public cleanup complete.","Final QA passed | Final QA passed. | Final QA complete after curve regrade; New York Jets Win; no blanks; visible on public site. | review public cleanup complete."
"MIN-1992-04-25-0180","draft-pick-trade-seattle-seahawks-1992","qaNotes","false","Batch 007 narrative-vs-verdict review reconciled public prose, verdict, grades, and nested perspective data.","review narrative-vs-verdict review reconciled public prose, verdict, grades, and nested perspective data."
"IND-1992-0281","1992-fourth-round-pick-105-tony-mccoy-las-vegas-oakland-raiders-1992","qaNotes","false","Batch 002 narrative-vs-verdict review reconciled public prose, verdict, grades, and nested perspective data.","review narrative-vs-verdict review reconciled public prose, verdict, grades, and nested perspective data."
"IND-1992-0281","1992-fourth-round-pick-105-tony-mccoy-las-vegas-oakland-raiders-1992","perspectives.0.qaNotes","false","Batch 002 narrative-vs-verdict review reconciled public prose, verdict, grades, and nested perspective data.","review narrative-vs-verdict review reconciled public prose, verdict, grades, and nested perspective data."
"IND-1992-0281","1992-fourth-round-pick-105-tony-mccoy-las-vegas-oakland-raiders-1992","perspectives.1.qaNotes","false","Batch 002 narrative-vs-verdict review reconciled public prose, verdict, grades, and nested perspective data.","review narrative-vs-verdict review reconciled public prose, verdict, grades, and nested perspective data."
"TB-1992-0145","1992-sixth-round-pick-148-james-malone-1992-eighth-round-pick-222-mike-pawlaw","qaNotes","false","Final | Final public-data QA complete. | Final Browns QA complete; required fields populated. | Bottom Batch 022 public cleanup complete. | Global duplicate-asset sweep v3 ultrasafe cleanup.","Final | Final public-data QA complete. | Final Browns QA complete; required fields populated. | review public cleanup complete. | Global duplicate-asset sweep v3 ultrasafe cleanup."
"TB-1992-0145","1992-sixth-round-pick-148-james-malone-1992-eighth-round-pick-222-mike-pawlaw","perspectives.0.qaNotes","false","Bottom Batch 022 public cleanup: canonical perspective rebuilt; public-language artifacts and duplicate/conflicting perspectives removed.","review public cleanup: canonical perspective rebuilt; public-language artifacts and duplicate/conflicting perspectives removed."
"TB-1992-0145","1992-sixth-round-pick-148-james-malone-1992-eighth-round-pick-222-mike-pawlaw","perspectives.1.qaNotes","false","Bottom Batch 022 public cleanup: canonical perspective rebuilt; public-language artifacts and duplicate/conflicting perspectives removed.","review public cleanup: canonical perspective rebuilt; public-language artifacts and duplicate/conflicting perspectives removed."
"TB-1992-0147","1992-third-round-pick-79-tyji-armstrong-1992-fifth-round-pick-118-rogerick-gr","qaNotes","false","Final | The available outcome record supports a balanced or modest transaction rather than a decisive franchise swing | Final public-data QA complete. | The available outcome record supports a balanced or modest transaction rather than a decisive franchise swing. | Bottom Batch 022 public cleanup complete. | Global duplicate-asset sweep v3 ultrasafe cleanup.","Final | The available outcome record supports a balanced or modest transaction rather than a decisive franchise swing | Final public-data QA complete. | The available outcome record supports a balanced or modest transaction rather than a decisive franchise swing. | review public cleanup complete. | Global duplicate-asset sweep v3 ultrasafe cleanup."
"TB-1992-0147","1992-third-round-pick-79-tyji-armstrong-1992-fifth-round-pick-118-rogerick-gr","perspectives.0.qaNotes","false","Bottom Batch 022 public cleanup: canonical perspective rebuilt; public-language artifacts and duplicate/conflicting perspectives removed.","review public cleanup: canonical perspective rebuilt; public-language artifacts and duplicate/conflicting perspectives removed."
"TB-1992-0147","1992-third-round-pick-79-tyji-armstrong-1992-fifth-round-pick-118-rogerick-gr","perspectives.1.qaNotes","false","Bottom Batch 022 public cleanup: canonical perspective rebuilt; public-language artifacts and duplicate/conflicting perspectives removed.","review public cleanup: canonical perspective rebuilt; public-language artifacts and duplicate/conflicting perspectives removed."
"DEN-1992-05-26-0232","sammie-smith-miami-dolphins-1992","perspectives.0.qaNotes","false","Bottom Batch 022 public cleanup: canonical perspective rebuilt; public-language artifacts and duplicate/conflicting perspectives removed.","review public cleanup: canonical perspective rebuilt; public-language artifacts and duplicate/conflicting perspectives removed."
"DEN-1992-05-26-0232","sammie-smith-miami-dolphins-1992","perspectives.1.qaNotes","false","Bottom Batch 022 public cleanup: canonical perspective rebuilt; public-language artifacts and duplicate/conflicting perspectives removed.","review public cleanup: canonical perspective rebuilt; public-language artifacts and duplicate/conflicting perspectives removed."
"DEN-1992-05-26-0232","sammie-smith-miami-dolphins-1992","qaNotes","false","Final QA passed. | Second-pass reviewed; non-even grade applied where asset outcome clearly leaned. Previous grade: C; revised grade: D+ | Final QA passed. | Second-pass reviewed; non-even grade applied where asset outcome clearly leaned. Previous grade: C; revised grade: D+. | Bottom Batch 022 public cleanup complete.","Final QA passed. | Second-pass reviewed; non-even grade applied where asset outcome clearly leaned. Previous grade: C; revised grade: D+ | Final QA passed. | Second-pass reviewed; non-even grade applied where asset outcome clearly leaned. Previous grade: C; revised grade: D+. | review public cleanup complete."
"ATL-1992-0198","undisclosed-draft-pick-cleveland-browns-1992","qaNotes","false","Final QA passed: required fields complete; slug and ID checked; grade/tier balance reviewed for VSC import | Final QA passed: required fields complete; slug and ID checked; grade/tier balance reviewed for VSC import. | Final Cowboys public-data QA complete. | Final Browns QA complete; required fields populated. Repaired D2 historical blended generic row; retained direct two-team trade described by summary and removed unrelated blended teams/assets. Removed assets archived in apply report. Reason: Summary describes Atlanta/Cleveland only; Cowboys asset is blended historical import contamination. | Bottom Batch 022 public cleanup complete.","Final QA passed: required fields complete; slug and ID checked; grade/tier balance reviewed for VSC import | Final QA passed: required fields complete; slug and ID checked; grade/tier balance reviewed for VSC import. | Final Cowboys public-data QA complete. | Final Browns QA complete; required fields populated. Repaired D2 historical blended generic row; retained direct two-team trade described by summary and removed unrelated blended teams/assets. Removed assets archived in apply report. Reason: Summary describes Atlanta/Cleveland only; Cowboys asset is blended historical import contamination. | review public cleanup complete."
"ATL-1992-0198","undisclosed-draft-pick-cleveland-browns-1992","perspectives.0.qaNotes","false","Bottom Batch 022 public cleanup: canonical perspective rebuilt; public-language artifacts and duplicate/conflicting perspectives removed.","review public cleanup: canonical perspective rebuilt; public-language artifacts and duplicate/conflicting perspectives removed."
"ATL-1992-0198","undisclosed-draft-pick-cleveland-browns-1992","perspectives.1.qaNotes","false","Bottom Batch 022 public cleanup: canonical perspective rebuilt; public-language artifacts and duplicate/conflicting perspectives removed.","review public cleanup: canonical perspective rebuilt; public-language artifacts and duplicate/conflicting perspectives removed."
"PIT-1992-0304","1993-fifth-round-pick-140-marc-woodard-dallas-cowboys-1992","perspectives.0.qaNotes","false","Bottom Batch 022 public cleanup: canonical perspective rebuilt; public-language artifacts and duplicate/conflicting perspectives removed.","review public cleanup: canonical perspective rebuilt; public-language artifacts and duplicate/conflicting perspectives removed."
"PIT-1992-0304","1993-fifth-round-pick-140-marc-woodard-dallas-cowboys-1992","perspectives.1.qaNotes","false","Bottom Batch 022 public cleanup: canonical perspective rebuilt; public-language artifacts and duplicate/conflicting perspectives removed.","review public cleanup: canonical perspective rebuilt; public-language artifacts and duplicate/conflicting perspectives removed."
"PIT-1992-0304","1993-fifth-round-pick-140-marc-woodard-dallas-cowboys-1992","qaNotes","false","Final | Final public-data QA complete | Final Cowboys public-data QA complete. | Final Cowboys public-data QA complete. | Final public-data QA complete. | Final Cowboys public-data QA complete. | Bottom Batch 022 public cleanup complete.","Final | Final public-data QA complete | Final Cowboys public-data QA complete. | Final Cowboys public-data QA complete. | Final public-data QA complete. | Final Cowboys public-data QA complete. | review public cleanup complete."
"CIN-1993-0113","1993-third-round-pick-59-steve-tovar-new-york-jets-1993","qaNotes","false","Batch 007 narrative-vs-verdict review reconciled public prose, verdict, grades, and nested perspective data. Blind-spot QA: non-ready public status suppressed.","review narrative-vs-verdict review reconciled public prose, verdict, grades, and nested perspective data. Blind-spot QA: non-ready public status suppressed."
"DEN-1993-04-07-0233","1993-third-round-pick-83-mike-caldwell-atlanta-falcons-1993","perspectives.0.qaNotes","false","Bottom Batch 022 public cleanup: canonical perspective rebuilt; public-language artifacts and duplicate/conflicting perspectives removed.","review public cleanup: canonical perspective rebuilt; public-language artifacts and duplicate/conflicting perspectives removed."
"DEN-1993-04-07-0233","1993-third-round-pick-83-mike-caldwell-atlanta-falcons-1993","perspectives.1.qaNotes","false","Bottom Batch 022 public cleanup: canonical perspective rebuilt; public-language artifacts and duplicate/conflicting perspectives removed.","review public cleanup: canonical perspective rebuilt; public-language artifacts and duplicate/conflicting perspectives removed."
"DEN-1993-04-07-0233","1993-third-round-pick-83-mike-caldwell-atlanta-falcons-1993","qaNotes","false","Final QA passed: required fields complete; slug and ID checked; grade/tier balance reviewed for VSC import. | Final QA passed. | Objective even-trade regrade: Denver turned Alton Montgomery into two picks; slight value edge. | Final QA passed: required fields complete; slug and ID checked; grade/tier balance reviewed for VSC import | Final QA passed. | Objective even-trade regrade: Denver turned Alton Montgomery into two picks; slight value edge. | Final QA passed: required fields complete; slug and ID checked; grade/tier balance reviewed for VSC import. | Bottom Batch 022 public cleanup complete.","Final QA passed: required fields complete; slug and ID checked; grade/tier balance reviewed for VSC import. | Final QA passed. | Objective even-trade regrade: Denver turned Alton Montgomery into two picks; slight value edge. | Final QA passed: required fields complete; slug and ID checked; grade/tier balance reviewed for VSC import | Final QA passed. | Objective even-trade regrade: Denver turned Alton Montgomery into two picks; slight value edge. | Final QA passed: required fields complete; slug and ID checked; grade/tier balance reviewed for VSC import. | review public cleanup complete."
"KC-1993-0172","jay-taylor-arizona-st-louis-cardinals-1993","qaNotes","false","Final | Final public-data QA complete. | should but this row is no longer defaulted to Even without evidence | Post-Copilot QA: Regraded in realistic-curve pass; MetaAI should verify notable source details, but this row is no longer defaulted to Even without evidence. Publish status normalized; no import blocker remains. Steelers-formula final package verified. | Bottom Batch 022 public cleanup complete.","Final | Final public-data QA complete. | should but this row is no longer defaulted to Even without evidence | Post-Copilot QA: Regraded in realistic-curve pass; MetaAI should verify notable source details, but this row is no longer defaulted to Even without evidence. Publish status normalized; no import blocker remains. Steelers-formula final package verified. | review public cleanup complete."
"KC-1993-0172","jay-taylor-arizona-st-louis-cardinals-1993","perspectives.0.qaNotes","false","Bottom Batch 022 public cleanup: canonical perspective rebuilt; public-language artifacts and duplicate/conflicting perspectives removed.","review public cleanup: canonical perspective rebuilt; public-language artifacts and duplicate/conflicting perspectives removed."
"KC-1993-0172","jay-taylor-arizona-st-louis-cardinals-1993","perspectives.1.qaNotes","false","Bottom Batch 022 public cleanup: canonical perspective rebuilt; public-language artifacts and duplicate/conflicting perspectives removed.","review public cleanup: canonical perspective rebuilt; public-language artifacts and duplicate/conflicting perspectives removed."
"DEN-1993-04-13-0234","1993-third-round-pick-69-rondell-jones-oakland-las-vegas-raiders-1993","perspectives.0.qaNotes","false","Bottom Batch 022 public cleanup: canonical perspective rebuilt; public-language artifacts and duplicate/conflicting perspectives removed.","review public cleanup: canonical perspective rebuilt; public-language artifacts and duplicate/conflicting perspectives removed."
"DEN-1993-04-13-0234","1993-third-round-pick-69-rondell-jones-oakland-las-vegas-raiders-1993","perspectives.1.qaNotes","false","Bottom Batch 022 public cleanup: canonical perspective rebuilt; public-language artifacts and duplicate/conflicting perspectives removed.","review public cleanup: canonical perspective rebuilt; public-language artifacts and duplicate/conflicting perspectives removed."
"DEN-1993-04-13-0234","1993-third-round-pick-69-rondell-jones-oakland-las-vegas-raiders-1993","qaNotes","false","Final QA passed. | Objective even-trade regrade: Denver extracted a third-rounder for Gaston Green | Final QA passed. | Objective even-trade regrade: Denver extracted a third-rounder for Gaston Green. | Final | Final public-data QA complete. | Bottom Batch 022 public cleanup complete.","Final QA passed. | Objective even-trade regrade: Denver extracted a third-rounder for Gaston Green | Final QA passed. | Objective even-trade regrade: Denver extracted a third-rounder for Gaston Green. | Final | Final public-data QA complete. | review public cleanup complete."
"LAC-1993-0303","unspecified-consideration-los-angelesst-louis-rams-1993","qaNotes","false","Final public-data QA complete. | Final QA retained record publicly; directional verdict updated in Rams curve regrade to reduce overuse of Even. | Bottom Batch 022 public cleanup complete.","Final public-data QA complete. | Final QA retained record publicly; directional verdict updated in Rams curve regrade to reduce overuse of Even. | review public cleanup complete."
"LAC-1993-0303","unspecified-consideration-los-angelesst-louis-rams-1993","perspectives.0.qaNotes","false","Bottom Batch 022 public cleanup: canonical perspective rebuilt; public-language artifacts and duplicate/conflicting perspectives removed.","review public cleanup: canonical perspective rebuilt; public-language artifacts and duplicate/conflicting perspectives removed."
"LAC-1993-0303","unspecified-consideration-los-angelesst-louis-rams-1993","perspectives.1.qaNotes","false","Bottom Batch 022 public cleanup: canonical perspective rebuilt; public-language artifacts and duplicate/conflicting perspectives removed.","review public cleanup: canonical perspective rebuilt; public-language artifacts and duplicate/conflicting perspectives removed."
"KC-1993-0173","joe-montana-san-francisco-49ers-1993","qaNotes","false","Final | QA implemented: reopened Montana row, documented exact return and succession context, and retained C- as a documented borderline call | Copilot QA implemented: reopened Montana row, documented exact return and succession context, and retained C- as a documented borderline call. | Final public-data QA complete. | Landmark expanded sectioned deep-dive content applied. | Batch 59-61 threshold top-off added.","Final | QA implemented: reopened Montana row, documented exact return and succession context, and retained C- as a documented borderline call | Copilot QA implemented: reopened Montana row, documented exact return and succession context, and retained C- as a documented borderline call. | Final public-data QA complete. | Landmark expanded sectioned deep-dive content applied. | review-61 threshold top-off added."
"DAL-1993-0224","1993-second-round-pick-green-bay-packers-1993","qaNotes","false","Batch 024 narrative-vs-verdict review reconciled public prose, verdict, grades, and nested perspective data.","review narrative-vs-verdict review reconciled public prose, verdict, grades, and nested perspective data."
"DEN-1993-04-25-0235","1993-first-round-pick-11-dan-williams-ii-cleveland-browns-1993","perspectives.0.qaNotes","false","Bottom Batch 022 public cleanup: canonical perspective rebuilt; public-language artifacts and duplicate/conflicting perspectives removed.","review public cleanup: canonical perspective rebuilt; public-language artifacts and duplicate/conflicting perspectives removed."
"DEN-1993-04-25-0235","1993-first-round-pick-11-dan-williams-ii-cleveland-browns-1993","perspectives.1.qaNotes","false","Bottom Batch 022 public cleanup: canonical perspective rebuilt; public-language artifacts and duplicate/conflicting perspectives removed.","review public cleanup: canonical perspective rebuilt; public-language artifacts and duplicate/conflicting perspectives removed."
"DEN-1993-04-25-0235","1993-first-round-pick-11-dan-williams-ii-cleveland-browns-1993","qaNotes","false","Final QA passed. | Objective even-trade regrade: Denver paid extra draft capital to move up for Dan Williams with limited payoff | Final QA passed. | Objective even-trade regrade: Denver paid extra draft capital to move up for Dan Williams with limited payoff. | Final Browns QA complete; required fields populated. | Reduced-even regrade: B→B+; score proxy 37. verify high-profile/recent rows in | Both sides exchanged premium draft assets, and without a decisive realized-player edge this profiles as a balanced move | Reduced-even regrade: B→B+; score proxy 37. Initial 49ers pass complete; verify high-profile/recent rows in final audit. | Both sides exchanged premium draft assets, and without a decisive realized-player edge this profiles as a balanced move. | Pass - complete row with verdict, grades, status, and synopsis. Repaired legacy pick-chain contamination; retained direct two-team trade only. Removed unrelated downstream chain teams/assets. Reason: Direct trade summary describes Denver/Browns only; 49ers, Saints, Eagles, and Oilers/Titans assets are downstream pick-chain contamination. | Bottom Batch 022 public cleanup complete.","Final QA passed. | Objective even-trade regrade: Denver paid extra draft capital to move up for Dan Williams with limited payoff | Final QA passed. | Objective even-trade regrade: Denver paid extra draft capital to move up for Dan Williams with limited payoff. | Final Browns QA complete; required fields populated. | Reduced-even regrade: B→B+; score proxy 37. verify high-profile/recent rows in | Both sides exchanged premium draft assets, and without a decisive realized-player edge this profiles as a balanced move | Reduced-even regrade: B→B+; score proxy 37. Initial 49ers pass complete; verify high-profile/recent rows in final audit. | Both sides exchanged premium draft assets, and without a decisive realized-player edge this profiles as a balanced move. | Pass - complete row with verdict, grades, status, and synopsis. Repaired legacy pick-chain contamination; retained direct two-team trade only. Removed unrelated downstream chain teams/assets. Reason: Direct trade summary describes Denver/Browns only; 49ers, Saints, Eagles, and Oilers/Titans assets are downstream pick-chain contamination. | review public cleanup complete."
"SF-1993-0276","1993-second-round-pick-48-adrian-hardy-los-angeles-san-diego-chargers-1993","qaNotes","false","Reduced-even regrade: C→D; score proxy -58. verify high-profile/recent rows in | Reduced-even regrade: B+→B; score proxy 17. verify high-profile/recent rows in | Final public-data QA complete. | Final public-data QA complete. | Reduced-even regrade: C→D; score proxy -58. Initial 49ers pass complete; verify high-profile/recent rows in final audit. | Reduced-even regrade: B+→B; score proxy 17. Initial 49ers pass complete; verify high-profile/recent rows in final audit. | Final public-data QA complete. | Final public-data QA complete. | Bottom Batch 022 public cleanup complete.","Reduced-even regrade: C→D; score proxy -58. verify high-profile/recent rows in | Reduced-even regrade: B+→B; score proxy 17. verify high-profile/recent rows in | Final public-data QA complete. | Final public-data QA complete. | Reduced-even regrade: C→D; score proxy -58. Initial 49ers pass complete; verify high-profile/recent rows in final audit. | Reduced-even regrade: B+→B; score proxy 17. Initial 49ers pass complete; verify high-profile/recent rows in final audit. | Final public-data QA complete. | Final public-data QA complete. | review public cleanup complete."
"SF-1993-0276","1993-second-round-pick-48-adrian-hardy-los-angeles-san-diego-chargers-1993","perspectives.0.qaNotes","false","Bottom Batch 022 public cleanup: canonical perspective rebuilt; public-language artifacts and duplicate/conflicting perspectives removed.","review public cleanup: canonical perspective rebuilt; public-language artifacts and duplicate/conflicting perspectives removed."
"SF-1993-0276","1993-second-round-pick-48-adrian-hardy-los-angeles-san-diego-chargers-1993","perspectives.1.qaNotes","false","Bottom Batch 022 public cleanup: canonical perspective rebuilt; public-language artifacts and duplicate/conflicting perspectives removed.","review public cleanup: canonical perspective rebuilt; public-language artifacts and duplicate/conflicting perspectives removed."
"GB-1993-0293","1994-conditional-seventh-round-pick-conditional-on-white-s-playing-time-possibly","qaNotes","false","Final public-data QA complete. | Final public-data QA complete; trade retained in finished product. | Bottom Batch 022 public cleanup complete.","Final public-data QA complete. | Final public-data QA complete; trade retained in finished product. | review public cleanup complete."
"GB-1993-0293","1994-conditional-seventh-round-pick-conditional-on-white-s-playing-time-possibly","perspectives.0.qaNotes","false","Bottom Batch 022 public cleanup: canonical perspective rebuilt; public-language artifacts and duplicate/conflicting perspectives removed.","review public cleanup: canonical perspective rebuilt; public-language artifacts and duplicate/conflicting perspectives removed."
"GB-1993-0293","1994-conditional-seventh-round-pick-conditional-on-white-s-playing-time-possibly","perspectives.1.qaNotes","false","Bottom Batch 022 public cleanup: canonical perspective rebuilt; public-language artifacts and duplicate/conflicting perspectives removed.","review public cleanup: canonical perspective rebuilt; public-language artifacts and duplicate/conflicting perspectives removed."
"SEA-1993-04-26-0085","dave-mccloughan-green-bay-packers-1993","perspectives.0.qaNotes","false","Bottom Batch 022 public cleanup: canonical perspective rebuilt; public-language artifacts and duplicate/conflicting perspectives removed.","review public cleanup: canonical perspective rebuilt; public-language artifacts and duplicate/conflicting perspectives removed."
"SEA-1993-04-26-0085","dave-mccloughan-green-bay-packers-1993","perspectives.1.qaNotes","false","Bottom Batch 022 public cleanup: canonical perspective rebuilt; public-language artifacts and duplicate/conflicting perspectives removed.","review public cleanup: canonical perspective rebuilt; public-language artifacts and duplicate/conflicting perspectives removed."
"SEA-1993-04-26-0085","dave-mccloughan-green-bay-packers-1993","qaNotes","false","Verification pending. | Retained for TradeVerdicts database coverage. | Final public-data QA complete. | Bottom Batch 022 public cleanup complete.","Verification pending. | Retained for TradeVerdicts database coverage. | Final public-data QA complete. | review public cleanup complete."
"SF-1993-0279","1994-sixth-round-pick-175-ruffin-hamilton-los-angeles-san-diego-chargers-1993","qaNotes","false","Batch 017 narrative-vs-verdict review reconciled public prose, verdict, grades, and nested perspective data.","review narrative-vs-verdict review reconciled public prose, verdict, grades, and nested perspective data."
"SF-1993-0279","1994-sixth-round-pick-175-ruffin-hamilton-los-angeles-san-diego-chargers-1993","perspectives.0.qaNotes","false","Batch 017 narrative-vs-verdict review reconciled public prose, verdict, grades, and nested perspective data.","review narrative-vs-verdict review reconciled public prose, verdict, grades, and nested perspective data."
"SF-1993-0279","1994-sixth-round-pick-175-ruffin-hamilton-los-angeles-san-diego-chargers-1993","perspectives.1.qaNotes","false","Batch 017 narrative-vs-verdict review reconciled public prose, verdict, grades, and nested perspective data.","review narrative-vs-verdict review reconciled public prose, verdict, grades, and nested perspective data."
"MIN-1993-08-23-0184","vance-johnson-denver-broncos-1993","perspectives.0.qaNotes","false","Bottom Batch 022 public cleanup: canonical perspective rebuilt; public-language artifacts and duplicate/conflicting perspectives removed.","review public cleanup: canonical perspective rebuilt; public-language artifacts and duplicate/conflicting perspectives removed."
"MIN-1993-08-23-0184","vance-johnson-denver-broncos-1993","perspectives.1.qaNotes","false","Bottom Batch 022 public cleanup: canonical perspective rebuilt; public-language artifacts and duplicate/conflicting perspectives removed.","review public cleanup: canonical perspective rebuilt; public-language artifacts and duplicate/conflicting perspectives removed."
"MIN-1993-08-23-0184","vance-johnson-denver-broncos-1993","qaNotes","false","Final QA passed. | Final QA passed | Final QA passed. | Final QA passed. | Final public-data QA complete. | Final public-data QA complete. | Bottom Batch 022 public cleanup complete.","Final QA passed. | Final QA passed | Final QA passed. | Final QA passed. | Final public-data QA complete. | Final public-data QA complete. | review public cleanup complete."
"DEN-1993-08-24-0237","1994-seventh-round-pick-212-butler-by-not-e-green-bay-packers-1993","perspectives.0.qaNotes","false","Bottom Batch 022 public cleanup: canonical perspective rebuilt; public-language artifacts and duplicate/conflicting perspectives removed.","review public cleanup: canonical perspective rebuilt; public-language artifacts and duplicate/conflicting perspectives removed."
"DEN-1993-08-24-0237","1994-seventh-round-pick-212-butler-by-not-e-green-bay-packers-1993","perspectives.1.qaNotes","false","Bottom Batch 022 public cleanup: canonical perspective rebuilt; public-language artifacts and duplicate/conflicting perspectives removed.","review public cleanup: canonical perspective rebuilt; public-language artifacts and duplicate/conflicting perspectives removed."
"DEN-1993-08-24-0237","1994-seventh-round-pick-212-butler-by-not-e-green-bay-packers-1993","qaNotes","false","Final QA passed | Final QA passed. | Final public-data QA complete. | Bottom Batch 022 public cleanup complete.","Final QA passed | Final QA passed. | Final public-data QA complete. | review public cleanup complete."
"BUF-1994-0247","1995-4th-round-pick-113th-overall-justin-armour-arizona-st-louis-cardinals-1994","qaNotes","false","Final | Final public-data QA complete. | should but this row is no longer defaulted to Even without evidence | Post-Copilot QA: Regraded in realistic-curve pass; MetaAI should verify notable source details, but this row is no longer defaulted to Even without evidence. Publish status normalized; no import blocker remains. Steelers-formula final package verified. | Bottom Batch 022 public cleanup complete.","Final | Final public-data QA complete. | should but this row is no longer defaulted to Even without evidence | Post-Copilot QA: Regraded in realistic-curve pass; MetaAI should verify notable source details, but this row is no longer defaulted to Even without evidence. Publish status normalized; no import blocker remains. Steelers-formula final package verified. | review public cleanup complete."
"BUF-1994-0247","1995-4th-round-pick-113th-overall-justin-armour-arizona-st-louis-cardinals-1994","perspectives.0.qaNotes","false","Bottom Batch 022 public cleanup: canonical perspective rebuilt; public-language artifacts and duplicate/conflicting perspectives removed.","review public cleanup: canonical perspective rebuilt; public-language artifacts and duplicate/conflicting perspectives removed."
"BUF-1994-0247","1995-4th-round-pick-113th-overall-justin-armour-arizona-st-louis-cardinals-1994","perspectives.1.qaNotes","false","Bottom Batch 022 public cleanup: canonical perspective rebuilt; public-language artifacts and duplicate/conflicting perspectives removed.","review public cleanup: canonical perspective rebuilt; public-language artifacts and duplicate/conflicting perspectives removed."
"ATL-1994-0207","jeff-george-indianapolis-colts-1994","qaNotes","false","Final QA passed: required fields complete; slug and ID checked; grade/tier balance reviewed for VSC import | Final QA passed: required fields complete; slug and ID checked; grade/tier balance reviewed for VSC import. | Final public-data QA complete; row retained and public-visible. | Public-visible retained companion record; not hidden or held. | Bottom Batch 021 final manual QA complete.","Final QA passed: required fields complete; slug and ID checked; grade/tier balance reviewed for VSC import | Final QA passed: required fields complete; slug and ID checked; grade/tier balance reviewed for VSC import. | Final public-data QA complete; row retained and public-visible. | Public-visible retained companion record; not hidden or held. | review final manual QA complete."
"ATL-1994-0207","jeff-george-indianapolis-colts-1994","perspectives.0.qaNotes","false","Bottom Batch 021 final manual QA: canonical grades/verdict/perspectives aligned; duplicate and conflicting perspectives removed.","review final manual QA: canonical grades/verdict/perspectives aligned; duplicate and conflicting perspectives removed."
"ATL-1994-0207","jeff-george-indianapolis-colts-1994","perspectives.1.qaNotes","false","Bottom Batch 021 final manual QA: canonical grades/verdict/perspectives aligned; duplicate and conflicting perspectives removed.","review final manual QA: canonical grades/verdict/perspectives aligned; duplicate and conflicting perspectives removed."
"MIA-1994-0150","1994-4th-round-pick-115th-overall-subsequently-traded-chargers-1994","qaNotes","false","Batch 007 narrative-vs-verdict review reconciled public prose, verdict, grades, and nested perspective data.","review narrative-vs-verdict review reconciled public prose, verdict, grades, and nested perspective data."
"LAC-1994-0314","1995-4th-round-pick-104th-overall-aaron-hayden-los-angelesst-louis-rams-1994","qaNotes","false","Final public-data QA complete. | Final QA retained trade/admin/hold-style records publicly. | Bottom Batch 021 final manual QA complete.","Final public-data QA complete. | Final QA retained trade/admin/hold-style records publicly. | review final manual QA complete."
"LAC-1994-0314","1995-4th-round-pick-104th-overall-aaron-hayden-los-angelesst-louis-rams-1994","perspectives.0.qaNotes","false","Bottom Batch 021 final manual QA: canonical grades/verdict/perspectives aligned; duplicate and conflicting perspectives removed.","review final manual QA: canonical grades/verdict/perspectives aligned; duplicate and conflicting perspectives removed."
"LAC-1994-0314","1995-4th-round-pick-104th-overall-aaron-hayden-los-angelesst-louis-rams-1994","perspectives.1.qaNotes","false","Bottom Batch 021 final manual QA: canonical grades/verdict/perspectives aligned; duplicate and conflicting perspectives removed.","review final manual QA: canonical grades/verdict/perspectives aligned; duplicate and conflicting perspectives removed."
"DEN-1994-04-18-0238","ben-smith-philadelphia-eagles-1994","perspectives.0.qaNotes","false","Bottom Batch 021 final manual QA: canonical grades/verdict/perspectives aligned; duplicate and conflicting perspectives removed.","review final manual QA: canonical grades/verdict/perspectives aligned; duplicate and conflicting perspectives removed."
"DEN-1994-04-18-0238","ben-smith-philadelphia-eagles-1994","perspectives.1.qaNotes","false","Bottom Batch 021 final manual QA: canonical grades/verdict/perspectives aligned; duplicate and conflicting perspectives removed.","review final manual QA: canonical grades/verdict/perspectives aligned; duplicate and conflicting perspectives removed."
"DEN-1994-04-18-0238","ben-smith-philadelphia-eagles-1994","qaNotes","false","Final QA passed. | Objective even-trade regrade: Philadelphia received stronger future draft value for Ben Smith | Pass - complete row with verdict, grades, status, and synopsis. | Final QA passed. | Objective even-trade regrade: Philadelphia received stronger future draft value for Ben Smith. | Pass - complete row with verdict, grades, status, and synopsis. | Bottom Batch 021 final manual QA complete. | C2 cleanup: split clean and-delimited multi-pick bundle assets into standalone pick assets.","Final QA passed. | Objective even-trade regrade: Philadelphia received stronger future draft value for Ben Smith | Pass - complete row with verdict, grades, status, and synopsis. | Final QA passed. | Objective even-trade regrade: Philadelphia received stronger future draft value for Ben Smith. | Pass - complete row with verdict, grades, status, and synopsis. | review final manual QA complete. | C2 cleanup: split clean and-delimited multi-pick bundle assets into standalone pick assets."
"DEN-1994-04-20-0239","ted-washington-and-1994-3rd-round-pick-99th-overall-subsequently-traded-alai-kalaniuvalu-s","perspectives.0.qaNotes","false","Bottom Batch 021 final manual QA: canonical grades/verdict/perspectives aligned; duplicate and conflicting perspectives removed.","review final manual QA: canonical grades/verdict/perspectives aligned; duplicate and conflicting perspectives removed."
"DEN-1994-04-20-0239","ted-washington-and-1994-3rd-round-pick-99th-overall-subsequently-traded-alai-kalaniuvalu-s","perspectives.1.qaNotes","false","Bottom Batch 021 final manual QA: canonical grades/verdict/perspectives aligned; duplicate and conflicting perspectives removed.","review final manual QA: canonical grades/verdict/perspectives aligned; duplicate and conflicting perspectives removed."
"DEN-1994-04-20-0239","ted-washington-and-1994-3rd-round-pick-99th-overall-subsequently-traded-alai-kalaniuvalu-s","qaNotes","false","Final QA passed. | Objective even-trade regrade: Denver added Ted Washington and preserved draft value in a favorable swap. | Reduced-even regrade: C+→C-; score proxy 3. verify high-profile/recent rows in | Reduced-even regrade: C+→C-; score proxy 3. Initial 49ers pass complete; verify high-profile/recent rows in final audit. | Final QA passed. | Objective even-trade regrade: Denver added Ted Washington and preserved draft value in a favorable swap. | Bottom Batch 021 final manual QA complete. | CEX cleanup: split strict ready explanatory multi-pick bundle assets into standalone pick assets.","Final QA passed. | Objective even-trade regrade: Denver added Ted Washington and preserved draft value in a favorable swap. | Reduced-even regrade: C+→C-; score proxy 3. verify high-profile/recent rows in | Reduced-even regrade: C+→C-; score proxy 3. Initial 49ers pass complete; verify high-profile/recent rows in final audit. | Final QA passed. | Objective even-trade regrade: Denver added Ted Washington and preserved draft value in a favorable swap. | review final manual QA complete. | CEX cleanup: split strict ready explanatory multi-pick bundle assets into standalone pick assets."
"DEN-1994-04-24-0240","mike-pritchard-and-1995-7th-round-pick-222nd-overall-byron-chamberlain-atlanta-falcons-199","perspectives.0.qaNotes","false","Bottom Batch 021 final manual QA: canonical grades/verdict/perspectives aligned; duplicate and conflicting perspectives removed.","review final manual QA: canonical grades/verdict/perspectives aligned; duplicate and conflicting perspectives removed."
"DEN-1994-04-24-0240","mike-pritchard-and-1995-7th-round-pick-222nd-overall-byron-chamberlain-atlanta-falcons-199","perspectives.1.qaNotes","false","Bottom Batch 021 final manual QA: canonical grades/verdict/perspectives aligned; duplicate and conflicting perspectives removed.","review final manual QA: canonical grades/verdict/perspectives aligned; duplicate and conflicting perspectives removed."
"DEN-1994-04-24-0240","mike-pritchard-and-1995-7th-round-pick-222nd-overall-byron-chamberlain-atlanta-falcons-199","qaNotes","false","Final QA passed: required fields complete; slug and ID checked; grade/tier balance reviewed for VSC import. | Final QA passed. | Objective even-trade regrade: Denver paid a future first-rounder for Mike Pritchard and limited offsetting return. | Final QA passed: required fields complete; slug and ID checked; grade/tier balance reviewed for VSC import | Final QA passed. | Objective even-trade regrade: Denver paid a future first-rounder for Mike Pritchard and limited offsetting return. | Final QA passed: required fields complete; slug and ID checked; grade/tier balance reviewed for VSC import. | Bottom Batch 021 final manual QA complete.","Final QA passed: required fields complete; slug and ID checked; grade/tier balance reviewed for VSC import. | Final QA passed. | Objective even-trade regrade: Denver paid a future first-rounder for Mike Pritchard and limited offsetting return. | Final QA passed: required fields complete; slug and ID checked; grade/tier balance reviewed for VSC import | Final QA passed. | Objective even-trade regrade: Denver paid a future first-rounder for Mike Pritchard and limited offsetting return. | Final QA passed: required fields complete; slug and ID checked; grade/tier balance reviewed for VSC import. | review final manual QA complete."
"MIA-1994-0152","1994-2nd-round-pick-65th-overall-cardinals-1994","qaNotes","false","No blank public fields; verdict distribution checked; future/recent trades marked provisional where appropriate. | should but this row is no longer defaulted to Even without evidence | Post-Copilot QA: Regraded in realistic-curve pass; MetaAI should verify notable source details, but this row is no longer defaulted to Even without evidence. Publish status normalized; no import blocker remains. Steelers-formula final package verified. | No blank public fields; verdict distribution checked; future/recent trades marked provisional where appropriate. | Bottom Batch 021 final manual QA complete.","No blank public fields; verdict distribution checked; future/recent trades marked provisional where appropriate. | should but this row is no longer defaulted to Even without evidence | Post-Copilot QA: Regraded in realistic-curve pass; MetaAI should verify notable source details, but this row is no longer defaulted to Even without evidence. Publish status normalized; no import blocker remains. Steelers-formula final package verified. | No blank public fields; verdict distribution checked; future/recent trades marked provisional where appropriate. | review final manual QA complete."
"MIA-1994-0152","1994-2nd-round-pick-65th-overall-cardinals-1994","perspectives.0.qaNotes","false","Bottom Batch 021 final manual QA: canonical grades/verdict/perspectives aligned; duplicate and conflicting perspectives removed.","review final manual QA: canonical grades/verdict/perspectives aligned; duplicate and conflicting perspectives removed."
"MIA-1994-0152","1994-2nd-round-pick-65th-overall-cardinals-1994","perspectives.1.qaNotes","false","Bottom Batch 021 final manual QA: canonical grades/verdict/perspectives aligned; duplicate and conflicting perspectives removed.","review final manual QA: canonical grades/verdict/perspectives aligned; duplicate and conflicting perspectives removed."
"SF-1994-0282","1994-3rd-round-pick-100th-overall-subsequently-traded-ernest-jones-philadelphia-eagles-199","qaNotes","false","Batch 017 narrative-vs-verdict review reconciled public prose, verdict, grades, and nested perspective data. | CEX cleanup: split strict ready explanatory multi-pick bundle assets into standalone pick assets.","review narrative-vs-verdict review reconciled public prose, verdict, grades, and nested perspective data. | CEX cleanup: split strict ready explanatory multi-pick bundle assets into standalone pick assets."
"SF-1994-0284","1994-1st-round-pick-28th-overall-william-floyd-dallas-cowboys-1994","qaNotes","false","Batch 017 narrative-vs-verdict review reconciled public prose, verdict, grades, and nested perspective data. | C2 cleanup: split clean and-delimited multi-pick bundle assets into standalone pick assets. | CEX cleanup: split strict ready explanatory multi-pick bundle assets into standalone pick assets.","review narrative-vs-verdict review reconciled public prose, verdict, grades, and nested perspective data. | C2 cleanup: split clean and-delimited multi-pick bundle assets into standalone pick assets. | CEX cleanup: split strict ready explanatory multi-pick bundle assets into standalone pick assets."
"SF-1994-0284","1994-1st-round-pick-28th-overall-william-floyd-dallas-cowboys-1994","perspectives.0.qaNotes","false","Batch 017 narrative-vs-verdict review reconciled public prose, verdict, grades, and nested perspective data.","review narrative-vs-verdict review reconciled public prose, verdict, grades, and nested perspective data."
"SF-1994-0284","1994-1st-round-pick-28th-overall-william-floyd-dallas-cowboys-1994","perspectives.1.qaNotes","false","Batch 017 narrative-vs-verdict review reconciled public prose, verdict, grades, and nested perspective data.","review narrative-vs-verdict review reconciled public prose, verdict, grades, and nested perspective data."
"DEN-1994-04-25-0241","1994-7th-round-pick-218th-overall-tom-nalen-new-york-giants-1994","perspectives.0.qaNotes","false","Bottom Batch 021 final manual QA: canonical grades/verdict/perspectives aligned; duplicate and conflicting perspectives removed.","review final manual QA: canonical grades/verdict/perspectives aligned; duplicate and conflicting perspectives removed."
"DEN-1994-04-25-0241","1994-7th-round-pick-218th-overall-tom-nalen-new-york-giants-1994","perspectives.1.qaNotes","false","Bottom Batch 021 final manual QA: canonical grades/verdict/perspectives aligned; duplicate and conflicting perspectives removed.","review final manual QA: canonical grades/verdict/perspectives aligned; duplicate and conflicting perspectives removed."
"DEN-1994-04-25-0241","1994-7th-round-pick-218th-overall-tom-nalen-new-york-giants-1994","qaNotes","false","Final QA passed | Final QA passed. | Bottom Batch 021 final manual QA complete.","Final QA passed | Final QA passed. | review final manual QA complete."
"LAC-1994-0315","1994-5th-round-pick-150th-overall-darren-krein-seattle-seahawks-1994","qaNotes","false","Final public-data QA complete. | Verification pending. | Retained for TradeVerdicts database coverage. | Bottom Batch 021 final manual QA complete.","Final public-data QA complete. | Verification pending. | Retained for TradeVerdicts database coverage. | review final manual QA complete."
"LAC-1994-0315","1994-5th-round-pick-150th-overall-darren-krein-seattle-seahawks-1994","perspectives.0.qaNotes","false","Bottom Batch 021 final manual QA: canonical grades/verdict/perspectives aligned; duplicate and conflicting perspectives removed.","review final manual QA: canonical grades/verdict/perspectives aligned; duplicate and conflicting perspectives removed."
"LAC-1994-0315","1994-5th-round-pick-150th-overall-darren-krein-seattle-seahawks-1994","perspectives.1.qaNotes","false","Bottom Batch 021 final manual QA: canonical grades/verdict/perspectives aligned; duplicate and conflicting perspectives removed.","review final manual QA: canonical grades/verdict/perspectives aligned; duplicate and conflicting perspectives removed."
"SEA-1994-04-28-0089","reggie-barrett-detroit-lions-1994","perspectives.0.qaNotes","false","Bottom Batch 021 final manual QA: canonical grades/verdict/perspectives aligned; duplicate and conflicting perspectives removed.","review final manual QA: canonical grades/verdict/perspectives aligned; duplicate and conflicting perspectives removed."
"SEA-1994-04-28-0089","reggie-barrett-detroit-lions-1994","perspectives.1.qaNotes","false","Bottom Batch 021 final manual QA: canonical grades/verdict/perspectives aligned; duplicate and conflicting perspectives removed.","review final manual QA: canonical grades/verdict/perspectives aligned; duplicate and conflicting perspectives removed."
"SEA-1994-04-28-0089","reggie-barrett-detroit-lions-1994","qaNotes","false","Verification pending. | AI regrade calibration: Synopsis explicitly describes no defining win or major loss, so verdict moved to even. | Regraded 2026-05-31 for Seahawks verdict calibration. | Retained for TradeVerdicts database coverage. | Final public-data QA complete; row is viewable. | Bottom Batch 021 final manual QA complete.","Verification pending. | AI regrade calibration: Synopsis explicitly describes no defining win or major loss, so verdict moved to even. | Regraded 2026-05-31 for Seahawks verdict calibration. | Retained for TradeVerdicts database coverage. | Final public-data QA complete; row is viewable. | review final manual QA complete."
"PIT-1994-0308","1995-5th-round-pick-151st-overall-lee-flowers-chicago-bears-1994","perspectives.0.qaNotes","false","Bottom Batch 021 final manual QA: canonical grades/verdict/perspectives aligned; duplicate and conflicting perspectives removed.","review final manual QA: canonical grades/verdict/perspectives aligned; duplicate and conflicting perspectives removed."
"PIT-1994-0308","1995-5th-round-pick-151st-overall-lee-flowers-chicago-bears-1994","perspectives.1.qaNotes","false","Bottom Batch 021 final manual QA: canonical grades/verdict/perspectives aligned; duplicate and conflicting perspectives removed.","review final manual QA: canonical grades/verdict/perspectives aligned; duplicate and conflicting perspectives removed."
"PIT-1994-0308","1995-5th-round-pick-151st-overall-lee-flowers-chicago-bears-1994","qaNotes","false","Final | Final public-data QA complete | Final public-data QA complete. | Audit complete: historical hindsight applied, summaries rewritten for readability, legendary trades verified against Pro Football Hall of Fame records and team histories. | Bottom Batch 021 final manual QA complete.","Final | Final public-data QA complete | Final public-data QA complete. | Audit complete: historical hindsight applied, summaries rewritten for readability, legendary trades verified against Pro Football Hall of Fame records and team histories. | review final manual QA complete."
"PIT-1994-0309","1995-4th-round-pick-120th-overall-oliver-gibson-new-england-boston-patriots-1994","perspectives.0.qaNotes","false","Bottom Batch 021 final manual QA: canonical grades/verdict/perspectives aligned; duplicate and conflicting perspectives removed.","review final manual QA: canonical grades/verdict/perspectives aligned; duplicate and conflicting perspectives removed."
"PIT-1994-0309","1995-4th-round-pick-120th-overall-oliver-gibson-new-england-boston-patriots-1994","perspectives.1.qaNotes","false","Bottom Batch 021 final manual QA: canonical grades/verdict/perspectives aligned; duplicate and conflicting perspectives removed.","review final manual QA: canonical grades/verdict/perspectives aligned; duplicate and conflicting perspectives removed."
"PIT-1994-0309","1995-4th-round-pick-120th-overall-oliver-gibson-new-england-boston-patriots-1994","qaNotes","false","Final | Final public-data QA complete | Final public-data QA complete. | Final public-data QA complete; trade retained in finished product. | Bottom Batch 021 final manual QA complete.","Final | Final public-data QA complete | Final public-data QA complete. | Final public-data QA complete; trade retained in finished product. | review final manual QA complete."
"DEN-1994-08-27-0242","1995-4th-round-pick-124th-overall-ken-brown-los-angeles-st-louis-rams-1994","perspectives.0.qaNotes","false","Bottom Batch 021 final manual QA: canonical grades/verdict/perspectives aligned; duplicate and conflicting perspectives removed.","review final manual QA: canonical grades/verdict/perspectives aligned; duplicate and conflicting perspectives removed."
"DEN-1994-08-27-0242","1995-4th-round-pick-124th-overall-ken-brown-los-angeles-st-louis-rams-1994","perspectives.1.qaNotes","false","Bottom Batch 021 final manual QA: canonical grades/verdict/perspectives aligned; duplicate and conflicting perspectives removed.","review final manual QA: canonical grades/verdict/perspectives aligned; duplicate and conflicting perspectives removed."
"DEN-1994-08-27-0242","1995-4th-round-pick-124th-overall-ken-brown-los-angeles-st-louis-rams-1994","qaNotes","false","Final QA passed | Final QA passed. | Final QA retained trade/admin/hold-style records publicly. | Bottom Batch 021 final manual QA complete.","Final QA passed | Final QA passed. | Final QA retained trade/admin/hold-style records publicly. | review final manual QA complete."
"MIA-1995-0155","trace-armstrong-bears-1995","qaNotes","false","Batch 024 narrative-vs-verdict review reconciled public prose, verdict, grades, and nested perspective data. | C2 cleanup: split clean and-delimited multi-pick bundle assets into standalone pick assets.","review narrative-vs-verdict review reconciled public prose, verdict, grades, and nested perspective data. | C2 cleanup: split clean and-delimited multi-pick bundle assets into standalone pick assets."
"CAR-1995-0001","panthers-cincinnati-bengals-trade-1995-0001","qaNotes","false","Final import audit passed. | Final | Final public-data QA complete. | Final import audit passed. | Landmark expanded sectioned deep-dive content applied. | Landmark Batch 3 Mirer/Ki-Jana/Largent top-off added; GSC priority candidate. | Landmark Batch 3 Mirer/Ki-Jana/Largent final word-count top-off added; GSC priority candidate. | C2 cleanup: split clean and-delimited multi-pick bundle assets into standalone pick assets.","Final import audit passed. | Final | Final public-data QA complete. | Final import audit passed. | Landmark expanded sectioned deep-dive content applied. | Landmark review Mirer/Ki-Jana/Largent top-off added; GSC priority candidate. | Landmark review Mirer/Ki-Jana/Largent final word-count top-off added; GSC priority candidate. | C2 cleanup: split clean and-delimited multi-pick bundle assets into standalone pick assets."
"CAR-1995-0001","panthers-cincinnati-bengals-trade-1995-0001","perspectives.0.qaNotes","false","Final import audit passed | Landmark expanded sectioned deep-dive content applied. | Landmark Batch 3 Mirer/Ki-Jana/Largent top-off added; GSC priority candidate. | Landmark Batch 3 Mirer/Ki-Jana/Largent final word-count top-off added; GSC priority candidate.","Final import audit passed | Landmark expanded sectioned deep-dive content applied. | Landmark review Mirer/Ki-Jana/Largent top-off added; GSC priority candidate. | Landmark review Mirer/Ki-Jana/Largent final word-count top-off added; GSC priority candidate."
"CAR-1995-0001","panthers-cincinnati-bengals-trade-1995-0001","perspectives.1.qaNotes","false","Final | Landmark expanded sectioned deep-dive content applied. | Landmark Batch 3 Mirer/Ki-Jana/Largent top-off added; GSC priority candidate. | Landmark Batch 3 Mirer/Ki-Jana/Largent final word-count top-off added; GSC priority candidate.","Final | Landmark expanded sectioned deep-dive content applied. | Landmark review Mirer/Ki-Jana/Largent top-off added; GSC priority candidate. | Landmark review Mirer/Ki-Jana/Largent final word-count top-off added; GSC priority candidate."
"JAX-1995-0003","mark-brunell-green-bay-packers-1995","perspectives.0.qaNotes","false","Batch 001 narrative-vs-verdict review reconciled public prose, verdict, grades, and nested perspective data.","review narrative-vs-verdict review reconciled public prose, verdict, grades, and nested perspective data."
"JAX-1995-0003","mark-brunell-green-bay-packers-1995","perspectives.1.qaNotes","false","Batch 001 narrative-vs-verdict review reconciled public prose, verdict, grades, and nested perspective data.","review narrative-vs-verdict review reconciled public prose, verdict, grades, and nested perspective data."
"JAX-1995-0003","mark-brunell-green-bay-packers-1995","qaNotes","false","Batch 001 narrative-vs-verdict review reconciled public prose, verdict, grades, and nested perspective data. | C2 cleanup: split clean and-delimited multi-pick bundle assets into standalone pick assets.","review narrative-vs-verdict review reconciled public prose, verdict, grades, and nested perspective data. | C2 cleanup: split clean and-delimited multi-pick bundle assets into standalone pick assets."
"SF-1995-0288","1995-1st-round-pick-10th-overall-j-j-stokes-traded-1996-1st-round-p-cleveland-browns-1995","qaNotes","false","Batch 018 narrative-vs-verdict review reconciled public prose, verdict, grades, and nested perspective data.","review narrative-vs-verdict review reconciled public prose, verdict, grades, and nested perspective data."
"SF-1995-0288","1995-1st-round-pick-10th-overall-j-j-stokes-traded-1996-1st-round-p-cleveland-browns-1995","perspectives.0.qaNotes","false","Batch 018 narrative-vs-verdict review reconciled public prose, verdict, grades, and nested perspective data.","review narrative-vs-verdict review reconciled public prose, verdict, grades, and nested perspective data."
"SF-1995-0288","1995-1st-round-pick-10th-overall-j-j-stokes-traded-1996-1st-round-p-cleveland-browns-1995","perspectives.1.qaNotes","false","Batch 018 narrative-vs-verdict review reconciled public prose, verdict, grades, and nested perspective data.","review narrative-vs-verdict review reconciled public prose, verdict, grades, and nested perspective data."
"MIN-1995-04-23-0191","draft-pick-trade-denver-broncos-1995","perspectives.0.qaNotes","false","Bottom Batch 021 final manual QA: canonical grades/verdict/perspectives aligned; duplicate and conflicting perspectives removed.","review final manual QA: canonical grades/verdict/perspectives aligned; duplicate and conflicting perspectives removed."
"MIN-1995-04-23-0191","draft-pick-trade-denver-broncos-1995","perspectives.1.qaNotes","false","Bottom Batch 021 final manual QA: canonical grades/verdict/perspectives aligned; duplicate and conflicting perspectives removed.","review final manual QA: canonical grades/verdict/perspectives aligned; duplicate and conflicting perspectives removed."
"MIN-1995-04-23-0191","draft-pick-trade-denver-broncos-1995","qaNotes","false","Final QA passed. | Final QA passed | Final QA passed. | Final QA passed. | Final public-data QA complete. | Final public-data QA complete. | Bottom Batch 021 final manual QA complete. | C2 cleanup: split clean and-delimited multi-pick bundle assets into standalone pick assets.","Final QA passed. | Final QA passed | Final QA passed. | Final QA passed. | Final public-data QA complete. | Final public-data QA complete. | review final manual QA complete. | C2 cleanup: split clean and-delimited multi-pick bundle assets into standalone pick assets."
"PIT-1995-0310","1996-6th-round-pick-192nd-overall-subsequently-traded-bryan-stoltenberg-carolina-panthers-1995","perspectives.0.qaNotes","false","Bottom Batch 021 final manual QA: canonical grades/verdict/perspectives aligned; duplicate and conflicting perspectives removed.","review final manual QA: canonical grades/verdict/perspectives aligned; duplicate and conflicting perspectives removed."
"PIT-1995-0310","1996-6th-round-pick-192nd-overall-subsequently-traded-bryan-stoltenberg-carolina-panthers-1995","perspectives.1.qaNotes","false","Bottom Batch 021 final manual QA: canonical grades/verdict/perspectives aligned; duplicate and conflicting perspectives removed.","review final manual QA: canonical grades/verdict/perspectives aligned; duplicate and conflicting perspectives removed."
"PIT-1995-0310","1996-6th-round-pick-192nd-overall-subsequently-traded-bryan-stoltenberg-carolina-panthers-1995","qaNotes","false","Final import audit passed. | Verify ambiguous, conditional, or incomplete archival details before final public import | Verify ambiguous, conditional, or incomplete archival details before final public import | Final import audit passed. | Verify ambiguous, conditional, or incomplete archival details before final public import. | Bottom Batch 021 final manual QA complete.","Final import audit passed. | Verify ambiguous, conditional, or incomplete archival details before final public import | Verify ambiguous, conditional, or incomplete archival details before final public import | Final import audit passed. | Verify ambiguous, conditional, or incomplete archival details before final public import. | review final manual QA complete."
"DEN-1996-04-12-0244","1996-2nd-round-pick-55th-overall-subsequently-traded-deron-jenkins-and-1996-7th-round-pick","perspectives.0.qaNotes","false","Bottom Batch 021 final manual QA: canonical grades/verdict/perspectives aligned; duplicate and conflicting perspectives removed.","review final manual QA: canonical grades/verdict/perspectives aligned; duplicate and conflicting perspectives removed."
"DEN-1996-04-12-0244","1996-2nd-round-pick-55th-overall-subsequently-traded-deron-jenkins-and-1996-7th-round-pick","perspectives.1.qaNotes","false","Bottom Batch 021 final manual QA: canonical grades/verdict/perspectives aligned; duplicate and conflicting perspectives removed.","review final manual QA: canonical grades/verdict/perspectives aligned; duplicate and conflicting perspectives removed."
"DEN-1996-04-12-0244","1996-2nd-round-pick-55th-overall-subsequently-traded-deron-jenkins-and-1996-7th-round-pick","qaNotes","false","Final QA passed. | Objective even-trade regrade: Detroit received the more immediate useful player in Glyn Milburn | Final QA passed. | Objective even-trade regrade: Detroit received the more immediate useful player in Glyn Milburn. | Final public-data QA complete; row is viewable. | Bottom Batch 021 final manual QA complete. | CEX cleanup: split strict ready explanatory multi-pick bundle assets into standalone pick assets.","Final QA passed. | Objective even-trade regrade: Detroit received the more immediate useful player in Glyn Milburn | Final QA passed. | Objective even-trade regrade: Detroit received the more immediate useful player in Glyn Milburn. | Final public-data QA complete; row is viewable. | review final manual QA complete. | CEX cleanup: split strict ready explanatory multi-pick bundle assets into standalone pick assets."
"CHI-1996-0396","1996-1st-round-pick-13th-overall-walt-harris-los-angeles-st-louis-rams","qaNotes","false","Batch 007 narrative-vs-verdict review reconciled public prose, verdict, grades, and nested perspective data.","review narrative-vs-verdict review reconciled public prose, verdict, grades, and nested perspective data."
"DEN-1996-04-20-0245","1996-3rd-round-pick-65th-overall-detron-smith-1996-4th-round-pick-100th-overall-jeff-lewis","qaNotes","false","Final QA passed. | Objective even-trade regrade: Baltimore's consolidation held a slight value edge, though neither side clearly broke away | Final QA passed. | Objective even-trade regrade: Baltimore's consolidation held a slight value edge, though neither side clearly broke away. | Final QA complete after realistic win/loss/even curve recheck. | Bottom Batch 021 final manual QA complete.","Final QA passed. | Objective even-trade regrade: Baltimore's consolidation held a slight value edge, though neither side clearly broke away | Final QA passed. | Objective even-trade regrade: Baltimore's consolidation held a slight value edge, though neither side clearly broke away. | Final QA complete after realistic win/loss/even curve recheck. | review final manual QA complete."
"DEN-1996-04-20-0246","1996-4th-round-pick-122nd-overall-darrius-johnson-1996-5th-round-pick-159th-overall-patric","perspectives.0.qaNotes","false","Bottom Batch 021 final manual QA: canonical grades/verdict/perspectives aligned; duplicate and conflicting perspectives removed.","review final manual QA: canonical grades/verdict/perspectives aligned; duplicate and conflicting perspectives removed."
"DEN-1996-04-20-0246","1996-4th-round-pick-122nd-overall-darrius-johnson-1996-5th-round-pick-159th-overall-patric","perspectives.1.qaNotes","false","Bottom Batch 021 final manual QA: canonical grades/verdict/perspectives aligned; duplicate and conflicting perspectives removed.","review final manual QA: canonical grades/verdict/perspectives aligned; duplicate and conflicting perspectives removed."
"DEN-1996-04-20-0246","1996-4th-round-pick-122nd-overall-darrius-johnson-1996-5th-round-pick-159th-overall-patric","qaNotes","false","Final import audit passed. | Final QA passed | Final QA passed. | Final import audit passed. | Bottom Batch 021 final manual QA complete.","Final import audit passed. | Final QA passed | Final QA passed. | Final import audit passed. | review final manual QA complete."
"RAI-1996-0283","1996-1st-round-pick-9th-overall-houston-oilers-tennessee-titans-1996","qaNotes","false","Batch 024 narrative-vs-verdict review reconciled public prose, verdict, grades, and nested perspective data.","review narrative-vs-verdict review reconciled public prose, verdict, grades, and nested perspective data."
"RAM-1996-0397","1996-2nd-round-pick-59th-overall-ernie-conwell-and-1997-4th-round-pick-121st-ove","qaNotes","false","Final QA retained trade/admin/hold-style records publicly. | Verify ambiguous, conditional, or incomplete archival details before final public import | Verify ambiguous, conditional, or incomplete archival details before final public import | Verify ambiguous, conditional, or incomplete archival details before final public import. | Landmark expanded sectioned deep-dive content applied. | Landmark Batch 2 Welker/Leaf/Bettis top-off added; GSC priority candidate. | Landmark Batch 2 Leaf/Bettis final word-count top-off added; GSC priority candidate. | CEX cleanup: split strict ready explanatory multi-pick bundle assets into standalone pick assets. | D3 cleanup: split strict player-plus-pick bundle assets into standalone player and pick assets.","Final QA retained trade/admin/hold-style records publicly. | Verify ambiguous, conditional, or incomplete archival details before final public import | Verify ambiguous, conditional, or incomplete archival details before final public import | Verify ambiguous, conditional, or incomplete archival details before final public import. | Landmark expanded sectioned deep-dive content applied. | Landmark review Welker/Leaf/Bettis top-off added; GSC priority candidate. | Landmark review Leaf/Bettis final word-count top-off added; GSC priority candidate. | CEX cleanup: split strict ready explanatory multi-pick bundle assets into standalone pick assets. | D3 cleanup: split strict player-plus-pick bundle assets into standalone player and pick assets."
"RAM-1996-0397","1996-2nd-round-pick-59th-overall-ernie-conwell-and-1997-4th-round-pick-121st-ove","perspectives.0.qaNotes","false","Final QA retained trade/admin/hold-style records publicly. | Landmark expanded sectioned deep-dive content applied. | Landmark Batch 2 Welker/Leaf/Bettis top-off added; GSC priority candidate. | Landmark Batch 2 Leaf/Bettis final word-count top-off added; GSC priority candidate.","Final QA retained trade/admin/hold-style records publicly. | Landmark expanded sectioned deep-dive content applied. | Landmark review Welker/Leaf/Bettis top-off added; GSC priority candidate. | Landmark review Leaf/Bettis final word-count top-off added; GSC priority candidate."
"RAM-1996-0397","1996-2nd-round-pick-59th-overall-ernie-conwell-and-1997-4th-round-pick-121st-ove","perspectives.1.qaNotes","false","| Landmark expanded sectioned deep-dive content applied. | Landmark Batch 2 Welker/Leaf/Bettis top-off added; GSC priority candidate. | Landmark Batch 2 Leaf/Bettis final word-count top-off added; GSC priority candidate.","| Landmark expanded sectioned deep-dive content applied. | Landmark review Welker/Leaf/Bettis top-off added; GSC priority candidate. | Landmark review Leaf/Bettis final word-count top-off added; GSC priority candidate."
"MIN-1996-0185","1996-4th-round-pick-97th-overall-hunter-goodwin-arizona-st-louis-cardinals-1996","perspectives.0.qaNotes","false","Bottom Batch 020 final manual QA: canonical grades/verdict/perspectives aligned; duplicate and contaminated perspectives removed.","review final manual QA: canonical grades/verdict/perspectives aligned; duplicate and contaminated perspectives removed."
"MIN-1996-0185","1996-4th-round-pick-97th-overall-hunter-goodwin-arizona-st-louis-cardinals-1996","perspectives.1.qaNotes","false","Bottom Batch 020 final manual QA: canonical grades/verdict/perspectives aligned; duplicate and contaminated perspectives removed.","review final manual QA: canonical grades/verdict/perspectives aligned; duplicate and contaminated perspectives removed."
"SEA-1996-06-27-0095","matt-labounty-green-bay-packers-1996","perspectives.0.qaNotes","false","Bottom Batch 020 final manual QA: canonical grades/verdict/perspectives aligned; duplicate and contaminated perspectives removed.","review final manual QA: canonical grades/verdict/perspectives aligned; duplicate and contaminated perspectives removed."
"SEA-1996-06-27-0095","matt-labounty-green-bay-packers-1996","perspectives.1.qaNotes","false","Bottom Batch 020 final manual QA: canonical grades/verdict/perspectives aligned; duplicate and contaminated perspectives removed.","review final manual QA: canonical grades/verdict/perspectives aligned; duplicate and contaminated perspectives removed."
"MIA-1996-0162","1997-5th-round-pick-149th-overall-chiefs-1996","qaNotes","false","Batch 007 narrative-vs-verdict review reconciled public prose, verdict, grades, and nested perspective data.","review narrative-vs-verdict review reconciled public prose, verdict, grades, and nested perspective data."
"DEN-1996-08-26-0247","todd-kinchen-los-angeles-st-louis-rams-1996","perspectives.0.qaNotes","false","Bottom Batch 020 final manual QA: canonical grades/verdict/perspectives aligned; duplicate and contaminated perspectives removed.","review final manual QA: canonical grades/verdict/perspectives aligned; duplicate and contaminated perspectives removed."
"DEN-1996-08-26-0247","todd-kinchen-los-angeles-st-louis-rams-1996","perspectives.1.qaNotes","false","Bottom Batch 020 final manual QA: canonical grades/verdict/perspectives aligned; duplicate and contaminated perspectives removed.","review final manual QA: canonical grades/verdict/perspectives aligned; duplicate and contaminated perspectives removed."
"DEN-1997-02-14-0248","tony-jones-baltimore-ravens-1997","perspectives.0.qaNotes","false","Bottom Batch 020 final manual QA: canonical grades/verdict/perspectives aligned; duplicate and contaminated perspectives removed.","review final manual QA: canonical grades/verdict/perspectives aligned; duplicate and contaminated perspectives removed."
"DEN-1997-02-14-0248","tony-jones-baltimore-ravens-1997","perspectives.1.qaNotes","false","Bottom Batch 020 final manual QA: canonical grades/verdict/perspectives aligned; duplicate and contaminated perspectives removed.","review final manual QA: canonical grades/verdict/perspectives aligned; duplicate and contaminated perspectives removed."
"SEA-1997-02-18-0096","1997-1st-round-pick-11th-overall-subsequently-tra-chicago-bears-1997","perspectives.0.qaNotes","false","Final QA passed. | Retained for TradeVerdicts database coverage. | Landmark expanded sectioned deep-dive content applied. | Landmark Batch 3 Mirer/Ki-Jana/Largent top-off added; GSC priority candidate. | Landmark Batch 3 Mirer/Ki-Jana/Largent final word-count top-off added; GSC priority candidate.","Final QA passed. | Retained for TradeVerdicts database coverage. | Landmark expanded sectioned deep-dive content applied. | Landmark review Mirer/Ki-Jana/Largent top-off added; GSC priority candidate. | Landmark review Mirer/Ki-Jana/Largent final word-count top-off added; GSC priority candidate."
"SEA-1997-02-18-0096","1997-1st-round-pick-11th-overall-subsequently-tra-chicago-bears-1997","perspectives.1.qaNotes","false","Audit complete: historical hindsight applied, summaries rewritten for readability, legendary trades verified against Pro Football Hall of Fame records and team histories. | Landmark expanded sectioned deep-dive content applied. | Landmark Batch 3 Mirer/Ki-Jana/Largent top-off added; GSC priority candidate. | Landmark Batch 3 Mirer/Ki-Jana/Largent final word-count top-off added; GSC priority candidate.","Audit complete: historical hindsight applied, summaries rewritten for readability, legendary trades verified against Pro Football Hall of Fame records and team histories. | Landmark expanded sectioned deep-dive content applied. | Landmark review Mirer/Ki-Jana/Largent top-off added; GSC priority candidate. | Landmark review Mirer/Ki-Jana/Largent final word-count top-off added; GSC priority candidate."
"SEA-1997-02-18-0096","1997-1st-round-pick-11th-overall-subsequently-tra-chicago-bears-1997","qaNotes","false","Final QA passed. | Retained for TradeVerdicts database coverage. | Audit complete: historical hindsight applied, summaries rewritten for readability, legendary trades verified against Pro Football Hall of Fame records and team histories. | Landmark expanded sectioned deep-dive content applied. | Landmark Batch 3 Mirer/Ki-Jana/Largent top-off added; GSC priority candidate. | Landmark Batch 3 Mirer/Ki-Jana/Largent final word-count top-off added; GSC priority candidate.","Final QA passed. | Retained for TradeVerdicts database coverage. | Audit complete: historical hindsight applied, summaries rewritten for readability, legendary trades verified against Pro Football Hall of Fame records and team histories. | Landmark expanded sectioned deep-dive content applied. | Landmark review Mirer/Ki-Jana/Largent top-off added; GSC priority candidate. | Landmark review Mirer/Ki-Jana/Largent final word-count top-off added; GSC priority candidate."
"ATL-1997-0217","chris-chandler-tennessee-titans-1997","perspectives.0.qaNotes","false","Bottom Batch 020 final manual QA: canonical grades/verdict/perspectives aligned; duplicate and contaminated perspectives removed.","review final manual QA: canonical grades/verdict/perspectives aligned; duplicate and contaminated perspectives removed."
"ATL-1997-0217","chris-chandler-tennessee-titans-1997","perspectives.1.qaNotes","false","Bottom Batch 020 final manual QA: canonical grades/verdict/perspectives aligned; duplicate and contaminated perspectives removed.","review final manual QA: canonical grades/verdict/perspectives aligned; duplicate and contaminated perspectives removed."
"DEN-1997-04-19-0249","1997-3rd-round-pick-67th-overall-dan-neil-new-york-jets-1997","perspectives.0.qaNotes","false","Bottom Batch 020 final manual QA: canonical grades/verdict/perspectives aligned; duplicate and contaminated perspectives removed.","review final manual QA: canonical grades/verdict/perspectives aligned; duplicate and contaminated perspectives removed."
"DEN-1997-04-19-0249","1997-3rd-round-pick-67th-overall-dan-neil-new-york-jets-1997","perspectives.1.qaNotes","false","Bottom Batch 020 final manual QA: canonical grades/verdict/perspectives aligned; duplicate and contaminated perspectives removed.","review final manual QA: canonical grades/verdict/perspectives aligned; duplicate and contaminated perspectives removed."
"RAM-1997-0403","1997-2nd-round-pick-40th-overall-dexter-mccleon-and-1997-6th-round-pick-173rd-ov","perspectives.0.qaNotes","false","Bottom Batch 020 final manual QA: canonical grades/verdict/perspectives aligned; duplicate and contaminated perspectives removed.","review final manual QA: canonical grades/verdict/perspectives aligned; duplicate and contaminated perspectives removed."
"RAM-1997-0403","1997-2nd-round-pick-40th-overall-dexter-mccleon-and-1997-6th-round-pick-173rd-ov","perspectives.1.qaNotes","false","Bottom Batch 020 final manual QA: canonical grades/verdict/perspectives aligned; duplicate and contaminated perspectives removed.","review final manual QA: canonical grades/verdict/perspectives aligned; duplicate and contaminated perspectives removed."
"NYJ-1997-0165","past-considerations-green-bay-packers-1997","perspectives.0.qaNotes","false","Bottom Batch 020 final manual QA: canonical grades/verdict/perspectives aligned; duplicate and contaminated perspectives removed.","review final manual QA: canonical grades/verdict/perspectives aligned; duplicate and contaminated perspectives removed."
"NYJ-1997-0165","past-considerations-green-bay-packers-1997","perspectives.1.qaNotes","false","Bottom Batch 020 final manual QA: canonical grades/verdict/perspectives aligned; duplicate and contaminated perspectives removed.","review final manual QA: canonical grades/verdict/perspectives aligned; duplicate and contaminated perspectives removed."
"GB-1997-0320","tyrone-davis-new-york-jets-1997","qaNotes","false","Batch 011 narrative-vs-verdict review reconciled public prose, verdict, grades, and nested perspective data.","review narrative-vs-verdict review reconciled public prose, verdict, grades, and nested perspective data."
"LAC-1998-0323","1998-1st-round-pick-2nd-overall-ryan-leaf-arizonast-louis-cardinals-1998","qaNotes","false","Final public-data QA complete. | should but this row is no longer defaulted to Even without evidence | Post-Copilot QA: Regraded in realistic-curve pass; MetaAI should verify notable source details, but this row is no longer defaulted to Even without evidence. Publish status normalized; no import blocker remains. Steelers-formula final package verified. | Landmark expanded sectioned deep-dive content applied. | Landmark Batch 2 Welker/Leaf/Bettis top-off added; GSC priority candidate. | Landmark Batch 2 Leaf/Bettis final word-count top-off added; GSC priority candidate.","Final public-data QA complete. | should but this row is no longer defaulted to Even without evidence | Post-Copilot QA: Regraded in realistic-curve pass; MetaAI should verify notable source details, but this row is no longer defaulted to Even without evidence. Publish status normalized; no import blocker remains. Steelers-formula final package verified. | Landmark expanded sectioned deep-dive content applied. | Landmark review Welker/Leaf/Bettis top-off added; GSC priority candidate. | Landmark review Leaf/Bettis final word-count top-off added; GSC priority candidate."
"LAC-1998-0323","1998-1st-round-pick-2nd-overall-ryan-leaf-arizonast-louis-cardinals-1998","perspectives.0.qaNotes","false","Final public-data QA complete. | Landmark expanded sectioned deep-dive content applied. | Landmark Batch 2 Welker/Leaf/Bettis top-off added; GSC priority candidate. | Landmark Batch 2 Leaf/Bettis final word-count top-off added; GSC priority candidate.","Final public-data QA complete. | Landmark expanded sectioned deep-dive content applied. | Landmark review Welker/Leaf/Bettis top-off added; GSC priority candidate. | Landmark review Leaf/Bettis final word-count top-off added; GSC priority candidate."
"LAC-1998-0323","1998-1st-round-pick-2nd-overall-ryan-leaf-arizonast-louis-cardinals-1998","perspectives.1.qaNotes","false","should but this row is no longer defaulted to Even without evidence | Landmark expanded sectioned deep-dive content applied. | Landmark Batch 2 Welker/Leaf/Bettis top-off added; GSC priority candidate. | Landmark Batch 2 Leaf/Bettis final word-count top-off added; GSC priority candidate.","should but this row is no longer defaulted to Even without evidence | Landmark expanded sectioned deep-dive content applied. | Landmark review Welker/Leaf/Bettis top-off added; GSC priority candidate. | Landmark review Leaf/Bettis final word-count top-off added; GSC priority candidate."
"NYJ-1998-0170","1998-3rd-round-pick-65th-overall-subsequently-traded-leonard-little-arizona-st-louis-cardi","qaNotes","false","Batch 007 narrative-vs-verdict review reconciled public prose, verdict, grades, and nested perspective data. | D3 cleanup: split strict player-plus-pick bundle assets into standalone player and pick assets.","review narrative-vs-verdict review reconciled public prose, verdict, grades, and nested perspective data. | D3 cleanup: split strict player-plus-pick bundle assets into standalone player and pick assets."
"DEN-1998-04-16-0250","1999-2nd-round-pick-58th-overall-montae-reagor-san-francisco-49ers-1998","perspectives.0.qaNotes","false","Bottom Batch 020 final manual QA: canonical grades/verdict/perspectives aligned; duplicate and contaminated perspectives removed.","review final manual QA: canonical grades/verdict/perspectives aligned; duplicate and contaminated perspectives removed."
"DEN-1998-04-16-0250","1999-2nd-round-pick-58th-overall-montae-reagor-san-francisco-49ers-1998","perspectives.1.qaNotes","false","Bottom Batch 020 final manual QA: canonical grades/verdict/perspectives aligned; duplicate and contaminated perspectives removed.","review final manual QA: canonical grades/verdict/perspectives aligned; duplicate and contaminated perspectives removed."
"SF-1998-0294","tony-peterson-chicago-bears-1998","qaNotes","false","Batch 018 narrative-vs-verdict review reconciled public prose, verdict, grades, and nested perspective data.","review narrative-vs-verdict review reconciled public prose, verdict, grades, and nested perspective data."
"SF-1998-0294","tony-peterson-chicago-bears-1998","perspectives.0.qaNotes","false","Batch 018 narrative-vs-verdict review reconciled public prose, verdict, grades, and nested perspective data.","review narrative-vs-verdict review reconciled public prose, verdict, grades, and nested perspective data."
"SF-1998-0294","tony-peterson-chicago-bears-1998","perspectives.1.qaNotes","false","Batch 018 narrative-vs-verdict review reconciled public prose, verdict, grades, and nested perspective data.","review narrative-vs-verdict review reconciled public prose, verdict, grades, and nested perspective data."
"MIA-1998-0168","1998-3rd-round-pick-79th-overall-lions-1998","qaNotes","false","Batch 007 narrative-vs-verdict review reconciled public prose, verdict, grades, and nested perspective data.","review narrative-vs-verdict review reconciled public prose, verdict, grades, and nested perspective data."
"DEN-1998-04-19-0251","1998-7th-round-pick-200th-overall-trey-teague-philadelphia-eagles-1998","perspectives.0.qaNotes","false","Bottom Batch 020 final manual QA: canonical grades/verdict/perspectives aligned; duplicate and contaminated perspectives removed.","review final manual QA: canonical grades/verdict/perspectives aligned; duplicate and contaminated perspectives removed."
"DEN-1998-04-19-0251","1998-7th-round-pick-200th-overall-trey-teague-philadelphia-eagles-1998","perspectives.1.qaNotes","false","Bottom Batch 020 final manual QA: canonical grades/verdict/perspectives aligned; duplicate and contaminated perspectives removed.","review final manual QA: canonical grades/verdict/perspectives aligned; duplicate and contaminated perspectives removed."
"SEA-1998-04-19-0100","1998-6th-round-pick-162nd-overall-carl-hansen-dallas-cowboys-1998","perspectives.0.qaNotes","false","Bottom Batch 020 final manual QA: canonical grades/verdict/perspectives aligned; duplicate and contaminated perspectives removed.","review final manual QA: canonical grades/verdict/perspectives aligned; duplicate and contaminated perspectives removed."
"SEA-1998-04-19-0100","1998-6th-round-pick-162nd-overall-carl-hansen-dallas-cowboys-1998","perspectives.1.qaNotes","false","Bottom Batch 020 final manual QA: canonical grades/verdict/perspectives aligned; duplicate and contaminated perspectives removed.","review final manual QA: canonical grades/verdict/perspectives aligned; duplicate and contaminated perspectives removed."
"PIT-1998-0320","1999-7th-round-pick-214th-overall-antonio-dingle-los-angeles-san-diego-chargers-1998","perspectives.0.qaNotes","false","Bottom Batch 020 final manual QA: canonical grades/verdict/perspectives aligned; duplicate and contaminated perspectives removed.","review final manual QA: canonical grades/verdict/perspectives aligned; duplicate and contaminated perspectives removed."
"PIT-1998-0320","1999-7th-round-pick-214th-overall-antonio-dingle-los-angeles-san-diego-chargers-1998","perspectives.1.qaNotes","false","Bottom Batch 020 final manual QA: canonical grades/verdict/perspectives aligned; duplicate and contaminated perspectives removed.","review final manual QA: canonical grades/verdict/perspectives aligned; duplicate and contaminated perspectives removed."
"CAR-1998-0012","panthers-indianapolis-colts-trade-1998-0012","qaNotes","false","Batch 026 narrative-vs-verdict review reconciled public prose, verdict, grades, and nested perspective data.","review narrative-vs-verdict review reconciled public prose, verdict, grades, and nested perspective data."
"CAR-1998-0012","panthers-indianapolis-colts-trade-1998-0012","perspectives.0.qaNotes","false","Batch 026 narrative-vs-verdict review reconciled public prose, verdict, grades, and nested perspective data.","review narrative-vs-verdict review reconciled public prose, verdict, grades, and nested perspective data."
"CAR-1998-0012","panthers-indianapolis-colts-trade-1998-0012","perspectives.1.qaNotes","false","Batch 026 narrative-vs-verdict review reconciled public prose, verdict, grades, and nested perspective data.","review narrative-vs-verdict review reconciled public prose, verdict, grades, and nested perspective data."
"GB-1998-0326","brian-hansen-new-york-jets-1998","qaNotes","false","Batch 011 narrative-vs-verdict review reconciled public prose, verdict, grades, and nested perspective data.","review narrative-vs-verdict review reconciled public prose, verdict, grades, and nested perspective data."
"DEN-1998-08-19-0252","1999-5th-round-pick-158th-overall-david-bowens-dallas-cowboys-1998","summary","false","Denver Broncos received 1999 5th round pick (158th overall, David Bowens). Dallas Cowboys received Kendall Watkins. The final Batch 019 review favors Denver Broncos because that return produced stronger practical football value.","Denver Broncos received 1999 5th round pick (158th overall, David Bowens). Dallas Cowboys received Kendall Watkins. The final review favors Denver Broncos because that return produced stronger practical football value."
"DEN-1998-08-25-0253","past-considerations-san-francisco-49ers-1998","summary","false","San Francisco 49ers received Steve Gordon and David Richie. Denver Broncos received past considerations. The final Batch 019 review favors San Francisco 49ers because that return produced stronger practical football value.","San Francisco 49ers received Steve Gordon and David Richie. Denver Broncos received past considerations. The final review favors San Francisco 49ers because that return produced stronger practical football value."
"DEN-1998-08-30-0254","past-considerations-dallas-cowboys-1998","summary","false","Dallas Cowboys received Patrick Jeffers. Denver Broncos received past considerations. The final Batch 019 review favors Dallas Cowboys because that return produced stronger practical football value.","Dallas Cowboys received Patrick Jeffers. Denver Broncos received past considerations. The final review favors Dallas Cowboys because that return produced stronger practical football value."
"DEN-1998-08-30-0255","past-considerations-green-bay-packers-1998","summary","false","Green Bay Packers received Seth Joyner. Denver Broncos received past considerations. The final Batch 019 review favors Green Bay Packers because that return produced stronger practical football value.","Green Bay Packers received Seth Joyner. Denver Broncos received past considerations. The final review favors Green Bay Packers because that return produced stronger practical football value."
"PIT-1998-0323","1999-5th-round-pick-136th-overall-jerame-tuman-indianapolis-colts-1998","summary","false","Pittsburgh Steelers received 1999 5th round pick (136th overall, Jerame Tuman). Indianapolis Colts received Steve Conley. The final Batch 019 review favors Pittsburgh Steelers because that return produced stronger practical football value.","Pittsburgh Steelers received 1999 5th round pick (136th overall, Jerame Tuman). Indianapolis Colts received Steve Conley. The final review favors Pittsburgh Steelers because that return produced stronger practical football value."
"BUF-1999-0251","past-considerations-cleveland-browns-1999","summary","false","Buffalo Bills received past considerations. Cleveland Browns received Chris Spielman. The final Batch 019 review keeps this as an even trade because neither return separates enough for a win/loss label.","Buffalo Bills received past considerations. Cleveland Browns received Chris Spielman. The final review keeps this as an even trade because neither return separates enough for a win/loss label."
"SF-1999-0299","1999-4th-round-pick-110th-overall-pierson-prioleau-cleveland-browns-1999","qaNotes","false","Batch 018 narrative-vs-verdict review reconciled public prose, verdict, grades, and nested perspective data. | CEX cleanup: split strict ready explanatory multi-pick bundle assets into standalone pick assets.","review narrative-vs-verdict review reconciled public prose, verdict, grades, and nested perspective data. | CEX cleanup: split strict ready explanatory multi-pick bundle assets into standalone pick assets."
"SF-1999-0299","1999-4th-round-pick-110th-overall-pierson-prioleau-cleveland-browns-1999","perspectives.0.qaNotes","false","Batch 018 narrative-vs-verdict review reconciled public prose, verdict, grades, and nested perspective data.","review narrative-vs-verdict review reconciled public prose, verdict, grades, and nested perspective data."
"SF-1999-0299","1999-4th-round-pick-110th-overall-pierson-prioleau-cleveland-browns-1999","perspectives.1.qaNotes","false","Batch 018 narrative-vs-verdict review reconciled public prose, verdict, grades, and nested perspective data.","review narrative-vs-verdict review reconciled public prose, verdict, grades, and nested perspective data."
"DEN-1999-03-02-0256","1999-3rd-round-pick-67th-overall-chris-watson-carolina-panthers-1999","summary","false","Denver Broncos received 1999 3rd round pick (67th overall, Chris Watson). Carolina Panthers received Jeff Lewis. The final Batch 019 review favors Denver Broncos because that return produced stronger practical football value.","Denver Broncos received 1999 3rd round pick (67th overall, Chris Watson). Carolina Panthers received Jeff Lewis. The final review favors Denver Broncos because that return produced stronger practical football value."
"SEA-1999-03-19-0101","glenn-foley-new-york-jets-1999","summary","false","Seattle Seahawks received Glenn Foley. New York Jets received 1999 7th round pick (223rd overall, Ryan Young). The final Batch 019 review keeps this as an even trade because neither return separates enough for a win/loss label.","Seattle Seahawks received Glenn Foley. New York Jets received 1999 7th round pick (223rd overall, Ryan Young). The final review keeps this as an even trade because neither return separates enough for a win/loss label."
"PIT-1999-0324","alex-van-dyke-new-york-jets-1999","summary","false","Pittsburgh Steelers received Alex Van Dyke. New York Jets received 1999 6th round pick (183rd overall, Marc Megna). The final Batch 019 review favors Pittsburgh Steelers because that return produced stronger practical football value.","Pittsburgh Steelers received Alex Van Dyke. New York Jets received 1999 6th round pick (183rd overall, Marc Megna). The final review favors Pittsburgh Steelers because that return produced stronger practical football value."
"PIT-1999-0325","past-considerations-green-bay-packers-1999","qaNotes","false","Batch 007 narrative-vs-verdict review reconciled public prose, verdict, grades, and nested perspective data.","review narrative-vs-verdict review reconciled public prose, verdict, grades, and nested perspective data."
"MIA-1999-0173","1999-2nd-round-pick-39th-overall-lions-1999","summary","false","Miami Dolphins received 1999 2nd round pick (39th overall, J.J. Johnson), 1999 3rd round pick (72nd overall, Grey Ruegamer) and 1999 5th round pick (142nd overall, Bryan Jones). Detroit Lions received 1999 1st round pick (27th overall, Aaron Gibson). The final Batch 019 review favors Miami Dolphins because that return produced stronger practical football value.","Miami Dolphins received 1999 2nd round pick (39th overall, J.J. Johnson), 1999 3rd round pick (72nd overall, Grey Ruegamer) and 1999 5th round pick (142nd overall, Bryan Jones). Detroit Lions received 1999 1st round pick (27th overall, Aaron Gibson). The final review favors Miami Dolphins because that return produced stronger practical football value."
"WAS-1999-0354","1999-1st-round-pick-7th-overall-champ-bailey-chicago-bears-1999","summary","false","Washington Commanders received 1999 1st round pick (7th overall, Champ Bailey). Chicago Bears received 1999 1st round pick (12th overall, Cade McNown), 1999 3rd round pick (71st overall, D'Wayne Bates), 1999 4th round pick (106th overall, Warrick Holdman), 1999 5th round pick (143rd overall, Jerry Wisne) and 2000 3rd round pick (87th overall, Dustin Lyman). The final Batch 019 review favors Washington Commanders because that return produced stronger practical football value.","Washington Commanders received 1999 1st round pick (7th overall, Champ Bailey). Chicago Bears received 1999 1st round pick (12th overall, Cade McNown), 1999 3rd round pick (71st overall, D'Wayne Bates), 1999 4th round pick (106th overall, Warrick Holdman), 1999 5th round pick (143rd overall, Jerry Wisne) and 2000 3rd round pick (87th overall, Dustin Lyman). The final review favors Washington Commanders because that return produced stronger practical football value."
"CLE-1999-0313","1999-6th-round-pick-174th-overall-marcus-spriggs-chicago-bears-1999-313","summary","false","Chicago Bears received 1999 6th round pick (184th overall, Rashard Cook) and 1999 7th round pick (221st overall, Sulecio Sanford). Cleveland Browns received 1999 6th round pick (174th overall, Marcus Spriggs). The final Batch 019 review favors Chicago Bears because that return produced stronger practical football value.","Chicago Bears received 1999 6th round pick (184th overall, Rashard Cook) and 1999 7th round pick (221st overall, Sulecio Sanford). Cleveland Browns received 1999 6th round pick (174th overall, Marcus Spriggs). The final review favors Chicago Bears because that return produced stronger practical football value."
"DEN-1999-04-18-0257","1999-6th-round-pick-179th-overall-desmond-clark-and-1999-7th-round-pick-218th-overall-bill","summary","false","Denver Broncos received 1999 6th round pick (179th overall, Desmond Clark) and 1999 7th round pick (218th overall, Billy Miller). Washington Commanders received 1999 5th round pick (165th overall, Derek Smith). The final Batch 019 review keeps this as an even trade because neither return separates enough for a win/loss label.","Denver Broncos received 1999 6th round pick (179th overall, Desmond Clark) and 1999 7th round pick (218th overall, Billy Miller). Washington Commanders received 1999 5th round pick (165th overall, Derek Smith). The final review keeps this as an even trade because neither return separates enough for a win/loss label."
"MIN-1999-0189","1999-6th-round-pick-185th-overall-talance-sawyer-baltimore-ravens-1999","summary","false","Minnesota Vikings received 1999 6th round pick (185th overall, Talance Sawyer). Baltimore Ravens received Everett Lindsay. The final Batch 019 review favors Minnesota Vikings because that return produced stronger practical football value.","Minnesota Vikings received 1999 6th round pick (185th overall, Talance Sawyer). Baltimore Ravens received Everett Lindsay. The final review favors Minnesota Vikings because that return produced stronger practical football value."
"RAI-1999-0299","1999-5th-round-pick-146th-overall-pittsburgh-steelers-1999","summary","false","Las Vegas Raiders received 1999 5th round pick (146th overall, Eric Barton) and 1999 5th round pick (163rd overall subsequently traded, Craig Heimburger). Pittsburgh Steelers received 2000 3rd round pick (77th overall, Hank Poteat). The final Batch 019 review favors Las Vegas Raiders because that return produced stronger practical football value.","Las Vegas Raiders received 1999 5th round pick (146th overall, Eric Barton) and 1999 5th round pick (163rd overall subsequently traded, Craig Heimburger). Pittsburgh Steelers received 2000 3rd round pick (77th overall, Hank Poteat). The final review favors Las Vegas Raiders because that return produced stronger practical football value."
"SF-1999-0302","1999-4th-round-pick-96th-overall-subsequently-traded-paul-miranda-cleveland-browns-1999","qaNotes","false","Batch 018 narrative-vs-verdict review reconciled public prose, verdict, grades, and nested perspective data.","review narrative-vs-verdict review reconciled public prose, verdict, grades, and nested perspective data."
"SF-1999-0302","1999-4th-round-pick-96th-overall-subsequently-traded-paul-miranda-cleveland-browns-1999","perspectives.0.qaNotes","false","Batch 018 narrative-vs-verdict review reconciled public prose, verdict, grades, and nested perspective data.","review narrative-vs-verdict review reconciled public prose, verdict, grades, and nested perspective data."
"SF-1999-0302","1999-4th-round-pick-96th-overall-subsequently-traded-paul-miranda-cleveland-browns-1999","perspectives.1.qaNotes","false","Batch 018 narrative-vs-verdict review reconciled public prose, verdict, grades, and nested perspective data.","review narrative-vs-verdict review reconciled public prose, verdict, grades, and nested perspective data."
"SEA-1999-06-25-0105","2000-3rd-round-pick-80th-overall-darrell-jackson-dallas-cowboys-1999","summary","false","Seattle Seahawks received 2000 3rd round pick (80th overall, Darrell Jackson). Dallas Cowboys received James McKnight. The final Batch 019 review favors Seattle Seahawks because that return produced stronger practical football value.","Seattle Seahawks received 2000 3rd round pick (80th overall, Darrell Jackson). Dallas Cowboys received James McKnight. The final review favors Seattle Seahawks because that return produced stronger practical football value."
"PIT-1999-0328","shar-pourdanesh-washington-redskins-commanders-1999","summary","false","Pittsburgh Steelers received Shar Pourdanesh. Washington Commanders received 2000 7th round pick (216th overall, Delbert Cowsette). The final Batch 019 review favors Pittsburgh Steelers because that return produced stronger practical football value.","Pittsburgh Steelers received Shar Pourdanesh. Washington Commanders received 2000 7th round pick (216th overall, Delbert Cowsette). The final review favors Pittsburgh Steelers because that return produced stronger practical football value."
"RAM-1999-0412","an-undisclosed-draft-pick-green-bay-packers-1999","summary","false","Green Bay Packers received Aaron Laing. Los Angeles Rams received undisclosed draft pick. The final Batch 019 review favors Green Bay Packers because that return produced stronger practical football value.","Green Bay Packers received Aaron Laing. Los Angeles Rams received undisclosed draft pick. The final review favors Green Bay Packers because that return produced stronger practical football value."
"DEN-1999-08-24-0258","2000-7th-round-pick-231st-overall-subsequently-traded-clifton-black-and-2001-7th-round-pic","summary","false","Washington Commanders received Tito Paul. Denver Broncos received 2000 7th round pick (231st overall subsequently traded, Clifton Black) and 2001 7th round pick (215th overall subsequently traded, Corey Hall). The final Batch 019 review favors Washington Commanders because that return produced stronger practical football value.","Washington Commanders received Tito Paul. Denver Broncos received 2000 7th round pick (231st overall subsequently traded, Clifton Black) and 2001 7th round pick (215th overall subsequently traded, Corey Hall). The final review favors Washington Commanders because that return produced stronger practical football value."
"CHI-1999-0409","glyn-milburn-green-bay-packers-1999","qaNotes","false","Batch 007 narrative-vs-verdict review reconciled public prose, verdict, grades, and nested perspective data.","review narrative-vs-verdict review reconciled public prose, verdict, grades, and nested perspective data."
"SEA-1999-08-31-0106","derrick-mayes-green-bay-packers-1999","summary","false","Seattle Seahawks received Derrick Mayes. Green Bay Packers received 2000 7th round pick (229th overall, Ron Moore). The final Batch 019 review keeps this as an even trade because neither return separates enough for a win/loss label.","Seattle Seahawks received Derrick Mayes. Green Bay Packers received 2000 7th round pick (229th overall, Ron Moore). The final review keeps this as an even trade because neither return separates enough for a win/loss label."
"SEA-1999-09-05-0107","cordell-taylor-jacksonville-jaguars-1999","summary","false","Seattle Seahawks received Cordell Taylor. Jacksonville Jaguars received undisclosed 2001 draft pick. The final Batch 019 review favors Seattle Seahawks because that return produced stronger practical football value.","Seattle Seahawks received Cordell Taylor. Jacksonville Jaguars received undisclosed 2001 draft pick. The final review favors Seattle Seahawks because that return produced stronger practical football value."
"DEN-1999-09-21-0259","john-avery-miami-dolphins-1999","summary","false","Denver Broncos received John Avery. Miami Dolphins received Marcus Nash. The final Batch 019 review keeps this as an even trade because neither return separates enough for a win/loss label.","Denver Broncos received John Avery. Miami Dolphins received Marcus Nash. The final review keeps this as an even trade because neither return separates enough for a win/loss label."
"DEN-2000-02-24-0260","2001-7th-round-pick-219th-overall-subsequently-traded-kynan-forney-green-bay-packers-2000","summary","false","Denver Broncos received 2001 7th round pick (219th overall subsequently traded, Kynan Forney). Green Bay Packers received David Bowens. The final Batch 019 review keeps this as an even trade because neither return separates enough for a win/loss label.","Denver Broncos received 2001 7th round pick (219th overall subsequently traded, Kynan Forney). Green Bay Packers received David Bowens. The final review keeps this as an even trade because neither return separates enough for a win/loss label."
"SF-2000-0307","2000-1st-round-pick-12th-overall-subsequently-traded-shaun-ellis-2-washington-redskins-com","qaNotes","false","Batch 018 narrative-vs-verdict review reconciled public prose, verdict, grades, and nested perspective data.","review narrative-vs-verdict review reconciled public prose, verdict, grades, and nested perspective data."
"SF-2000-0307","2000-1st-round-pick-12th-overall-subsequently-traded-shaun-ellis-2-washington-redskins-com","perspectives.0.qaNotes","false","Batch 018 narrative-vs-verdict review reconciled public prose, verdict, grades, and nested perspective data.","review narrative-vs-verdict review reconciled public prose, verdict, grades, and nested perspective data."
"SF-2000-0307","2000-1st-round-pick-12th-overall-subsequently-traded-shaun-ellis-2-washington-redskins-com","perspectives.1.qaNotes","false","Batch 018 narrative-vs-verdict review reconciled public prose, verdict, grades, and nested perspective data.","review narrative-vs-verdict review reconciled public prose, verdict, grades, and nested perspective data."
"DEN-2000-03-07-0261","billy-jenkins-los-angeles-st-louis-rams-2000","summary","false","Los Angeles Rams received 2000 5th round pick (139th overall, Brian Young) and 2001 5th round pick (154th overall subsequently traded, Darnerien McCants). Denver Broncos received Billy Jenkins. The final Batch 019 review favors Los Angeles Rams because that return produced stronger practical football value.","Los Angeles Rams received 2000 5th round pick (139th overall, Brian Young) and 2001 5th round pick (154th overall subsequently traded, Darnerien McCants). Denver Broncos received Billy Jenkins. The final review favors Los Angeles Rams because that return produced stronger practical football value."
"DEN-2000-04-04-0262","2000-6th-round-pick-189th-overall-mike-anderson-los-angeles-st-louis-rams-2000","summary","false","Denver Broncos received 2000 6th round pick (189th overall, Mike Anderson). Los Angeles Rams received Derek Loville. The final Batch 019 review favors Denver Broncos because that return produced stronger practical football value.","Denver Broncos received 2000 6th round pick (189th overall, Mike Anderson). Los Angeles Rams received Derek Loville. The final review favors Denver Broncos because that return produced stronger practical football value."
"DEN-2000-04-13-0263","2000-1st-round-pick-15th-overall-deltha-o-neal-and-2000-2nd-round-pick-45th-overall-kenoy","summary","false","Denver Broncos received 2000 1st round pick (15th overall, Deltha O'Neal) and 2000 2nd round pick (45th overall, Kenoy Kennedy). Baltimore Ravens received 2000 1st round pick (10th overall, Travis Taylor). The final Batch 019 review favors Denver Broncos because that return produced stronger practical football value.","Denver Broncos received 2000 1st round pick (15th overall, Deltha O'Neal) and 2000 2nd round pick (45th overall, Kenoy Kennedy). Baltimore Ravens received 2000 1st round pick (10th overall, Travis Taylor). The final review favors Denver Broncos because that return produced stronger practical football value."
"SF-2000-0308","2000-1st-round-pick-16th-overall-julian-peterson-new-york-jets-2000","qaNotes","false","Batch 018 narrative-vs-verdict review reconciled public prose, verdict, grades, and nested perspective data. | C2 cleanup: split clean and-delimited multi-pick bundle assets into standalone pick assets.","review narrative-vs-verdict review reconciled public prose, verdict, grades, and nested perspective data. | C2 cleanup: split clean and-delimited multi-pick bundle assets into standalone pick assets."
"SF-2000-0308","2000-1st-round-pick-16th-overall-julian-peterson-new-york-jets-2000","perspectives.0.qaNotes","false","Batch 018 narrative-vs-verdict review reconciled public prose, verdict, grades, and nested perspective data.","review narrative-vs-verdict review reconciled public prose, verdict, grades, and nested perspective data."
"SF-2000-0308","2000-1st-round-pick-16th-overall-julian-peterson-new-york-jets-2000","perspectives.1.qaNotes","false","Batch 018 narrative-vs-verdict review reconciled public prose, verdict, grades, and nested perspective data.","review narrative-vs-verdict review reconciled public prose, verdict, grades, and nested perspective data."
"SF-2000-0309","2000-3rd-round-pick-86th-overall-jeff-ulbrich-seattle-seahawks-2000","qaNotes","false","Batch 018 narrative-vs-verdict review reconciled public prose, verdict, grades, and nested perspective data. | CEX cleanup: split strict ready explanatory multi-pick bundle assets into standalone pick assets.","review narrative-vs-verdict review reconciled public prose, verdict, grades, and nested perspective data. | CEX cleanup: split strict ready explanatory multi-pick bundle assets into standalone pick assets."
"SF-2000-0309","2000-3rd-round-pick-86th-overall-jeff-ulbrich-seattle-seahawks-2000","perspectives.0.qaNotes","false","Batch 018 narrative-vs-verdict review reconciled public prose, verdict, grades, and nested perspective data.","review narrative-vs-verdict review reconciled public prose, verdict, grades, and nested perspective data."
"CLE-2000-0319","2000-7th-round-pick-209th-overall-eric-chandler-and-2000-7th-round-pick-225th-ov","summary","false","Chicago Bears received 2000 7th round pick (223rd overall, James Cotton), 2000 7th round pick (232nd overall subsequently traded, Jeff Harris) and 2000 7th round pick (254th overall, Michael Green). Cleveland Browns received 2000 7th round pick (209th overall, Eric Chandler) and 2000 7th round pick (225th overall, Rashidi Barnes). The final Batch 018 review favors Chicago Bears because that return produced stronger practical football value.","Chicago Bears received 2000 7th round pick (223rd overall, James Cotton), 2000 7th round pick (232nd overall subsequently traded, Jeff Harris) and 2000 7th round pick (254th overall, Michael Green). Cleveland Browns received 2000 7th round pick (209th overall, Eric Chandler) and 2000 7th round pick (225th overall, Rashidi Barnes). The final review favors Chicago Bears because that return produced stronger practical football value."
"SEA-2000-04-16-0112","2001-6th-round-pick-191st-overall-subsequently-tr-las-vegas-raiders-2000","summary","false","Seattle Seahawks received 2001 6th round pick (191st overall subsequently traded, Menson Holloway). Las Vegas Raiders received 2000 7th round pick (231st overall, Clifton Black). The final Batch 018 review keeps this as an even trade because neither return separates enough for a win/loss label.","Seattle Seahawks received 2001 6th round pick (191st overall subsequently traded, Menson Holloway). Las Vegas Raiders received 2000 7th round pick (231st overall, Clifton Black). The final review keeps this as an even trade because neither return separates enough for a win/loss label."
"DEN-2000-08-15-0265","2001-4th-round-pick-113th-overall-ben-hamilton-green-bay-packers-2000","summary","false","Denver Broncos received 2001 4th round pick (113th overall, Ben Hamilton). Green Bay Packers received Nate Wayne. The final Batch 018 review favors Denver Broncos because that return produced stronger practical football value.","Denver Broncos received 2001 4th round pick (113th overall, Ben Hamilton). Green Bay Packers received Nate Wayne. The final review favors Denver Broncos because that return produced stronger practical football value."
"DEN-2001-04-21-0266","2001-2nd-round-pick-51st-overall-paul-toviessi-buffalo-bills-2001","summary","false","Buffalo Bills received 2001 2nd round pick (58th overall, Travis Henry) and 2001 4th round pick (110th overall, Brandon Spoon). Denver Broncos received 2001 2nd round pick (51st overall, Paul Toviessi). The final Batch 018 review favors Buffalo Bills because that return produced stronger practical football value.","Buffalo Bills received 2001 2nd round pick (58th overall, Travis Henry) and 2001 4th round pick (110th overall, Brandon Spoon). Denver Broncos received 2001 2nd round pick (51st overall, Paul Toviessi). The final review favors Buffalo Bills because that return produced stronger practical football value."
"MIA-2001-0185","2001-2nd-round-pick-52nd-overall-cowboys-2001","qaNotes","false","Batch 010 narrative-vs-verdict review reconciled public prose, verdict, grades, and nested perspective data. | C2 cleanup: split clean and-delimited multi-pick bundle assets into standalone pick assets.","review narrative-vs-verdict review reconciled public prose, verdict, grades, and nested perspective data. | C2 cleanup: split clean and-delimited multi-pick bundle assets into standalone pick assets."
"SF-2001-0315","2001-2nd-round-pick-47th-overall-jamie-winborn-2001-3rd-round-pick-green-bay-packers-2001","qaNotes","false","Batch 018 narrative-vs-verdict review reconciled public prose, verdict, grades, and nested perspective data.","review narrative-vs-verdict review reconciled public prose, verdict, grades, and nested perspective data."
"SF-2001-0315","2001-2nd-round-pick-47th-overall-jamie-winborn-2001-3rd-round-pick-green-bay-packers-2001","perspectives.0.qaNotes","false","Batch 018 narrative-vs-verdict review reconciled public prose, verdict, grades, and nested perspective data.","review narrative-vs-verdict review reconciled public prose, verdict, grades, and nested perspective data."
"SF-2001-0315","2001-2nd-round-pick-47th-overall-jamie-winborn-2001-3rd-round-pick-green-bay-packers-2001","perspectives.1.qaNotes","false","Batch 018 narrative-vs-verdict review reconciled public prose, verdict, grades, and nested perspective data.","review narrative-vs-verdict review reconciled public prose, verdict, grades, and nested perspective data."
"DEN-2001-04-22-0267","2002-4th-round-pick-112th-overall-subsequently-traded-dave-zastudil-atlanta-falcons-2001","summary","false","Denver Broncos received 2002 4th round pick (112th overall subsequently traded, Dave Zastudil). Atlanta Falcons received 2001 7th round pick (215th overall, Corey Hall), 2001 7th round pick (219th overall, Kynan Forney) and 2001 7th round pick (226th overall, Ronald Flemons). The final Batch 018 review favors Denver Broncos because that return produced stronger practical football value.","Denver Broncos received 2002 4th round pick (112th overall subsequently traded, Dave Zastudil). Atlanta Falcons received 2001 7th round pick (215th overall, Corey Hall), 2001 7th round pick (219th overall, Kynan Forney) and 2001 7th round pick (226th overall, Ronald Flemons). The final review favors Denver Broncos because that return produced stronger practical football value."
"MIA-2001-0186","2001-3rd-round-pick-81st-overall-subsequently-traded-eagles-2001","qaNotes","false","Batch 007 narrative-vs-verdict review reconciled public prose, verdict, grades, and nested perspective data. | CEX cleanup: split strict ready explanatory multi-pick bundle assets into standalone pick assets.","review narrative-vs-verdict review reconciled public prose, verdict, grades, and nested perspective data. | CEX cleanup: split strict ready explanatory multi-pick bundle assets into standalone pick assets."
"DEN-2001-08-02-0268","2002-7th-round-pick-228th-overall-chris-young-atlanta-falcons-2001","summary","false","Denver Broncos received 2002 7th round pick (228th overall, Chris Young). Atlanta Falcons received Henri Crockett. The final Batch 018 review keeps this as an even trade because neither return separates enough for a win/loss label.","Denver Broncos received 2002 7th round pick (228th overall, Chris Young). Atlanta Falcons received Henri Crockett. The final review keeps this as an even trade because neither return separates enough for a win/loss label."
"CAR-2001-0019","panthers-tennessee-titans-trade-2001-0019","summary","false","Carolina Panthers received Perry Phenix. Tennessee Titans received 2002 7th round pick not exercised. The final Batch 018 review favors Carolina Panthers because that return produced stronger practical football value.","Carolina Panthers received Perry Phenix. Tennessee Titans received 2002 7th round pick not exercised. The final review favors Carolina Panthers because that return produced stronger practical football value."
"GB-2001-0353","rod-walker-tennessee-titans-2001","summary","false","Tennessee Titans received 2002 7th round pick (240th overall, Carlos Hall). Green Bay Packers received Rod Walker. The final Batch 018 review favors Tennessee Titans because that return produced stronger practical football value.","Tennessee Titans received 2002 7th round pick (240th overall, Carlos Hall). Green Bay Packers received Rod Walker. The final review favors Tennessee Titans because that return produced stronger practical football value."
"MIN-2001-09-02-0200","spergon-wynn-cleveland-browns-2001","summary","false","Cleveland Browns received 2002 5th round pick. Minnesota Vikings received Spergon Wynn, Travis Prentice and 2002 7th round pick (218th overall, Chad Beasley). The final Batch 018 review favors Cleveland Browns because that return produced stronger practical football value.","Cleveland Browns received 2002 5th round pick. Minnesota Vikings received Spergon Wynn, Travis Prentice and 2002 7th round pick (218th overall, Chad Beasley). The final review favors Cleveland Browns because that return produced stronger practical football value."
"MIN-2001-10-16-0201","stalin-colinet-cleveland-browns-2001","summary","false","Cleveland Browns received 2003 5th round pick (142nd overall, Ryan Pontbriand). Minnesota Vikings received Stalin Colinet and 2002 7th round pick. The final Batch 018 review favors Cleveland Browns because that return produced stronger practical football value.","Cleveland Browns received 2003 5th round pick (142nd overall, Ryan Pontbriand). Minnesota Vikings received Stalin Colinet and 2002 7th round pick. The final review favors Cleveland Browns because that return produced stronger practical football value."
"MIA-2002-0188","ricky-williams-saints-2002","qaNotes","false","Batch 026 narrative-vs-verdict review reconciled public prose, verdict, grades, and nested perspective data. | D3 cleanup: split strict player-plus-pick bundle assets into standalone player and pick assets.","review narrative-vs-verdict review reconciled public prose, verdict, grades, and nested perspective data. | D3 cleanup: split strict player-plus-pick bundle assets into standalone player and pick assets."
"IND-2002-0306","brock-huard-seattle-seahawks-2002","summary","false","Seattle Seahawks received 2002 5th round pick (146th overall, Rocky Bernard). Indianapolis Colts received Brock Huard. The final Batch 018 review favors Seattle Seahawks because that return produced stronger practical football value.","Seattle Seahawks received 2002 5th round pick (146th overall, Rocky Bernard). Indianapolis Colts received Brock Huard. The final review favors Seattle Seahawks because that return produced stronger practical football value."
"DEN-2002-04-20-0269","2002-3rd-round-pick-96th-overall-dorsett-davis-baltimore-ravens-2002","summary","false","Baltimore Ravens received 2002 4th round pick (112th overall, Dave Zastudil) and 2002 5th round pick (155th overall, Terry Jones). Denver Broncos received 2002 3rd round pick (96th overall, Dorsett Davis). The final Batch 018 review favors Baltimore Ravens because that return produced stronger practical football value.","Baltimore Ravens received 2002 4th round pick (112th overall, Dave Zastudil) and 2002 5th round pick (155th overall, Terry Jones). Denver Broncos received 2002 3rd round pick (96th overall, Dorsett Davis). The final review favors Baltimore Ravens because that return produced stronger practical football value."
"SEA-2002-04-20-0116","2002-1st-round-pick-28th-overall-jerramy-stevens-green-bay-packers-2002","qaNotes","false","Batch 010 narrative-vs-verdict review reconciled public prose, verdict, grades, and nested perspective data.","review narrative-vs-verdict review reconciled public prose, verdict, grades, and nested perspective data."
"DEN-2002-04-21-0270","2002-4th-round-pick-131st-overall-sam-brandon-and-2002-5th-round-pick-144th-overall-herb-h","summary","false","Denver Broncos received 2002 4th round pick (131st overall, Sam Brandon) and 2002 5th round pick (144th overall, Herb Haygood). New England Patriots received 2002 4th round pick (117th overall, Rohan Davey). The final Batch 018 review keeps this as an even trade because neither return separates enough for a win/loss label.","Denver Broncos received 2002 4th round pick (131st overall, Sam Brandon) and 2002 5th round pick (144th overall, Herb Haygood). New England Patriots received 2002 4th round pick (117th overall, Rohan Davey). The final review keeps this as an even trade because neither return separates enough for a win/loss label."
"CAR-2003-0022","panthers-new-england-patriots-trade-2003-0022","qaNotes","false","Batch 012 narrative-vs-verdict review reconciled public prose, verdict, grades, and nested perspective data. | CEX cleanup: split strict ready explanatory multi-pick bundle assets into standalone pick assets.","review narrative-vs-verdict review reconciled public prose, verdict, grades, and nested perspective data. | CEX cleanup: split strict ready explanatory multi-pick bundle assets into standalone pick assets."
"CAR-2003-0022","panthers-new-england-patriots-trade-2003-0022","perspectives.0.qaNotes","false","Batch 012 narrative-vs-verdict review reconciled public prose, verdict, grades, and nested perspective data.","review narrative-vs-verdict review reconciled public prose, verdict, grades, and nested perspective data."
"CAR-2003-0022","panthers-new-england-patriots-trade-2003-0022","perspectives.1.qaNotes","false","Batch 012 narrative-vs-verdict review reconciled public prose, verdict, grades, and nested perspective data.","review narrative-vs-verdict review reconciled public prose, verdict, grades, and nested perspective data."
"DEN-2003-04-26-0271","2003-4th-round-pick-108th-overall-quentin-griffin-2003-4th-round-pick-120th-overall-subseq","summary","false","Carolina Panthers received 2003 3rd round pick (82nd overall, Ricky Manning). Denver Broncos received 2003 4th round pick (108th overall, Quentin Griffin), 2003 4th round pick (120th overall subsequently traded, Asante Samuel) and 2003 7th round pick (227th overall, Clint Mitchell). The final Batch 017 review favors Carolina Panthers because that return produced stronger practical football value.","Carolina Panthers received 2003 3rd round pick (82nd overall, Ricky Manning). Denver Broncos received 2003 4th round pick (108th overall, Quentin Griffin), 2003 4th round pick (120th overall subsequently traded, Asante Samuel) and 2003 7th round pick (227th overall, Clint Mitchell). The final review favors Carolina Panthers because that return produced stronger practical football value."
"NYJ-2003-0185","2003-1st-round-pick-4th-overall-dewayne-robertson-chicago-bears-2003","qaNotes","false","Batch 007 narrative-vs-verdict review reconciled public prose, verdict, grades, and nested perspective data.","review narrative-vs-verdict review reconciled public prose, verdict, grades, and nested perspective data."
"DEN-2003-04-27-0272","2003-4th-round-pick-128th-overall-bryant-mcneal-and-2003-5th-round-pick-157th-overall-ben","summary","false","New England Patriots received 2003 4th round pick (120th overall, Asante Samuel). Denver Broncos received 2003 4th round pick (128th overall, Bryant McNeal) and 2003 5th round pick (157th overall, Ben Claxton). The final Batch 017 review favors New England Patriots because that return produced stronger practical football value.","New England Patriots received 2003 4th round pick (120th overall, Asante Samuel). Denver Broncos received 2003 4th round pick (128th overall, Bryant McNeal) and 2003 5th round pick (157th overall, Ben Claxton). The final review favors New England Patriots because that return produced stronger practical football value."
"DET-2003-0308","2003-7th-round-pick-220th-overall-blue-adams-arizona-st-louis-cardinals-2003-04","summary","false","Detroit Lions received 2003 7th round pick (220th overall, Blue Adams). Arizona Cardinals received Larry Foster. The final Batch 017 review favors Detroit Lions because that return produced stronger practical football value.","Detroit Lions received 2003 7th round pick (220th overall, Blue Adams). Arizona Cardinals received Larry Foster. The final review favors Detroit Lions because that return produced stronger practical football value."
"PHI-2003-0292","eagles-2003-04-27-green-bay-packers-0292","summary","false","Philadelphia Eagles received 2003 6th round pick (185th overall, Jeremy Bridges) and 2003 7th round pick (244th overall, Norman LeJeune). Green Bay Packers received 2003 5th round pick (166th overall, Hunter Hillenmeyer). The final Batch 017 review favors Philadelphia Eagles because that return produced stronger practical football value.","Philadelphia Eagles received 2003 6th round pick (185th overall, Jeremy Bridges) and 2003 7th round pick (244th overall, Norman LeJeune). Green Bay Packers received 2003 5th round pick (166th overall, Hunter Hillenmeyer). The final review favors Philadelphia Eagles because that return produced stronger practical football value."
"SEA-2003-04-27-0119","2003-5th-round-pick-165th-overall-chris-davis-green-bay-packers-2003","summary","false","Seattle Seahawks received 2003 5th round pick (165th overall, Chris Davis) and 2003 6th round pick (203rd overall subsequently traded, Kareem Kelly). Green Bay Packers received 2003 5th round pick (147th overall, James Lee). The final Batch 017 review favors Seattle Seahawks because that return produced stronger practical football value.","Seattle Seahawks received 2003 5th round pick (165th overall, Chris Davis) and 2003 6th round pick (203rd overall subsequently traded, Kareem Kelly). Green Bay Packers received 2003 5th round pick (147th overall, James Lee). The final review favors Seattle Seahawks because that return produced stronger practical football value."
"DEN-2003-08-13-0273","nate-jackson-san-francisco-49ers-2003","summary","false","Denver Broncos received Nate Jackson. San Francisco 49ers received conditional 2004 pick not conveyed. The final Batch 017 review favors Denver Broncos because that return produced stronger practical football value.","Denver Broncos received Nate Jackson. San Francisco 49ers received conditional 2004 pick not conveyed. The final review favors Denver Broncos because that return produced stronger practical football value."
"SEA-2003-08-23-0121","mat-mcbriar-denver-broncos-2003","summary","false","Seattle Seahawks received Mat McBriar. Denver Broncos received conditional 2004 pick not conveyed. The final Batch 017 review favors Seattle Seahawks because that return produced stronger practical football value.","Seattle Seahawks received Mat McBriar. Denver Broncos received conditional 2004 pick not conveyed. The final review favors Seattle Seahawks because that return produced stronger practical football value."
"CHI-2003-0423","an-undisclosed-2004-draft-pick-new-england-patriots-2003","summary","false","Chicago Bears received undisclosed 2004 draft pick. New England Patriots received Jamil Soriano. The final Batch 017 review keeps this as an even trade because neither return separates enough for a win/loss label.","Chicago Bears received undisclosed 2004 draft pick. New England Patriots received Jamil Soriano. The final review keeps this as an even trade because neither return separates enough for a win/loss label."
"DEN-2003-08-26-0275","an-undisclosed-2004-draft-pick-washington-redskins-commanders-2003","summary","false","Washington Commanders received Lionel Dalton. Denver Broncos received undisclosed 2004 draft pick. The final Batch 017 review favors Washington Commanders because that return produced stronger practical football value.","Washington Commanders received Lionel Dalton. Denver Broncos received undisclosed 2004 draft pick. The final review favors Washington Commanders because that return produced stronger practical football value."
"PIT-2003-0333","freddie-milons-philadelphia-eagles-2003","summary","false","Pittsburgh Steelers received Freddie Milons. Philadelphia Eagles received undisclosed 2004 draft pick. The final Batch 017 review favors Pittsburgh Steelers because that return produced stronger practical football value.","Pittsburgh Steelers received Freddie Milons. Philadelphia Eagles received undisclosed 2004 draft pick. The final review favors Pittsburgh Steelers because that return produced stronger practical football value."
"MIA-2004-0200","a-j-feeley-eagles-2004","qaNotes","false","Batch 010 narrative-vs-verdict review reconciled public prose, verdict, grades, and nested perspective data.","review narrative-vs-verdict review reconciled public prose, verdict, grades, and nested perspective data."
"DEN-2004-03-04-0276","champ-bailey-and-2004-2nd-round-pick-41st-overall-tatum-bell-washington-redskins-commander","summary","false","Denver received Champ Bailey and the 2004 2nd round pick that became Tatum Bell. Washington received Clinton Portis. The final Batch 017 review favors Denver because Bailey became a Hall of Fame cornerback, the Broncos also received premium draft capital, and Portis' strong Washington production still did not match the long-term positional value Denver secured.","Denver received Champ Bailey and the 2004 2nd round pick that became Tatum Bell. Washington received Clinton Portis. The final review favors Denver because Bailey became a Hall of Fame cornerback, the Broncos also received premium draft capital, and Portis' strong Washington production still did not match the long-term positional value Denver secured."
"DEN-2004-04-09-0277","2004-1st-round-pick-17th-overall-d-j-williams-cincinnati-bengals-2004","summary","false","Cincinnati Bengals received Deltha O'Neal, 2004 1st round pick (24th overall subsequently traded, Steven Jackson) and 2004 4th round pick (117th overall, Robert Geathers). Denver Broncos received 2004 1st round pick (17th overall, D.J. Williams). The final Batch 017 review favors Cincinnati Bengals because that return produced stronger practical football value.","Cincinnati Bengals received Deltha O'Neal, 2004 1st round pick (24th overall subsequently traded, Steven Jackson) and 2004 4th round pick (117th overall, Robert Geathers). Denver Broncos received 2004 1st round pick (17th overall, D.J. Williams). The final review favors Cincinnati Bengals because that return produced stronger practical football value."
"BUF-2004-0262","2004-1st-round-pick-22nd-overall-j-p-losman-dallas-cowboys-2004","qaNotes","false","Batch 025 narrative-vs-verdict review reconciled public prose, verdict, grades, and nested perspective data.","review narrative-vs-verdict review reconciled public prose, verdict, grades, and nested perspective data."
"JAX-2004-0023","2004-3rd-round-pick-87th-overall-subsequently-traded-green-bay-packers-2004","summary","false","Green Bay Packers received 2004 3rd round pick (70th overall, Joey Thomas) and 2004 4th round pick (102nd overall subsequently traded, Will Poole). Jacksonville Jaguars received 2004 3rd round pick (87th overall subsequently traded, B.J. Sander). The final Batch 017 review favors Green Bay Packers because that return produced stronger practical football value.","Green Bay Packers received 2004 3rd round pick (70th overall, Joey Thomas) and 2004 4th round pick (102nd overall subsequently traded, Will Poole). Jacksonville Jaguars received 2004 3rd round pick (87th overall subsequently traded, B.J. Sander). The final review favors Green Bay Packers because that return produced stronger practical football value."
"PHI-2004-0298","eagles-2004-04-24-unknown-undisclosed-partner-0298","summary","false","Philadelphia Eagles received 2004 1st round pick (16th overall, Shawn Andrews). San Francisco 49ers received 2004 1st round pick (28th overall subsequently traded, Chris Gamble) and 2004 2nd round pick (58th overall, Shawntae Spencer). The final Batch 017 review favors Philadelphia Eagles because that return produced stronger practical football value.","Philadelphia Eagles received 2004 1st round pick (16th overall, Shawn Andrews). San Francisco 49ers received 2004 1st round pick (28th overall subsequently traded, Chris Gamble) and 2004 2nd round pick (58th overall, Shawntae Spencer). The final review favors Philadelphia Eagles because that return produced stronger practical football value."
"SF-2004-0325","2004-6th-round-pick-188th-overall-andy-lee-green-bay-packers-2004","qaNotes","false","Batch 018 narrative-vs-verdict review reconciled public prose, verdict, grades, and nested perspective data. | C2 cleanup: split clean and-delimited multi-pick bundle assets into standalone pick assets.","review narrative-vs-verdict review reconciled public prose, verdict, grades, and nested perspective data. | C2 cleanup: split clean and-delimited multi-pick bundle assets into standalone pick assets."
"SF-2004-0325","2004-6th-round-pick-188th-overall-andy-lee-green-bay-packers-2004","perspectives.0.qaNotes","false","Batch 018 narrative-vs-verdict review reconciled public prose, verdict, grades, and nested perspective data.","review narrative-vs-verdict review reconciled public prose, verdict, grades, and nested perspective data."
"SF-2004-0325","2004-6th-round-pick-188th-overall-andy-lee-green-bay-packers-2004","perspectives.1.qaNotes","false","Batch 018 narrative-vs-verdict review reconciled public prose, verdict, grades, and nested perspective data.","review narrative-vs-verdict review reconciled public prose, verdict, grades, and nested perspective data."
"CHI-2004-0426","quinn-dorsey-new-england-patriots-2004","summary","false","Chicago Bears received Quinn Dorsey. New England Patriots received undisclosed 2004 draft pick. The final Batch 016 review keeps this as an even trade because neither return separates enough for a win/loss label.","Chicago Bears received Quinn Dorsey. New England Patriots received undisclosed 2004 draft pick. The final review keeps this as an even trade because neither return separates enough for a win/loss label."
"RAI-2004-0314","an-undisclosed-2004-draft-pick-arizona-st-louis-cardinals-2004","summary","false","Arizona Cardinals received Troy Hambrick and Peppi Zellner. Las Vegas Raiders received undisclosed 2004 draft pick. The final Batch 016 review favors Arizona Cardinals because that return produced stronger practical football value.","Arizona Cardinals received Troy Hambrick and Peppi Zellner. Las Vegas Raiders received undisclosed 2004 draft pick. The final review favors Arizona Cardinals because that return produced stronger practical football value."
"PIT-2004-0335","an-undisclosed-2004-draft-pick-carolina-panthers-2004","summary","false","Carolina Panthers received Todd Fordham. Pittsburgh Steelers received undisclosed 2004 draft pick. The final Batch 016 review favors Carolina Panthers because that return produced stronger practical football value.","Carolina Panthers received Todd Fordham. Pittsburgh Steelers received undisclosed 2004 draft pick. The final review favors Carolina Panthers because that return produced stronger practical football value."
"DEN-2004-09-24-0278","ellis-johnson-atlanta-falcons-2004","summary","false","Denver Broncos received Ellis Johnson. Atlanta Falcons received undisclosed 2004 draft pick. The final Batch 016 review favors Denver Broncos because that return produced stronger practical football value.","Denver Broncos received Ellis Johnson. Atlanta Falcons received undisclosed 2004 draft pick. The final review favors Denver Broncos because that return produced stronger practical football value."
"DEN-2005-03-03-0279","gerard-warren-cleveland-browns-2005","summary","false","Denver Broncos received Gerard Warren. Cleveland Browns received 2005 4th round pick (126th overall subsequently traded, Todd Herremans). The final Batch 016 review favors Denver Broncos because that return produced stronger practical football value.","Denver Broncos received Gerard Warren. Cleveland Browns received 2005 4th round pick (126th overall subsequently traded, Todd Herremans). The final review favors Denver Broncos because that return produced stronger practical football value."
"MIN-2005-0199","napoleon-harris-2005-1st-round-pick-7th-overall-troy-williamson-las-vegas-oaklan","qaNotes","false","Batch 003 narrative-vs-verdict review reconciled public prose, verdict, grades, and nested perspective data.","review narrative-vs-verdict review reconciled public prose, verdict, grades, and nested perspective data."
"MIN-2005-0199","napoleon-harris-2005-1st-round-pick-7th-overall-troy-williamson-las-vegas-oaklan","perspectives.0.qaNotes","false","Batch 003 narrative-vs-verdict review reconciled public prose, verdict, grades, and nested perspective data.","review narrative-vs-verdict review reconciled public prose, verdict, grades, and nested perspective data."
"MIN-2005-0199","napoleon-harris-2005-1st-round-pick-7th-overall-troy-williamson-las-vegas-oaklan","perspectives.1.qaNotes","false","Batch 003 narrative-vs-verdict review reconciled public prose, verdict, grades, and nested perspective data.","review narrative-vs-verdict review reconciled public prose, verdict, grades, and nested perspective data."
"SEA-2005-03-07-0123","2005-4th-round-pick-126th-overall-subsequently-tr-cleveland-browns-2005","summary","false","Seattle Seahawks received 2005 4th round pick (126th overall subsequently traded, Todd Herremans). Cleveland Browns received Trent Dilfer. The final Batch 016 review favors Seattle Seahawks because that return produced stronger practical football value.","Seattle Seahawks received 2005 4th round pick (126th overall subsequently traded, Todd Herremans). Cleveland Browns received Trent Dilfer. The final review favors Seattle Seahawks because that return produced stronger practical football value."
"DEN-2005-03-18-0280","ebenezer-ekuban-and-michael-myers-cleveland-browns-2005","summary","false","Denver Broncos received Ebenezer Ekuban and Michael Myers. Cleveland Browns received Reuben Droughns. The final Batch 016 review keeps this as an even trade because neither return separates enough for a win/loss label.","Denver Broncos received Ebenezer Ekuban and Michael Myers. Cleveland Browns received Reuben Droughns. The final review keeps this as an even trade because neither return separates enough for a win/loss label."
"NYJ-2005-0189","2005-7th-round-pick-230th-overall-subsequently-traded-matt-cassel-minnesota-vikings-2005","summary","false","New York Jets received 2005 7th round pick (230th overall subsequently traded, Matt Cassel). Minnesota Vikings received Sam Cowart. The final Batch 016 review favors New York Jets because that return produced stronger practical football value.","New York Jets received 2005 7th round pick (230th overall subsequently traded, Matt Cassel). Minnesota Vikings received Sam Cowart. The final review favors New York Jets because that return produced stronger practical football value."
"DEN-2005-04-20-0281","an-undisclosed-2005-draft-pick-and-2005-3rd-round-pick-76th-overall-karl-paymah-washington","summary","false","Washington Commanders received 2005 1st round pick (25th overall, Jason Campbell). Denver Broncos received undisclosed 2005 draft pick and 2005 3rd round pick (76th overall, Karl Paymah). The final Batch 016 review favors Washington Commanders because that return produced stronger practical football value.","Washington Commanders received 2005 1st round pick (25th overall, Jason Campbell). Denver Broncos received undisclosed 2005 draft pick and 2005 3rd round pick (76th overall, Karl Paymah). The final review favors Washington Commanders because that return produced stronger practical football value."
"RAI-2005-0321","2005-1st-round-pick-23rd-overall-seattle-seahawks-2005","summary","false","Las Vegas Raiders received 2005 1st round pick (23rd overall, Fabian Washington). Seattle Seahawks received 2005 1st round pick (26th overall, Chris Spencer) and 2005 4th round pick (105th overall, Ray Willis). The final Batch 016 review keeps this as an even trade because neither return separates enough for a win/loss label.","Las Vegas Raiders received 2005 1st round pick (23rd overall, Fabian Washington). Seattle Seahawks received 2005 1st round pick (26th overall, Chris Spencer) and 2005 4th round pick (105th overall, Ray Willis). The final review keeps this as an even trade because neither return separates enough for a win/loss label."
"SF-2005-0326","2005-3rd-round-pick-94th-overall-adam-snyder-philadelphia-eagles-2005","qaNotes","false","Batch 018 narrative-vs-verdict review reconciled public prose, verdict, grades, and nested perspective data. | CEX cleanup: split strict ready explanatory multi-pick bundle assets into standalone pick assets.","review narrative-vs-verdict review reconciled public prose, verdict, grades, and nested perspective data. | CEX cleanup: split strict ready explanatory multi-pick bundle assets into standalone pick assets."
"SF-2005-0326","2005-3rd-round-pick-94th-overall-adam-snyder-philadelphia-eagles-2005","perspectives.0.qaNotes","false","Batch 018 narrative-vs-verdict review reconciled public prose, verdict, grades, and nested perspective data.","review narrative-vs-verdict review reconciled public prose, verdict, grades, and nested perspective data."
"DEN-2005-05-19-0282","todd-sauerbrun-carolina-panthers-2005","summary","false","Carolina Panthers received Jason Baker and undisclosed 2005 draft pick. Denver Broncos received Todd Sauerbrun. The final Batch 016 review favors Carolina Panthers because that return produced stronger practical football value.","Carolina Panthers received Jason Baker and undisclosed 2005 draft pick. Denver Broncos received Todd Sauerbrun. The final review favors Carolina Panthers because that return produced stronger practical football value."
"DEN-2005-07-15-0283","john-engelberger-san-francisco-49ers-2005","summary","false","Denver Broncos received John Engelberger. San Francisco 49ers received Willie Middlebrooks. The final Batch 016 review keeps this as an even trade because neither return separates enough for a win/loss label.","Denver Broncos received John Engelberger. San Francisco 49ers received Willie Middlebrooks. The final review keeps this as an even trade because neither return separates enough for a win/loss label."
"JAX-2005-0028","an-undisclosed-2005-draft-pick-dallas-cowboys-2005","summary","false","Jacksonville Jaguars received undisclosed 2005 draft pick. Dallas Cowboys received Seth Marler. The final Batch 016 review keeps this as an even trade because neither return separates enough for a win/loss label.","Jacksonville Jaguars received undisclosed 2005 draft pick. Dallas Cowboys received Seth Marler. The final review keeps this as an even trade because neither return separates enough for a win/loss label."
"MIN-2005-09-03-0210","melvin-fowler-cleveland-browns-2005","summary","false","Minnesota Vikings received Melvin Fowler. Cleveland Browns received Nat Dorsey. The final Batch 016 review favors Minnesota Vikings because that return produced stronger practical football value.","Minnesota Vikings received Melvin Fowler. Cleveland Browns received Nat Dorsey. The final review favors Minnesota Vikings because that return produced stronger practical football value."
"MIA-2005-0213","cleo-lemon-chargers-2005","qaNotes","false","Batch 010 narrative-vs-verdict review reconciled public prose, verdict, grades, and nested perspective data.","review narrative-vs-verdict review reconciled public prose, verdict, grades, and nested perspective data."
"MIN-2005-0204","tonio-fonoti-los-angeles-san-diego-chargers-2005","summary","false","Los Angeles Chargers received undisclosed 2006 draft pick. Minnesota Vikings received Tonio Fonoti. The final Batch 016 review favors Los Angeles Chargers because that return produced stronger practical football value.","Los Angeles Chargers received undisclosed 2006 draft pick. Minnesota Vikings received Tonio Fonoti. The final review favors Los Angeles Chargers because that return produced stronger practical football value."
"DEN-2006-04-19-0285","2006-2nd-round-pick-37th-overall-subsequently-traded-jimmy-williams-and-2006-3rd-round-pic","summary","false","San Francisco 49ers received 2006 1st round pick (22nd overall, Manny Lawson). Denver Broncos received 2006 2nd round pick (37th overall subsequently traded, Jimmy Williams) and 2006 3rd round pick (68th overall subsequently traded, Claude Wroten). The final Batch 016 review favors San Francisco 49ers because that return produced stronger practical football value.","San Francisco 49ers received 2006 1st round pick (22nd overall, Manny Lawson). Denver Broncos received 2006 2nd round pick (37th overall subsequently traded, Jimmy Williams) and 2006 3rd round pick (68th overall subsequently traded, Claude Wroten). The final review favors San Francisco 49ers because that return produced stronger practical football value."
"BAL-2006-0030","2006-2nd-round-pick-56th-overall-chris-chester-and-2006-3rd-round-pick","qaNotes","false","Batch 012 narrative-vs-verdict review reconciled public prose, verdict, grades, and nested perspective data. | C2 cleanup: split clean and-delimited multi-pick bundle assets into standalone pick assets.","review narrative-vs-verdict review reconciled public prose, verdict, grades, and nested perspective data. | C2 cleanup: split clean and-delimited multi-pick bundle assets into standalone pick assets."
"DEN-2006-04-29-0286","2006-1st-round-pick-11th-overall-jay-cutler-los-angeles-st-louis-rams-2006","qaNotes","false","Manual-hold cleanup: special/fused/unknown record reviewed and reconciled separately from the batch patch pass. | C2 cleanup: split clean and-delimited multi-pick bundle assets into standalone pick assets.","Manual-hold cleanup: special/fused/unknown record reviewed and reconciled separately from the review patch pass. | C2 cleanup: split clean and-delimited multi-pick bundle assets into standalone pick assets."
"DEN-2006-04-29-0287","javon-walker-green-bay-packers-2006","summary","false","Denver Broncos received Javon Walker. Green Bay Packers received 2006 2nd round pick (37th overall subsequently traded, Jimmy Williams). The final Batch 016 review favors Denver Broncos because that return produced stronger practical football value.","Denver Broncos received Javon Walker. Green Bay Packers received 2006 2nd round pick (37th overall subsequently traded, Jimmy Williams). The final review favors Denver Broncos because that return produced stronger practical football value."
"MIN-2006-04-29-0213","draft-pick-trade-pittsburgh-steelers-2006","summary","false","Minnesota Vikings received 2006 2nd round pick (64th overall, Tarvaris Jackson). Pittsburgh Steelers received 2006 3rd round pick (83rd overall, Anthony Smith) and 2006 3rd round pick (95th overall, Willie Reid). The final Batch 016 review favors Minnesota Vikings because that return produced stronger practical football value.","Minnesota Vikings received 2006 2nd round pick (64th overall, Tarvaris Jackson). Pittsburgh Steelers received 2006 3rd round pick (83rd overall, Anthony Smith) and 2006 3rd round pick (95th overall, Willie Reid). The final review favors Minnesota Vikings because that return produced stronger practical football value."
"NO-2006-0273","saints-2006-04-29-cleveland-browns-jeff-faine-and-2006-2nd-round-pick-43rd-overa","qaNotes","false","Batch 002 narrative-vs-verdict review reconciled public prose, verdict, grades, and nested perspective data. | D3 cleanup: split strict player-plus-pick bundle assets into standalone player and pick assets.","review narrative-vs-verdict review reconciled public prose, verdict, grades, and nested perspective data. | D3 cleanup: split strict player-plus-pick bundle assets into standalone player and pick assets."
"NO-2006-0273","saints-2006-04-29-cleveland-browns-jeff-faine-and-2006-2nd-round-pick-43rd-overa","perspectives.0.qaNotes","false","Batch 002 narrative-vs-verdict review reconciled public prose, verdict, grades, and nested perspective data.","review narrative-vs-verdict review reconciled public prose, verdict, grades, and nested perspective data."
"NO-2006-0273","saints-2006-04-29-cleveland-browns-jeff-faine-and-2006-2nd-round-pick-43rd-overa","perspectives.1.qaNotes","false","Batch 002 narrative-vs-verdict review reconciled public prose, verdict, grades, and nested perspective data.","review narrative-vs-verdict review reconciled public prose, verdict, grades, and nested perspective data."
"PIT-2006-0336","2006-1st-round-pick-25th-overall-santonio-holmes-new-york-giants-2006","qaNotes","false","Batch 010 narrative-vs-verdict review reconciled public prose, verdict, grades, and nested perspective data.","review narrative-vs-verdict review reconciled public prose, verdict, grades, and nested perspective data."
"SF-2006-0334","trent-dilfer-cleveland-browns-2006","qaNotes","false","Batch 018 narrative-vs-verdict review reconciled public prose, verdict, grades, and nested perspective data. | D3 cleanup: split strict player-plus-pick bundle assets into standalone player and pick assets.","review narrative-vs-verdict review reconciled public prose, verdict, grades, and nested perspective data. | D3 cleanup: split strict player-plus-pick bundle assets into standalone player and pick assets."
"SF-2006-0334","trent-dilfer-cleveland-browns-2006","perspectives.0.qaNotes","false","Batch 018 narrative-vs-verdict review reconciled public prose, verdict, grades, and nested perspective data.","review narrative-vs-verdict review reconciled public prose, verdict, grades, and nested perspective data."
"SF-2006-0334","trent-dilfer-cleveland-browns-2006","perspectives.1.qaNotes","false","Batch 018 narrative-vs-verdict review reconciled public prose, verdict, grades, and nested perspective data.","review narrative-vs-verdict review reconciled public prose, verdict, grades, and nested perspective data."
"BAL-2006-0031","steve-mcnair-tennessee-titans-2006","qaNotes","false","Batch 012 narrative-vs-verdict review reconciled public prose, verdict, grades, and nested perspective data.","review narrative-vs-verdict review reconciled public prose, verdict, grades, and nested perspective data."
"DEN-2006-08-18-0288","2007-5th-round-pick-trade-not-exercised-adams-failed-physical-dallas-cowboys-2006","summary","false","Denver Broncos received voided conditional 2007 5th-round pick; trade not exercised after Charlie Adams failed physical. Dallas Cowboys received Charlie Adams rights in a trade not exercised after failed physical. The final Batch 015 review keeps this as an even trade because neither return separates enough for a win/loss label.","Denver Broncos received voided conditional 2007 5th-round pick; trade not exercised after Charlie Adams failed physical. Dallas Cowboys received Charlie Adams rights in a trade not exercised after failed physical. The final review keeps this as an even trade because neither return separates enough for a win/loss label."
"SF-2006-0337","2007-4th-round-pick-124th-overall-subsequently-traded-mansfield-wrot-new-york-jets-2006","qaNotes","false","Batch 018 narrative-vs-verdict review reconciled public prose, verdict, grades, and nested perspective data.","review narrative-vs-verdict review reconciled public prose, verdict, grades, and nested perspective data."
"SF-2006-0337","2007-4th-round-pick-124th-overall-subsequently-traded-mansfield-wrot-new-york-jets-2006","perspectives.0.qaNotes","false","Batch 018 narrative-vs-verdict review reconciled public prose, verdict, grades, and nested perspective data.","review narrative-vs-verdict review reconciled public prose, verdict, grades, and nested perspective data."
"SF-2006-0337","2007-4th-round-pick-124th-overall-subsequently-traded-mansfield-wrot-new-york-jets-2006","perspectives.1.qaNotes","false","Batch 018 narrative-vs-verdict review reconciled public prose, verdict, grades, and nested perspective data.","review narrative-vs-verdict review reconciled public prose, verdict, grades, and nested perspective data."
"PIT-2006-0338","patrick-cobbs-new-england-patriots-2006","qaNotes","false","Batch 008 narrative-vs-verdict review reconciled public prose, verdict, grades, and nested perspective data.","review narrative-vs-verdict review reconciled public prose, verdict, grades, and nested perspective data."
"GB-2006-0386","vernand-morency-houston-texans-2006","qaNotes","false","Batch 011 narrative-vs-verdict review reconciled public prose, verdict, grades, and nested perspective data.","review narrative-vs-verdict review reconciled public prose, verdict, grades, and nested perspective data."
"DEN-2007-03-02-0290","dre-bly-and-2007-6th-round-pick-176th-overall-subsequently-traded-rufus-alexander-detroit","summary","false","Denver Broncos received Dre' Bly and 2007 6th round pick (176th overall subsequently traded, Rufus Alexander). Detroit Lions received Tatum Bell, George Foster and 2007 5th round pick (158th overall, Johnny Baldwin). The final Batch 015 review favors Denver Broncos because that return produced stronger practical football value.","Denver Broncos received Dre' Bly and 2007 6th round pick (176th overall subsequently traded, Rufus Alexander). Detroit Lions received Tatum Bell, George Foster and 2007 5th round pick (158th overall, Johnny Baldwin). The final review favors Denver Broncos because that return produced stronger practical football value."
"DEN-2007-03-03-0291","an-undisclosed-2007-draft-pick-tampa-bay-buccaneers-2007","summary","false","Denver Broncos received undisclosed 2007 draft pick. Tampa Bay Buccaneers received Jake Plummer rights. The final Batch 015 review favors Denver Broncos because that return produced stronger practical football value.","Denver Broncos received undisclosed 2007 draft pick. Tampa Bay Buccaneers received Jake Plummer rights. The final review favors Denver Broncos because that return produced stronger practical football value."
"MIA-2007-0216","2007-2nd-round-pick-60th-overall-patriots-2007","qaNotes","false","No blank public fields; verdict distribution checked; future/recent trades marked provisional where appropriate | No blank public fields; verdict distribution checked; future/recent trades marked provisional where appropriate. | Final public-data QA complete; trade retained in finished product. | Landmark expanded sectioned deep-dive content applied. | Landmark Batch 2 Welker/Leaf/Bettis top-off added; GSC priority candidate. | C2 cleanup: split clean and-delimited multi-pick bundle assets into standalone pick assets.","No blank public fields; verdict distribution checked; future/recent trades marked provisional where appropriate | No blank public fields; verdict distribution checked; future/recent trades marked provisional where appropriate. | Final public-data QA complete; trade retained in finished product. | Landmark expanded sectioned deep-dive content applied. | Landmark review Welker/Leaf/Bettis top-off added; GSC priority candidate. | C2 cleanup: split clean and-delimited multi-pick bundle assets into standalone pick assets."
"MIA-2007-0216","2007-2nd-round-pick-60th-overall-patriots-2007","perspectives.0.qaNotes","false","No blank public fields; verdict distribution checked; future/recent trades marked provisional where appropriate | Landmark expanded sectioned deep-dive content applied. | Landmark Batch 2 Welker/Leaf/Bettis top-off added; GSC priority candidate.","No blank public fields; verdict distribution checked; future/recent trades marked provisional where appropriate | Landmark expanded sectioned deep-dive content applied. | Landmark review Welker/Leaf/Bettis top-off added; GSC priority candidate."
"MIA-2007-0216","2007-2nd-round-pick-60th-overall-patriots-2007","perspectives.1.qaNotes","false","Final public-data QA complete; trade retained in finished product. | Landmark expanded sectioned deep-dive content applied. | Landmark Batch 2 Welker/Leaf/Bettis top-off added; GSC priority candidate.","Final public-data QA complete; trade retained in finished product. | Landmark expanded sectioned deep-dive content applied. | Landmark review Welker/Leaf/Bettis top-off added; GSC priority candidate."
"NYJ-2007-0208","thomas-jones-and-2007-2nd-round-pick-63rd-overall-subsequently-traded-brandon-jackson-chic","qaNotes","false","Batch 009 narrative-vs-verdict review reconciled public prose, verdict, grades, and nested perspective data.","review narrative-vs-verdict review reconciled public prose, verdict, grades, and nested perspective data."
"BUF-2007-0268","2007-3rd-round-pick-92nd-overall-trent-edwards-and-2007-7th-round-pick-239th-ove","qaNotes","false","Batch 003 narrative-vs-verdict review reconciled public prose, verdict, grades, and nested perspective data. | C2 cleanup: split clean and-delimited multi-pick bundle assets into standalone pick assets.","review narrative-vs-verdict review reconciled public prose, verdict, grades, and nested perspective data. | C2 cleanup: split clean and-delimited multi-pick bundle assets into standalone pick assets."
"MIA-2007-0217","2007-6th-round-pick-199th-overall-saints-2007","qaNotes","false","Batch 008 narrative-vs-verdict review reconciled public prose, verdict, grades, and nested perspective data.","review narrative-vs-verdict review reconciled public prose, verdict, grades, and nested perspective data."
"DAL-2007-0282","2007-2nd-round-pick-and-2008-1st-round-pick-cleveland-browns-2007","summary","false","Dallas Cowboys received 2007 2nd round pick (36th overall subsequently traded, Kevin Kolb) and 2008 1st round pick (22nd overall, Felix Jones). Cleveland Browns received 2007 1st round pick (22nd overall, Brady Quinn). The final Batch 015 review favors Dallas Cowboys because that return produced stronger practical football value.","Dallas Cowboys received 2007 2nd round pick (36th overall subsequently traded, Kevin Kolb) and 2008 1st round pick (22nd overall, Felix Jones). Cleveland Browns received 2007 1st round pick (22nd overall, Brady Quinn). The final review favors Dallas Cowboys because that return produced stronger practical football value."
"DEN-2007-04-28-0292","2007-1st-round-pick-17th-overall-jarvis-moss-jacksonville-jaguars-2007","summary","false","Denver Broncos received 2007 1st round pick (17th overall, Jarvis Moss). Jacksonville Jaguars received 2007 1st round pick (21st overall, Reggie Nelson), 2007 3rd round pick (86th overall subsequently traded, Marshal Yanda) and 2007 6th round pick (198th overall subsequently traded, Doug Datish). The final Batch 015 review favors Jacksonville Jaguars because that return produced stronger practical football value.","Denver Broncos received 2007 1st round pick (17th overall, Jarvis Moss). Jacksonville Jaguars received 2007 1st round pick (21st overall, Reggie Nelson), 2007 3rd round pick (86th overall subsequently traded, Marshal Yanda) and 2007 6th round pick (198th overall subsequently traded, Doug Datish). The final review favors Jacksonville Jaguars because that return produced stronger practical football value."
"JAX-2007-0033","2007-4th-round-pick-101st-overall-baltimore-ravens-2007","perspectives.0.qaNotes","false","Batch 001 narrative-vs-verdict review reconciled public prose, verdict, grades, and nested perspective data.","review narrative-vs-verdict review reconciled public prose, verdict, grades, and nested perspective data."
"JAX-2007-0033","2007-4th-round-pick-101st-overall-baltimore-ravens-2007","perspectives.1.qaNotes","false","Batch 001 narrative-vs-verdict review reconciled public prose, verdict, grades, and nested perspective data.","review narrative-vs-verdict review reconciled public prose, verdict, grades, and nested perspective data."
"JAX-2007-0033","2007-4th-round-pick-101st-overall-baltimore-ravens-2007","qaNotes","false","Batch 001 narrative-vs-verdict review reconciled public prose, verdict, grades, and nested perspective data.","review narrative-vs-verdict review reconciled public prose, verdict, grades, and nested perspective data."
"NYJ-2007-0210","2007-2nd-round-pick-47th-overall-david-harris-and-2007-7th-round-pick-235th-overall-chansi","qaNotes","false","Batch 025 narrative-vs-verdict review reconciled public prose, verdict, grades, and nested perspective data. | C2 cleanup: split clean and-delimited multi-pick bundle assets into standalone pick assets.","review narrative-vs-verdict review reconciled public prose, verdict, grades, and nested perspective data. | C2 cleanup: split clean and-delimited multi-pick bundle assets into standalone pick assets."
"SF-2007-0338","2007-1st-round-pick-28th-overall-joe-staley-new-england-patriots-2007","qaNotes","false","Batch 019 narrative-vs-verdict review reconciled public prose, verdict, grades, and nested perspective data. | CEX cleanup: split strict ready explanatory multi-pick bundle assets into standalone pick assets.","review narrative-vs-verdict review reconciled public prose, verdict, grades, and nested perspective data. | CEX cleanup: split strict ready explanatory multi-pick bundle assets into standalone pick assets."
"SF-2007-0338","2007-1st-round-pick-28th-overall-joe-staley-new-england-patriots-2007","perspectives.0.qaNotes","false","Batch 019 narrative-vs-verdict review reconciled public prose, verdict, grades, and nested perspective data.","review narrative-vs-verdict review reconciled public prose, verdict, grades, and nested perspective data."
"SF-2007-0338","2007-1st-round-pick-28th-overall-joe-staley-new-england-patriots-2007","perspectives.1.qaNotes","false","Batch 019 narrative-vs-verdict review reconciled public prose, verdict, grades, and nested perspective data.","review narrative-vs-verdict review reconciled public prose, verdict, grades, and nested perspective data."
"SF-2007-0339","2007-4th-round-pick-126th-overall-dashon-goldson-baltimore-indianapolis-colts-2007","qaNotes","false","Batch 019 narrative-vs-verdict review reconciled public prose, verdict, grades, and nested perspective data. | C2 cleanup: split clean and-delimited multi-pick bundle assets into standalone pick assets.","review narrative-vs-verdict review reconciled public prose, verdict, grades, and nested perspective data. | C2 cleanup: split clean and-delimited multi-pick bundle assets into standalone pick assets."
"SF-2007-0339","2007-4th-round-pick-126th-overall-dashon-goldson-baltimore-indianapolis-colts-2007","perspectives.0.qaNotes","false","Batch 019 narrative-vs-verdict review reconciled public prose, verdict, grades, and nested perspective data.","review narrative-vs-verdict review reconciled public prose, verdict, grades, and nested perspective data."
"DET-2007-0322","2007-2nd-round-pick-61st-overall-gerald-alexander-baltimore-ravens-2007-04-29","qaNotes","false","Batch 021 narrative-vs-verdict review reconciled public prose, verdict, grades, and nested perspective data. | CEX cleanup: split strict ready explanatory multi-pick bundle assets into standalone pick assets.","review narrative-vs-verdict review reconciled public prose, verdict, grades, and nested perspective data. | CEX cleanup: split strict ready explanatory multi-pick bundle assets into standalone pick assets."
"MIN-2007-04-29-0220","draft-pick-trade-denver-broncos-2007","summary","false","Minnesota Vikings received 2007 6th round pick (176th overall, Rufus Alexander), 2007 7th round pick (233rd overall, Chandler Williams) and 2008 3rd round pick (73rd overall subsequently traded, Jamaal Charles). Denver Broncos received 2007 4th round pick (121st overall, Marcus Thomas). The final Batch 015 review favors Minnesota Vikings because that return produced stronger practical football value.","Minnesota Vikings received 2007 6th round pick (176th overall, Rufus Alexander), 2007 7th round pick (233rd overall, Chandler Williams) and 2008 3rd round pick (73rd overall subsequently traded, Jamaal Charles). Denver Broncos received 2007 4th round pick (121st overall, Marcus Thomas). The final review favors Minnesota Vikings because that return produced stronger practical football value."
"SF-2007-0340","darrell-jackson-seattle-seahawks-2007","qaNotes","false","Batch 019 narrative-vs-verdict review reconciled public prose, verdict, grades, and nested perspective data.","review narrative-vs-verdict review reconciled public prose, verdict, grades, and nested perspective data."
"SF-2007-0340","darrell-jackson-seattle-seahawks-2007","perspectives.0.qaNotes","false","Batch 019 narrative-vs-verdict review reconciled public prose, verdict, grades, and nested perspective data.","review narrative-vs-verdict review reconciled public prose, verdict, grades, and nested perspective data."
"DEN-2007-06-08-0294","jimmy-kennedy-los-angeles-st-louis-rams-2007","summary","false","Denver Broncos received Jimmy Kennedy. Los Angeles Rams received undisclosed 2007 draft pick. The final Batch 015 review favors Denver Broncos because that return produced stronger practical football value.","Denver Broncos received Jimmy Kennedy. Los Angeles Rams received undisclosed 2007 draft pick. The final review favors Denver Broncos because that return produced stronger practical football value."
"BUF-2007-0271","an-undisclosed-2007-draft-pick-chicago-bears-2007","qaNotes","false","Batch 003 narrative-vs-verdict review reconciled public prose, verdict, grades, and nested perspective data.","review narrative-vs-verdict review reconciled public prose, verdict, grades, and nested perspective data."
"CHI-2007-0439","an-undisclosed-2007-draft-pick-new-england-patriots-2007","summary","false","Chicago Bears received undisclosed 2007 draft pick. New England Patriots received Dante Wesley. The final Batch 015 review keeps this as an even trade because neither return separates enough for a win/loss label.","Chicago Bears received undisclosed 2007 draft pick. New England Patriots received Dante Wesley. The final review keeps this as an even trade because neither return separates enough for a win/loss label."
"RAI-2007-0329","gerard-warren-denver-broncos-2007","summary","false","Las Vegas Raiders received Gerard Warren. Denver Broncos received undisclosed 2007 draft pick. The final Batch 015 review favors Las Vegas Raiders because that return produced stronger practical football value.","Las Vegas Raiders received Gerard Warren. Denver Broncos received undisclosed 2007 draft pick. The final review favors Las Vegas Raiders because that return produced stronger practical football value."
"PIT-2007-0340","allen-rossum-atlanta-falcons-2007","summary","false","Pittsburgh Steelers received Allen Rossum. Atlanta Falcons received undisclosed 2007 draft pick. The final Batch 015 review favors Pittsburgh Steelers because that return produced stronger practical football value.","Pittsburgh Steelers received Allen Rossum. Atlanta Falcons received undisclosed 2007 draft pick. The final review favors Pittsburgh Steelers because that return produced stronger practical football value."
"SEA-2007-09-11-0135","2007-5th-round-pick-tennessee-titans-2007","summary","false","Seattle Seahawks received 2007 5th round pick. Tennessee Titans received Bryce Fisher. The final Batch 014 review keeps this as an even trade because neither return separates enough for a win/loss label.","Seattle Seahawks received 2007 5th round pick. Tennessee Titans received Bryce Fisher. The final review keeps this as an even trade because neither return separates enough for a win/loss label."
"MIA-2008-0220","jason-ferguson-cowboys-2008","qaNotes","false","Batch 025 narrative-vs-verdict review reconciled public prose, verdict, grades, and nested perspective data. | D3 cleanup: split strict player-plus-pick bundle assets into standalone player and pick assets.","review narrative-vs-verdict review reconciled public prose, verdict, grades, and nested perspective data. | D3 cleanup: split strict player-plus-pick bundle assets into standalone player and pick assets."
"JAX-2008-0037","2008-3rd-round-pick-71st-overall-subsequently-traded-buffalo-bills-2008","perspectives.0.qaNotes","false","Batch 010 narrative-vs-verdict review reconciled public prose, verdict, grades, and nested perspective data.","review narrative-vs-verdict review reconciled public prose, verdict, grades, and nested perspective data."
"JAX-2008-0037","2008-3rd-round-pick-71st-overall-subsequently-traded-buffalo-bills-2008","perspectives.1.qaNotes","false","Batch 010 narrative-vs-verdict review reconciled public prose, verdict, grades, and nested perspective data.","review narrative-vs-verdict review reconciled public prose, verdict, grades, and nested perspective data."
"JAX-2008-0037","2008-3rd-round-pick-71st-overall-subsequently-traded-buffalo-bills-2008","qaNotes","false","Batch 010 narrative-vs-verdict review reconciled public prose, verdict, grades, and nested perspective data. | CEX cleanup: split strict ready explanatory multi-pick bundle assets into standalone pick assets.","review narrative-vs-verdict review reconciled public prose, verdict, grades, and nested perspective data. | CEX cleanup: split strict ready explanatory multi-pick bundle assets into standalone pick assets."
"DEN-2008-03-17-0296","2008-6th-round-pick-183rd-overall-spencer-larsen-houston-texans-2008","summary","false","Denver Broncos received 2008 6th round pick (183rd overall, Spencer Larsen). Houston Texans received Chris Myers. The final Batch 014 review favors Houston Texans because that return produced stronger practical football value.","Denver Broncos received 2008 6th round pick (183rd overall, Spencer Larsen). Houston Texans received Chris Myers. The final review favors Houston Texans because that return produced stronger practical football value."
"DEN-2008-04-26-0297","dewayne-robertson-new-york-jets-2008","summary","false","Denver Broncos received Dewayne Robertson. New York Jets received undisclosed 2008 draft pick. The final Batch 014 review favors Denver Broncos because that return produced stronger practical football value.","Denver Broncos received Dewayne Robertson. New York Jets received undisclosed 2008 draft pick. The final review favors Denver Broncos because that return produced stronger practical football value."
"JAX-2008-0039","2008-2nd-round-pick-52nd-overall-tampa-bay-buccaneers-2008","perspectives.0.qaNotes","false","Batch 004 narrative-vs-verdict review reconciled public prose, verdict, grades, and nested perspective data.","review narrative-vs-verdict review reconciled public prose, verdict, grades, and nested perspective data."
"JAX-2008-0039","2008-2nd-round-pick-52nd-overall-tampa-bay-buccaneers-2008","perspectives.1.qaNotes","false","Batch 004 narrative-vs-verdict review reconciled public prose, verdict, grades, and nested perspective data.","review narrative-vs-verdict review reconciled public prose, verdict, grades, and nested perspective data."
"JAX-2008-0039","2008-2nd-round-pick-52nd-overall-tampa-bay-buccaneers-2008","qaNotes","false","Batch 004 narrative-vs-verdict review reconciled public prose, verdict, grades, and nested perspective data. | Global duplicate-asset sweep v3 ultrasafe cleanup. | Asset holds A+B cleanup removed safe duplicate assets / source-data suffixes. | CEX cleanup: split strict ready explanatory multi-pick bundle assets into standalone pick assets.","review narrative-vs-verdict review reconciled public prose, verdict, grades, and nested perspective data. | Global duplicate-asset sweep v3 ultrasafe cleanup. | Asset holds A+B cleanup removed safe duplicate assets / source-data suffixes. | CEX cleanup: split strict ready explanatory multi-pick bundle assets into standalone pick assets."
"NYJ-2008-0216","2008-1st-round-pick-30th-overall-dustin-keller-green-bay-packers-2008","qaNotes","false","Batch 008 narrative-vs-verdict review reconciled public prose, verdict, grades, and nested perspective data. | CEX cleanup: split strict ready explanatory multi-pick bundle assets into standalone pick assets.","review narrative-vs-verdict review reconciled public prose, verdict, grades, and nested perspective data. | CEX cleanup: split strict ready explanatory multi-pick bundle assets into standalone pick assets."
"SEA-2008-04-26-0137","2008-2nd-round-pick-38th-overall-john-carlson-baltimore-ravens-2008","summary","false","Baltimore Ravens received 2008 2nd round pick (55th overall, Ray Rice) and 2008 3rd round pick (86th overall, Tom Zbikowski). Seattle Seahawks received 2008 2nd round pick (38th overall, John Carlson). The final Batch 014 review favors Baltimore Ravens because that return produced stronger practical football value.","Baltimore Ravens received 2008 2nd round pick (55th overall, Ray Rice) and 2008 3rd round pick (86th overall, Tom Zbikowski). Seattle Seahawks received 2008 2nd round pick (38th overall, John Carlson). The final review favors Baltimore Ravens because that return produced stronger practical football value."
"DAL-2008-0292","2008-4th-round-pick-and-2008-5th-round-pick-cleveland-browns-2008","summary","false","Dallas Cowboys received 2008 4th round pick (122nd overall, Tashard Choice) and 2008 5th round pick (155th overall subsequently traded, Thomas Williams). Cleveland Browns received 2008 4th round pick (104th overall, Beau Bell). The final Batch 014 review favors Dallas Cowboys because that return produced stronger practical football value.","Dallas Cowboys received 2008 4th round pick (122nd overall, Tashard Choice) and 2008 5th round pick (155th overall subsequently traded, Thomas Williams). Cleveland Browns received 2008 4th round pick (104th overall, Beau Bell). The final review favors Dallas Cowboys because that return produced stronger practical football value."
"RAI-2008-0331","2008-4th-round-pick-100th-overall-dallas-cowboys-2008","summary","false","Las Vegas Raiders received 2008 4th round pick (100th overall, Tyvon Branch). Dallas Cowboys received 2008 4th round pick (104th overall subsequently traded, Beau Bell) and 2008 7th round pick (213th overall subsequently traded, Chauncey Washington). The final Batch 014 review favors Las Vegas Raiders because that return produced stronger practical football value.","Las Vegas Raiders received 2008 4th round pick (100th overall, Tyvon Branch). Dallas Cowboys received 2008 4th round pick (104th overall subsequently traded, Beau Bell) and 2008 7th round pick (213th overall subsequently traded, Chauncey Washington). The final review favors Las Vegas Raiders because that return produced stronger practical football value."
"DEN-2008-08-28-0298","2010-5th-round-pick-158th-overall-subsequently-traded-matt-tennant-dallas-cowboys-2008","summary","false","Denver Broncos received 2010 5th round pick (158th overall subsequently traded, Matt Tennant). Dallas Cowboys received Montrae Holland. The final Batch 014 review favors Denver Broncos because that return produced stronger practical football value.","Denver Broncos received 2010 5th round pick (158th overall subsequently traded, Matt Tennant). Dallas Cowboys received Montrae Holland. The final review favors Denver Broncos because that return produced stronger practical football value."
"DEN-2008-09-02-0299","an-undisclosed-2008-draft-pick-atlanta-falcons-2008","summary","false","Denver Broncos received undisclosed 2008 draft pick. Atlanta Falcons received Domonique Foxworth. The final Batch 014 review favors Atlanta Falcons because that return produced stronger practical football value.","Denver Broncos received undisclosed 2008 draft pick. Atlanta Falcons received Domonique Foxworth. The final review favors Atlanta Falcons because that return produced stronger practical football value."
"PIT-2008-0342","an-undisclosed-2008-draft-pick-tampa-bay-buccaneers-2008","summary","false","Pittsburgh Steelers received undisclosed 2008 draft pick. Tampa Bay Buccaneers received Sean Mahan. The final Batch 014 review favors Pittsburgh Steelers because that return produced stronger practical football value.","Pittsburgh Steelers received undisclosed 2008 draft pick. Tampa Bay Buccaneers received Sean Mahan. The final review favors Pittsburgh Steelers because that return produced stronger practical football value."
"SEA-2008-09-02-0138","keary-colbert-denver-broncos-2008","summary","false","Denver Broncos received undisclosed 2008 draft pick. Seattle Seahawks received Keary Colbert. The final Batch 014 review favors Denver Broncos because that return produced stronger practical football value.","Denver Broncos received undisclosed 2008 draft pick. Seattle Seahawks received Keary Colbert. The final review favors Denver Broncos because that return produced stronger practical football value."
"DAL-2008-0296","roy-williams-and-2009-7th-round-pick-detroit-lions-2008","qaNotes","false","Final Cowboys public-data QA complete. | Final public-data QA complete; row is viewable. | Landmark expanded sectioned deep-dive content applied. | Landmark Batch 2 Young/Roy/Kelvin top-off added; GSC priority candidate. | Landmark Batch 2 Young/Roy/Kelvin final word-count top-off added; GSC priority candidate.","Final Cowboys public-data QA complete. | Final public-data QA complete; row is viewable. | Landmark expanded sectioned deep-dive content applied. | Landmark review Young/Roy/Kelvin top-off added; GSC priority candidate. | Landmark review Young/Roy/Kelvin final word-count top-off added; GSC priority candidate."
"TB-2009-0204","kellen-winslow-cleveland-browns-2009","qaNotes","false","Batch 023 narrative-vs-verdict review reconciled public prose, verdict, grades, and nested perspective data. | Asset holds A+B cleanup removed safe duplicate assets / source-data suffixes. | C2 cleanup: split clean and-delimited multi-pick bundle assets into standalone pick assets.","review narrative-vs-verdict review reconciled public prose, verdict, grades, and nested perspective data. | Asset holds A+B cleanup removed safe duplicate assets / source-data suffixes. | C2 cleanup: split clean and-delimited multi-pick bundle assets into standalone pick assets."
"SEA-2009-03-16-0139","cory-redding-detroit-lions-2009","summary","false","Seattle Seahawks received Cory Redding and 2009 5th round pick (137th overall subsequently traded, Jason Phillips). Detroit Lions received Julian Peterson. The final Batch 014 review favors Seattle Seahawks because that return produced stronger practical football value.","Seattle Seahawks received Cory Redding and 2009 5th round pick (137th overall subsequently traded, Jason Phillips). Detroit Lions received Julian Peterson. The final review favors Seattle Seahawks because that return produced stronger practical football value."
"DEN-2009-04-03-0301","kyle-orton-2009-1st-round-pick-18th-overall-robert-ayers-2009-3rd-round-pick-84th-overall","summary","false","Denver Broncos received Kyle Orton, 2009 1st round pick (18th overall, Robert Ayers), 2009 3rd round pick (84th overall subsequently traded, Mike Wallace) and 2010 1st round pick (11th overall subsequently traded, Anthony Davis). Chicago Bears received Jay Cutler and 2009 5th round pick (140th overall, Johnny Knox). The final Batch 014 review favors Denver Broncos because that return produced stronger practical football value.","Denver Broncos received Kyle Orton, 2009 1st round pick (18th overall, Robert Ayers), 2009 3rd round pick (84th overall subsequently traded, Mike Wallace) and 2010 1st round pick (11th overall subsequently traded, Anthony Davis). Chicago Bears received Jay Cutler and 2009 5th round pick (140th overall, Johnny Knox). The final review favors Denver Broncos because that return produced stronger practical football value."
"BUF-2009-0274","2009-1st-round-pick-28th-overall-eric-wood-and-2009-4th-round-pick-121st-overall","qaNotes","false","Batch 003 narrative-vs-verdict review reconciled public prose, verdict, grades, and nested perspective data. | C2 cleanup: split clean and-delimited multi-pick bundle assets into standalone pick assets.","review narrative-vs-verdict review reconciled public prose, verdict, grades, and nested perspective data. | C2 cleanup: split clean and-delimited multi-pick bundle assets into standalone pick assets."
"DEN-2009-04-25-0303","2009-2nd-round-pick-64th-overall-richard-quinn-and-2009-4th-round-pick-132nd-overall-seth","summary","false","Denver Broncos received 2009 2nd round pick (64th overall, Richard Quinn) and 2009 4th round pick (132nd overall, Seth Olsen). Pittsburgh Steelers received 2009 3rd round pick (79th overall, Kraig Urbik) and 2009 3rd round pick (84th overall, Mike Wallace). The final Batch 014 review favors Pittsburgh Steelers because that return produced stronger practical football value.","Denver Broncos received 2009 2nd round pick (64th overall, Richard Quinn) and 2009 4th round pick (132nd overall, Seth Olsen). Pittsburgh Steelers received 2009 3rd round pick (79th overall, Kraig Urbik) and 2009 3rd round pick (84th overall, Mike Wallace). The final review favors Pittsburgh Steelers because that return produced stronger practical football value."
"DEN-2009-04-26-0304","2009-5th-round-pick-141st-overall-kenny-mckinley-baltimore-ravens-2009","summary","false","Denver Broncos received 2009 5th round pick (141st overall, Kenny McKinley). Baltimore Ravens received 2009 5th round pick (149th overall, Davon Drew) and 2009 6th round pick (185th overall, Cedric Peerman). The final Batch 014 review favors Baltimore Ravens because that return produced stronger practical football value.","Denver Broncos received 2009 5th round pick (141st overall, Kenny McKinley). Baltimore Ravens received 2009 5th round pick (149th overall, Davon Drew) and 2009 6th round pick (185th overall, Cedric Peerman). The final review favors Baltimore Ravens because that return produced stronger practical football value."
"DEN-2009-04-26-0305","2009-6th-round-pick-174th-overall-tom-brandstater-detroit-lions-2009","summary","false","Denver Broncos received 2009 6th round pick (174th overall, Tom Brandstater). Detroit Lions received 2009 7th round pick (235th overall, Zack Follett) and 2010 5th round pick (146th overall subsequently traded, Cam Thomas). The final Batch 014 review favors Detroit Lions because that return produced stronger practical football value.","Denver Broncos received 2009 6th round pick (174th overall, Tom Brandstater). Detroit Lions received 2009 7th round pick (235th overall, Zack Follett) and 2010 5th round pick (146th overall subsequently traded, Cam Thomas). The final review favors Detroit Lions because that return produced stronger practical football value."
"JAX-2009-0043","gerald-alexander-detroit-lions-2009","summary","false","Detroit Lions received Dennis Northcutt. Jacksonville Jaguars received Gerald Alexander. The final Batch 013 review favors Detroit Lions because that return produced stronger practical football value.","Detroit Lions received Dennis Northcutt. Jacksonville Jaguars received Gerald Alexander. The final review favors Detroit Lions because that return produced stronger practical football value."
"DEN-2009-08-17-0306","le-kevin-smith-and-2010-7th-round-pick-231st-overall-subsequently-traded-selvish-capers-ne","summary","false","Denver Broncos received Le Kevin Smith and 2010 7th round pick (231st overall subsequently traded, Selvish Capers). New England Patriots received 2010 5th round pick (158th overall subsequently traded, Matt Tennant). The final Batch 013 review keeps this as an even trade because the available record does not create a reliable separation.","Denver Broncos received Le Kevin Smith and 2010 7th round pick (231st overall subsequently traded, Selvish Capers). New England Patriots received 2010 5th round pick (158th overall subsequently traded, Matt Tennant). The final review keeps this as an even trade because the available record does not create a reliable separation."
"DEN-2009-08-25-0307","russ-hochstein-new-england-patriots-2009","summary","false","Denver Broncos received Russ Hochstein. New England Patriots received undisclosed 2009 draft pick. The final Batch 013 review favors Denver Broncos because that return produced stronger practical football value.","Denver Broncos received Russ Hochstein. New England Patriots received undisclosed 2009 draft pick. The final review favors Denver Broncos because that return produced stronger practical football value."
"CLE-2010-0365","2010-5th-round-pick-146th-overall-subsequently-traded-cam-thomas-and-2010-7th-ro","summary","false","Cleveland Browns received 2010 5th round pick (146th overall subsequently traded, Cam Thomas) and 2010 7th round pick (214th overall subsequently traded, Mickey Shuler). Detroit Lions received Corey Williams and 2010 7th round pick. The final Batch 013 review favors Cleveland Browns because that return produced stronger practical football value.","Cleveland Browns received 2010 5th round pick (146th overall subsequently traded, Cam Thomas) and 2010 7th round pick (214th overall subsequently traded, Mickey Shuler). Detroit Lions received Corey Williams and 2010 7th round pick. The final review favors Cleveland Browns because that return produced stronger practical football value."
"SEA-2010-03-09-0143","2011-7th-round-pick-209th-overall-subsequently-tr-cleveland-browns-2010","summary","false","Seattle Seahawks received 2011 7th round pick (209th overall subsequently traded, Johnny Culbreath). Cleveland Browns received Seneca Wallace. The final Batch 013 review favors Cleveland Browns because that return produced stronger practical football value.","Seattle Seahawks received 2011 7th round pick (209th overall subsequently traded, Johnny Culbreath). Cleveland Browns received Seneca Wallace. The final review favors Cleveland Browns because that return produced stronger practical football value."
"DEN-2010-03-15-0308","brady-quinn-cleveland-browns-2010","summary","false","Denver Broncos received Brady Quinn. Cleveland Browns received Peyton Hillis, 2011 6th round pick (168th overall subsequently traded, Demarcus Love) and 2012 5th round pick (160th overall, Ryan Miller). The final Batch 013 review favors Cleveland Browns because that return produced stronger practical football value.","Denver Broncos received Brady Quinn. Cleveland Browns received Peyton Hillis, 2011 6th round pick (168th overall subsequently traded, Demarcus Love) and 2012 5th round pick (160th overall, Ryan Miller). The final review favors Cleveland Browns because that return produced stronger practical football value."
"LAC-2010-0352","2010-2nd-round-pick-40th-overall-subsequently-traded-koa-misi-and-2011-3rd-round","summary","false","Los Angeles Chargers received 2010 2nd round pick (40th overall subsequently traded, Koa Misi) and 2011 3rd round pick (89th overall, Shareece Wright). Seattle Seahawks received Charlie Whitehurst and 2010 2nd round pick (60th overall, Golden Tate). The final Batch 013 review favors Los Angeles Chargers because that return produced stronger practical football value.","Los Angeles Chargers received 2010 2nd round pick (40th overall subsequently traded, Koa Misi) and 2011 3rd round pick (89th overall, Shareece Wright). Seattle Seahawks received Charlie Whitehurst and 2010 2nd round pick (60th overall, Golden Tate). The final review favors Los Angeles Chargers because that return produced stronger practical football value."
"DEN-2010-04-14-0309","2010-2nd-round-pick-43rd-overall-subsequently-traded-sergio-kindle-and-2011-2nd-round-pick","summary","false","Denver Broncos received 2010 2nd round pick (43rd overall subsequently traded, Sergio Kindle) and 2011 2nd round pick (46th overall, Orlando Franklin). Miami Dolphins received Brandon Marshall. The final Batch 013 review favors Miami Dolphins because that return produced stronger practical football value.","Denver Broncos received 2010 2nd round pick (43rd overall subsequently traded, Sergio Kindle) and 2011 2nd round pick (46th overall, Orlando Franklin). Miami Dolphins received Brandon Marshall. The final review favors Miami Dolphins because that return produced stronger practical football value."
"DAL-2010-0301","2010-1st-round-pick-and-2010-4th-round-pick-new-england-patriots-2010","qaNotes","false","Batch 025 narrative-vs-verdict review reconciled public prose, verdict, grades, and nested perspective data. | C2 cleanup: split clean and-delimited multi-pick bundle assets into standalone pick assets. | CEX cleanup: split strict ready explanatory multi-pick bundle assets into standalone pick assets.","review narrative-vs-verdict review reconciled public prose, verdict, grades, and nested perspective data. | C2 cleanup: split clean and-delimited multi-pick bundle assets into standalone pick assets. | CEX cleanup: split strict ready explanatory multi-pick bundle assets into standalone pick assets."
"DEN-2010-04-22-0311","2010-1st-round-pick-13th-overall-subsequently-traded-brandon-graham-and-2010-4th-round-pic","summary","false","Denver Broncos received 2010 1st round pick (13th overall subsequently traded, Brandon Graham) and 2010 4th round pick (113th overall subsequently traded, Aaron Hernandez). San Francisco 49ers received 2010 1st round pick (11th overall, Anthony Davis). The final Batch 013 review favors Denver Broncos because that return produced stronger practical football value.","Denver Broncos received 2010 1st round pick (13th overall subsequently traded, Brandon Graham) and 2010 4th round pick (113th overall subsequently traded, Aaron Hernandez). San Francisco 49ers received 2010 1st round pick (11th overall, Anthony Davis). The final review favors Denver Broncos because that return produced stronger practical football value."
"DEN-2010-04-22-0312","2010-1st-round-pick-24th-overall-subsequently-traded-dez-bryant-2010-3rd-round-pick-70th-o","summary","false","Denver Broncos received 2010 1st round pick (24th overall subsequently traded, Dez Bryant), 2010 3rd round pick (70th overall subsequently traded, Ed Dickson) and 2010 3rd round pick (87th overall, Eric Decker). Philadelphia Eagles received 2010 1st round pick (13th overall, Brandon Graham). The final Batch 013 review favors Philadelphia Eagles because that return produced stronger practical football value.","Denver Broncos received 2010 1st round pick (24th overall subsequently traded, Dez Bryant), 2010 3rd round pick (70th overall subsequently traded, Ed Dickson) and 2010 3rd round pick (87th overall, Eric Decker). Philadelphia Eagles received 2010 1st round pick (13th overall, Brandon Graham). The final review favors Philadelphia Eagles because that return produced stronger practical football value."
"DEN-2010-04-22-0314","2010-1st-round-pick-25th-overall-tim-tebow-baltimore-ravens-2010","summary","false","Denver Broncos received 2010 1st round pick (25th overall, Tim Tebow). Baltimore Ravens received 2010 2nd round pick (43rd overall, Sergio Kindle), 2010 3rd round pick (70th overall, Ed Dickson) and 2010 4th round pick (114th overall, Dennis Pitta). The final Batch 013 review favors Baltimore Ravens because that return produced stronger practical football value.","Denver Broncos received 2010 1st round pick (25th overall, Tim Tebow). Baltimore Ravens received 2010 2nd round pick (43rd overall, Sergio Kindle), 2010 3rd round pick (70th overall, Ed Dickson) and 2010 4th round pick (114th overall, Dennis Pitta). The final review favors Baltimore Ravens because that return produced stronger practical football value."
"SF-2010-0345","2010-3rd-round-pick-91st-overall-navorro-bowman-2010-6th-round-pic-los-angeles-san-diego-c","qaNotes","false","Batch 019 narrative-vs-verdict review reconciled public prose, verdict, grades, and nested perspective data.","review narrative-vs-verdict review reconciled public prose, verdict, grades, and nested perspective data."
"SF-2010-0345","2010-3rd-round-pick-91st-overall-navorro-bowman-2010-6th-round-pic-los-angeles-san-diego-c","perspectives.0.qaNotes","false","Batch 019 narrative-vs-verdict review reconciled public prose, verdict, grades, and nested perspective data.","review narrative-vs-verdict review reconciled public prose, verdict, grades, and nested perspective data."
"SF-2010-0345","2010-3rd-round-pick-91st-overall-navorro-bowman-2010-6th-round-pic-los-angeles-san-diego-c","perspectives.1.qaNotes","false","Batch 019 narrative-vs-verdict review reconciled public prose, verdict, grades, and nested perspective data.","review narrative-vs-verdict review reconciled public prose, verdict, grades, and nested perspective data."
"CAR-2010-0043","panthers-new-york-jets-trade-2010-0043","summary","false","Carolina Panthers received 2010 4th round pick (124th overall, Eric Norwood) and 2010 6th round pick (198th overall, David Gettis). New York Jets received 2010 4th round pick (112th overall, Joe McKnight). The final Batch 013 review favors Carolina Panthers because that return produced stronger practical football value.","Carolina Panthers received 2010 4th round pick (124th overall, Eric Norwood) and 2010 6th round pick (198th overall, David Gettis). New York Jets received 2010 4th round pick (112th overall, Joe McKnight). The final review favors Carolina Panthers because that return produced stronger practical football value."
"DEN-2010-04-24-0315","2010-7th-round-pick-225th-overall-syd-quan-thompson-and-2010-7th-round-pick-232nd-overall","summary","false","Denver Broncos received 2010 7th round pick (225th overall, Syd'Quan Thompson) and 2010 7th round pick (232nd overall, Jammie Kirlew). Tampa Bay Buccaneers received 2011 5th round pick (135th overall subsequently traded, Ricky Stanzi). The final Batch 013 review favors Denver Broncos because that return produced stronger practical football value.","Denver Broncos received 2010 7th round pick (225th overall, Syd'Quan Thompson) and 2010 7th round pick (232nd overall, Jammie Kirlew). Tampa Bay Buccaneers received 2011 5th round pick (135th overall subsequently traded, Ricky Stanzi). The final review favors Denver Broncos because that return produced stronger practical football value."
"MIA-2010-0237","2010-4th-round-pick-119th-overall-cowboys-2010","qaNotes","false","Batch 025 narrative-vs-verdict review reconciled public prose, verdict, grades, and nested perspective data. | C2 cleanup: split clean and-delimited multi-pick bundle assets into standalone pick assets.","review narrative-vs-verdict review reconciled public prose, verdict, grades, and nested perspective data. | C2 cleanup: split clean and-delimited multi-pick bundle assets into standalone pick assets."
"RAI-2010-0342","2010-4th-round-pick-108th-overall-jacksonville-jaguars-2010","summary","false","Las Vegas Raiders received 2010 4th round pick (108th overall, Jacoby Ford). Jacksonville Jaguars received Kirk Morrison and 2010 5th round pick (153rd overall, Austen Lane). The final Batch 013 review favors Jacksonville Jaguars because that return produced stronger practical football value.","Las Vegas Raiders received 2010 4th round pick (108th overall, Jacoby Ford). Jacksonville Jaguars received Kirk Morrison and 2010 5th round pick (153rd overall, Austen Lane). The final review favors Jacksonville Jaguars because that return produced stronger practical football value."
"SEA-2010-04-24-0147","kevin-vickerson-lendale-white-2010-4th-round-pic-tennessee-titans-2010","summary","false","Seattle Seahawks received Kevin Vickerson, LenDale White, 2010 4th round pick (111th overall, Walter Thurmond) and 2010 6th round pick (185th overall, Anthony McCoy). Tennessee Titans received 2010 4th round pick (104th overall, Alterraun Verner) and 2010 6th round pick (176th overall, Rusty Smith). The final Batch 013 review favors Tennessee Titans because that return produced stronger practical football value.","Seattle Seahawks received Kevin Vickerson, LenDale White, 2010 4th round pick (111th overall, Walter Thurmond) and 2010 6th round pick (185th overall, Anthony McCoy). Tennessee Titans received 2010 4th round pick (104th overall, Alterraun Verner) and 2010 6th round pick (176th overall, Rusty Smith). The final review favors Tennessee Titans because that return produced stronger practical football value."
"SEA-2010-04-24-0148","leon-washington-new-york-jets-2010","perspectives.0.qaNotes","false","Batch 008 narrative-vs-verdict review reconciled public prose, verdict, grades, and nested perspective data.","review narrative-vs-verdict review reconciled public prose, verdict, grades, and nested perspective data."
"SEA-2010-04-24-0148","leon-washington-new-york-jets-2010","perspectives.1.qaNotes","false","Batch 008 narrative-vs-verdict review reconciled public prose, verdict, grades, and nested perspective data.","review narrative-vs-verdict review reconciled public prose, verdict, grades, and nested perspective data."
"SEA-2010-04-24-0148","leon-washington-new-york-jets-2010","qaNotes","false","Batch 008 narrative-vs-verdict review reconciled public prose, verdict, grades, and nested perspective data.","review narrative-vs-verdict review reconciled public prose, verdict, grades, and nested perspective data."
"RAM-2010-0458","bobby-carpenter-dallas-cowboys-2010","summary","false","Los Angeles Rams received Bobby Carpenter. Dallas Cowboys received Alex Barron. The final Batch 013 review keeps this as an even trade because the available record does not create a reliable separation.","Los Angeles Rams received Bobby Carpenter. Dallas Cowboys received Alex Barron. The final review keeps this as an even trade because the available record does not create a reliable separation."
"DEN-2010-07-31-0316","joe-mays-philadelphia-eagles-2010","summary","false","Denver Broncos received Joe Mays. Philadelphia Eagles received J.J. Arrington and 2012 6th round pick (194th overall, Marvin McNutt) (conditional pick for Arrington not making roster). The final Batch 013 review favors Denver Broncos because that return produced stronger practical football value.","Denver Broncos received Joe Mays. Philadelphia Eagles received J.J. Arrington and 2012 6th round pick (194th overall, Marvin McNutt) (conditional pick for Arrington not making roster). The final review favors Denver Broncos because that return produced stronger practical football value."
"SEA-2010-08-18-0150","2011-6th-round-pick-173rd-overall-byron-maxwell-detroit-lions-2010","summary","false","Seattle Seahawks received 2011 6th round pick (173rd overall, Byron Maxwell). Detroit Lions received Lawrence Jackson. The final Batch 013 review favors Seattle Seahawks because that return produced stronger practical football value.","Seattle Seahawks received 2011 6th round pick (173rd overall, Byron Maxwell). Detroit Lions received Lawrence Jackson. The final review favors Seattle Seahawks because that return produced stronger practical football value."
"MIN-2010-08-25-0231","greg-camarillo-miami-dolphins-2010","summary","false","Miami Dolphins received Benny Sapp. Minnesota Vikings received Greg Camarillo. The final Batch 013 review keeps this as an even trade because the available record does not create a reliable separation.","Miami Dolphins received Benny Sapp. Minnesota Vikings received Greg Camarillo. The final review keeps this as an even trade because the available record does not create a reliable separation."
"BAL-2010-0050","josh-wilson-seattle-seahawks-2010","qaNotes","false","Batch 012 narrative-vs-verdict review reconciled public prose, verdict, grades, and nested perspective data.","review narrative-vs-verdict review reconciled public prose, verdict, grades, and nested perspective data."
"DEN-2010-09-15-0318","laurence-maroney-and-2011-6th-round-pick-189th-overall-mike-mohamed-new-england-patriots-2","summary","false","Denver Broncos received Laurence Maroney and 2011 6th round pick (189th overall, Mike Mohamed). New England Patriots received 2011 4th round pick (99th overall subsequently traded, K.J. Wright). The final Batch 012 review favors New England Patriots because that return produced stronger practical football value.","Denver Broncos received Laurence Maroney and 2011 6th round pick (189th overall, Mike Mohamed). New England Patriots received 2011 4th round pick (99th overall subsequently traded, K.J. Wright). The final review favors New England Patriots because that return produced stronger practical football value."
"JAX-2010-0050","a-conditional-2011-pick-not-conveyed-green-bay-packers-2010","summary","false","Green Bay Packers received Anthony Smith. Jacksonville Jaguars received conditional 2011 pick (not conveyed). The final Batch 012 review favors Green Bay Packers because that return produced stronger practical football value.","Green Bay Packers received Anthony Smith. Jacksonville Jaguars received conditional 2011 pick (not conveyed). The final review favors Green Bay Packers because that return produced stronger practical football value."
"DEN-2011-04-29-0319","2011-2nd-round-pick-45th-overall-rahim-moore-2011-4th-round-pick-108th-overall-quinton-car","summary","false","Denver Broncos received 2011 2nd round pick (45th overall, Rahim Moore), 2011 4th round pick (108th overall, Quinton Carter) and 2011 5th round pick (141st overall subsequently traded, D.J. Williams). San Francisco 49ers received 2011 2nd round pick (36th overall, Colin Kaepernick). The final Batch 012 review favors San Francisco 49ers because that return produced stronger practical football value.","Denver Broncos received 2011 2nd round pick (45th overall, Rahim Moore), 2011 4th round pick (108th overall, Quinton Carter) and 2011 5th round pick (141st overall subsequently traded, D.J. Williams). San Francisco 49ers received 2011 2nd round pick (36th overall, Colin Kaepernick). The final review favors San Francisco 49ers because that return produced stronger practical football value."
"DEN-2011-04-30-0320","2011-4th-round-pick-129th-overall-julius-thomas-and-2011-7th-round-pick-204th-overall-virg","summary","false","Denver Broncos received 2011 4th round pick (129th overall, Julius Thomas) and 2011 7th round pick (204th overall, Virgil Green). Green Bay Packers received 2011 5th round pick (141st overall, D.J. Williams) and 2011 6th round pick (186th overall, D.J. Smith). The final Batch 012 review favors Denver Broncos because that return produced stronger practical football value.","Denver Broncos received 2011 4th round pick (129th overall, Julius Thomas) and 2011 7th round pick (204th overall, Virgil Green). Green Bay Packers received 2011 5th round pick (141st overall, D.J. Williams) and 2011 6th round pick (186th overall, D.J. Smith). The final review favors Denver Broncos because that return produced stronger practical football value."
"MIN-2011-04-30-0235","draft-pick-trade-cleveland-browns-2011","summary","false","Cleveland Browns received 2011 5th round pick (150th overall, Jason Pinkston). Minnesota Vikings received 2011 6th round pick (168th overall, Demarcus Love) and 2011 6th round pick (170th overall, Mistral Raymond). The final Batch 012 review favors Cleveland Browns because that return produced stronger practical football value.","Cleveland Browns received 2011 5th round pick (150th overall, Jason Pinkston). Minnesota Vikings received 2011 6th round pick (168th overall, Demarcus Love) and 2011 6th round pick (170th overall, Mistral Raymond). The final review favors Cleveland Browns because that return produced stronger practical football value."
"DEN-2011-07-27-0321","jeremy-jarmon-washington-redskins-commanders-2011","summary","false","Denver Broncos received Jeremy Jarmon. Washington Commanders received Jabar Gaffney. The final Batch 012 review favors Washington Commanders because that return produced stronger practical football value.","Denver Broncos received Jeremy Jarmon. Washington Commanders received Jabar Gaffney. The final review favors Washington Commanders because that return produced stronger practical football value."
"MIA-2011-0244","reggie-bush-saints-2011","qaNotes","false","Batch 025 narrative-vs-verdict review reconciled public prose, verdict, grades, and nested perspective data. | D3 cleanup: split strict player-plus-pick bundle assets into standalone player and pick assets.","review narrative-vs-verdict review reconciled public prose, verdict, grades, and nested perspective data. | D3 cleanup: split strict player-plus-pick bundle assets into standalone player and pick assets."
"RAM-2011-0464","a-conditional-2012-pick-not-conveyed-cleveland-browns-2011","summary","false","Cleveland Browns received John Greco. Los Angeles Rams received conditional 2012 pick (not conveyed). The final Batch 012 review favors Cleveland Browns because that return produced stronger practical football value.","Cleveland Browns received John Greco. Los Angeles Rams received conditional 2012 pick (not conveyed). The final review favors Cleveland Browns because that return produced stronger practical football value."
"DEN-2011-08-02-0322","brodrick-bunkley-philadelphia-eagles-2011","summary","false","Denver Broncos received Brodrick Bunkley. Philadelphia Eagles received 2013 6th round pick (196th overall subsequently traded, Jeff Baca). The final Batch 012 review favors Denver Broncos because that return produced stronger practical football value.","Denver Broncos received Brodrick Bunkley. Philadelphia Eagles received 2013 6th round pick (196th overall subsequently traded, Jeff Baca). The final review favors Denver Broncos because that return produced stronger practical football value."
"MIA-2012-0245","2012-3rd-round-pick-73rd-overall-subsequently-traded-bears-2012","qaNotes","false","Batch 026 narrative-vs-verdict review reconciled public prose, verdict, grades, and nested perspective data. | CEX cleanup: split strict ready explanatory multi-pick bundle assets into standalone pick assets.","review narrative-vs-verdict review reconciled public prose, verdict, grades, and nested perspective data. | CEX cleanup: split strict ready explanatory multi-pick bundle assets into standalone pick assets."
"DEN-2012-03-26-0323","2012-4th-round-pick-108th-overall-philip-blake-and-2012-6th-round-pick-188th-overall-danny","summary","false","Denver Broncos received 2012 4th round pick (108th overall, Philip Blake) and 2012 6th round pick (188th overall, Danny Trevathan). New York Jets received Tim Tebow and 2012 7th round pick (232nd overall subsequently traded, Greg Scruggs). The final Batch 012 review favors Denver Broncos because that return produced stronger practical football value.","Denver Broncos received 2012 4th round pick (108th overall, Philip Blake) and 2012 6th round pick (188th overall, Danny Trevathan). New York Jets received Tim Tebow and 2012 7th round pick (232nd overall subsequently traded, Greg Scruggs). The final review favors Denver Broncos because that return produced stronger practical football value."
"DEN-2012-03-26-0323","2012-4th-round-pick-108th-overall-philip-blake-and-2012-6th-round-pick-188th-overall-danny","perspectives.0.qaNotes","false","Batch 025 narrative-vs-verdict review reconciled public prose, verdict, grades, and nested perspective data.","review narrative-vs-verdict review reconciled public prose, verdict, grades, and nested perspective data."
"DEN-2012-03-26-0323","2012-4th-round-pick-108th-overall-philip-blake-and-2012-6th-round-pick-188th-overall-danny","perspectives.1.qaNotes","false","Batch 025 narrative-vs-verdict review reconciled public prose, verdict, grades, and nested perspective data.","review narrative-vs-verdict review reconciled public prose, verdict, grades, and nested perspective data."
"DEN-2012-03-26-0323","2012-4th-round-pick-108th-overall-philip-blake-and-2012-6th-round-pick-188th-overall-danny","qaNotes","false","Batch 025 narrative-vs-verdict review reconciled public prose, verdict, grades, and nested perspective data. | C2 cleanup: split clean and-delimited multi-pick bundle assets into standalone pick assets.","review narrative-vs-verdict review reconciled public prose, verdict, grades, and nested perspective data. | C2 cleanup: split clean and-delimited multi-pick bundle assets into standalone pick assets."
"DEN-2012-04-12-0324","2012-5th-round-pick-167th-overall-subsequently-traded-george-iloka-los-angeles-st-louis-ra","summary","false","Denver Broncos received 2012 5th round pick (167th overall subsequently traded, George Iloka). Los Angeles Rams received Brandon Lloyd. The final Batch 012 review keeps this as an even trade because both returns stayed in a similar value range.","Denver Broncos received 2012 5th round pick (167th overall subsequently traded, George Iloka). Los Angeles Rams received Brandon Lloyd. The final review keeps this as an even trade because both returns stayed in a similar value range."
"CIN-2012-0132","2012-1st-round-pick-27th-overall-kevin-zeitler-and-2012-3rd-round-pick","qaNotes","false","Batch 023 narrative-vs-verdict review reconciled public prose, verdict, grades, and nested perspective data. | C2 cleanup: split clean and-delimited multi-pick bundle assets into standalone pick assets.","review narrative-vs-verdict review reconciled public prose, verdict, grades, and nested perspective data. | C2 cleanup: split clean and-delimited multi-pick bundle assets into standalone pick assets."
"DEN-2012-04-26-0325","2012-1st-round-pick-31st-overall-subsequently-traded-doug-martin-and-2012-4th-round-pick-1","summary","false","Denver Broncos received 2012 1st round pick (31st overall subsequently traded, Doug Martin) and 2012 4th round pick (126th overall subsequently traded, Jared Crick). New England Patriots received 2012 1st round pick (25th overall, Dont'a Hightower). The final Batch 012 review favors New England Patriots because that return produced stronger practical football value.","Denver Broncos received 2012 1st round pick (31st overall subsequently traded, Doug Martin) and 2012 4th round pick (126th overall subsequently traded, Jared Crick). New England Patriots received 2012 1st round pick (25th overall, Dont'a Hightower). The final review favors New England Patriots because that return produced stronger practical football value."
"DEN-2012-04-26-0326","2012-2nd-round-pick-36th-overall-derek-wolfe-and-2012-4th-round-pick-101st-overall-omar-bo","summary","false","Denver Broncos received 2012 2nd round pick (36th overall, Derek Wolfe) and 2012 4th round pick (101st overall, Omar Bolden). Tampa Bay Buccaneers received 2012 1st round pick (31st overall, Doug Martin) and 2012 4th round pick (126th overall subsequently traded, Jared Crick). The final Batch 012 review favors Tampa Bay Buccaneers because that return produced stronger practical football value.","Denver Broncos received 2012 2nd round pick (36th overall, Derek Wolfe) and 2012 4th round pick (101st overall, Omar Bolden). Tampa Bay Buccaneers received 2012 1st round pick (31st overall, Doug Martin) and 2012 4th round pick (126th overall subsequently traded, Jared Crick). The final review favors Tampa Bay Buccaneers because that return produced stronger practical football value."
"DEN-2012-04-27-0327","2012-3rd-round-pick-67th-overall-ronnie-hillman-cleveland-browns-2012","summary","false","Denver Broncos received 2012 3rd round pick (67th overall, Ronnie Hillman). Cleveland Browns received 2012 3rd round pick (87th overall, John Hughes) and 2012 4th round pick (120th overall, James-Michael Johnson). The final Batch 012 review favors Denver Broncos because that return produced stronger practical football value.","Denver Broncos received 2012 3rd round pick (67th overall, Ronnie Hillman). Cleveland Browns received 2012 3rd round pick (87th overall, John Hughes) and 2012 4th round pick (120th overall, James-Michael Johnson). The final review favors Denver Broncos because that return produced stronger practical football value."
"RAM-2012-0468","2012-2nd-round-pick-50th-overall-isaiah-pead-and-2012-5th-round-pick-150th-overa","summary","false","Chicago Bears received 2012 2nd round pick (45th overall, Alshon Jeffery). Los Angeles Rams received 2012 2nd round pick (50th overall, Isaiah Pead) and 2012 5th round pick (150th overall, Rokevious Watkins). The final Batch 012 review favors Chicago Bears because that return produced stronger practical football value.","Chicago Bears received 2012 2nd round pick (45th overall, Alshon Jeffery). Los Angeles Rams received 2012 2nd round pick (50th overall, Isaiah Pead) and 2012 5th round pick (150th overall, Rokevious Watkins). The final review favors Chicago Bears because that return produced stronger practical football value."
"MIA-2012-0247","2012-4th-round-pick-97th-overall-49ers-2012","qaNotes","false","Batch 025 narrative-vs-verdict review reconciled public prose, verdict, grades, and nested perspective data.","review narrative-vs-verdict review reconciled public prose, verdict, grades, and nested perspective data."
"SF-2012-0355","2012-4th-round-pick-117th-overall-joe-looney-detroit-lions-2012","qaNotes","false","Batch 019 narrative-vs-verdict review reconciled public prose, verdict, grades, and nested perspective data.","review narrative-vs-verdict review reconciled public prose, verdict, grades, and nested perspective data."
"SF-2012-0355","2012-4th-round-pick-117th-overall-joe-looney-detroit-lions-2012","perspectives.0.qaNotes","false","Batch 019 narrative-vs-verdict review reconciled public prose, verdict, grades, and nested perspective data.","review narrative-vs-verdict review reconciled public prose, verdict, grades, and nested perspective data."
"SF-2012-0355","2012-4th-round-pick-117th-overall-joe-looney-detroit-lions-2012","perspectives.1.qaNotes","false","Batch 019 narrative-vs-verdict review reconciled public prose, verdict, grades, and nested perspective data.","review narrative-vs-verdict review reconciled public prose, verdict, grades, and nested perspective data."
"TEN-2012-0222","2012-5th-round-pick-145th-overall-taylor-thompson-miami-dolphins-2012","summary","false","Tennessee Titans received 2012 5th round pick (145th overall, Taylor Thompson). Miami Dolphins received 2012 5th round pick (155th overall, Josh Kaddu) and 2012 7th round pick (227th overall, Rishard Matthews). The final Batch 011 review favors Miami Dolphins because that return produced stronger long-term football value.","Tennessee Titans received 2012 5th round pick (145th overall, Taylor Thompson). Miami Dolphins received 2012 5th round pick (155th overall, Josh Kaddu) and 2012 7th round pick (227th overall, Rishard Matthews). The final review favors Miami Dolphins because that return produced stronger long-term football value."
"DEN-2012-05-23-0328","chris-gronkowski-baltimore-indianapolis-colts-2012","summary","false","Denver Broncos received Chris Gronkowski. Indianapolis Colts received Cassius Vaughn. The final Batch 011 review keeps this as an even trade because the confirmed value stayed close.","Denver Broncos received Chris Gronkowski. Indianapolis Colts received Cassius Vaughn. The final review keeps this as an even trade because the confirmed value stayed close."
"MIN-2012-0234","a-j-jefferson-arizona-st-louis-cardinals-2012","summary","false","Minnesota Vikings received A.J. Jefferson and 2013 7th round pick (213th overall, Michael Mauti). Arizona Cardinals received 2013 6th round pick (176th overall subsequently traded, David Quessenberry). The final Batch 011 review favors Minnesota Vikings because that return produced stronger long-term football value.","Minnesota Vikings received A.J. Jefferson and 2013 7th round pick (213th overall, Michael Mauti). Arizona Cardinals received 2013 6th round pick (176th overall subsequently traded, David Quessenberry). The final review favors Minnesota Vikings because that return produced stronger long-term football value."
"SF-2013-0358","anquan-boldin-baltimore-ravens-2013","qaNotes","false","Batch 019 narrative-vs-verdict review reconciled public prose, verdict, grades, and nested perspective data.","review narrative-vs-verdict review reconciled public prose, verdict, grades, and nested perspective data."
"SF-2013-0358","anquan-boldin-baltimore-ravens-2013","perspectives.0.qaNotes","false","Batch 019 narrative-vs-verdict review reconciled public prose, verdict, grades, and nested perspective data.","review narrative-vs-verdict review reconciled public prose, verdict, grades, and nested perspective data."
"SF-2013-0358","anquan-boldin-baltimore-ravens-2013","perspectives.1.qaNotes","false","Batch 019 narrative-vs-verdict review reconciled public prose, verdict, grades, and nested perspective data.","review narrative-vs-verdict review reconciled public prose, verdict, grades, and nested perspective data."
"LAC-2013-0358","2013-2nd-round-pick-38th-overall-manti-teo-arizonast-louis-cardinals-2013","summary","false","Los Angeles Chargers received 2013 2nd round pick (38th overall, Manti Te'o). Arizona Cardinals received 2013 2nd round pick (45th overall, Kevin Minter) and 2013 4th round pick (110th overall subsequently traded, Ryan Nassib). The final Batch 011 review favors Arizona Cardinals because that return produced stronger long-term football value.","Los Angeles Chargers received 2013 2nd round pick (38th overall, Manti Te'o). Arizona Cardinals received 2013 2nd round pick (45th overall, Kevin Minter) and 2013 4th round pick (110th overall subsequently traded, Ryan Nassib). The final review favors Arizona Cardinals because that return produced stronger long-term football value."
"SEA-2013-04-26-0166","2013-2nd-round-pick-62nd-overall-christine-micha-baltimore-ravens-2013","summary","false","Seattle Seahawks received 2013 2nd round pick (62nd overall, Christine Michael), 2013 5th round pick (165th overall subsequently traded, Sam Martin) and 2013 6th round pick (199th overall subsequently traded, Theo Riddick). Baltimore Ravens received 2013 2nd round pick (56th overall, Arthur Brown). The final Batch 011 review favors Seattle Seahawks because that return produced stronger long-term football value.","Seattle Seahawks received 2013 2nd round pick (62nd overall, Christine Michael), 2013 5th round pick (165th overall subsequently traded, Sam Martin) and 2013 6th round pick (199th overall subsequently traded, Theo Riddick). Baltimore Ravens received 2013 2nd round pick (56th overall, Arthur Brown). The final review favors Seattle Seahawks because that return produced stronger long-term football value."
"SF-2013-0361","2013-2nd-round-pick-40th-overall-tank-carradine-2013-7th-round-pic-tennessee-titans-2013","qaNotes","false","Batch 019 narrative-vs-verdict review reconciled public prose, verdict, grades, and nested perspective data.","review narrative-vs-verdict review reconciled public prose, verdict, grades, and nested perspective data."
"SF-2013-0361","2013-2nd-round-pick-40th-overall-tank-carradine-2013-7th-round-pic-tennessee-titans-2013","perspectives.0.qaNotes","false","Batch 019 narrative-vs-verdict review reconciled public prose, verdict, grades, and nested perspective data.","review narrative-vs-verdict review reconciled public prose, verdict, grades, and nested perspective data."
"SF-2013-0362","2013-2nd-round-pick-55th-overall-vance-mcdonald-green-bay-packers-2013","summary","false","San Francisco 49ers received 2013 2nd round pick (55th overall, Vance McDonald) and 2013 3rd round pick (88th overall, Corey Lemonier). Green Bay Packers received 2013 2nd round pick (61st overall, Eddie Lacy), 2013 6th round pick (173rd overall subsequently traded, Vinston Painter), 2013 3rd round pick (93rd overall subsequently traded, Will Davis) and 2013 7th round pick (216th overall, Charles Johnson). The final Batch 011 review favors Green Bay Packers because that return produced stronger long-term football value.","San Francisco 49ers received 2013 2nd round pick (55th overall, Vance McDonald) and 2013 3rd round pick (88th overall, Corey Lemonier). Green Bay Packers received 2013 2nd round pick (61st overall, Eddie Lacy), 2013 6th round pick (173rd overall subsequently traded, Vinston Painter), 2013 3rd round pick (93rd overall subsequently traded, Will Davis) and 2013 7th round pick (216th overall, Charles Johnson). The final review favors Green Bay Packers because that return produced stronger long-term football value."
"DEN-2013-04-27-0329","2013-5th-round-pick-146th-overall-quanterus-smith-and-2013-6th-round-pick-173rd-overall-vi","summary","false","Denver Broncos received 2013 5th round pick (146th overall, Quanterus Smith) and 2013 6th round pick (173rd overall, Vinston Painter). Green Bay Packers received 2013 4th round pick (125th overall, Johnathan Franklin). The final Batch 011 review favors Denver Broncos because that return produced stronger long-term football value.","Denver Broncos received 2013 5th round pick (146th overall, Quanterus Smith) and 2013 6th round pick (173rd overall, Vinston Painter). Green Bay Packers received 2013 4th round pick (125th overall, Johnathan Franklin). The final review favors Denver Broncos because that return produced stronger long-term football value."
"SEA-2013-04-27-0167","2013-5th-round-pick-137th-overall-jesse-williams-detroit-lions-2013","summary","false","Seattle Seahawks received 2013 5th round pick (137th overall, Jesse Williams). Detroit Lions received 2013 5th round pick (165th overall, Sam Martin) and 2013 6th round pick (199th overall, Theo Riddick). The final Batch 011 review favors Detroit Lions because that return produced stronger long-term football value.","Seattle Seahawks received 2013 5th round pick (137th overall, Jesse Williams). Detroit Lions received 2013 5th round pick (165th overall, Sam Martin) and 2013 6th round pick (199th overall, Theo Riddick). The final review favors Detroit Lions because that return produced stronger long-term football value."
"KC-2013-0231","anthony-sherman-arizona-st-louis-cardinals-2013","summary","false","Kansas City Chiefs received Anthony Sherman. Arizona Cardinals received Javier Arenas. The final Batch 011 review favors Kansas City Chiefs because that return produced stronger long-term football value.","Kansas City Chiefs received Anthony Sherman. Arizona Cardinals received Javier Arenas. The final review favors Kansas City Chiefs because that return produced stronger long-term football value."
"CLE-2013-0386","2014-1st-round-pick-26th-overall-subsequently-traded-marcus-smith-baltimore-indi","qaNotes","false","Final Browns QA complete; required fields populated. | Final public-data QA complete; row retained and public-visible. | Landmark expanded sectioned deep-dive content applied. | Landmark Batch 2 top-off added; GSC priority candidate.","Final Browns QA complete; required fields populated. | Final public-data QA complete; row retained and public-visible. | Landmark expanded sectioned deep-dive content applied. | Landmark review top-off added; GSC priority candidate."
"CLE-2013-0386","2014-1st-round-pick-26th-overall-subsequently-traded-marcus-smith-baltimore-indi","perspectives.0.qaNotes","false","Final Browns QA complete; required fields populated. | Landmark expanded sectioned deep-dive content applied. | Landmark Batch 2 top-off added; GSC priority candidate.","Final Browns QA complete; required fields populated. | Landmark expanded sectioned deep-dive content applied. | Landmark review top-off added; GSC priority candidate."
"CLE-2013-0386","2014-1st-round-pick-26th-overall-subsequently-traded-marcus-smith-baltimore-indi","perspectives.1.qaNotes","false","Final public-data QA complete; row retained and public-visible. | Landmark expanded sectioned deep-dive content applied. | Landmark Batch 2 top-off added; GSC priority candidate.","Final public-data QA complete; row retained and public-visible. | Landmark expanded sectioned deep-dive content applied. | Landmark review top-off added; GSC priority candidate."
"CAR-2013-0051","panthers-new-york-giants-trade-2013-0051","qaNotes","false","Batch 026 narrative-vs-verdict review reconciled public prose, verdict, grades, and nested perspective data.","review narrative-vs-verdict review reconciled public prose, verdict, grades, and nested perspective data."
"CAR-2013-0051","panthers-new-york-giants-trade-2013-0051","perspectives.0.qaNotes","false","Batch 026 narrative-vs-verdict review reconciled public prose, verdict, grades, and nested perspective data.","review narrative-vs-verdict review reconciled public prose, verdict, grades, and nested perspective data."
"CAR-2013-0051","panthers-new-york-giants-trade-2013-0051","perspectives.1.qaNotes","false","Batch 026 narrative-vs-verdict review reconciled public prose, verdict, grades, and nested perspective data.","review narrative-vs-verdict review reconciled public prose, verdict, grades, and nested perspective data."
"DEN-2014-05-09-0331","2014-2nd-round-pick-56th-overall-cody-latimer-and-2014-7th-round-pick-242nd-overall-corey","summary","false","Denver Broncos received 2014 2nd round pick (56th overall, Cody Latimer) and 2014 7th round pick (242nd overall, Corey Nelson). San Francisco 49ers received 2014 2nd round pick (63rd overall subsequently traded, Jarvis Landry), 2014 5th round pick (171st overall subsequently traded, Jordan Tripp) and 2015 4th round pick (126th overall, Mike Davis). The final Batch 011 review favors San Francisco 49ers because that return produced stronger long-term football value.","Denver Broncos received 2014 2nd round pick (56th overall, Cody Latimer) and 2014 7th round pick (242nd overall, Corey Nelson). San Francisco 49ers received 2014 2nd round pick (63rd overall subsequently traded, Jarvis Landry), 2014 5th round pick (171st overall subsequently traded, Jordan Tripp) and 2015 4th round pick (126th overall, Mike Davis). The final review favors San Francisco 49ers because that return produced stronger long-term football value."
"JAX-2014-0059","2014-2nd-round-pick-61st-overall-san-francisco-49ers-2014","perspectives.0.qaNotes","false","Batch 009 narrative-vs-verdict review reconciled public prose, verdict, grades, and nested perspective data.","review narrative-vs-verdict review reconciled public prose, verdict, grades, and nested perspective data."
"JAX-2014-0059","2014-2nd-round-pick-61st-overall-san-francisco-49ers-2014","perspectives.1.qaNotes","false","Batch 009 narrative-vs-verdict review reconciled public prose, verdict, grades, and nested perspective data.","review narrative-vs-verdict review reconciled public prose, verdict, grades, and nested perspective data."
"JAX-2014-0059","2014-2nd-round-pick-61st-overall-san-francisco-49ers-2014","qaNotes","false","Batch 009 narrative-vs-verdict review reconciled public prose, verdict, grades, and nested perspective data. | C2 cleanup: split clean and-delimited multi-pick bundle assets into standalone pick assets.","review narrative-vs-verdict review reconciled public prose, verdict, grades, and nested perspective data. | C2 cleanup: split clean and-delimited multi-pick bundle assets into standalone pick assets."
"MIN-2014-0239","2014-1st-round-pick-32nd-overall-teddy-bridgewater-seattle-seahawks-2014","summary","false","Minnesota Vikings received 2014 1st round pick (32nd overall, Teddy Bridgewater). Seattle Seahawks received 2014 2nd round pick (40th overall subsequently traded, Kyle Van Noy) and 2014 4th round pick (108th overall, Cassius Marsh). The final Batch 011 review favors Minnesota Vikings because that return produced stronger long-term football value.","Minnesota Vikings received 2014 1st round pick (32nd overall, Teddy Bridgewater). Seattle Seahawks received 2014 2nd round pick (40th overall subsequently traded, Kyle Van Noy) and 2014 4th round pick (108th overall, Cassius Marsh). The final review favors Minnesota Vikings because that return produced stronger long-term football value."
"SEA-2014-05-09-0171","2014-2nd-round-pick-45th-overall-paul-richardson-detroit-lions-2014","summary","false","Seattle Seahawks received 2014 2nd round pick (45th overall, Paul Richardson), 2014 4th round pick (111th overall subsequently traded, Russell Bodine) and 2014 7th round pick (227th overall, Kiero Small). Detroit Lions received 2014 2nd round pick (40th overall, Kyle Van Noy) and 2014 5th round pick (146th overall subsequently traded, Devin Street). The final Batch 011 review favors Detroit Lions because that return produced stronger long-term football value.","Seattle Seahawks received 2014 2nd round pick (45th overall, Paul Richardson), 2014 4th round pick (111th overall subsequently traded, Russell Bodine) and 2014 7th round pick (227th overall, Kiero Small). Detroit Lions received 2014 2nd round pick (40th overall, Kyle Van Noy) and 2014 5th round pick (146th overall subsequently traded, Devin Street). The final review favors Detroit Lions because that return produced stronger long-term football value."
"DEN-2014-05-10-0332","2014-5th-round-pick-156th-overall-lamin-barrow-and-2015-5th-round-pick-143rd-overall-subse","perspectives.0.qaNotes.0","false","Bottom Batch 010 final patch v1: Collapse four duplicate perspectives to two canonical team perspectives. Canonical grades: Denver Broncos D, Chicago Bears A+.","review final patch v1: Collapse four duplicate perspectives to two canonical team perspectives. Canonical grades: Denver Broncos D, Chicago Bears A+."
"DEN-2014-05-10-0332","2014-5th-round-pick-156th-overall-lamin-barrow-and-2015-5th-round-pick-143rd-overall-subse","perspectives.1.qaNotes.1","false","Bottom Batch 010 final patch v1: Collapse four duplicate perspectives to two canonical team perspectives. Canonical grades: Denver Broncos D, Chicago Bears A+.","review final patch v1: Collapse four duplicate perspectives to two canonical team perspectives. Canonical grades: Denver Broncos D, Chicago Bears A+."
"DEN-2014-05-10-0332","2014-5th-round-pick-156th-overall-lamin-barrow-and-2015-5th-round-pick-143rd-overall-subse","qaNotes","false","Final QA passed | Final QA passed. | Audit complete: historical hindsight applied, summaries rewritten for readability, legendary trades verified against Pro Football Hall of Fame records and team histories.,Bottom Batch 010 final reviewed patch v1 (structural_hold): Collapse four duplicate perspectives to two canonical team perspectives. | C2 cleanup: split clean and-delimited multi-pick bundle assets into standalone pick assets. | CEX cleanup: split strict ready explanatory multi-pick bundle assets into standalone pick assets.","Final QA passed | Final QA passed. | Audit complete: historical hindsight applied, summaries rewritten for readability, legendary trades verified against Pro Football Hall of Fame records and team histories.,review final reviewed patch v1 (structural_hold): Collapse four duplicate perspectives to two canonical team perspectives. | C2 cleanup: split clean and-delimited multi-pick bundle assets into standalone pick assets. | CEX cleanup: split strict ready explanatory multi-pick bundle assets into standalone pick assets."
"SEA-2014-05-10-0172","2014-4th-round-pick-123rd-overall-kevin-norwood-cincinnati-bengals-2014","analysis","false","This final Batch 010 review treats the trade as a low-separation exchange. One side may have preferred the timing, player fit, or draft slot, but the long-term value did not break sharply in either direction. With the grade profile set at Seattle Seahawks C, Cincinnati Bengals C, the reviewed TradeVerdicts outcome is Even Trade.","This final review treats the trade as a low-separation exchange. One side may have preferred the timing, player fit, or draft slot, but the long-term value did not break sharply in either direction. With the grade profile set at Seattle Seahawks C, Cincinnati Bengals C, the reviewed TradeVerdicts outcome is Even Trade."
"SEA-2014-05-10-0172","2014-4th-round-pick-123rd-overall-kevin-norwood-cincinnati-bengals-2014","perspectives.0.qaNotes.1","false","Bottom Batch 010 final patch v1: Align both perspectives to the canonical even verdict. Canonical grades: Seattle Seahawks C, Cincinnati Bengals C.","review final patch v1: Align both perspectives to the canonical even verdict. Canonical grades: Seattle Seahawks C, Cincinnati Bengals C."
"SEA-2014-05-10-0172","2014-4th-round-pick-123rd-overall-kevin-norwood-cincinnati-bengals-2014","perspectives.1.qaNotes.1","false","Bottom Batch 010 final patch v1: Align both perspectives to the canonical even verdict. Canonical grades: Seattle Seahawks C, Cincinnati Bengals C.","review final patch v1: Align both perspectives to the canonical even verdict. Canonical grades: Seattle Seahawks C, Cincinnati Bengals C."
"SEA-2014-05-10-0172","2014-4th-round-pick-123rd-overall-kevin-norwood-cincinnati-bengals-2014","qaNotes.1","false","Bottom Batch 010 final reviewed patch v1 (copy_repair_candidate): Align both perspectives to the canonical even verdict.","review final reviewed patch v1 (copy_repair_candidate): Align both perspectives to the canonical even verdict."
"IND-2014-0342","2015-6th-round-pick-206th-overall-subsequently-traded-aaron-ripkowski-seattle-se","analysis","false","This final Batch 010 review treats the trade as a low-separation exchange. One side may have preferred the timing, player fit, or draft slot, but the long-term value did not break sharply in either direction. With the grade profile set at Seattle Seahawks C, Indianapolis Colts C, the reviewed TradeVerdicts outcome is Even Trade.","This final review treats the trade as a low-separation exchange. One side may have preferred the timing, player fit, or draft slot, but the long-term value did not break sharply in either direction. With the grade profile set at Seattle Seahawks C, Indianapolis Colts C, the reviewed TradeVerdicts outcome is Even Trade."
"IND-2014-0342","2015-6th-round-pick-206th-overall-subsequently-traded-aaron-ripkowski-seattle-se","qaNotes.1","false","Bottom Batch 010 final reviewed patch v1 (grade_verdict_review): Marcus Burley for a late pick remains low-separation/even.","review final reviewed patch v1 (grade_verdict_review): Marcus Burley for a late pick remains low-separation/even."
"IND-2014-0342","2015-6th-round-pick-206th-overall-subsequently-traded-aaron-ripkowski-seattle-se","perspectives.0.qaNotes.1","false","Bottom Batch 010 final patch v1: Marcus Burley for a late pick remains low-separation/even. Canonical grades: Seattle Seahawks C, Indianapolis Colts C.","review final patch v1: Marcus Burley for a late pick remains low-separation/even. Canonical grades: Seattle Seahawks C, Indianapolis Colts C."
"IND-2014-0342","2015-6th-round-pick-206th-overall-subsequently-traded-aaron-ripkowski-seattle-se","perspectives.1.qaNotes.1","false","Bottom Batch 010 final patch v1: Marcus Burley for a late pick remains low-separation/even. Canonical grades: Seattle Seahawks C, Indianapolis Colts C.","review final patch v1: Marcus Burley for a late pick remains low-separation/even. Canonical grades: Seattle Seahawks C, Indianapolis Colts C."
"SEA-2014-10-18-0174","2015-6th-round-pick-181st-overall-subsequently-tr-new-york-jets-2014","perspectives.0.qaNotes.1","false","Bottom Batch 010 final patch v1: Keep the slight Seattle edge after moving Percy Harvin. Canonical grades: Seattle Seahawks C+, New York Jets C.","review final patch v1: Keep the slight Seattle edge after moving Percy Harvin. Canonical grades: Seattle Seahawks C+, New York Jets C."
"SEA-2014-10-18-0174","2015-6th-round-pick-181st-overall-subsequently-tr-new-york-jets-2014","perspectives.1.qaNotes.1","false","Bottom Batch 010 final patch v1: Keep the slight Seattle edge after moving Percy Harvin. Canonical grades: Seattle Seahawks C+, New York Jets C.","review final patch v1: Keep the slight Seattle edge after moving Percy Harvin. Canonical grades: Seattle Seahawks C+, New York Jets C."
"SEA-2014-10-18-0174","2015-6th-round-pick-181st-overall-subsequently-tr-new-york-jets-2014","qaNotes.1","false","Bottom Batch 010 final reviewed patch v1 (grade_verdict_review): Keep the slight Seattle edge after moving Percy Harvin.","review final reviewed patch v1 (grade_verdict_review): Keep the slight Seattle edge after moving Percy Harvin."
"MIN-2015-03-10-0249","draft-pick-trade-buffalo-bills-2015","analysis","false","This final Batch 010 review treats the trade as a low-separation exchange. One side may have preferred the timing, player fit, or draft slot, but the long-term value did not break sharply in either direction. With the grade profile set at Minnesota Vikings B, Buffalo Bills B, the reviewed TradeVerdicts outcome is Even Trade.","This final review treats the trade as a low-separation exchange. One side may have preferred the timing, player fit, or draft slot, but the long-term value did not break sharply in either direction. With the grade profile set at Minnesota Vikings B, Buffalo Bills B, the reviewed TradeVerdicts outcome is Even Trade."
"MIN-2015-03-10-0249","draft-pick-trade-buffalo-bills-2015","perspectives.0.qaNotes.1","false","Bottom Batch 010 final patch v1: Cassel/pick package stays balanced enough for even. Canonical grades: Minnesota Vikings B, Buffalo Bills B.","review final patch v1: Cassel/pick package stays balanced enough for even. Canonical grades: Minnesota Vikings B, Buffalo Bills B."
"MIN-2015-03-10-0249","draft-pick-trade-buffalo-bills-2015","perspectives.1.qaNotes.1","false","Bottom Batch 010 final patch v1: Cassel/pick package stays balanced enough for even. Canonical grades: Minnesota Vikings B, Buffalo Bills B.","review final patch v1: Cassel/pick package stays balanced enough for even. Canonical grades: Minnesota Vikings B, Buffalo Bills B."
"MIN-2015-03-10-0249","draft-pick-trade-buffalo-bills-2015","qaNotes","false","Final | Final QA passed | Final public-data QA complete. | Final QA passed. | Final public-data QA complete. | Final public-data QA complete.,Bottom Batch 010 final reviewed patch v1 (grade_verdict_review): Cassel/pick package stays balanced enough for even. | CEX cleanup: split strict ready explanatory multi-pick bundle assets into standalone pick assets.","Final | Final QA passed | Final public-data QA complete. | Final QA passed. | Final public-data QA complete. | Final public-data QA complete.,review final reviewed patch v1 (grade_verdict_review): Cassel/pick package stays balanced enough for even. | CEX cleanup: split strict ready explanatory multi-pick bundle assets into standalone pick assets."
"NYJ-2015-0242","brandon-marshall-and-2015-7th-round-pick-224th-overall-subsequently-traded-bryce-hager-chi","qaNotes.1","false","Bottom Batch 010 final reviewed patch v1 (copy_repair_candidate): Keep the reviewed Bears edge and align the Jets perspective.","review final reviewed patch v1 (copy_repair_candidate): Keep the reviewed Bears edge and align the Jets perspective."
"NYJ-2015-0242","brandon-marshall-and-2015-7th-round-pick-224th-overall-subsequently-traded-bryce-hager-chi","perspectives.0.qaNotes.1","false","Bottom Batch 010 final patch v1: Keep the reviewed Bears edge and align the Jets perspective. Canonical grades: New York Jets C, Chicago Bears B.","review final patch v1: Keep the reviewed Bears edge and align the Jets perspective. Canonical grades: New York Jets C, Chicago Bears B."
"NYJ-2015-0242","brandon-marshall-and-2015-7th-round-pick-224th-overall-subsequently-traded-bryce-hager-chi","perspectives.1.qaNotes.1","false","Bottom Batch 010 final patch v1: Keep the reviewed Bears edge and align the Jets perspective. Canonical grades: New York Jets C, Chicago Bears B.","review final patch v1: Keep the reviewed Bears edge and align the Jets perspective. Canonical grades: New York Jets C, Chicago Bears B."
"DEN-2015-04-01-0333","gino-gradkowski-and-2016-5th-round-pick-144th-overall-connor-mcgovern-baltimore-ravens-201","perspectives.0.qaNotes.0","false","Bottom Batch 010 final patch v1: Collapse four duplicate perspectives to two canonical team perspectives. Canonical grades: Denver Broncos C-, Baltimore Ravens B.","review final patch v1: Collapse four duplicate perspectives to two canonical team perspectives. Canonical grades: Denver Broncos C-, Baltimore Ravens B."
"DEN-2015-04-01-0333","gino-gradkowski-and-2016-5th-round-pick-144th-overall-connor-mcgovern-baltimore-ravens-201","perspectives.1.qaNotes.1","false","Bottom Batch 010 final patch v1: Collapse four duplicate perspectives to two canonical team perspectives. Canonical grades: Denver Broncos C-, Baltimore Ravens B.","review final patch v1: Collapse four duplicate perspectives to two canonical team perspectives. Canonical grades: Denver Broncos C-, Baltimore Ravens B."
"DEN-2015-04-01-0333","gino-gradkowski-and-2016-5th-round-pick-144th-overall-connor-mcgovern-baltimore-ravens-201","qaNotes","false","Final QA passed | Final QA passed. | Final QA complete after realistic win/loss/even curve recheck.,Bottom Batch 010 final reviewed patch v1 (structural_hold): Collapse four duplicate perspectives to two canonical team perspectives. | D3 cleanup: split strict player-plus-pick bundle assets into standalone player and pick assets.","Final QA passed | Final QA passed. | Final QA complete after realistic win/loss/even curve recheck.,review final reviewed patch v1 (structural_hold): Collapse four duplicate perspectives to two canonical team perspectives. | D3 cleanup: split strict player-plus-pick bundle assets into standalone player and pick assets."
"DEN-2015-04-30-0334","2015-1st-round-pick-23rd-overall-shane-ray-detroit-lions-2015","perspectives.0.qaNotes.0","false","Bottom Batch 010 final patch v1: Collapse four duplicate perspectives to two canonical team perspectives. Canonical grades: Denver Broncos D, Detroit Lions A+.","review final patch v1: Collapse four duplicate perspectives to two canonical team perspectives. Canonical grades: Denver Broncos D, Detroit Lions A+."
"DEN-2015-04-30-0334","2015-1st-round-pick-23rd-overall-shane-ray-detroit-lions-2015","perspectives.1.qaNotes.1","false","Bottom Batch 010 final patch v1: Collapse four duplicate perspectives to two canonical team perspectives. Canonical grades: Denver Broncos D, Detroit Lions A+.","review final patch v1: Collapse four duplicate perspectives to two canonical team perspectives. Canonical grades: Denver Broncos D, Detroit Lions A+."
"DEN-2015-04-30-0334","2015-1st-round-pick-23rd-overall-shane-ray-detroit-lions-2015","qaNotes.1","false","Bottom Batch 010 final reviewed patch v1 (structural_hold): Collapse four duplicate perspectives to two canonical team perspectives.","review final reviewed patch v1 (structural_hold): Collapse four duplicate perspectives to two canonical team perspectives."
"SF-2015-0373","2015-1st-round-pick-17th-overall-arik-armstead-2015-4th-round-pick-los-angeles-san-diego-c","qaNotes","false","Batch 019 narrative-vs-verdict review reconciled public prose, verdict, grades, and nested perspective data.","review narrative-vs-verdict review reconciled public prose, verdict, grades, and nested perspective data."
"SF-2015-0373","2015-1st-round-pick-17th-overall-arik-armstead-2015-4th-round-pick-los-angeles-san-diego-c","perspectives.0.qaNotes","false","Batch 019 narrative-vs-verdict review reconciled public prose, verdict, grades, and nested perspective data.","review narrative-vs-verdict review reconciled public prose, verdict, grades, and nested perspective data."
"SF-2015-0373","2015-1st-round-pick-17th-overall-arik-armstead-2015-4th-round-pick-los-angeles-san-diego-c","perspectives.1.qaNotes","false","Batch 019 narrative-vs-verdict review reconciled public prose, verdict, grades, and nested perspective data.","review narrative-vs-verdict review reconciled public prose, verdict, grades, and nested perspective data."
"MIA-2015-0260","2015-2nd-round-pick-52nd-overall-eagles-2015","qaNotes","false","Batch 008 narrative-vs-verdict review reconciled public prose, verdict, grades, and nested perspective data. | C2 cleanup: split clean and-delimited multi-pick bundle assets into standalone pick assets.","review narrative-vs-verdict review reconciled public prose, verdict, grades, and nested perspective data. | C2 cleanup: split clean and-delimited multi-pick bundle assets into standalone pick assets."
"MIA-2015-0260","2015-2nd-round-pick-52nd-overall-eagles-2015","perspectives.0.qaNotes","false","Batch 008 narrative-vs-verdict review reconciled public prose, verdict, grades, and nested perspective data.","review narrative-vs-verdict review reconciled public prose, verdict, grades, and nested perspective data."
"MIA-2015-0260","2015-2nd-round-pick-52nd-overall-eagles-2015","perspectives.1.qaNotes","false","Batch 008 narrative-vs-verdict review reconciled public prose, verdict, grades, and nested perspective data.","review narrative-vs-verdict review reconciled public prose, verdict, grades, and nested perspective data."
"MIN-2015-05-01-0250","draft-pick-trade-kansas-city-chiefs-2015","perspectives.0.qaNotes.1","false","Bottom Batch 010 final patch v1: Visible flip: Kansas City landed the cleaner realized value in the Chris Conley pick move. Canonical grades: Minnesota Vikings C, Kansas City Chiefs B-.","review final patch v1: Visible flip: Kansas City landed the cleaner realized value in the Chris Conley pick move. Canonical grades: Minnesota Vikings C, Kansas City Chiefs B-."
"MIN-2015-05-01-0250","draft-pick-trade-kansas-city-chiefs-2015","perspectives.1.qaNotes.1","false","Bottom Batch 010 final patch v1: Visible flip: Kansas City landed the cleaner realized value in the Chris Conley pick move. Canonical grades: Minnesota Vikings C, Kansas City Chiefs B-.","review final patch v1: Visible flip: Kansas City landed the cleaner realized value in the Chris Conley pick move. Canonical grades: Minnesota Vikings C, Kansas City Chiefs B-."
"MIN-2015-05-01-0250","draft-pick-trade-kansas-city-chiefs-2015","qaNotes","false","Final | Final QA passed | Final public-data QA complete. | Final QA passed. | Final public-data QA complete. | Final public-data QA complete.,Bottom Batch 010 final reviewed patch v1 (grade_verdict_review): Visible flip: Kansas City landed the cleaner realized value in the Chris Conley pick move. | CEX cleanup: split strict ready explanatory multi-pick bundle assets into standalone pick assets.","Final | Final QA passed | Final public-data QA complete. | Final QA passed. | Final public-data QA complete. | Final public-data QA complete.,review final reviewed patch v1 (grade_verdict_review): Visible flip: Kansas City landed the cleaner realized value in the Chris Conley pick move. | CEX cleanup: split strict ready explanatory multi-pick bundle assets into standalone pick assets."
"CAR-2015-0054","panthers-oakland-raiders-trade-2015-0054","analysis","false","This final Batch 010 review treats the trade as a low-separation exchange. One side may have preferred the timing, player fit, or draft slot, but the long-term value did not break sharply in either direction. With the grade profile set at Las Vegas Raiders B+, Carolina Panthers B+, the reviewed TradeVerdicts outcome is Even Trade.","This final review treats the trade as a low-separation exchange. One side may have preferred the timing, player fit, or draft slot, but the long-term value did not break sharply in either direction. With the grade profile set at Las Vegas Raiders B+, Carolina Panthers B+, the reviewed TradeVerdicts outcome is Even Trade."
"CAR-2015-0054","panthers-oakland-raiders-trade-2015-0054","qaNotes.1","false","Bottom Batch 010 final reviewed patch v1 (structural_hold): Collapse three duplicate perspectives to two canonical team perspectives.","review final reviewed patch v1 (structural_hold): Collapse three duplicate perspectives to two canonical team perspectives."
"CAR-2015-0054","panthers-oakland-raiders-trade-2015-0054","perspectives.0.qaNotes.1","false","Bottom Batch 010 final patch v1: Collapse three duplicate perspectives to two canonical team perspectives. Canonical grades: Las Vegas Raiders B+, Carolina Panthers B+.","review final patch v1: Collapse three duplicate perspectives to two canonical team perspectives. Canonical grades: Las Vegas Raiders B+, Carolina Panthers B+."
"CAR-2015-0054","panthers-oakland-raiders-trade-2015-0054","perspectives.1.qaNotes.1","false","Bottom Batch 010 final patch v1: Collapse three duplicate perspectives to two canonical team perspectives. Canonical grades: Las Vegas Raiders B+, Carolina Panthers B+.","review final patch v1: Collapse three duplicate perspectives to two canonical team perspectives. Canonical grades: Las Vegas Raiders B+, Carolina Panthers B+."
"CLE-2015-0394","2015-4th-round-pick-123rd-overall-vince-mayle-2015-6th-round-pick-198th-overall","qaNotes.1","false","Bottom Batch 010 final reviewed patch v1 (grade_verdict_review): Visible flip: Rodney Gunter gives Arizona the cleaner realized outcome.","review final reviewed patch v1 (grade_verdict_review): Visible flip: Rodney Gunter gives Arizona the cleaner realized outcome."
"CLE-2015-0394","2015-4th-round-pick-123rd-overall-vince-mayle-2015-6th-round-pick-198th-overall","perspectives.0.qaNotes.1","false","Bottom Batch 010 final patch v1: Visible flip: Rodney Gunter gives Arizona the cleaner realized outcome. Canonical grades: Arizona Cardinals B, Cleveland Browns C-.","review final patch v1: Visible flip: Rodney Gunter gives Arizona the cleaner realized outcome. Canonical grades: Arizona Cardinals B, Cleveland Browns C-."
"CLE-2015-0394","2015-4th-round-pick-123rd-overall-vince-mayle-2015-6th-round-pick-198th-overall","perspectives.1.qaNotes.1","false","Bottom Batch 010 final patch v1: Visible flip: Rodney Gunter gives Arizona the cleaner realized outcome. Canonical grades: Arizona Cardinals B, Cleveland Browns C-.","review final patch v1: Visible flip: Rodney Gunter gives Arizona the cleaner realized outcome. Canonical grades: Arizona Cardinals B, Cleveland Browns C-."
"JAX-2015-0061","2015-4th-round-pick-104th-overall-new-york-jets-2015","perspectives.0.qaNotes.0","false","Bottom Batch 010 final patch v1: Keep the reviewed Jets edge and align the Jaguars perspective. Canonical grades: Jacksonville Jaguars C, New York Jets B-.","review final patch v1: Keep the reviewed Jets edge and align the Jaguars perspective. Canonical grades: Jacksonville Jaguars C, New York Jets B-."
"JAX-2015-0061","2015-4th-round-pick-104th-overall-new-york-jets-2015","perspectives.1.qaNotes.1","false","Bottom Batch 010 final patch v1: Keep the reviewed Jets edge and align the Jaguars perspective. Canonical grades: Jacksonville Jaguars C, New York Jets B-.","review final patch v1: Keep the reviewed Jets edge and align the Jaguars perspective. Canonical grades: Jacksonville Jaguars C, New York Jets B-."
"JAX-2015-0061","2015-4th-round-pick-104th-overall-new-york-jets-2015","qaNotes","false","Final QA complete after curve regrade; New York Jets Win; no blanks; visible on public site.,Bottom Batch 010 final reviewed patch v1 (copy_repair_candidate): Keep the reviewed Jets edge and align the Jaguars perspective. | C2 cleanup: split clean and-delimited multi-pick bundle assets into standalone pick assets.","Final QA complete after curve regrade; New York Jets Win; no blanks; visible on public site.,review final reviewed patch v1 (copy_repair_candidate): Keep the reviewed Jets edge and align the Jaguars perspective. | C2 cleanup: split clean and-delimited multi-pick bundle assets into standalone pick assets."
"MIN-2015-0245","2015-5th-round-pick-146th-overall-stefon-diggs-atlanta-falcons-2015","analysis","false","This final Batch 010 review treats the trade as a low-separation exchange. One side may have preferred the timing, player fit, or draft slot, but the long-term value did not break sharply in either direction. With the grade profile set at Minnesota Vikings A, Atlanta Falcons A, the reviewed TradeVerdicts outcome is Even Trade.","This final review treats the trade as a low-separation exchange. One side may have preferred the timing, player fit, or draft slot, but the long-term value did not break sharply in either direction. With the grade profile set at Minnesota Vikings A, Atlanta Falcons A, the reviewed TradeVerdicts outcome is Even Trade."
"MIN-2015-0245","2015-5th-round-pick-146th-overall-stefon-diggs-atlanta-falcons-2015","qaNotes.1","false","Bottom Batch 010 final reviewed patch v1 (copy_repair_candidate): Rare win-win fifth-round result: Diggs and Jarrett both justify A/A even.","review final reviewed patch v1 (copy_repair_candidate): Rare win-win fifth-round result: Diggs and Jarrett both justify A/A even."
"MIN-2015-0245","2015-5th-round-pick-146th-overall-stefon-diggs-atlanta-falcons-2015","perspectives.0.qaNotes.1","false","Bottom Batch 010 final patch v1: Rare win-win fifth-round result: Diggs and Jarrett both justify A/A even. Canonical grades: Minnesota Vikings A, Atlanta Falcons A.","review final patch v1: Rare win-win fifth-round result: Diggs and Jarrett both justify A/A even. Canonical grades: Minnesota Vikings A, Atlanta Falcons A."
"MIN-2015-0245","2015-5th-round-pick-146th-overall-stefon-diggs-atlanta-falcons-2015","perspectives.1.qaNotes.1","false","Bottom Batch 010 final patch v1: Rare win-win fifth-round result: Diggs and Jarrett both justify A/A even. Canonical grades: Minnesota Vikings A, Atlanta Falcons A.","review final patch v1: Rare win-win fifth-round result: Diggs and Jarrett both justify A/A even. Canonical grades: Minnesota Vikings A, Atlanta Falcons A."
"RAI-2015-0359","2015-4th-round-pick-128th-overall-tampa-bay-buccaneers-2015","qaNotes","false","Final | Final public-data QA complete. | Final public-data QA complete. | Final public-data QA complete.,Bottom Batch 010 final reviewed patch v1 (structural_hold): Normalize Raiders naming and collapse duplicate perspective. | Global duplicate-asset sweep v3 ultrasafe cleanup. | Asset holds A+B cleanup removed safe duplicate assets / source-data suffixes. | C2 cleanup: split clean and-delimited multi-pick bundle assets into standalone pick assets.","Final | Final public-data QA complete. | Final public-data QA complete. | Final public-data QA complete.,review final reviewed patch v1 (structural_hold): Normalize Raiders naming and collapse duplicate perspective. | Global duplicate-asset sweep v3 ultrasafe cleanup. | Asset holds A+B cleanup removed safe duplicate assets / source-data suffixes. | C2 cleanup: split clean and-delimited multi-pick bundle assets into standalone pick assets."
"RAI-2015-0359","2015-4th-round-pick-128th-overall-tampa-bay-buccaneers-2015","perspectives.0.qaNotes.1","false","Bottom Batch 010 final patch v1: Normalize Raiders naming and collapse duplicate perspective. Canonical grades: Las Vegas Raiders B+, Tampa Bay Buccaneers D+.","review final patch v1: Normalize Raiders naming and collapse duplicate perspective. Canonical grades: Las Vegas Raiders B+, Tampa Bay Buccaneers D+."
"RAI-2015-0359","2015-4th-round-pick-128th-overall-tampa-bay-buccaneers-2015","perspectives.1.qaNotes.1","false","Bottom Batch 010 final patch v1: Normalize Raiders naming and collapse duplicate perspective. Canonical grades: Las Vegas Raiders B+, Tampa Bay Buccaneers D+.","review final patch v1: Normalize Raiders naming and collapse duplicate perspective. Canonical grades: Las Vegas Raiders B+, Tampa Bay Buccaneers D+."
"RAM-2015-0478","2015-7th-round-pick-224th-overall-bryce-hager-new-york-jets-2015","analysis","false","This final Batch 010 review treats the trade as a low-separation exchange. One side may have preferred the timing, player fit, or draft slot, but the long-term value did not break sharply in either direction. With the grade profile set at Los Angeles Rams B-, New York Jets B-, the reviewed TradeVerdicts outcome is Even Trade.","This final review treats the trade as a low-separation exchange. One side may have preferred the timing, player fit, or draft slot, but the long-term value did not break sharply in either direction. With the grade profile set at Los Angeles Rams B-, New York Jets B-, the reviewed TradeVerdicts outcome is Even Trade."
"RAM-2015-0478","2015-7th-round-pick-224th-overall-bryce-hager-new-york-jets-2015","qaNotes.1","false","Bottom Batch 010 final reviewed patch v1 (copy_repair_candidate): Low-stakes Stacy/Bryce Hager exchange remains even.","review final reviewed patch v1 (copy_repair_candidate): Low-stakes Stacy/Bryce Hager exchange remains even."
"RAM-2015-0478","2015-7th-round-pick-224th-overall-bryce-hager-new-york-jets-2015","perspectives.0.qaNotes.1","false","Bottom Batch 010 final patch v1: Low-stakes Stacy/Bryce Hager exchange remains even. Canonical grades: Los Angeles Rams B-, New York Jets B-.","review final patch v1: Low-stakes Stacy/Bryce Hager exchange remains even. Canonical grades: Los Angeles Rams B-, New York Jets B-."
"RAM-2015-0478","2015-7th-round-pick-224th-overall-bryce-hager-new-york-jets-2015","perspectives.1.qaNotes.1","false","Bottom Batch 010 final patch v1: Low-stakes Stacy/Bryce Hager exchange remains even. Canonical grades: Los Angeles Rams B-, New York Jets B-.","review final patch v1: Low-stakes Stacy/Bryce Hager exchange remains even. Canonical grades: Los Angeles Rams B-, New York Jets B-."
"DEN-2015-08-31-0335","2016-7th-round-pick-235th-overall-subsequently-traded-lac-edwards-houston-texans-2015","perspectives.0.qaNotes.0","false","Bottom Batch 010 final patch v1: Collapse four duplicate perspectives to two canonical team perspectives. Canonical grades: Denver Broncos C+, Houston Texans B.","review final patch v1: Collapse four duplicate perspectives to two canonical team perspectives. Canonical grades: Denver Broncos C+, Houston Texans B."
"DEN-2015-08-31-0335","2016-7th-round-pick-235th-overall-subsequently-traded-lac-edwards-houston-texans-2015","perspectives.1.qaNotes.1","false","Bottom Batch 010 final patch v1: Collapse four duplicate perspectives to two canonical team perspectives. Canonical grades: Denver Broncos C+, Houston Texans B.","review final patch v1: Collapse four duplicate perspectives to two canonical team perspectives. Canonical grades: Denver Broncos C+, Houston Texans B."
"DEN-2015-08-31-0335","2016-7th-round-pick-235th-overall-subsequently-traded-lac-edwards-houston-texans-2015","qaNotes.1","false","Bottom Batch 010 final reviewed patch v1 (structural_hold): Collapse four duplicate perspectives to two canonical team perspectives.","review final reviewed patch v1 (structural_hold): Collapse four duplicate perspectives to two canonical team perspectives."
"ATL-2015-0268","andy-levitre-tennessee-titans-2015","qaNotes.1","false","Bottom Batch 010 final reviewed patch v1 (grade_verdict_review): Visible flip: Andy Levitre supplied Atlanta useful veteran line value for a late pick.","review final reviewed patch v1 (grade_verdict_review): Visible flip: Andy Levitre supplied Atlanta useful veteran line value for a late pick."
"ATL-2015-0268","andy-levitre-tennessee-titans-2015","perspectives.0.qaNotes.1","false","Bottom Batch 010 final patch v1: Visible flip: Andy Levitre supplied Atlanta useful veteran line value for a late pick. Canonical grades: Atlanta Falcons B, Tennessee Titans C.","review final patch v1: Visible flip: Andy Levitre supplied Atlanta useful veteran line value for a late pick. Canonical grades: Atlanta Falcons B, Tennessee Titans C."
"ATL-2015-0268","andy-levitre-tennessee-titans-2015","perspectives.1.qaNotes.1","false","Bottom Batch 010 final patch v1: Visible flip: Andy Levitre supplied Atlanta useful veteran line value for a late pick. Canonical grades: Atlanta Falcons B, Tennessee Titans C.","review final patch v1: Visible flip: Andy Levitre supplied Atlanta useful veteran line value for a late pick. Canonical grades: Atlanta Falcons B, Tennessee Titans C."
"PHI-2015-0381","eagles-2015-09-04-arizona-st-louis-cardinals-0381","qaNotes.1","false","Bottom Batch 010 final reviewed patch v1 (grade_verdict_review): Keep the slight Eagles edge in the Matt Barkley/Joe Walker exchange.","review final reviewed patch v1 (grade_verdict_review): Keep the slight Eagles edge in the Matt Barkley/Joe Walker exchange."
"PHI-2015-0381","eagles-2015-09-04-arizona-st-louis-cardinals-0381","perspectives.0.qaNotes.1","false","Bottom Batch 010 final patch v1: Keep the slight Eagles edge in the Matt Barkley/Joe Walker exchange. Canonical grades: Arizona Cardinals C+, Philadelphia Eagles B-.","review final patch v1: Keep the slight Eagles edge in the Matt Barkley/Joe Walker exchange. Canonical grades: Arizona Cardinals C+, Philadelphia Eagles B-."
"PHI-2015-0381","eagles-2015-09-04-arizona-st-louis-cardinals-0381","perspectives.1.qaNotes.1","false","Bottom Batch 010 final patch v1: Keep the slight Eagles edge in the Matt Barkley/Joe Walker exchange. Canonical grades: Arizona Cardinals C+, Philadelphia Eagles B-.","review final patch v1: Keep the slight Eagles edge in the Matt Barkley/Joe Walker exchange. Canonical grades: Arizona Cardinals C+, Philadelphia Eagles B-."
"RAI-2015-0360","2016-6th-round-pick-194th-overall-indianapolis-baltimore-colts-2015","analysis","false","This final Batch 010 review treats the trade as a low-separation exchange. One side may have preferred the timing, player fit, or draft slot, but the long-term value did not break sharply in either direction. With the grade profile set at Indianapolis Colts C, Las Vegas Raiders C, the reviewed TradeVerdicts outcome is Even Trade.","This final review treats the trade as a low-separation exchange. One side may have preferred the timing, player fit, or draft slot, but the long-term value did not break sharply in either direction. With the grade profile set at Indianapolis Colts C, Las Vegas Raiders C, the reviewed TradeVerdicts outcome is Even Trade."
"RAI-2015-0360","2016-6th-round-pick-194th-overall-indianapolis-baltimore-colts-2015","qaNotes.1","false","Bottom Batch 010 final reviewed patch v1 (structural_hold): Collapse duplicate Raiders/Colts perspectives.","review final reviewed patch v1 (structural_hold): Collapse duplicate Raiders/Colts perspectives."
"RAI-2015-0360","2016-6th-round-pick-194th-overall-indianapolis-baltimore-colts-2015","perspectives.0.qaNotes.1","false","Bottom Batch 010 final patch v1: Collapse duplicate Raiders/Colts perspectives. Canonical grades: Indianapolis Colts C, Las Vegas Raiders C.","review final patch v1: Collapse duplicate Raiders/Colts perspectives. Canonical grades: Indianapolis Colts C, Las Vegas Raiders C."
"RAI-2015-0360","2016-6th-round-pick-194th-overall-indianapolis-baltimore-colts-2015","perspectives.1.qaNotes.1","false","Bottom Batch 010 final patch v1: Collapse duplicate Raiders/Colts perspectives. Canonical grades: Indianapolis Colts C, Las Vegas Raiders C.","review final patch v1: Collapse duplicate Raiders/Colts perspectives. Canonical grades: Indianapolis Colts C, Las Vegas Raiders C."
"SEA-2015-09-06-0179","2016-7th-round-pick-225th-overall-subsequently-tr-dallas-cowboys-2015","perspectives.0.qaNotes.1","false","Bottom Batch 010 final patch v1: Keep the slight Seattle edge for the Christine Michael pick return. Canonical grades: Seattle Seahawks C+, Dallas Cowboys C-.","review final patch v1: Keep the slight Seattle edge for the Christine Michael pick return. Canonical grades: Seattle Seahawks C+, Dallas Cowboys C-."
"SEA-2015-09-06-0179","2016-7th-round-pick-225th-overall-subsequently-tr-dallas-cowboys-2015","perspectives.1.qaNotes.1","false","Bottom Batch 010 final patch v1: Keep the slight Seattle edge for the Christine Michael pick return. Canonical grades: Seattle Seahawks C+, Dallas Cowboys C-.","review final patch v1: Keep the slight Seattle edge for the Christine Michael pick return. Canonical grades: Seattle Seahawks C+, Dallas Cowboys C-."
"SEA-2015-09-06-0179","2016-7th-round-pick-225th-overall-subsequently-tr-dallas-cowboys-2015","qaNotes.1","false","Bottom Batch 010 final reviewed patch v1 (grade_verdict_review): Keep the slight Seattle edge for the Christine Michael pick return.","review final reviewed patch v1 (grade_verdict_review): Keep the slight Seattle edge for the Christine Michael pick return."
"RAI-2015-0361","2016-5th-round-pick-143rd-overall-dallas-cowboys-2015","qaNotes","false","Final | Final public-data QA complete. | Final public-data QA complete. | Final Cowboys public-data QA complete.,Bottom Batch 010 final reviewed patch v1 (structural_hold): Normalize Raiders naming and collapse duplicate perspective. | D3 cleanup: split strict player-plus-pick bundle assets into standalone player and pick assets.","Final | Final public-data QA complete. | Final public-data QA complete. | Final Cowboys public-data QA complete.,review final reviewed patch v1 (structural_hold): Normalize Raiders naming and collapse duplicate perspective. | D3 cleanup: split strict player-plus-pick bundle assets into standalone player and pick assets."
"RAI-2015-0361","2016-5th-round-pick-143rd-overall-dallas-cowboys-2015","perspectives.0.qaNotes.1","false","Bottom Batch 010 final patch v1: Normalize Raiders naming and collapse duplicate perspective. Canonical grades: Dallas Cowboys C-, Las Vegas Raiders B.","review final patch v1: Normalize Raiders naming and collapse duplicate perspective. Canonical grades: Dallas Cowboys C-, Las Vegas Raiders B."
"RAI-2015-0361","2016-5th-round-pick-143rd-overall-dallas-cowboys-2015","perspectives.1.qaNotes.1","false","Bottom Batch 010 final patch v1: Normalize Raiders naming and collapse duplicate perspective. Canonical grades: Dallas Cowboys C-, Las Vegas Raiders B.","review final patch v1: Normalize Raiders naming and collapse duplicate perspective. Canonical grades: Dallas Cowboys C-, Las Vegas Raiders B."
"MIN-2015-10-06-0254","nick-easton-san-francisco-49ers-2015","perspectives.0.qaNotes.1","false","Bottom Batch 010 final patch v1: Visible flip: Nick Easton plus pick value gives Minnesota the cleaner result. Canonical grades: Minnesota Vikings B-, San Francisco 49ers C.","review final patch v1: Visible flip: Nick Easton plus pick value gives Minnesota the cleaner result. Canonical grades: Minnesota Vikings B-, San Francisco 49ers C."
"MIN-2015-10-06-0254","nick-easton-san-francisco-49ers-2015","perspectives.1.qaNotes.1","false","Bottom Batch 010 final patch v1: Visible flip: Nick Easton plus pick value gives Minnesota the cleaner result. Canonical grades: Minnesota Vikings B-, San Francisco 49ers C.","review final patch v1: Visible flip: Nick Easton plus pick value gives Minnesota the cleaner result. Canonical grades: Minnesota Vikings B-, San Francisco 49ers C."
"MIN-2015-10-06-0254","nick-easton-san-francisco-49ers-2015","qaNotes","false","Reduced-even verify high-profile/recent rows in | Final QA passed | Reduced-even audit confirmed existing grade. Initial 49ers pass complete; verify high-profile/recent rows in final audit. | Final QA passed. | Final public-data QA complete. | Final public-data QA complete.,Bottom Batch 010 final reviewed patch v1 (grade_verdict_review): Visible flip: Nick Easton plus pick value gives Minnesota the cleaner result. | D3 cleanup: split strict player-plus-pick bundle assets into standalone player and pick assets.","Reduced-even verify high-profile/recent rows in | Final QA passed | Reduced-even audit confirmed existing grade. Initial 49ers pass complete; verify high-profile/recent rows in final audit. | Final QA passed. | Final public-data QA complete. | Final public-data QA complete.,review final reviewed patch v1 (grade_verdict_review): Visible flip: Nick Easton plus pick value gives Minnesota the cleaner result. | D3 cleanup: split strict player-plus-pick bundle assets into standalone player and pick assets."
"MIA-2016-0262","byron-maxwell-eagles-2016","qaNotes.1","false","Bottom Batch 010 final reviewed patch v1 (grade_verdict_review): Keep the Miami win because the Laremy Tunsil outcome drove the long-term edge.","review final reviewed patch v1 (grade_verdict_review): Keep the Miami win because the Laremy Tunsil outcome drove the long-term edge."
"MIA-2016-0262","byron-maxwell-eagles-2016","perspectives.0.qaNotes.1","false","Bottom Batch 010 final patch v1: Keep the Miami win because the Laremy Tunsil outcome drove the long-term edge. Canonical grades: Philadelphia Eagles C, Miami Dolphins A-.","review final patch v1: Keep the Miami win because the Laremy Tunsil outcome drove the long-term edge. Canonical grades: Philadelphia Eagles C, Miami Dolphins A-."
"MIA-2016-0262","byron-maxwell-eagles-2016","perspectives.1.qaNotes.1","false","Bottom Batch 010 final patch v1: Keep the Miami win because the Laremy Tunsil outcome drove the long-term edge. Canonical grades: Philadelphia Eagles C, Miami Dolphins A-.","review final patch v1: Keep the Miami win because the Laremy Tunsil outcome drove the long-term edge. Canonical grades: Philadelphia Eagles C, Miami Dolphins A-."
"DEN-2016-03-11-0336","mark-sanchez-philadelphia-eagles-2016","analysis","false","This final Batch 010 review treats the trade as a low-separation exchange. One side may have preferred the timing, player fit, or draft slot, but the long-term value did not break sharply in either direction. With the grade profile set at Denver Broncos C, Philadelphia Eagles C, the reviewed TradeVerdicts outcome is Even Trade.","This final review treats the trade as a low-separation exchange. One side may have preferred the timing, player fit, or draft slot, but the long-term value did not break sharply in either direction. With the grade profile set at Denver Broncos C, Philadelphia Eagles C, the reviewed TradeVerdicts outcome is Even Trade."
"DEN-2016-03-11-0336","mark-sanchez-philadelphia-eagles-2016","perspectives.0.qaNotes.0","false","Bottom Batch 010 final patch v1: Collapse duplicate perspectives. Canonical grades: Denver Broncos C, Philadelphia Eagles C.","review final patch v1: Collapse duplicate perspectives. Canonical grades: Denver Broncos C, Philadelphia Eagles C."
"DEN-2016-03-11-0336","mark-sanchez-philadelphia-eagles-2016","perspectives.1.qaNotes.1","false","Bottom Batch 010 final patch v1: Collapse duplicate perspectives. Canonical grades: Denver Broncos C, Philadelphia Eagles C.","review final patch v1: Collapse duplicate perspectives. Canonical grades: Denver Broncos C, Philadelphia Eagles C."
"DEN-2016-03-11-0336","mark-sanchez-philadelphia-eagles-2016","qaNotes.1","false","Bottom Batch 010 final reviewed patch v1 (structural_hold): Collapse duplicate perspectives.","review final reviewed patch v1 (structural_hold): Collapse duplicate perspectives."
"NE-2016-0361","jonathan-cooper-and-2016-2nd-round-pick-61st-overall-subsequently-traded-vonn-bell-arizona","qaNotes","false","Final public-data QA complete; trade retained in finished product. | should but this row is no longer defaulted to Even without evidence | Post-Copilot QA: Regraded in realistic-curve pass; MetaAI should verify notable source details, but this row is no longer defaulted to Even without evidence. Publish status normalized; no import blocker remains. Steelers-formula final package verified. | Landmark expanded sectioned deep-dive content applied. | Batch 59-61 threshold top-off added.","Final public-data QA complete; trade retained in finished product. | should but this row is no longer defaulted to Even without evidence | Post-Copilot QA: Regraded in realistic-curve pass; MetaAI should verify notable source details, but this row is no longer defaulted to Even without evidence. Publish status normalized; no import blocker remains. Steelers-formula final package verified. | Landmark expanded sectioned deep-dive content applied. | review-61 threshold top-off added."
"CHI-2016-0461","2016-4th-round-pick-127th-overall-deiondre-hall-new-england-patriots-2","qaNotes.1","false","Bottom Batch 010 final reviewed patch v1 (grade_verdict_review): Visible flip: Martellus Bennett gave New England the clear realized edge.","review final reviewed patch v1 (grade_verdict_review): Visible flip: Martellus Bennett gave New England the clear realized edge."
"CHI-2016-0461","2016-4th-round-pick-127th-overall-deiondre-hall-new-england-patriots-2","perspectives.0.qaNotes.1","false","Bottom Batch 010 final patch v1: Visible flip: Martellus Bennett gave New England the clear realized edge. Canonical grades: Chicago Bears D+, New England Patriots A.","review final patch v1: Visible flip: Martellus Bennett gave New England the clear realized edge. Canonical grades: Chicago Bears D+, New England Patriots A."
"CHI-2016-0461","2016-4th-round-pick-127th-overall-deiondre-hall-new-england-patriots-2","perspectives.1.qaNotes.1","false","Bottom Batch 010 final patch v1: Visible flip: Martellus Bennett gave New England the clear realized edge. Canonical grades: Chicago Bears D+, New England Patriots A.","review final patch v1: Visible flip: Martellus Bennett gave New England the clear realized edge. Canonical grades: Chicago Bears D+, New England Patriots A."
"RAM-2016-0479","2016-1st-round-pick-1st-overall-jared-goff-2016-4th-round-pick-113th-overall-sub","qaNotes","false","Batch 022 narrative-vs-verdict review reconciled public prose, verdict, grades, and nested perspective data.","review narrative-vs-verdict review reconciled public prose, verdict, grades, and nested perspective data."
"RAM-2016-0479","2016-1st-round-pick-1st-overall-jared-goff-2016-4th-round-pick-113th-overall-sub","perspectives.0.qaNotes","false","Batch 022 narrative-vs-verdict review reconciled public prose, verdict, grades, and nested perspective data.","review narrative-vs-verdict review reconciled public prose, verdict, grades, and nested perspective data."
"SEA-2016-04-29-0181","2016-2nd-round-pick-49th-overall-jarran-reed-chicago-bears-2016","perspectives.0.qaNotes.1","false","Bottom Batch 010 final patch v1: Keep the Chicago win based on Cody Whitehair/Deon Bush value. Canonical grades: Seattle Seahawks D, Chicago Bears A+.","review final patch v1: Keep the Chicago win based on Cody Whitehair/Deon Bush value. Canonical grades: Seattle Seahawks D, Chicago Bears A+."
"SEA-2016-04-29-0181","2016-2nd-round-pick-49th-overall-jarran-reed-chicago-bears-2016","perspectives.1.qaNotes.1","false","Bottom Batch 010 final patch v1: Keep the Chicago win based on Cody Whitehair/Deon Bush value. Canonical grades: Seattle Seahawks D, Chicago Bears A+.","review final patch v1: Keep the Chicago win based on Cody Whitehair/Deon Bush value. Canonical grades: Seattle Seahawks D, Chicago Bears A+."
"SEA-2016-04-29-0181","2016-2nd-round-pick-49th-overall-jarran-reed-chicago-bears-2016","qaNotes.1","false","Bottom Batch 010 final reviewed patch v1 (grade_verdict_review): Keep the Chicago win based on Cody Whitehair/Deon Bush value.","review final reviewed patch v1 (grade_verdict_review): Keep the Chicago win based on Cody Whitehair/Deon Bush value."
"DEN-2016-04-30-0338","2016-6th-round-pick-176th-overall-andy-janovich-and-2017-6th-round-pick-203rd-overall-de-a","perspectives.0.qaNotes.0","false","Bottom Batch 010 final patch v1: Normalize Titans naming and collapse duplicate perspectives. Canonical grades: Denver Broncos D+, Tennessee Titans C.","review final patch v1: Normalize Titans naming and collapse duplicate perspectives. Canonical grades: Denver Broncos D+, Tennessee Titans C."
"DEN-2016-04-30-0338","2016-6th-round-pick-176th-overall-andy-janovich-and-2017-6th-round-pick-203rd-overall-de-a","perspectives.1.qaNotes.1","false","Bottom Batch 010 final patch v1: Normalize Titans naming and collapse duplicate perspectives. Canonical grades: Denver Broncos D+, Tennessee Titans C.","review final patch v1: Normalize Titans naming and collapse duplicate perspectives. Canonical grades: Denver Broncos D+, Tennessee Titans C."
"DEN-2016-04-30-0338","2016-6th-round-pick-176th-overall-andy-janovich-and-2017-6th-round-pick-203rd-overall-de-a","qaNotes","false","Final QA passed | Final QA passed. | Final Titans/Oilers public-data QA complete.,Bottom Batch 010 final reviewed patch v1 (structural_hold): Normalize Titans naming and collapse duplicate perspectives. | C2 cleanup: split clean and-delimited multi-pick bundle assets into standalone pick assets.","Final QA passed | Final QA passed. | Final Titans/Oilers public-data QA complete.,review final reviewed patch v1 (structural_hold): Normalize Titans naming and collapse duplicate perspectives. | C2 cleanup: split clean and-delimited multi-pick bundle assets into standalone pick assets."
"MIA-2016-0265","2016-7th-round-pick-222nd-overall-subsequently-traded-browns-2016","analysis","false","This final Batch 010 review treats the trade as a low-separation exchange. One side may have preferred the timing, player fit, or draft slot, but the long-term value did not break sharply in either direction. With the grade profile set at Miami Dolphins C, Cleveland Browns C, the reviewed TradeVerdicts outcome is Even Trade.","This final review treats the trade as a low-separation exchange. One side may have preferred the timing, player fit, or draft slot, but the long-term value did not break sharply in either direction. With the grade profile set at Miami Dolphins C, Cleveland Browns C, the reviewed TradeVerdicts outcome is Even Trade."
"MIA-2016-0265","2016-7th-round-pick-222nd-overall-subsequently-traded-browns-2016","qaNotes.1","false","Bottom Batch 010 final reviewed patch v1 (copy_repair_candidate): Keep this seventh-round/Jamar Taylor exchange neutral.","review final reviewed patch v1 (copy_repair_candidate): Keep this seventh-round/Jamar Taylor exchange neutral."
"MIA-2016-0265","2016-7th-round-pick-222nd-overall-subsequently-traded-browns-2016","perspectives.0.qaNotes.1","false","Bottom Batch 010 final patch v1: Keep this seventh-round/Jamar Taylor exchange neutral. Canonical grades: Miami Dolphins C, Cleveland Browns C.","review final patch v1: Keep this seventh-round/Jamar Taylor exchange neutral. Canonical grades: Miami Dolphins C, Cleveland Browns C."
"MIA-2016-0265","2016-7th-round-pick-222nd-overall-subsequently-traded-browns-2016","perspectives.1.qaNotes.1","false","Bottom Batch 010 final patch v1: Keep this seventh-round/Jamar Taylor exchange neutral. Canonical grades: Miami Dolphins C, Cleveland Browns C.","review final patch v1: Keep this seventh-round/Jamar Taylor exchange neutral. Canonical grades: Miami Dolphins C, Cleveland Browns C."
"MIA-2016-0266","2016-6th-round-pick-186th-overall-vikings-2016","qaNotes","false","Second-pass reviewed; non-even grade applied where asset outcome clearly leaned. Previous grade: B+; revised grade: D. | Final QA passed | Pass - complete row with verdict, grades, status, and synopsis. | Pass - complete row with verdict, grades, status, and synopsis. | Final QA passed. | Final QA passed. | Second-pass reviewed; non-even grade applied where asset outcome clearly leaned. Previous grade: B+; revised grade: D | Final QA passed. | Final public-data QA complete. | Final public-data QA complete. Suppressed covered modern multi-team pick aggregate; all exact pick signatures appeared on other active pages. Reason: All pick signatures appear on other active pages and this row has more than two teams.,Bottom Batch 010 final reviewed patch v1 (structural_hold): Remove contaminated Philadelphia perspective and keep the Miami/Minnesota Jakeem Grant pick trade. | CEX cleanup: split strict ready explanatory multi-pick bundle assets into standalone pick assets.","Second-pass reviewed; non-even grade applied where asset outcome clearly leaned. Previous grade: B+; revised grade: D. | Final QA passed | Pass - complete row with verdict, grades, status, and synopsis. | Pass - complete row with verdict, grades, status, and synopsis. | Final QA passed. | Final QA passed. | Second-pass reviewed; non-even grade applied where asset outcome clearly leaned. Previous grade: B+; revised grade: D | Final QA passed. | Final public-data QA complete. | Final public-data QA complete. Suppressed covered modern multi-team pick aggregate; all exact pick signatures appeared on other active pages. Reason: All pick signatures appear on other active pages and this row has more than two teams.,review final reviewed patch v1 (structural_hold): Remove contaminated Philadelphia perspective and keep the Miami/Minnesota Jakeem Grant pick trade. | CEX cleanup: split strict ready explanatory multi-pick bundle assets into standalone pick assets."
"MIA-2016-0266","2016-6th-round-pick-186th-overall-vikings-2016","perspectives.0.qaNotes.1","false","Bottom Batch 010 final patch v1: Remove contaminated Philadelphia perspective and keep the Miami/Minnesota Jakeem Grant pick trade. Canonical grades: Miami Dolphins D, Minnesota Vikings A-.","review final patch v1: Remove contaminated Philadelphia perspective and keep the Miami/Minnesota Jakeem Grant pick trade. Canonical grades: Miami Dolphins D, Minnesota Vikings A-."
"MIA-2016-0266","2016-6th-round-pick-186th-overall-vikings-2016","perspectives.1.qaNotes.1","false","Bottom Batch 010 final patch v1: Remove contaminated Philadelphia perspective and keep the Miami/Minnesota Jakeem Grant pick trade. Canonical grades: Miami Dolphins D, Minnesota Vikings A-.","review final patch v1: Remove contaminated Philadelphia perspective and keep the Miami/Minnesota Jakeem Grant pick trade. Canonical grades: Miami Dolphins D, Minnesota Vikings A-."
"MIA-2016-0267","2016-6th-round-pick-196th-overall-subsequently-traded-patriots-2016","analysis","false","This final Batch 010 review treats the trade as a low-separation exchange. One side may have preferred the timing, player fit, or draft slot, but the long-term value did not break sharply in either direction. With the grade profile set at Miami Dolphins C, New England Patriots C, the reviewed TradeVerdicts outcome is Even Trade.","This final review treats the trade as a low-separation exchange. One side may have preferred the timing, player fit, or draft slot, but the long-term value did not break sharply in either direction. With the grade profile set at Miami Dolphins C, New England Patriots C, the reviewed TradeVerdicts outcome is Even Trade."
"MIA-2016-0267","2016-6th-round-pick-196th-overall-subsequently-traded-patriots-2016","qaNotes.1","false","Bottom Batch 010 final reviewed patch v1 (copy_repair_candidate): Keep the late-pick exchange neutral.","review final reviewed patch v1 (copy_repair_candidate): Keep the late-pick exchange neutral."
"MIA-2016-0267","2016-6th-round-pick-196th-overall-subsequently-traded-patriots-2016","perspectives.0.qaNotes.1","false","Bottom Batch 010 final patch v1: Keep the late-pick exchange neutral. Canonical grades: Miami Dolphins C, New England Patriots C.","review final patch v1: Keep the late-pick exchange neutral. Canonical grades: Miami Dolphins C, New England Patriots C."
"MIA-2016-0267","2016-6th-round-pick-196th-overall-subsequently-traded-patriots-2016","perspectives.1.qaNotes.1","false","Bottom Batch 010 final patch v1: Keep the late-pick exchange neutral. Canonical grades: Miami Dolphins C, New England Patriots C.","review final patch v1: Keep the late-pick exchange neutral. Canonical grades: Miami Dolphins C, New England Patriots C."
"NYJ-2016-0247","2016-5th-round-pick-158th-overall-brandon-shell-washington-commanders-redskins-2016","qaNotes.1","false","Bottom Batch 010 final reviewed patch v1 (copy_repair_candidate): Keep the Brandon Shell/Jets lean and align the Washington perspective.","review final reviewed patch v1 (copy_repair_candidate): Keep the Brandon Shell/Jets lean and align the Washington perspective."
"NYJ-2016-0247","2016-5th-round-pick-158th-overall-brandon-shell-washington-commanders-redskins-2016","perspectives.0.qaNotes.1","false","Bottom Batch 010 final patch v1: Keep the Brandon Shell/Jets lean and align the Washington perspective. Canonical grades: Washington C, New York Jets C+.","review final patch v1: Keep the Brandon Shell/Jets lean and align the Washington perspective. Canonical grades: Washington C, New York Jets C+."
"NYJ-2016-0247","2016-5th-round-pick-158th-overall-brandon-shell-washington-commanders-redskins-2016","perspectives.1.qaNotes.1","false","Bottom Batch 010 final patch v1: Keep the Brandon Shell/Jets lean and align the Washington perspective. Canonical grades: Washington C, New York Jets C+.","review final patch v1: Keep the Brandon Shell/Jets lean and align the Washington perspective. Canonical grades: Washington C, New York Jets C+."
"RAM-2016-0480","2016-4th-round-pick-117th-overall-pharoh-cooper-and-2016-6th-round-pick-206th-ov","analysis","false","This final Batch 010 review treats the trade as a low-separation exchange. One side may have preferred the timing, player fit, or draft slot, but the long-term value did not break sharply in either direction. With the grade profile set at Los Angeles Rams B-, Chicago Bears B-, the reviewed TradeVerdicts outcome is Even Trade.","This final review treats the trade as a low-separation exchange. One side may have preferred the timing, player fit, or draft slot, but the long-term value did not break sharply in either direction. With the grade profile set at Los Angeles Rams B-, Chicago Bears B-, the reviewed TradeVerdicts outcome is Even Trade."
"RAM-2016-0480","2016-4th-round-pick-117th-overall-pharoh-cooper-and-2016-6th-round-pick-206th-ov","qaNotes","false","Final QA retained trade/admin/hold-style records publicly. | Audit complete: historical hindsight applied, summaries rewritten for readability, legendary trades verified against Pro Football Hall of Fame records and team histories.,Bottom Batch 010 final reviewed patch v1 (grade_verdict_review): Kwiatkoski vs Cooper/Thomas remains close enough for even. | C2 cleanup: split clean and-delimited multi-pick bundle assets into standalone pick assets.","Final QA retained trade/admin/hold-style records publicly. | Audit complete: historical hindsight applied, summaries rewritten for readability, legendary trades verified against Pro Football Hall of Fame records and team histories.,review final reviewed patch v1 (grade_verdict_review): Kwiatkoski vs Cooper/Thomas remains close enough for even. | C2 cleanup: split clean and-delimited multi-pick bundle assets into standalone pick assets."
"RAM-2016-0480","2016-4th-round-pick-117th-overall-pharoh-cooper-and-2016-6th-round-pick-206th-ov","perspectives.0.qaNotes.1","false","Bottom Batch 010 final patch v1: Kwiatkoski vs Cooper/Thomas remains close enough for even. Canonical grades: Los Angeles Rams B-, Chicago Bears B-.","review final patch v1: Kwiatkoski vs Cooper/Thomas remains close enough for even. Canonical grades: Los Angeles Rams B-, Chicago Bears B-."
"RAM-2016-0480","2016-4th-round-pick-117th-overall-pharoh-cooper-and-2016-6th-round-pick-206th-ov","perspectives.1.qaNotes.1","false","Bottom Batch 010 final patch v1: Kwiatkoski vs Cooper/Thomas remains close enough for even. Canonical grades: Los Angeles Rams B-, Chicago Bears B-.","review final patch v1: Kwiatkoski vs Cooper/Thomas remains close enough for even. Canonical grades: Los Angeles Rams B-, Chicago Bears B-."
"SF-2016-0380","brandon-thomas-detroit-lions-2016","qaNotes","false","Batch 019 narrative-vs-verdict review reconciled public prose, verdict, grades, and nested perspective data.","review narrative-vs-verdict review reconciled public prose, verdict, grades, and nested perspective data."
"SF-2016-0380","brandon-thomas-detroit-lions-2016","perspectives.0.qaNotes","false","Batch 019 narrative-vs-verdict review reconciled public prose, verdict, grades, and nested perspective data.","review narrative-vs-verdict review reconciled public prose, verdict, grades, and nested perspective data."
"SF-2016-0380","brandon-thomas-detroit-lions-2016","perspectives.1.qaNotes","false","Batch 019 narrative-vs-verdict review reconciled public prose, verdict, grades, and nested perspective data.","review narrative-vs-verdict review reconciled public prose, verdict, grades, and nested perspective data."
"KC-2016-0239","2018-7th-round-pick-233rd-overall-subse-arizona-st-louis-cardinals-2016","qaNotes","false","Batch 023 narrative-vs-verdict review reconciled public prose, verdict, grades, and nested perspective data.","review narrative-vs-verdict review reconciled public prose, verdict, grades, and nested perspective data."
"GB-2016-0418","knile-davis-kansas-city-chiefs-2016","qaNotes","false","Batch 012 narrative-vs-verdict review reconciled public prose, verdict, grades, and nested perspective data.","review narrative-vs-verdict review reconciled public prose, verdict, grades, and nested perspective data."
"CLE-2016-0404","jamie-collins-new-england-patriots-2016-404","qaNotes","false","Final Browns QA complete; required fields populated. | Final public-data QA complete; trade retained in finished product. | Landmark expanded sectioned deep-dive content applied. | Landmark Batch 2 Diggs/AB/Collins top-off added; GSC priority candidate. | Landmark Batch 2 Diggs/AB/Collins final word-count top-off added; GSC priority candidate.","Final Browns QA complete; required fields populated. | Final public-data QA complete; trade retained in finished product. | Landmark expanded sectioned deep-dive content applied. | Landmark review Diggs/AB/Collins top-off added; GSC priority candidate. | Landmark review Diggs/AB/Collins final word-count top-off added; GSC priority candidate."
"CLE-2016-0404","jamie-collins-new-england-patriots-2016-404","perspectives.0.qaNotes","false","Final Browns QA complete; required fields populated. | Landmark expanded sectioned deep-dive content applied. | Landmark Batch 2 Diggs/AB/Collins top-off added; GSC priority candidate. | Landmark Batch 2 Diggs/AB/Collins final word-count top-off added; GSC priority candidate.","Final Browns QA complete; required fields populated. | Landmark expanded sectioned deep-dive content applied. | Landmark review Diggs/AB/Collins top-off added; GSC priority candidate. | Landmark review Diggs/AB/Collins final word-count top-off added; GSC priority candidate."
"CLE-2016-0404","jamie-collins-new-england-patriots-2016-404","perspectives.1.qaNotes","false","Final public-data QA complete; trade retained in finished product. | Landmark expanded sectioned deep-dive content applied. | Landmark Batch 2 Diggs/AB/Collins top-off added; GSC priority candidate. | Landmark Batch 2 Diggs/AB/Collins final word-count top-off added; GSC priority candidate.","Final public-data QA complete; trade retained in finished product. | Landmark expanded sectioned deep-dive content applied. | Landmark review Diggs/AB/Collins top-off added; GSC priority candidate. | Landmark review Diggs/AB/Collins final word-count top-off added; GSC priority candidate."
"SF-2017-0382","2017-1st-round-pick-3rd-overall-solomon-thomas-2017-3rd-round-pick-chicago-bears-2017","qaNotes","false","Batch 019 narrative-vs-verdict review reconciled public prose, verdict, grades, and nested perspective data. | Landmark expanded sectioned deep-dive content applied. | Landmark Batch 2 top-off added; GSC priority candidate.","review narrative-vs-verdict review reconciled public prose, verdict, grades, and nested perspective data. | Landmark expanded sectioned deep-dive content applied. | Landmark review top-off added; GSC priority candidate."
"SF-2017-0382","2017-1st-round-pick-3rd-overall-solomon-thomas-2017-3rd-round-pick-chicago-bears-2017","perspectives.0.qaNotes","false","Batch 019 narrative-vs-verdict review reconciled public prose, verdict, grades, and nested perspective data. | Landmark expanded sectioned deep-dive content applied. | Landmark Batch 2 top-off added; GSC priority candidate.","review narrative-vs-verdict review reconciled public prose, verdict, grades, and nested perspective data. | Landmark expanded sectioned deep-dive content applied. | Landmark review top-off added; GSC priority candidate."
"SF-2017-0382","2017-1st-round-pick-3rd-overall-solomon-thomas-2017-3rd-round-pick-chicago-bears-2017","perspectives.1.qaNotes","false","Batch 019 narrative-vs-verdict review reconciled public prose, verdict, grades, and nested perspective data. | Landmark expanded sectioned deep-dive content applied. | Landmark Batch 2 top-off added; GSC priority candidate.","review narrative-vs-verdict review reconciled public prose, verdict, grades, and nested perspective data. | Landmark expanded sectioned deep-dive content applied. | Landmark review top-off added; GSC priority candidate."
"MIN-2017-04-28-0262","draft-pick-trade-san-francisco-49ers-2017","perspectives.0.qaNotes","false","Batch 008 narrative-vs-verdict review reconciled public prose, verdict, grades, and nested perspective data.","review narrative-vs-verdict review reconciled public prose, verdict, grades, and nested perspective data."
"MIN-2017-04-28-0262","draft-pick-trade-san-francisco-49ers-2017","perspectives.1.qaNotes","false","Batch 008 narrative-vs-verdict review reconciled public prose, verdict, grades, and nested perspective data.","review narrative-vs-verdict review reconciled public prose, verdict, grades, and nested perspective data."
"MIN-2017-04-28-0262","draft-pick-trade-san-francisco-49ers-2017","qaNotes","false","Batch 008 narrative-vs-verdict review reconciled public prose, verdict, grades, and nested perspective data. | C3A cleanup: split one clean two-part multi-pick bundle into standalone pick assets.","review narrative-vs-verdict review reconciled public prose, verdict, grades, and nested perspective data. | C3A cleanup: split one clean two-part multi-pick bundle into standalone pick assets."
"SF-2017-0384","2017-7th-round-pick-229th-overall-adrian-colbert-new-orleans-saints-2017","qaNotes","false","Batch 019 narrative-vs-verdict review reconciled public prose, verdict, grades, and nested perspective data. | CEX cleanup: split strict ready explanatory multi-pick bundle assets into standalone pick assets.","review narrative-vs-verdict review reconciled public prose, verdict, grades, and nested perspective data. | CEX cleanup: split strict ready explanatory multi-pick bundle assets into standalone pick assets."
"SF-2017-0384","2017-7th-round-pick-229th-overall-adrian-colbert-new-orleans-saints-2017","perspectives.0.qaNotes","false","Batch 019 narrative-vs-verdict review reconciled public prose, verdict, grades, and nested perspective data.","review narrative-vs-verdict review reconciled public prose, verdict, grades, and nested perspective data."
"SF-2017-0384","2017-7th-round-pick-229th-overall-adrian-colbert-new-orleans-saints-2017","perspectives.1.qaNotes","false","Batch 019 narrative-vs-verdict review reconciled public prose, verdict, grades, and nested perspective data.","review narrative-vs-verdict review reconciled public prose, verdict, grades, and nested perspective data."
"SF-2017-0388","laken-tomlinson-detroit-lions-2017","qaNotes","false","Batch 019 narrative-vs-verdict review reconciled public prose, verdict, grades, and nested perspective data.","review narrative-vs-verdict review reconciled public prose, verdict, grades, and nested perspective data."
"SF-2017-0388","laken-tomlinson-detroit-lions-2017","perspectives.0.qaNotes","false","Batch 019 narrative-vs-verdict review reconciled public prose, verdict, grades, and nested perspective data.","review narrative-vs-verdict review reconciled public prose, verdict, grades, and nested perspective data."
"SF-2017-0388","laken-tomlinson-detroit-lions-2017","perspectives.1.qaNotes","false","Batch 019 narrative-vs-verdict review reconciled public prose, verdict, grades, and nested perspective data.","review narrative-vs-verdict review reconciled public prose, verdict, grades, and nested perspective data."
"JAX-2017-0068","marcell-dareus-buffalo-bills-2017","perspectives.0.qaNotes","false","Batch 003 narrative-vs-verdict review reconciled public prose, verdict, grades, and nested perspective data.","review narrative-vs-verdict review reconciled public prose, verdict, grades, and nested perspective data."
"JAX-2017-0068","marcell-dareus-buffalo-bills-2017","perspectives.1.qaNotes","false","Batch 003 narrative-vs-verdict review reconciled public prose, verdict, grades, and nested perspective data.","review narrative-vs-verdict review reconciled public prose, verdict, grades, and nested perspective data."
"JAX-2017-0068","marcell-dareus-buffalo-bills-2017","qaNotes","false","Batch 003 narrative-vs-verdict review reconciled public prose, verdict, grades, and nested perspective data.","review narrative-vs-verdict review reconciled public prose, verdict, grades, and nested perspective data."
"CAR-2017-0061","panthers-buffalo-bills-trade-2017-0061","qaNotes","false","Final import audit passed. | Final | Final | Final public-data QA complete. | Final import audit passed. | Landmark expanded sectioned deep-dive content applied. | Landmark Batch 2 Young/Roy/Kelvin top-off added; GSC priority candidate. | Landmark Batch 2 Young/Roy/Kelvin final word-count top-off added; GSC priority candidate. | C2 cleanup: split clean and-delimited multi-pick bundle assets into standalone pick assets.","Final import audit passed. | Final | Final | Final public-data QA complete. | Final import audit passed. | Landmark expanded sectioned deep-dive content applied. | Landmark review Young/Roy/Kelvin top-off added; GSC priority candidate. | Landmark review Young/Roy/Kelvin final word-count top-off added; GSC priority candidate. | C2 cleanup: split clean and-delimited multi-pick bundle assets into standalone pick assets."
"CAR-2017-0061","panthers-buffalo-bills-trade-2017-0061","perspectives.0.qaNotes","false","Final import audit passed | Landmark expanded sectioned deep-dive content applied. | Landmark Batch 2 Young/Roy/Kelvin top-off added; GSC priority candidate. | Landmark Batch 2 Young/Roy/Kelvin final word-count top-off added; GSC priority candidate.","Final import audit passed | Landmark expanded sectioned deep-dive content applied. | Landmark review Young/Roy/Kelvin top-off added; GSC priority candidate. | Landmark review Young/Roy/Kelvin final word-count top-off added; GSC priority candidate."
"CAR-2017-0061","panthers-buffalo-bills-trade-2017-0061","perspectives.1.qaNotes","false","Final | Landmark expanded sectioned deep-dive content applied. | Landmark Batch 2 Young/Roy/Kelvin top-off added; GSC priority candidate. | Landmark Batch 2 Young/Roy/Kelvin final word-count top-off added; GSC priority candidate.","Final | Landmark expanded sectioned deep-dive content applied. | Landmark review Young/Roy/Kelvin top-off added; GSC priority candidate. | Landmark review Young/Roy/Kelvin final word-count top-off added; GSC priority candidate."
"BAL-2018-0075","2018-1st-round-pick-25th-overall-hayden-hurst-and-2018-4th-round-pick","qaNotes","false","Batch 012 narrative-vs-verdict review reconciled public prose, verdict, grades, and nested perspective data. | CEX cleanup: split strict ready explanatory multi-pick bundle assets into standalone pick assets.","review narrative-vs-verdict review reconciled public prose, verdict, grades, and nested perspective data. | CEX cleanup: split strict ready explanatory multi-pick bundle assets into standalone pick assets."
"BUF-2018-0305","2018-1st-round-pick-16th-overall-tremaine-edmunds-baltimore-ravens-2018","qaNotes","false","Batch 025 narrative-vs-verdict review reconciled public prose, verdict, grades, and nested perspective data.","review narrative-vs-verdict review reconciled public prose, verdict, grades, and nested perspective data."
"SF-2018-0391","2018-3rd-round-pick-95th-overall-tarvarius-moore-new-england-patriots-2018","qaNotes","false","Batch 020 narrative-vs-verdict review reconciled public prose, verdict, grades, and nested perspective data. | D3 cleanup: split strict player-plus-pick bundle assets into standalone player and pick assets.","review narrative-vs-verdict review reconciled public prose, verdict, grades, and nested perspective data. | D3 cleanup: split strict player-plus-pick bundle assets into standalone player and pick assets."
"SF-2018-0391","2018-3rd-round-pick-95th-overall-tarvarius-moore-new-england-patriots-2018","perspectives.0.qaNotes","false","Batch 020 narrative-vs-verdict review reconciled public prose, verdict, grades, and nested perspective data.","review narrative-vs-verdict review reconciled public prose, verdict, grades, and nested perspective data."
"SF-2018-0391","2018-3rd-round-pick-95th-overall-tarvarius-moore-new-england-patriots-2018","perspectives.1.qaNotes","false","Batch 020 narrative-vs-verdict review reconciled public prose, verdict, grades, and nested perspective data.","review narrative-vs-verdict review reconciled public prose, verdict, grades, and nested perspective data."
"BAL-2018-0079","2018-5th-round-pick-162nd-overall-jordan-lasley-and-2018-6th-round-pic","qaNotes","false","Batch 012 narrative-vs-verdict review reconciled public prose, verdict, grades, and nested perspective data. | C2 cleanup: split clean and-delimited multi-pick bundle assets into standalone pick assets.","review narrative-vs-verdict review reconciled public prose, verdict, grades, and nested perspective data. | C2 cleanup: split clean and-delimited multi-pick bundle assets into standalone pick assets."
"SF-2018-0393","2020-7th-round-pick-217th-overall-jauan-jennings-detroit-lions-2018","qaNotes","false","Batch 020 narrative-vs-verdict review reconciled public prose, verdict, grades, and nested perspective data.","review narrative-vs-verdict review reconciled public prose, verdict, grades, and nested perspective data."
"SF-2018-0393","2020-7th-round-pick-217th-overall-jauan-jennings-detroit-lions-2018","perspectives.0.qaNotes","false","Batch 020 narrative-vs-verdict review reconciled public prose, verdict, grades, and nested perspective data.","review narrative-vs-verdict review reconciled public prose, verdict, grades, and nested perspective data."
"SF-2018-0393","2020-7th-round-pick-217th-overall-jauan-jennings-detroit-lions-2018","perspectives.1.qaNotes","false","Batch 020 narrative-vs-verdict review reconciled public prose, verdict, grades, and nested perspective data.","review narrative-vs-verdict review reconciled public prose, verdict, grades, and nested perspective data."
"SEA-2018-08-29-0198","brett-hundley-green-bay-packers-2018","qaNotes","false","Batch 008 narrative-vs-verdict review reconciled public prose, verdict, grades, and nested perspective data.","review narrative-vs-verdict review reconciled public prose, verdict, grades, and nested perspective data."
"DEN-2018-10-30-0351","2019-4th-round-pick-125th-overall-subsequently-traded-renell-wren-and-2019-7th-round-pick","qaNotes","false","Batch 009 narrative-vs-verdict review reconciled public prose, verdict, grades, and nested perspective data.","review narrative-vs-verdict review reconciled public prose, verdict, grades, and nested perspective data."
"GB-2018-0428","2020-7th-round-pick-242nd-overall-jonathan-garvin-ravens-2018","qaNotes","false","Batch 012 narrative-vs-verdict review reconciled public prose, verdict, grades, and nested perspective data.","review narrative-vs-verdict review reconciled public prose, verdict, grades, and nested perspective data."
"RAI-2019-0384","antonio-brown-pittsburgh-steelers-2019","qaNotes","false","Final | Final public-data QA complete. | Final | Final public-data QA complete | Final public-data QA complete. | Landmark expanded sectioned deep-dive content applied. | Landmark Batch 2 Diggs/AB/Collins top-off added; GSC priority candidate. | Landmark Batch 2 Diggs/AB/Collins final word-count top-off added; GSC priority candidate. | Antonio Brown final word-count top-off added; GSC priority candidate. | C2 cleanup: split clean and-delimited multi-pick bundle assets into standalone pick assets.","Final | Final public-data QA complete. | Final | Final public-data QA complete | Final public-data QA complete. | Landmark expanded sectioned deep-dive content applied. | Landmark review Diggs/AB/Collins top-off added; GSC priority candidate. | Landmark review Diggs/AB/Collins final word-count top-off added; GSC priority candidate. | Antonio Brown final word-count top-off added; GSC priority candidate. | C2 cleanup: split clean and-delimited multi-pick bundle assets into standalone pick assets."
"RAI-2019-0384","antonio-brown-pittsburgh-steelers-2019","perspectives.0.qaNotes","false","Final | Landmark expanded sectioned deep-dive content applied. | Landmark Batch 2 Diggs/AB/Collins top-off added; GSC priority candidate. | Landmark Batch 2 Diggs/AB/Collins final word-count top-off added; GSC priority candidate. | Antonio Brown final word-count top-off added; GSC priority candidate.","Final | Landmark expanded sectioned deep-dive content applied. | Landmark review Diggs/AB/Collins top-off added; GSC priority candidate. | Landmark review Diggs/AB/Collins final word-count top-off added; GSC priority candidate. | Antonio Brown final word-count top-off added; GSC priority candidate."
"RAI-2019-0384","antonio-brown-pittsburgh-steelers-2019","perspectives.1.qaNotes","false","| Landmark expanded sectioned deep-dive content applied. | Landmark Batch 2 Diggs/AB/Collins top-off added; GSC priority candidate. | Landmark Batch 2 Diggs/AB/Collins final word-count top-off added; GSC priority candidate. | Antonio Brown final word-count top-off added; GSC priority candidate.","| Landmark expanded sectioned deep-dive content applied. | Landmark review Diggs/AB/Collins top-off added; GSC priority candidate. | Landmark review Diggs/AB/Collins final word-count top-off added; GSC priority candidate. | Antonio Brown final word-count top-off added; GSC priority candidate."
"MIA-2019-0280","2020-6th-round-pick-197th-overall-subsequently-traded-cowboys-2019","qaNotes","false","Batch 025 narrative-vs-verdict review reconciled public prose, verdict, grades, and nested perspective data.","review narrative-vs-verdict review reconciled public prose, verdict, grades, and nested perspective data."
"CHI-2019-0474","2019-3rd-round-pick-73rd-overall-david-montgomery-and-2019-6th-round-p","qaNotes","false","Batch 010 narrative-vs-verdict review reconciled public prose, verdict, grades, and nested perspective data. | C2 cleanup: split clean and-delimited multi-pick bundle assets into standalone pick assets.","review narrative-vs-verdict review reconciled public prose, verdict, grades, and nested perspective data. | C2 cleanup: split clean and-delimited multi-pick bundle assets into standalone pick assets."
"MIA-2019-0281","2019-2nd-round-pick-62nd-overall-subsequently-traded-saints-2019","qaNotes","false","Batch 008 narrative-vs-verdict review reconciled public prose, verdict, grades, and nested perspective data. | CEX cleanup: split strict ready explanatory multi-pick bundle assets into standalone pick assets.","review narrative-vs-verdict review reconciled public prose, verdict, grades, and nested perspective data. | CEX cleanup: split strict ready explanatory multi-pick bundle assets into standalone pick assets."
"CIN-2019-0142","2019-4th-round-pick-136th-overall-michael-jordan-dallas-cowboys-2019","qaNotes","false","Batch 023 narrative-vs-verdict review reconciled public prose, verdict, grades, and nested perspective data. | CEX cleanup: split strict ready explanatory multi-pick bundle assets into standalone pick assets.","review narrative-vs-verdict review reconciled public prose, verdict, grades, and nested perspective data. | CEX cleanup: split strict ready explanatory multi-pick bundle assets into standalone pick assets."
"NYJ-2019-0267","2019-4th-round-pick-121st-overall-trevon-wesco-and-2019-5th-round-pick-157th-overall-blake","qaNotes","false","Batch 008 narrative-vs-verdict review reconciled public prose, verdict, grades, and nested perspective data. | C2 cleanup: split clean and-delimited multi-pick bundle assets into standalone pick assets.","review narrative-vs-verdict review reconciled public prose, verdict, grades, and nested perspective data. | C2 cleanup: split clean and-delimited multi-pick bundle assets into standalone pick assets."
"MIN-2020-03-16-0280","draft-pick-trade-buffalo-bills-2020","qaNotes","false","Final | Final QA passed | Final public-data QA complete. | Final QA passed. | Final public-data QA complete. | Final public-data QA complete. | Landmark expanded sectioned deep-dive content applied. | Landmark Batch 2 Diggs/AB/Collins top-off added; GSC priority candidate. | Landmark Batch 2 Diggs/AB/Collins final word-count top-off added; GSC priority candidate. | D3 cleanup: split strict player-plus-pick bundle assets into standalone player and pick assets.","Final | Final QA passed | Final public-data QA complete. | Final QA passed. | Final public-data QA complete. | Final public-data QA complete. | Landmark expanded sectioned deep-dive content applied. | Landmark review Diggs/AB/Collins top-off added; GSC priority candidate. | Landmark review Diggs/AB/Collins final word-count top-off added; GSC priority candidate. | D3 cleanup: split strict player-plus-pick bundle assets into standalone player and pick assets."
"SF-2020-0399","2020-1st-round-pick-13th-overall-subsequently-traded-tristan-wirfs-baltimore-indianapolis","qaNotes","false","Batch 022 narrative-vs-verdict review reconciled public prose, verdict, grades, and nested perspective data.","review narrative-vs-verdict review reconciled public prose, verdict, grades, and nested perspective data."
"SF-2020-0399","2020-1st-round-pick-13th-overall-subsequently-traded-tristan-wirfs-baltimore-indianapolis","perspectives.0.qaNotes","false","Batch 022 narrative-vs-verdict review reconciled public prose, verdict, grades, and nested perspective data.","review narrative-vs-verdict review reconciled public prose, verdict, grades, and nested perspective data."
"SF-2020-0399","2020-1st-round-pick-13th-overall-subsequently-traded-tristan-wirfs-baltimore-indianapolis","perspectives.1.qaNotes","false","Batch 022 narrative-vs-verdict review reconciled public prose, verdict, grades, and nested perspective data.","review narrative-vs-verdict review reconciled public prose, verdict, grades, and nested perspective data."
"MIA-2020-0292","matt-breida-49ers-2020","qaNotes","false","Batch 010 narrative-vs-verdict review reconciled public prose, verdict, grades, and nested perspective data.","review narrative-vs-verdict review reconciled public prose, verdict, grades, and nested perspective data."
"SF-2020-0404","2020-6th-round-pick-190th-overall-charlie-woerner-philadelphia-eagles-2020","qaNotes","false","Batch 020 narrative-vs-verdict review reconciled public prose, verdict, grades, and nested perspective data.","review narrative-vs-verdict review reconciled public prose, verdict, grades, and nested perspective data."
"SF-2020-0404","2020-6th-round-pick-190th-overall-charlie-woerner-philadelphia-eagles-2020","perspectives.0.qaNotes","false","Batch 020 narrative-vs-verdict review reconciled public prose, verdict, grades, and nested perspective data.","review narrative-vs-verdict review reconciled public prose, verdict, grades, and nested perspective data."
"SF-2020-0406","kiko-alonso-new-orleans-saints-2020","qaNotes","false","Batch 020 narrative-vs-verdict review reconciled public prose, verdict, grades, and nested perspective data. | D3 cleanup: split strict player-plus-pick bundle assets into standalone player and pick assets.","review narrative-vs-verdict review reconciled public prose, verdict, grades, and nested perspective data. | D3 cleanup: split strict player-plus-pick bundle assets into standalone player and pick assets."
"SF-2020-0406","kiko-alonso-new-orleans-saints-2020","perspectives.0.qaNotes","false","Batch 020 narrative-vs-verdict review reconciled public prose, verdict, grades, and nested perspective data.","review narrative-vs-verdict review reconciled public prose, verdict, grades, and nested perspective data."
"SF-2020-0406","kiko-alonso-new-orleans-saints-2020","perspectives.1.qaNotes","false","Batch 020 narrative-vs-verdict review reconciled public prose, verdict, grades, and nested perspective data.","review narrative-vs-verdict review reconciled public prose, verdict, grades, and nested perspective data."
"IND-2021-0369","carson-wentz-philadelphia-eagles-2021","qaNotes","false","Final public-data QA complete; row retained and public-visible. | Pass - complete row with verdict, grades, status, and synopsis. | Landmark expanded sectioned deep-dive content applied. | Landmark Batch 2 top-off added; GSC priority candidate. | CEX cleanup: split strict ready explanatory multi-pick bundle assets into standalone pick assets.","Final public-data QA complete; row retained and public-visible. | Pass - complete row with verdict, grades, status, and synopsis. | Landmark expanded sectioned deep-dive content applied. | Landmark review top-off added; GSC priority candidate. | CEX cleanup: split strict ready explanatory multi-pick bundle assets into standalone pick assets."
"IND-2021-0369","carson-wentz-philadelphia-eagles-2021","perspectives.0.qaNotes","false","Final public-data QA complete; row retained and public-visible. | Landmark expanded sectioned deep-dive content applied. | Landmark Batch 2 top-off added; GSC priority candidate.","Final public-data QA complete; row retained and public-visible. | Landmark expanded sectioned deep-dive content applied. | Landmark review top-off added; GSC priority candidate."
"IND-2021-0369","carson-wentz-philadelphia-eagles-2021","perspectives.1.qaNotes","false","Pass - complete row with verdict, grades, status, and synopsis. | Landmark expanded sectioned deep-dive content applied. | Landmark Batch 2 top-off added; GSC priority candidate.","Pass - complete row with verdict, grades, status, and synopsis. | Landmark expanded sectioned deep-dive content applied. | Landmark review top-off added; GSC priority candidate."
"CAR-2021-0076","panthers-cleveland-browns-trade-2021-0076","qaNotes","false","Batch 024 narrative-vs-verdict review reconciled public prose, verdict, grades, and nested perspective data. | CEX cleanup: split strict ready explanatory multi-pick bundle assets into standalone pick assets.","review narrative-vs-verdict review reconciled public prose, verdict, grades, and nested perspective data. | CEX cleanup: split strict ready explanatory multi-pick bundle assets into standalone pick assets."
"CAR-2021-0076","panthers-cleveland-browns-trade-2021-0076","perspectives.0.qaNotes","false","Batch 024 narrative-vs-verdict review reconciled public prose, verdict, grades, and nested perspective data.","review narrative-vs-verdict review reconciled public prose, verdict, grades, and nested perspective data."
"CAR-2021-0076","panthers-cleveland-browns-trade-2021-0076","perspectives.1.qaNotes","false","Batch 024 narrative-vs-verdict review reconciled public prose, verdict, grades, and nested perspective data.","review narrative-vs-verdict review reconciled public prose, verdict, grades, and nested perspective data."
"SF-2021-0411","charles-omenihu-houston-texans-2021","qaNotes","false","Batch 020 narrative-vs-verdict review reconciled public prose, verdict, grades, and nested perspective data.","review narrative-vs-verdict review reconciled public prose, verdict, grades, and nested perspective data."
"SF-2021-0411","charles-omenihu-houston-texans-2021","perspectives.0.qaNotes","false","Batch 020 narrative-vs-verdict review reconciled public prose, verdict, grades, and nested perspective data.","review narrative-vs-verdict review reconciled public prose, verdict, grades, and nested perspective data."
"SF-2021-0411","charles-omenihu-houston-texans-2021","perspectives.1.qaNotes","false","Batch 020 narrative-vs-verdict review reconciled public prose, verdict, grades, and nested perspective data.","review narrative-vs-verdict review reconciled public prose, verdict, grades, and nested perspective data."
"LAC-2022-0367","khalil-mack-chicago-bears-2022","qaNotes","false","Batch 003 narrative-vs-verdict review reconciled public prose, verdict, grades, and nested perspective data. | CEX cleanup: split strict ready explanatory multi-pick bundle assets into standalone pick assets.","review narrative-vs-verdict review reconciled public prose, verdict, grades, and nested perspective data. | CEX cleanup: split strict ready explanatory multi-pick bundle assets into standalone pick assets."
"NYJ-2022-0290","2022-1st-round-pick-26th-overall-jermaine-johnson-and-2022-3rd-round-pick-101st-overall-je","qaNotes","false","Batch 008 narrative-vs-verdict review reconciled public prose, verdict, grades, and nested perspective data. | C2 cleanup: split clean and-delimited multi-pick bundle assets into standalone pick assets.","review narrative-vs-verdict review reconciled public prose, verdict, grades, and nested perspective data. | C2 cleanup: split clean and-delimited multi-pick bundle assets into standalone pick assets."
"BUF-2022-0324","2022-5th-round-pick-148th-overall-khalil-shakir-chicago-bears-2022","qaNotes","false","Batch 024 narrative-vs-verdict review reconciled public prose, verdict, grades, and nested perspective data. | C2 cleanup: split clean and-delimited multi-pick bundle assets into standalone pick assets.","review narrative-vs-verdict review reconciled public prose, verdict, grades, and nested perspective data. | C2 cleanup: split clean and-delimited multi-pick bundle assets into standalone pick assets."
"BUF-2022-0325","2023-5th-round-pick-137th-overall-subsequently-traded-k-j-henry-arizona-st-louis","qaNotes","false","Batch 004 narrative-vs-verdict review reconciled public prose, verdict, grades, and nested perspective data.","review narrative-vs-verdict review reconciled public prose, verdict, grades, and nested perspective data."
"CHI-2022-0492","2023-2nd-round-pick-53rd-overall-gervon-dexter-2023-5th-round-pick-148","qaNotes","false","Batch 010 narrative-vs-verdict review reconciled public prose, verdict, grades, and nested perspective data. | CEX cleanup: split strict ready explanatory multi-pick bundle assets into standalone pick assets.","review narrative-vs-verdict review reconciled public prose, verdict, grades, and nested perspective data. | CEX cleanup: split strict ready explanatory multi-pick bundle assets into standalone pick assets."
"PIT-2022-0376","2023-2nd-round-pick-32nd-overall-joey-porter-chicago-bears-2022","qaNotes","false","Batch 011 narrative-vs-verdict review reconciled public prose, verdict, grades, and nested perspective data.","review narrative-vs-verdict review reconciled public prose, verdict, grades, and nested perspective data."
"DEN-2023-01-31-0382","sean-payton-and-2024-3rd-round-pick-81st-overall-subsequently-traded-christian-haynes-new","qaNotes","false","Batch 002 narrative-vs-verdict review reconciled public prose, verdict, grades, and nested perspective data. | CEX cleanup: split strict ready explanatory multi-pick bundle assets into standalone pick assets.","review narrative-vs-verdict review reconciled public prose, verdict, grades, and nested perspective data. | CEX cleanup: split strict ready explanatory multi-pick bundle assets into standalone pick assets."
"JAX-2023-0097","2023-1st-round-pick-27th-overall-buffalo-bills-2023","perspectives.0.qaNotes","false","Batch 023 narrative-vs-verdict review reconciled public prose, verdict, grades, and nested perspective data.","review narrative-vs-verdict review reconciled public prose, verdict, grades, and nested perspective data."
"JAX-2023-0097","2023-1st-round-pick-27th-overall-buffalo-bills-2023","perspectives.1.qaNotes","false","Batch 023 narrative-vs-verdict review reconciled public prose, verdict, grades, and nested perspective data.","review narrative-vs-verdict review reconciled public prose, verdict, grades, and nested perspective data."
"JAX-2023-0097","2023-1st-round-pick-27th-overall-buffalo-bills-2023","qaNotes","false","Batch 023 narrative-vs-verdict review reconciled public prose, verdict, grades, and nested perspective data. | C2 cleanup: split clean and-delimited multi-pick bundle assets into standalone pick assets.","review narrative-vs-verdict review reconciled public prose, verdict, grades, and nested perspective data. | C2 cleanup: split clean and-delimited multi-pick bundle assets into standalone pick assets."
"SF-2023-0416","2024-4th-round-pick-124th-overall-malik-mustapha-dallas-cowboys-2023","qaNotes","false","Batch 020 narrative-vs-verdict review reconciled public prose, verdict, grades, and nested perspective data.","review narrative-vs-verdict review reconciled public prose, verdict, grades, and nested perspective data."
"SF-2023-0416","2024-4th-round-pick-124th-overall-malik-mustapha-dallas-cowboys-2023","perspectives.0.qaNotes","false","Batch 020 narrative-vs-verdict review reconciled public prose, verdict, grades, and nested perspective data.","review narrative-vs-verdict review reconciled public prose, verdict, grades, and nested perspective data."
"SF-2023-0416","2024-4th-round-pick-124th-overall-malik-mustapha-dallas-cowboys-2023","perspectives.1.qaNotes","false","Batch 020 narrative-vs-verdict review reconciled public prose, verdict, grades, and nested perspective data.","review narrative-vs-verdict review reconciled public prose, verdict, grades, and nested perspective data."
"CIN-2024-0151","2024-7th-round-pick-224th-overall-daijahn-anthony-houston-texans-2024","qaNotes","false","Batch 024 narrative-vs-verdict review reconciled public prose, verdict, grades, and nested perspective data. Blind-spot QA: non-ready public status suppressed.","review narrative-vs-verdict review reconciled public prose, verdict, grades, and nested perspective data. Blind-spot QA: non-ready public status suppressed."
"SF-2024-0419","maliek-collins-houston-texans-2024","qaNotes","false","Batch 020 narrative-vs-verdict review reconciled public prose, verdict, grades, and nested perspective data. Blind-spot QA: non-ready public status suppressed.","review narrative-vs-verdict review reconciled public prose, verdict, grades, and nested perspective data. Blind-spot QA: non-ready public status suppressed."
"SF-2024-0419","maliek-collins-houston-texans-2024","perspectives.0.qaNotes","false","Batch 020 narrative-vs-verdict review reconciled public prose, verdict, grades, and nested perspective data.","review narrative-vs-verdict review reconciled public prose, verdict, grades, and nested perspective data."
"SF-2024-0419","maliek-collins-houston-texans-2024","perspectives.1.qaNotes","false","Batch 020 narrative-vs-verdict review reconciled public prose, verdict, grades, and nested perspective data.","review narrative-vs-verdict review reconciled public prose, verdict, grades, and nested perspective data."
"DAL-2024-0341","2024-1st-round-pick-and-2024-3rd-round-pick-detroit-lions-2024","qaNotes","false","Batch 026 narrative-vs-verdict review reconciled public prose, verdict, grades, and nested perspective data. | C2 cleanup: split clean and-delimited multi-pick bundle assets into standalone pick assets. | CEX cleanup: split strict ready explanatory multi-pick bundle assets into standalone pick assets.","review narrative-vs-verdict review reconciled public prose, verdict, grades, and nested perspective data. | C2 cleanup: split clean and-delimited multi-pick bundle assets into standalone pick assets. | CEX cleanup: split strict ready explanatory multi-pick bundle assets into standalone pick assets."
"CAR-2024-0102","panthers-new-york-jets-trade-2024-0102","qaNotes","false","Batch 026 narrative-vs-verdict review reconciled public prose, verdict, grades, and nested perspective data. | C2 cleanup: split clean and-delimited multi-pick bundle assets into standalone pick assets.","review narrative-vs-verdict review reconciled public prose, verdict, grades, and nested perspective data. | C2 cleanup: split clean and-delimited multi-pick bundle assets into standalone pick assets."
"CAR-2024-0102","panthers-new-york-jets-trade-2024-0102","perspectives.0.qaNotes","false","Batch 026 narrative-vs-verdict review reconciled public prose, verdict, grades, and nested perspective data.","review narrative-vs-verdict review reconciled public prose, verdict, grades, and nested perspective data."
"CAR-2024-0102","panthers-new-york-jets-trade-2024-0102","perspectives.1.qaNotes","false","Batch 026 narrative-vs-verdict review reconciled public prose, verdict, grades, and nested perspective data.","review narrative-vs-verdict review reconciled public prose, verdict, grades, and nested perspective data."
"NYJ-2024-0306","2024-4th-round-pick-126th-overall-subsequently-traded-giovanni-manu-and-2024-6th-round-pic","qaNotes","false","Batch 009 narrative-vs-verdict review reconciled public prose, verdict, grades, and nested perspective data. | CEX cleanup: split strict ready explanatory multi-pick bundle assets into standalone pick assets.","review narrative-vs-verdict review reconciled public prose, verdict, grades, and nested perspective data. | CEX cleanup: split strict ready explanatory multi-pick bundle assets into standalone pick assets."
"SF-2024-0422","2024-4th-round-pick-129th-overall-isaac-guerendo-new-york-jets-2024","qaNotes","false","Batch 020 narrative-vs-verdict review reconciled public prose, verdict, grades, and nested perspective data. Blind-spot QA: non-ready public status suppressed. | C2 cleanup: split clean and-delimited multi-pick bundle assets into standalone pick assets.","review narrative-vs-verdict review reconciled public prose, verdict, grades, and nested perspective data. Blind-spot QA: non-ready public status suppressed. | C2 cleanup: split clean and-delimited multi-pick bundle assets into standalone pick assets."
"SF-2024-0422","2024-4th-round-pick-129th-overall-isaac-guerendo-new-york-jets-2024","perspectives.0.qaNotes","false","Batch 020 narrative-vs-verdict review reconciled public prose, verdict, grades, and nested perspective data.","review narrative-vs-verdict review reconciled public prose, verdict, grades, and nested perspective data."
"SF-2024-0422","2024-4th-round-pick-129th-overall-isaac-guerendo-new-york-jets-2024","perspectives.1.qaNotes","false","Batch 020 narrative-vs-verdict review reconciled public prose, verdict, grades, and nested perspective data.","review narrative-vs-verdict review reconciled public prose, verdict, grades, and nested perspective data."
"RAI-2024-0424","2025-3rd-round-pick-92nd-overall-subsequently-traded-new-york-jets-2024","qaNotes","false","Batch 023 narrative-vs-verdict review reconciled public prose, verdict, grades, and nested perspective data.","review narrative-vs-verdict review reconciled public prose, verdict, grades, and nested perspective data."
"WAS-2025-0462","laremy-tunsil-and-2025-4th-round-pick-128th-overall-jaylin-lane-houston-texans-2025","qaNotes","false","Batch 021 narrative-vs-verdict review reconciled public prose, verdict, grades, and nested perspective data. | D3 cleanup: split strict player-plus-pick bundle assets into standalone player and pick assets.","review narrative-vs-verdict review reconciled public prose, verdict, grades, and nested perspective data. | D3 cleanup: split strict player-plus-pick bundle assets into standalone player and pick assets."
"WAS-2025-0462","laremy-tunsil-and-2025-4th-round-pick-128th-overall-jaylin-lane-houston-texans-2025","perspectives.0.qaNotes","false","Batch 021 narrative-vs-verdict review reconciled public prose, verdict, grades, and nested perspective data.","review narrative-vs-verdict review reconciled public prose, verdict, grades, and nested perspective data."
"WAS-2025-0462","laremy-tunsil-and-2025-4th-round-pick-128th-overall-jaylin-lane-houston-texans-2025","perspectives.1.qaNotes","false","Batch 021 narrative-vs-verdict review reconciled public prose, verdict, grades, and nested perspective data.","review narrative-vs-verdict review reconciled public prose, verdict, grades, and nested perspective data."
"SF-2025-0429","keion-white-new-england-patriots-2025","qaNotes","false","Batch 020 narrative-vs-verdict review reconciled public prose, verdict, grades, and nested perspective data.","review narrative-vs-verdict review reconciled public prose, verdict, grades, and nested perspective data."
"CIN-2025-0154","2026-7th-round-pick-221st-overall-jack-endries-dallas-cowboys-2025","qaNotes","false","Batch 023 narrative-vs-verdict review reconciled public prose, verdict, grades, and nested perspective data. Blind-spot QA: non-ready public status suppressed.","review narrative-vs-verdict review reconciled public prose, verdict, grades, and nested perspective data. Blind-spot QA: non-ready public status suppressed."
"SF-2026-0431","2026-1st-round-pick-30th-overall-subsequently-traded-omar-cooper-miami-dolphins-2026","qaNotes","false","Batch 020 narrative-vs-verdict review reconciled public prose, verdict, grades, and nested perspective data. Blind-spot QA: non-ready public status suppressed. | C2 cleanup: split clean and-delimited multi-pick bundle assets into standalone pick assets. | CEX cleanup: split strict ready explanatory multi-pick bundle assets into standalone pick assets.","review narrative-vs-verdict review reconciled public prose, verdict, grades, and nested perspective data. Blind-spot QA: non-ready public status suppressed. | C2 cleanup: split clean and-delimited multi-pick bundle assets into standalone pick assets. | CEX cleanup: split strict ready explanatory multi-pick bundle assets into standalone pick assets."
"SF-2026-0431","2026-1st-round-pick-30th-overall-subsequently-traded-omar-cooper-miami-dolphins-2026","perspectives.0.qaNotes","false","Batch 020 narrative-vs-verdict review reconciled public prose, verdict, grades, and nested perspective data.","review narrative-vs-verdict review reconciled public prose, verdict, grades, and nested perspective data."
"NYJ-2026-0328","2026-2nd-round-pick-50th-overall-d-angelo-ponds-and-2026-4th-round-pick-128th-overall-subs","qaNotes","false","Batch 009 narrative-vs-verdict review reconciled public prose, verdict, grades, and nested perspective data. Blind-spot QA: non-ready public status suppressed. | CEX cleanup: split strict ready explanatory multi-pick bundle assets into standalone pick assets.","review narrative-vs-verdict review reconciled public prose, verdict, grades, and nested perspective data. Blind-spot QA: non-ready public status suppressed. | CEX cleanup: split strict ready explanatory multi-pick bundle assets into standalone pick assets."
"PIT-2026-0394","2026-2nd-round-pick-47th-overall-germie-bernard-indianapolis-colts-2026","qaNotes","false","Batch 009 narrative-vs-verdict review reconciled public prose, verdict, grades, and nested perspective data. | CEX cleanup: split strict ready explanatory multi-pick bundle assets into standalone pick assets.","review narrative-vs-verdict review reconciled public prose, verdict, grades, and nested perspective data. | CEX cleanup: split strict ready explanatory multi-pick bundle assets into standalone pick assets."
"SEA-2026-04-25-0248","2026-6th-round-pick-199th-overall-emmanuel-hende-new-york-jets-2026","perspectives.0.qaNotes","false","Batch 009 narrative-vs-verdict review reconciled public prose, verdict, grades, and nested perspective data.","review narrative-vs-verdict review reconciled public prose, verdict, grades, and nested perspective data."
"SEA-2026-04-25-0248","2026-6th-round-pick-199th-overall-emmanuel-hende-new-york-jets-2026","perspectives.1.qaNotes","false","Batch 009 narrative-vs-verdict review reconciled public prose, verdict, grades, and nested perspective data.","review narrative-vs-verdict review reconciled public prose, verdict, grades, and nested perspective data."
"SEA-2026-04-25-0248","2026-6th-round-pick-199th-overall-emmanuel-hende-new-york-jets-2026","qaNotes","false","Batch 009 narrative-vs-verdict review reconciled public prose, verdict, grades, and nested perspective data. Blind-spot QA: non-ready public status suppressed.","review narrative-vs-verdict review reconciled public prose, verdict, grades, and nested perspective data. Blind-spot QA: non-ready public status suppressed."
