"ordinal","reviewClass","lane","sourceBucket","id","team","slug","reason","exactDuplicateRemovalCount","reportAssetCount","foundCurrentCount","missingCurrentCount","maxPickMentions","typeSet","riskSet","reportAssets","duplicateGroups","warnings","errors"
"1","manual","S6_manual_player_or_name_like_no_strict_action","B_probable_duplicate_pick_manual_patch","MIA-1980-0098","miami-dolphins","jimmy-dubose-buccaneers-1980","player/name-like asset hold has no safe duplicate action","0","3","3","0","1","pick|player","","player matches=1 risks=none :: Jimmy DuBose || pick matches=1 risks=none :: 1982 second round pick (#44-Oliver Luck) || pick matches=1 risks=none :: Jimmy DuBose 1982 second round pick (#44-Oliver Luck)","","",""
"2","manual","S6_manual_conditional_special_or_alternative","B_probable_duplicate_pick_manual_patch","MIN-1982-0141","minnesota-vikings","1983-sixth-round-pick-undisclosed-pick-los-angeles-san-diego-chargers-1982","report assets include conditional/special/or language requiring source interpretation","0","2","2","0","1","pick","slash_alternative","pick matches=1 risks=slash_alternative :: 1983 sixth round pick / undisclosed pick (?-?) || pick matches=1 risks=slash_alternative :: 1983 sixth round pick / undisclosed pick unspecified pick","","",""
"3","manual","S6_manual_conditional_special_or_alternative","B_probable_duplicate_pick_manual_patch","LAC-1986-0253","los-angeles-chargers","unspecified-consideration-tampa-bay-buccaneers-1986-lac-1986-0253","report assets include conditional/special/or language requiring source interpretation","0","2","2","0","1","pick","conditional|slash_alternative|unavailable_unknown","pick matches=1 risks=slash_alternative|conditional|unavailable_unknown :: 1987 twelfth round pick (exact selection unknown) / 1987 conditional pick unspecified pick || pick matches=1 risks=slash_alternative|conditional :: 1987 twelfth round pick (?-?) / 1987 conditional pick (?-?)","","",""
"4","manual","S6_manual_transaction_or_sentence_context","B_probable_duplicate_pick_manual_patch","RAI-2008-0330","atlanta-falcons","deangelo-hall-atlanta-falcons-2008","report assets include transaction/source sentence context","0","3","3","0","1","pick","explanatory_or_contingent|transaction_verb_leak","pick matches=1 risks=explanatory_or_contingent|transaction_verb_leak :: an undisclosed 2008 draft pick and 2008 2nd round pick (34th overall subsequently traded, Devin Thomas) || pick matches=1 risks=none :: an undisclosed 2008 draft pick || pick matches=1 risks=explanatory_or_contingent|transaction_verb_leak :: 2008 2nd round pick (34th overall subsequently traded, Devin Thomas)","","",""
"5","manual","S6_manual_transaction_or_sentence_context","B_probable_duplicate_pick_manual_patch","TB-2013-0222","tampa-bay-buccaneers","2013-6th-round-pick-196th-overall-subsequently-traded-philadelphia-eagles-2013","report assets include transaction/source sentence context","0","3","3","0","1","pick|player","conditional|explanatory_or_contingent|transaction_verb_leak|unbalanced_parentheses|word_glued_after_parenthetical","pick matches=1 risks=unbalanced_parentheses|explanatory_or_contingent|transaction_verb_leak :: 2013 6th round pick (196th overall subsequently traded || player matches=1 risks=unbalanced_parentheses :: Jeff Baca) || pick matches=1 risks=conditional|explanatory_or_contingent|transaction_verb_leak|word_glued_after_parenthetical :: 2013 6th round pick (196th overall subsequently traded, Jeff Baca) and a conditional 2014 pick (not conveyed)","","",""
"6","manual","S6_manual_transaction_or_sentence_context","B_probable_duplicate_pick_manual_patch","SEA-2013-04-01-0165","seattle-seahawks","2014-5th-round-pick-146th-overall-subsequently-tr-las-vegas-raiders-2013","report assets include transaction/source sentence context","0","3","3","0","1","pick","conditional|explanatory_or_contingent|transaction_verb_leak|word_glued_after_parenthetical","pick matches=1 risks=explanatory_or_contingent|transaction_verb_leak :: 2014 5th round pick (146th overall subsequently traded, Devin Street) || pick matches=1 risks=conditional :: a conditional 2015 pick (not conveyed) || pick matches=1 risks=conditional|explanatory_or_contingent|transaction_verb_leak|word_glued_after_parenthetical :: 2014 5th round pick (146th overall subsequently traded, Devin Street) and a conditional 2015 pick (not conveyed)","","",""
"7","manual","S6_manual_transaction_or_sentence_context","B_probable_duplicate_pick_manual_patch","TB-2018-0240","tampa-bay-buccaneers","jason-pierre-paul-new-york-giants-2018","report assets include transaction/source sentence context","0","3","3","0","1","pick|player","explanatory_or_contingent|transaction_verb_leak|unbalanced_parentheses","player matches=1 risks=none :: Jason Pierre-Paul || pick matches=1 risks=unbalanced_parentheses|explanatory_or_contingent|transaction_verb_leak :: 2018 4th round pick (102nd overall subsequently traded || pick matches=1 risks=explanatory_or_contingent|transaction_verb_leak :: Jason Pierre-Paul and 2018 4th round pick (102nd overall subsequently traded, Jalyn Holmes)","","",""
"8","manual","S6_manual_conditional_special_or_alternative","H_or_alternative_source_conflict","LAC-1989-0286","chicago-bears","unspecified-consideration-chicago-bears-1989","report assets include conditional/special/or language requiring source interpretation","0","1","1","0","1","pick","conditional|or_word","pick matches=1 risks=or_word|conditional :: 1990 conditional round pick (first, second, or third depending on how much McMahon plays with Chargers) (#33-Ron Cox (Eugene))","","",""
"9","manual","S6_manual_player_or_name_like_no_strict_action","I_other_asset_structure_review","WAS-1947-0006","washington-commanders","bob-nusbaumer-green-bay-packers-1947","player/name-like asset hold has no safe duplicate action","0","2","2","0","1","pick|player","","player matches=1 risks=none :: Bob Nusbaumer || pick matches=1 risks=none :: ""one player to be selected"" (possibly 1948 #151-Dale Schwartzkopf)","","",""
"10","manual","S6_manual_other_no_strict_action","I_other_asset_structure_review","PIT-1952-0036","arizona-cardinals","dick-fugler-arizona-st-louis-cardinals-1952","other asset-structure hold has no strict action","0","1","1","0","1","pick","","pick matches=1 risks=none :: fourth round pick (undisclosed overall/player)","","",""
"11","manual","S6_manual_player_or_name_like_no_strict_action","I_other_asset_structure_review","IND-1953-0011","chicago-bears","dick-barwegan-dick-barwegen-chicago-bears-1953","player/name-like asset hold has no safe duplicate action","0","2","2","0","1","pick|player","","player matches=1 risks=none :: Andy Hillhouse || pick matches=1 risks=none :: ""high"" draft pick (?-?)","","",""
"12","manual","S6_manual_conditional_special_or_alternative","I_other_asset_structure_review","NYG-1955-0030","green-bay-packers","undisclosed-consideration-green-bay-packers-1955","report assets include conditional/special/or language requiring source interpretation","0","2","2","0","0","pick|player","special_asset","player matches=1 risks=special_asset :: undisclosed consideration || pick matches=1 risks=none :: 1956 undisclosed pick (?-?)","","",""
"13","manual","S6_manual_other_no_strict_action","I_other_asset_structure_review","WAS-1956-0036","los-angeles-rams","tom-runnels-tommy-runnels-los-angeles-st-louis-rams-1956","other asset-structure hold has no strict action","0","1","1","0","1","pick","","pick matches=1 risks=none :: fourth round pick (undisclosed)","","",""
"14","manual","S6_manual_other_no_strict_action","I_other_asset_structure_review","PIT-1960-0088","san-francisco-49ers","dan-james-san-francisco-49ers-1960","other asset-structure hold has no strict action","0","1","1","0","1","pick","","pick matches=1 risks=none :: high draft pick (possibly 1961 #47 Aaron Thomas)","","",""
"15","manual","S6_manual_other_no_strict_action","I_other_asset_structure_review","PHI-1960-0052","philadelphia-eagles","eagles-1960-10-11-cardiinals-0052","other asset-structure hold has no strict action","0","1","1","0","1","pick","explanatory_or_contingent","pick matches=1 risks=explanatory_or_contingent :: high draft pick (probably 1961 #36-Jim Wright)","","",""
"16","manual","S6_manual_other_no_strict_action","I_other_asset_structure_review","BUF-1961-0002","las-vegas-raiders","jim-o-brien-a-las-vegas-raiders-1961","other asset-structure hold has no strict action","0","1","1","0","1","pick","","pick matches=1 risks=none :: first round pick (?-?)","","",""
"17","manual","S6_manual_other_no_strict_action","I_other_asset_structure_review","LAC-1961-0006","los-angeles-chargers","unspecified-consideration-houston-oilerstennessee-titans-1961","other asset-structure hold has no strict action","0","1","1","0","1","pick","explanatory_or_contingent","pick matches=1 risks=explanatory_or_contingent :: ""high"" draft pick (probably 1962 #31-Bob Hill)","","",""
"18","manual","S6_manual_other_no_strict_action","I_other_asset_structure_review","MIN-1962-05-19-0014","minnesota-vikings","draft-pick-trade-pittsburgh-steelers-1962","other asset-structure hold has no strict action","0","1","1","0","1","pick","","pick matches=1 risks=none :: ""high"" draft pick (?-?)","","",""
"19","manual","S6_manual_other_no_strict_action","I_other_asset_structure_review","RAI-1962-0010","los-angeles-chargers","dan-ficca-los-angeles-san-diego-chargers-1962","other asset-structure hold has no strict action","0","1","1","0","1","pick","explanatory_or_contingent|word_glued_after_parenthetical","pick matches=1 risks=explanatory_or_contingent|word_glued_after_parenthetical :: ""high"" draft pick (probably 1963 #17-(Richard) Dave Robinson)","","",""
"20","manual","S6_manual_other_no_strict_action","I_other_asset_structure_review","MIN-1962-0012","arizona-cardinals","dale-memmelaar-arizona-st-louis-cardinals-1962","other asset-structure hold has no strict action","0","1","1","0","1","pick","","pick matches=1 risks=none :: ""high"" draft pick (not exercised)","","",""
"21","manual","S6_manual_other_no_strict_action","I_other_asset_structure_review","MIN-1962-0013","minnesota-vikings","high-draft-pick-not-exercised-cardinals-voided-by-vikings-1962","other asset-structure hold has no strict action","0","1","1","0","1","pick","","pick matches=1 risks=none :: ""high"" draft pick (not exercised)","","",""
"22","manual","S6_manual_other_no_strict_action","I_other_asset_structure_review","SF-1962-0050","san-francisco-49ers","high-draft-pick-dallas-cowboys-1962","other asset-structure hold has no strict action","0","1","1","0","1","pick","","pick matches=1 risks=none :: ""high"" draft pick (?-?)","","",""
"23","manual","S6_manual_other_no_strict_action","I_other_asset_structure_review","BUF-1962-0011","kansas-city-chiefs","rights-to-george-saimes-kansas-city-chiefs-1962","other asset-structure hold has no strict action","0","1","1","0","1","pick","","pick matches=1 risks=none :: ""high"" draft pick (?-?)","","",""
"24","manual","S6_manual_player_or_name_like_no_strict_action","I_other_asset_structure_review","RAM-1963-0110","new-york-giants","roosevelt-grier-rosey-grier-new-york-giants-1963","player/name-like asset hold has no safe duplicate action","0","2","2","0","1","pick|player","","player matches=1 risks=none :: John LoVetere || pick matches=1 risks=none :: high draft pick (possibly 1964 #49-Matt Snell)","","",""
"25","manual","S6_manual_player_or_name_like_no_strict_action","I_other_asset_structure_review","DEN-1963-08-27-0010","denver-broncos","bill-groman-houston-oilers-1963","player/name-like asset hold has no safe duplicate action","0","2","2","0","1","pick|player","explanatory_or_contingent","player matches=1 risks=none :: Bill Groman || pick matches=1 risks=explanatory_or_contingent :: ""high"" draft pick (probably 1964 #33-John Varnell)","","",""
"26","manual","S6_manual_other_no_strict_action","I_other_asset_structure_review","DEN-1963-08-27-0010","tennessee-titans","bill-groman-houston-oilers-1963","other asset-structure hold has no strict action","0","1","1","0","1","pick","explanatory_or_contingent","pick matches=1 risks=explanatory_or_contingent :: ""high"" draft pick (probably 1964 #9-Charley Taylor)","","",""
"27","manual","S6_manual_conditional_special_or_alternative","I_other_asset_structure_review","DEN-1963-09-01-0011","buffalo-bills","harold-olson-buffalo-bills-1963","report assets include conditional/special/or language requiring source interpretation","0","1","1","0","1","pick","slash_alternative","pick matches=1 risks=slash_alternative :: ""high draft player"" (possibly 1964 #25-George Byrd / Butch Byrd)","","",""
"28","manual","S6_manual_other_no_strict_action","I_other_asset_structure_review","WAS-1963-0083","san-francisco-49ers","carl-kammerer-chuck-kammerer-san-francisco-49ers-1963","other asset-structure hold has no strict action","0","1","1","0","1","pick","explanatory_or_contingent","pick matches=1 risks=explanatory_or_contingent :: eighth round pick (probably 1964 #102-Bob Poole)","","",""
"29","manual","S6_manual_other_no_strict_action","I_other_asset_structure_review","NYJ-1964-0016","new-york-jets","first-round-pick-2-joe-namath-houston-oilers-tennessee-titans-1964","other asset-structure hold has no strict action","0","1","1","0","1","pick","","pick matches=1 risks=none :: first round pick (#2-Joe Namath)","","",""
"30","manual","S6_manual_conditional_special_or_alternative","I_other_asset_structure_review","MIN-1965-0037","minnesota-vikings","middle-round-draft-pick-new-york-giants-1965","report assets include conditional/special/or language requiring source interpretation","0","2","2","0","1","pick|player","special_asset","pick matches=1 risks=none :: ""middle round"" draft pick (?-?) || player matches=1 risks=special_asset :: undisclosed consideration","","",""
"31","manual","S6_manual_conditional_special_or_alternative","I_other_asset_structure_review","NYJ-1965-0023","new-york-jets","jim-colclough-jimmy-colclough-new-england-patriots-1965","report assets include conditional/special/or language requiring source interpretation","0","2","2","0","1","pick|player","slash_alternative","player matches=1 risks=slash_alternative :: Jim Colclough / Jimmy Colclough || pick matches=1 risks=none :: ""high"" draft pick (?-?)","","",""
"32","manual","S6_manual_conditional_special_or_alternative","I_other_asset_structure_review","RAM-1966-0131","atlanta-falcons","mike-dennis-atlanta-falcons-1966","report assets include conditional/special/or language requiring source interpretation","0","1","1","0","1","pick","explanatory_or_contingent|slash_alternative","pick matches=1 risks=slash_alternative|explanatory_or_contingent :: sixth round pick (probably 1967 #148-Eugene Snipes / Gene Snipes)","","",""
"33","manual","S6_manual_other_no_strict_action","I_other_asset_structure_review","NO-1967-0003","arizona-cardinals","saints-1967-04-15-arizona-cardinals-st-louis-cardinals-hershel-turner-herchel-tu","other asset-structure hold has no strict action","0","2","2","0","1","pick","","pick matches=1 risks=none :: undisclosed pick || pick matches=1 risks=none :: draft pick (not disclosed)","","",""
"34","manual","S6_manual_player_or_name_like_no_strict_action","I_other_asset_structure_review","NO-1967-0006","new-orleans-saints","saints-1967-07-01-los-angeles-rams-st-louis-rams-mike-capshaw-draft-pick","player/name-like asset hold has no safe duplicate action","0","2","2","0","0","pick|player","","player matches=1 risks=none :: Mike Capshaw || pick matches=1 risks=none :: undisclosed pick","","",""
"35","manual","S6_manual_conditional_special_or_alternative","I_other_asset_structure_review","BUF-1967-0044","kansas-city-chiefs","willie-frazier-kansas-city-chiefs-1967","report assets include conditional/special/or language requiring source interpretation","0","1","1","0","1","pick","slash_alternative","pick matches=1 risks=slash_alternative :: sixth round pick (possibly 1968 #90-Mickey McCarty / Micke McCarty)","","",""
"36","manual","S6_manual_other_no_strict_action","I_other_asset_structure_review","BUF-1967-0045","kansas-city-chiefs","billy-masters-kansas-city-chiefs-1967","other asset-structure hold has no strict action","0","2","2","0","1","pick","","pick matches=1 risks=none :: 1968 fourth round pick (possibly #90-Mickey McCarty) || pick matches=1 risks=none :: eighth round pick (?-?)","","",""
"37","manual","S6_manual_conditional_special_or_alternative","I_other_asset_structure_review","DEN-1968-06-29-0042","buffalo-bills","1969-sixth-round-pick-131-wandy-williams-buffalo-bills-1968","report assets include conditional/special/or language requiring source interpretation","0","2","2","0","1","pick|player","conditional","player matches=1 risks=none :: Charlie Mitchell || pick matches=1 risks=conditional :: conditional sixth round pick (not exercised)","","",""
"38","manual","S6_manual_conditional_special_or_alternative","I_other_asset_structure_review","DEN-1968-07-01-0044","denver-broncos","conditional-eighth-round-pick-not-exercised-buffalo-bills-1968","report assets include conditional/special/or language requiring source interpretation","0","3","3","0","1","other|pick","conditional|rights_or_compensation_language","pick matches=1 risks=conditional :: conditional eighth round pick (not exercised) || pick matches=1 risks=conditional :: conditional twelfth round pick (not exercised) || other matches=1 risks=rights_or_compensation_language :: rights to George Gaiser","","",""
"39","manual","S6_manual_conditional_special_or_alternative","I_other_asset_structure_review","NO-1968-0026","new-orleans-saints","saints-1968-08-14-new-york-giants-draft-pick-possibly-1969-117-keith-christensen","report assets include conditional/special/or language requiring source interpretation","0","3","3","0","1","pick|player","special_asset","pick matches=1 risks=none :: draft pick (possibly 1969 #117-Keith Christensen) || pick matches=1 risks=none :: undisclosed pick || player matches=1 risks=special_asset :: undisclosed consideration","","",""
"40","manual","S6_manual_other_no_strict_action","I_other_asset_structure_review","ATL-1969-0061","atlanta-falcons","possibly-1969-seventh-round-pick-164-ted-cottrell-detroit-lions-1969","other asset-structure hold has no strict action","0","1","1","0","1","pick","","pick matches=1 risks=none :: possibly 1969 seventh round pick (#164-Ted Cottrell)","","",""
"41","manual","S6_manual_other_no_strict_action","I_other_asset_structure_review","NO-1969-0038","new-orleans-saints","saints-1969-07-28-detroit-lions-draft-pick","other asset-structure hold has no strict action","0","2","2","0","1","pick","","pick matches=1 risks=none :: undisclosed pick || pick matches=1 risks=none :: draft pick (?-?)","","",""
"42","manual","S6_manual_conditional_special_or_alternative","I_other_asset_structure_review","RAM-1969-0170","philadelphia-eagles","alvin-haymond-al-haymond-philadelphia-eagles-1969","report assets include conditional/special/or language requiring source interpretation","0","3","3","0","1","pick|player","explanatory_or_contingent|slash_alternative","player matches=1 risks=slash_alternative :: Billy Anderson / Billy Guy Anderson || player matches=1 risks=none :: Jimmy Raye || pick matches=1 risks=explanatory_or_contingent :: third round pick (probably 1970 #74-Ara Person)","","",""
"43","manual","S6_manual_player_or_name_like_no_strict_action","I_other_asset_structure_review","NO-1970-0049","chicago-bears","saints-1970-03-02-chicago-bears-loyd-phillips","player/name-like asset hold has no safe duplicate action","0","2","2","0","0","pick|player","","player matches=1 risks=none :: Jim Hester || pick matches=1 risks=none :: undisclosed pick","","",""
"44","manual","S6_manual_other_no_strict_action","I_other_asset_structure_review","NO-1970-0050","new-orleans-saints","saints-1970-05-01-las-vegas-raiders-oakland-raiders-draft-pick","other asset-structure hold has no strict action","0","1","1","0","0","pick","","pick matches=1 risks=none :: undisclosed pick","","",""
"45","manual","S6_manual_other_no_strict_action","I_other_asset_structure_review","NO-1970-0054","new-york-jets","saints-1970-05-04-new-york-jets-sam-walton","other asset-structure hold has no strict action","0","2","2","0","1","pick","","pick matches=1 risks=none :: undisclosed pick || pick matches=1 risks=none :: draft pick (?-?)","","",""
"46","manual","S6_manual_other_no_strict_action","I_other_asset_structure_review","NO-1970-0057","chicago-bears","saints-1970-07-08-chicago-bears-mike-pyle","other asset-structure hold has no strict action","0","2","2","0","1","pick","","pick matches=1 risks=none :: 1971 undisclosed pick || pick matches=1 risks=none :: 1971 draft pick (?-?)","","",""
"47","manual","S6_manual_conditional_special_or_alternative","I_other_asset_structure_review","MIN-1971-03-26-0095","new-orleans-saints","bill-cody-new-orleans-saints-1971","report assets include conditional/special/or language requiring source interpretation","0","2","2","0","1","pick","conditional","pick matches=1 risks=none :: draft pick (not exercised?) || pick matches=1 risks=conditional :: conditional pick not exercised","","",""
"48","manual","S6_manual_other_no_strict_action","I_other_asset_structure_review","NO-1971-0072","new-orleans-saints","saints-1971-05-07-philadelphia-eagles-1972-draft-pick","other asset-structure hold has no strict action","0","2","2","0","1","pick","","pick matches=1 risks=none :: 1972 undisclosed pick || pick matches=1 risks=none :: 1972 draft pick (?-?)","","",""
"49","manual","S6_manual_conditional_special_or_alternative","I_other_asset_structure_review","MIA-1971-0030","miami-dolphins","conditional-tenth-round-pick-bills-1971","report assets include conditional/special/or language requiring source interpretation","0","1","1","0","1","pick","conditional","pick matches=1 risks=conditional :: conditional tenth round pick (not exercised)","","",""
"50","manual","S6_manual_other_no_strict_action","I_other_asset_structure_review","CLE-1971-0146","cleveland-browns","high-draft-pick-not-exercised-arizona-st-louis-cardinals-1971-146","other asset-structure hold has no strict action","0","1","1","0","1","pick","","pick matches=1 risks=none :: ""high"" draft pick (not exercisedundisclosed)","","",""
"51","manual","S6_manual_other_no_strict_action","I_other_asset_structure_review","WAS-1971-0166","washington-commanders","eleventh-round-pick-kansas-city-chiefs-1971","other asset-structure hold has no strict action","0","1","1","0","1","pick","","pick matches=1 risks=none :: eleventh round pick (undisclosed)","","",""
"52","manual","S6_manual_conditional_special_or_alternative","I_other_asset_structure_review","BUF-1971-0076","buffalo-bills","conditional-tenth-round-pick-not-exercised-detroit-lions-1971","report assets include conditional/special/or language requiring source interpretation","0","1","1","0","1","pick","conditional","pick matches=1 risks=conditional :: conditional tenth round pick (not exercised)","","",""
"53","manual","S6_manual_player_or_name_like_no_strict_action","I_other_asset_structure_review","DEN-1971-07-25-0078","denver-broncos","1972-undisclosed-pick-los-angeles-st-louis-rams-1971","player/name-like asset hold has no safe duplicate action","0","2","2","0","0","pick|player","","pick matches=1 risks=none :: 1972 undisclosed pick (?-?) || player matches=1 risks=none :: Joe Sweet","","",""
"54","manual","S6_manual_player_or_name_like_no_strict_action","I_other_asset_structure_review","DEN-1971-07-25-0078","los-angeles-rams","1972-undisclosed-pick-los-angeles-st-louis-rams-1971","player/name-like asset hold has no safe duplicate action","0","2","2","0","0","pick|player","","player matches=1 risks=none :: Drake Garrett || pick matches=1 risks=none :: 1972 undisclosed pick (?-?)","","",""
"55","manual","S6_manual_other_no_strict_action","I_other_asset_structure_review","RAM-1971-0198","cincinnati-bengals","mike-wilson-cincinnati-bengals-1971","other asset-structure hold has no strict action","0","1","1","0","0","pick","","pick matches=1 risks=none :: 1972 undisclosed pick (?-?)","","",""
"56","manual","S6_manual_conditional_special_or_alternative","I_other_asset_structure_review","BUF-1971-0077","philadelphia-eagles","norman-davis-norm-davis-philadelphia-eagles-1971","report assets include conditional/special/or language requiring source interpretation","0","1","1","0","1","pick","conditional","pick matches=1 risks=conditional :: conditional sixth round pick (not exercised)","","",""
"57","manual","S6_manual_player_or_name_like_no_strict_action","I_other_asset_structure_review","NO-1971-0080","new-orleans-saints","saints-1971-08-16-los-angeles-rams-st-louis-rams-charles-williams-charlie-willia","player/name-like asset hold has no safe duplicate action","0","2","2","0","0","pick|player","","player matches=1 risks=none :: Charles Williams || pick matches=1 risks=none :: undisclosed pick","","",""
"58","manual","S6_manual_other_no_strict_action","I_other_asset_structure_review","RAM-1972-0207","los-angeles-rams","fourth-round-pick-arizona-st-louis-cardinals-1972","other asset-structure hold has no strict action","0","1","1","0","1","pick","","pick matches=1 risks=none :: fourth round pick (?-?)","","",""
"59","manual","S6_manual_complex_bundle_no_strict_split","I_other_asset_structure_review","IND-1972-0123","indianapolis-colts","1972-fourth-round-pick-104-eric-allen-b-los-angeles-san-diego-chargers-1972","bundle-like or multi-pick signals remain, but no strict split action was found","0","5","5","0","1","pick","rights_or_compensation_language","pick matches=1 risks=none :: 1972 fourth round pick (#104-Eric Allen (B.)) || pick matches=1 risks=none :: 1972 eighth round pick (#191-Al Qualls) || pick matches=1 risks=none :: 1973 fourth round pick (#85-Ollie Smith) || pick matches=1 risks=none :: consolidated pick package || pick matches=1 risks=rights_or_compensation_language :: conflicting sources list combinations including 1972 fourth-round, 1972 eighth-round, 1973 fourth-round, and 1973 eighth-round compensation","","",""
"60","manual","S6_manual_other_no_strict_action","I_other_asset_structure_review","RAM-1972-0218","los-angeles-rams","third-round-pick-las-vegas-raiders-1972","other asset-structure hold has no strict action","0","1","1","0","1","pick","","pick matches=1 risks=none :: third round pick (?-?)","","",""
"61","manual","S6_manual_player_or_name_like_no_strict_action","I_other_asset_structure_review","RAM-1972-0218","las-vegas-raiders","third-round-pick-las-vegas-raiders-1972","player/name-like asset hold has no safe duplicate action","0","2","2","0","1","pick|player","","player matches=1 risks=none :: Otis Sistrunk || pick matches=1 risks=none :: fourth round pick (?-?)","","",""
"62","manual","S6_manual_conditional_special_or_alternative","I_other_asset_structure_review","IND-1973-0147","indianapolis-colts","1974-14th-round-pick-pick-may-have-been-conditional-and-not-exercised-las-vegas","report assets include conditional/special/or language requiring source interpretation","0","1","1","0","1","pick","conditional","pick matches=1 risks=conditional :: 1974 14th round pick (?-?) (pick may have been conditional and not exercised)","","",""
"63","manual","S6_manual_conditional_special_or_alternative","I_other_asset_structure_review","IND-1973-0148","indianapolis-colts","1974-tenth-round-pick-pick-may-have-been-conditional-and-not-exercised-washingto","report assets include conditional/special/or language requiring source interpretation","0","1","1","0","1","pick","conditional","pick matches=1 risks=conditional :: 1974 tenth round pick (?-?) (pick may have been conditional and not exercised)","","",""
"64","manual","S6_manual_conditional_special_or_alternative","I_other_asset_structure_review","IND-1973-0149","indianapolis-colts","1974-14th-round-pick-pick-may-have-been-conditional-and-not-exercised-houston-oi","report assets include conditional/special/or language requiring source interpretation","0","1","1","0","1","pick","conditional","pick matches=1 risks=conditional :: 1974 14th round pick (?-?) (pick may have been conditional and not exercised)","","",""
"65","manual","S6_manual_conditional_special_or_alternative","I_other_asset_structure_review","IND-1973-0156","detroit-lions","john-gordon-detroit-lions-1973","report assets include conditional/special/or language requiring source interpretation","0","1","1","0","1","pick","conditional","pick matches=1 risks=conditional :: 1974 tenth round pick (?-?) (pick may have been conditional and not exercised)","","",""
"66","manual","S6_manual_other_no_strict_action","I_other_asset_structure_review","NE-1973-0102","las-vegas-raiders","jerry-list-las-vegas-raiders-1973","other asset-structure hold has no strict action","0","1","1","0","1","pick","word_glued_after_parenthetical","pick matches=1 risks=word_glued_after_parenthetical :: 1984 (1974?) eleventh round pick (?-?)","","",""
"67","manual","S6_manual_other_no_strict_action","I_other_asset_structure_review","NE-1974-0108","new-england-patriots","1974-ninth-round-pick-209-ed-mccartney-tennessee-titans-1974","other asset-structure hold has no strict action","0","2","2","0","1","pick","","pick matches=1 risks=none :: 1974 ninth round pick (#209-Ed McCartney) || pick matches=1 risks=none :: eighth round pick (?-?)","","",""
"68","manual","S6_manual_other_no_strict_action","I_other_asset_structure_review","TEN-1974-0083","new-england-patriots","steve-kiner-new-england-patriots-1974","other asset-structure hold has no strict action","0","2","2","0","1","pick","","pick matches=1 risks=none :: 1974 ninth round pick (#209-Ed McCartney) || pick matches=1 risks=none :: eighth round pick (?-?)","","",""
"69","manual","S6_manual_other_no_strict_action","I_other_asset_structure_review","ARI-1974-0179","san-francisco-49ers","cardinals-1974-08-07-san-francisco-49ers-jim-sniadecki-ninth-round-pick","other asset-structure hold has no strict action","0","1","1","0","1","pick","","pick matches=1 risks=none :: ninth round pick (not disclosed)","","",""
"70","manual","S6_manual_conditional_special_or_alternative","I_other_asset_structure_review","NO-1974-0135","new-york-giants","saints-1974-08-22-new-york-giants-vince-clements-vin-clements","report assets include conditional/special/or language requiring source interpretation","0","3","3","0","1","pick|player","conditional|special_asset","pick matches=1 risks=conditional :: 1975 conditional pick not exercised || player matches=1 risks=special_asset :: undisclosed consideration || pick matches=1 risks=none :: 1975 draft pick (not exercised?)","","",""
"71","manual","S6_manual_conditional_special_or_alternative","I_other_asset_structure_review","WAS-1975-0219","atlanta-falcons","rights-to-glenn-hyde-atlanta-falcons-1975","report assets include conditional/special/or language requiring source interpretation","0","2","2","0","1","pick","slash_alternative","pick matches=1 risks=none :: possibly 1976 eighth round pick (#227-Art Meadowcroft) || pick matches=1 risks=slash_alternative :: 1978 eighth round pick (#216-David Williams / Dave Williams)","","",""
"72","manual","S6_manual_other_no_strict_action","I_other_asset_structure_review","NO-1975-0141","new-orleans-saints","saints-1975-07-01-arizona-cardinals-st-louis-cardinals-draft-pick","other asset-structure hold has no strict action","0","2","2","0","1","pick","","pick matches=1 risks=none :: undisclosed pick || pick matches=1 risks=none :: draft pick (not disclosed)","","",""
"73","manual","S6_manual_other_no_strict_action","I_other_asset_structure_review","RAM-1975-0259","los-angeles-rams","undiscloed-draft-pick-kansas-city-chiefs-1975","other asset-structure hold has no strict action","0","1","1","0","1","pick","","pick matches=1 risks=none :: undiscloed draft pick (?-?)","","",""
"74","manual","S6_manual_other_no_strict_action","I_other_asset_structure_review","MIN-1976-0117","minnesota-vikings","1977-draft-pick-new-orleans-saints-1976","other asset-structure hold has no strict action","0","2","2","0","1","pick","","pick matches=1 risks=none :: 1977 draft pick (?-?) || pick matches=1 risks=none :: 1977 undisclosed pick","","",""
"75","manual","S6_manual_other_no_strict_action","I_other_asset_structure_review","TB-1976-0008","new-orleans-saints","larry-cipa-new-orleans-saints-1976","other asset-structure hold has no strict action","0","2","2","0","1","pick","","pick matches=1 risks=none :: draft pick (?-?) || pick matches=1 risks=none :: undisclosed pick","","",""
"76","manual","S6_manual_other_no_strict_action","I_other_asset_structure_review","LAC-1976-0143","los-angeles-chargers","unspecified-consideration-new-orleans-saints-1976-lac-1976-0143","other asset-structure hold has no strict action","0","2","2","0","0","pick","","pick matches=1 risks=none :: unspecified draft pick || pick matches=1 risks=none :: undisclosed pick","","",""
"77","manual","S6_manual_other_no_strict_action","I_other_asset_structure_review","NO-1976-0156","arizona-cardinals","saints-1976-07-29-arizona-cardinals-st-louis-cardinals-stephen-george-steve-geor","other asset-structure hold has no strict action","0","2","2","0","1","pick","","pick matches=1 risks=none :: 1977 undisclosed pick || pick matches=1 risks=none :: 1977 draft pick (not disclosed)","","",""
"78","manual","S6_manual_conditional_special_or_alternative","I_other_asset_structure_review","NO-1979-0177","cleveland-browns","saints-1979-03-20-cleveland-browns-not-specified-in-source-record","report assets include conditional/special/or language requiring source interpretation","0","2","2","0","1","pick","conditional","pick matches=1 risks=conditional :: 1980 conditional pick not exercised || pick matches=1 risks=none :: 1980 draft pick (not exercisedundisclosed)","","",""
"79","manual","S6_manual_other_no_strict_action","I_other_asset_structure_review","CLE-1979-0219","cleveland-browns","1980-fifth-round-pick-136-laval-short-1981-fourth-round-pick-92-mike-robinson-b","other asset-structure hold has no strict action","0","3","3","0","1","pick","explanatory_or_contingent","pick matches=1 risks=none :: 1980 fifth round pick (#136-Laval Short) || pick matches=1 risks=none :: 1981 fourth round pick (#92-Mike Robinson (b)) || pick matches=1 risks=explanatory_or_contingent :: Redskins 1981 tenth round pick (probably #257-Phil Kessel)","","",""
"80","manual","S6_manual_other_no_strict_action","I_other_asset_structure_review","ARI-1980-0216","arizona-cardinals","cardinals-1980-04-29-chiefs-voided-by-cardinals-when-white-failed-to-report-for-physical-third","other asset-structure hold has no strict action","0","1","1","0","1","pick","","pick matches=1 risks=none :: third round pick","","",""
"81","manual","S6_manual_conditional_special_or_alternative","I_other_asset_structure_review","CHI-1980-0319","philadelphia-eagles","terry-tautolo-philadelphia-eagles-1980","report assets include conditional/special/or language requiring source interpretation","0","1","1","0","1","pick","conditional","pick matches=1 risks=conditional :: conditional seventh round pick (not exercised)","","",""
"82","manual","S6_manual_other_no_strict_action","I_other_asset_structure_review","MIA-1980-0101","new-england-patriots","sam-cunningham-patriots-1980","other asset-structure hold has no strict action","0","1","1","0","1","pick","","pick matches=1 risks=none :: ""high"" draft pick (not exercised)","","",""
"83","manual","S6_manual_other_no_strict_action","I_other_asset_structure_review","NE-1980-0161","dolphins-voided-when-cunningham-failed-physical","sam-cunningham-dolphins-voided-when-cunningham-failed-physical-1980","other asset-structure hold has no strict action","0","1","1","0","1","pick","","pick matches=1 risks=none :: ""high"" draft pick (not exercised)","","",""
"84","manual","S6_manual_other_no_strict_action","I_other_asset_structure_review","DET-1982-0241","detroit-lions","1983-undisclosed-pick-kansas-city-chiefs-1982-07-14","other asset-structure hold has no strict action","0","1","1","0","0","pick","","pick matches=1 risks=none :: 1983 undisclosed pick (?-?)","","",""
"85","manual","S6_manual_conditional_special_or_alternative","I_other_asset_structure_review","RAM-1983-0331","los-angeles-rams","monte-jackson-conditional-seventh-round-pick-not-exercised-las-vegas-raiders-198","report assets include conditional/special/or language requiring source interpretation","0","2","2","0","1","pick|player","conditional","player matches=1 risks=none :: Monte Jackson || pick matches=1 risks=conditional :: conditional seventh round pick (not exercised?)","","",""
"86","manual","S6_manual_other_no_strict_action","I_other_asset_structure_review","CLE-1984-0248","cleveland-browns","first-round-pick-in-1984-draft-of-usfl-players-11-kevin-mack-second-round-pick-i","other asset-structure hold has no strict action","0","3","3","0","1","pick","","pick matches=1 risks=none :: first round pick in 1984 draft of USFL players (#11-Kevin Mack) || pick matches=1 risks=none :: second round pick in 1984 draft of USFL players (#44-Gerald McNeil) || pick matches=1 risks=none :: third round pick in 1984 draft of USFL players (#71-Doug West)","","",""
"87","manual","S6_manual_conditional_special_or_alternative","I_other_asset_structure_review","SF-1984-0223","los-angeles-chargers","kenny-neil-los-angeles-san-diego-chargers-1984","report assets include conditional/special/or language requiring source interpretation","0","2","2","0","1","pick","conditional","pick matches=1 risks=none :: 1985 fifth round pick (voided) || pick matches=1 risks=conditional :: conditional pick not exercised fifth-round pick sequence involving Kenny Neil","","",""
"88","manual","S6_manual_conditional_special_or_alternative","I_other_asset_structure_review","TEN-1985-0162","kansas-city-chiefs","1985-fifth-round-pick-133-frank-bush-kansas-city-chiefs-1985","report assets include conditional/special/or language requiring source interpretation","0","4","4","0","1","pick","conditional","pick matches=1 risks=none :: 1985 sixth round pick (#153-Joe Krakoski (b)) || pick matches=1 risks=conditional :: 1986 conditional pick (?-?) || pick matches=1 risks=none :: Bob Hamm (b. 1959-04-24) || pick matches=1 risks=none :: 1986 fourth round pick (#87-Tom Baugh)","","",""
"89","manual","S6_manual_conditional_special_or_alternative","I_other_asset_structure_review","BUF-1985-0224","dallas-cowboys","anthony-dickerson-dallas-cowboys-1985","report assets include conditional/special/or language requiring source interpretation","0","1","1","0","1","pick","slash_alternative","pick matches=1 risks=slash_alternative :: ""draft choices"" (?-?) (?-?) / 1986 draft pick (?-?)","","",""
"90","manual","S6_manual_conditional_special_or_alternative","I_other_asset_structure_review","WAS-1987-0313","tennessee-titans","chris-dressel-houston-oilers-tennessee-titans-1987","report assets include conditional/special/or language requiring source interpretation","0","1","1","0","0","pick","conditional","pick matches=1 risks=conditional :: 1988 conditional pick (not exerciseduncertain)","","",""
"91","manual","S6_manual_other_no_strict_action","I_other_asset_structure_review","NE-1987-0200","tennessee-titans","jim-romano-tennessee-titans-1987","other asset-structure hold has no strict action","0","1","1","0","0","pick","","pick matches=1 risks=none :: undisclosed 1988 pick (?-?)","","",""
"92","manual","S6_manual_conditional_special_or_alternative","I_other_asset_structure_review","BUF-1987-0239","buffalo-bills","1988-conditional-late-round-pick-new-york-jets-1987","report assets include conditional/special/or language requiring source interpretation","0","1","1","0","0","pick","conditional","pick matches=1 risks=conditional :: 1988 conditional late round pick (?-?)","","",""
"93","manual","S6_manual_other_no_strict_action","I_other_asset_structure_review","NO-1987-0217","cleveland-browns","saints-1987-10-15-cleveland-browns-kirk-jones-robert-brannon","other asset-structure hold has no strict action","0","2","2","0","1","pick","","pick matches=1 risks=none :: undisclosed pick || pick matches=1 risks=none :: draft pick (undisclosed)","","",""
"94","manual","S6_manual_conditional_special_or_alternative","I_other_asset_structure_review","PIT-1988-0295","pittsburgh-steelers","1988-eighth-round-pick-211-mike-hinnant-los-angeles-san-diego-chargers-1988","report assets include conditional/special/or language requiring source interpretation","0","3","3","0","1","pick","conditional|unbalanced_parentheses","pick matches=1 risks=none :: 1988 eighth round pick (#211-Mike Hinnant) || pick matches=1 risks=unbalanced_parentheses|conditional :: 1989 conditional pick (not exercised || pick matches=1 risks=conditional :: 1989 conditional pick conditional pick not exercised","","",""
"95","manual","S6_manual_conditional_special_or_alternative","I_other_asset_structure_review","DEN-1988-05-13-0209","detroit-lions","rights-to-kip-corrington-detroit-lions-1988","report assets include conditional/special/or language requiring source interpretation","0","1","1","0","0","pick","conditional","pick matches=1 risks=conditional :: ninth round conditional pick (?-?)","","",""
"96","manual","S6_manual_conditional_special_or_alternative","I_other_asset_structure_review","WAS-1988-0320","washington-commanders","conditional-twelfth-round-pick-seattle-seahawks-1988","report assets include conditional/special/or language requiring source interpretation","0","2","2","0","1","pick","conditional","pick matches=1 risks=conditional :: conditional twelfth round pick (undisclosed) || pick matches=1 risks=conditional :: conditional twelfth round pick (?-?)","","",""
"97","manual","S6_manual_conditional_special_or_alternative","I_other_asset_structure_review","PHI-1988-0237","philadelphia-eagles","eagles-1988-07-23-houston-oilers-tennessee-titans-0237","report assets include conditional/special/or language requiring source interpretation","0","1","1","0","0","pick","conditional","pick matches=1 risks=conditional :: 1989 conditional pick (?-?)","","",""
"98","manual","S6_manual_other_no_strict_action","I_other_asset_structure_review","DEN-1988-07-29-0212","denver-broncos","1989-middle-round-pick-not-exercised-philadelphia-eagles-1988","other asset-structure hold has no strict action","0","1","1","0","0","pick","","pick matches=1 risks=none :: 1989 middle round pick (not exercised)","","",""
"99","manual","S6_manual_other_no_strict_action","I_other_asset_structure_review","NO-1988-0219","new-orleans-saints","saints-1988-08-16-new-england-patriots-draft-pick","other asset-structure hold has no strict action","0","2","2","0","1","pick","","pick matches=1 risks=none :: undisclosed pick || pick matches=1 risks=none :: draft pick (?-?)","","",""
"100","manual","S6_manual_conditional_special_or_alternative","I_other_asset_structure_review","BUF-1988-0243","buffalo-bills","1989-conditional-pick-philadelphia-eagles-1988","report assets include conditional/special/or language requiring source interpretation","0","1","1","0","0","pick","conditional","pick matches=1 risks=conditional :: 1989 conditional pick (?-?)","","",""
"101","manual","S6_manual_conditional_special_or_alternative","I_other_asset_structure_review","DEN-1988-10-01-0216","chicago-bears","calvin-thomas-chicago-bears-1988","report assets include conditional/special/or language requiring source interpretation","0","1","1","0","0","pick","conditional","pick matches=1 risks=conditional :: undisclosed conditional pick (?-?)","","",""
"102","manual","S6_manual_other_no_strict_action","I_other_asset_structure_review","LAC-1989-0283","las-vegas-raiders","unspecified-consideration-las-vegasoakland-raiders-1989","other asset-structure hold has no strict action","0","2","2","0","1","pick","explanatory_or_contingent|unavailable_unknown","pick matches=1 risks=unavailable_unknown :: 1989 third round pick (exact selection unknown) || pick matches=1 risks=explanatory_or_contingent :: Raiders 1990 fourth round pick (probably #95-Torin Dorn)","","",""
"103","manual","S6_manual_conditional_special_or_alternative","I_other_asset_structure_review","SEA-1990-08-26-0077","detroit-lions","john-ford-b-detroit-lions-1990","report assets include conditional/special/or language requiring source interpretation","0","1","1","0","0","pick","conditional","pick matches=1 risks=conditional :: undisclosed conditional pick (?-?)","","",""
"104","manual","S6_manual_conditional_special_or_alternative","I_other_asset_structure_review","PHI-1992-0250","philadelphia-eagles","eagles-1992-08-19-cleveland-browns-0250","report assets include conditional/special/or language requiring source interpretation","0","1","1","0","0","pick","conditional","pick matches=1 risks=conditional :: 1993 conditional pick (not excercised?)","","",""
"105","manual","S6_manual_conditional_special_or_alternative","I_other_asset_structure_review","CIN-1993-0113","cincinnati-bengals","1993-third-round-pick-59-steve-tovar-new-york-jets-1993","report assets include conditional/special/or language requiring source interpretation","0","2","2","0","1","pick","conditional","pick matches=1 risks=none :: 1993 third round pick (#59-Steve Tovar) || pick matches=1 risks=conditional :: 1994 conditional pick (based on performance criteria for Esiason) (not exercised)","","",""
"106","manual","S6_manual_conditional_special_or_alternative","I_other_asset_structure_review","RAM-1993-0383","kansas-city-chiefs","chris-martin-b-1960-12-19-kansas-city-chiefs-1993","report assets include conditional/special/or language requiring source interpretation","0","1","1","0","1","pick","conditional","pick matches=1 risks=conditional :: 1994 conditional pick (dependant on Martin's playing time with Rams) (#199-Steve Matthews)","","",""
"107","manual","S6_manual_other_no_strict_action","I_other_asset_structure_review","NE-1993-0242","kansas-city-chiefs","rich-baldinger-kansas-city-chiefs-1993","other asset-structure hold has no strict action","0","1","1","0","0","pick","","pick matches=1 risks=none :: 1994 undisclosed pick (not exercised)","","",""
"108","manual","S6_manual_other_no_strict_action","I_other_asset_structure_review","NE-1993-0243","new-england-patriots","1994-undisclosed-pick-not-exercised-chiefs-voided-1993","other asset-structure hold has no strict action","0","1","1","0","0","pick","","pick matches=1 risks=none :: 1994 undisclosed pick (not exercised)","","",""
"109","manual","S6_manual_other_no_strict_action","I_other_asset_structure_review","TB-1995-0155","philadelphia-eagles","1995-1st-round-pick-12th-overall-philadelphia-eagles-1995","other asset-structure hold has no strict action","0","4","4","0","1","pick|player","rights_or_compensation_language|unbalanced_parentheses","pick matches=1 risks=none :: 1995 1st round pick (7th overall, Mike Mamula) || player matches=1 risks=unbalanced_parentheses :: Mike Mamula) || pick matches=1 risks=rights_or_compensation_language :: Draft-pick compensation || pick matches=1 risks=none :: 1995 3rd round pick (72nd overall, Greg Jefferson)","","",""
"110","manual","S6_manual_transaction_or_sentence_context","I_other_asset_structure_review","TB-1995-0156","dallas-cowboys","1995-1st-round-pick-28th-overall-dallas-cowboys-1995","report assets include transaction/source sentence context","0","4","4","0","1","pick|player","explanatory_or_contingent|rights_or_compensation_language|transaction_verb_leak|unbalanced_parentheses","pick matches=1 risks=explanatory_or_contingent|transaction_verb_leak :: 1995 2nd round pick (41st overall subsequently traded, Ron Davis) || player matches=1 risks=unbalanced_parentheses :: Ron Davis) || pick matches=1 risks=rights_or_compensation_language :: Draft-pick compensation || pick matches=1 risks=none :: 1995 2nd round pick (63rd overall, Shane Hannah)","","",""
"111","manual","S6_manual_other_no_strict_action","I_other_asset_structure_review","TB-1997-0161","new-york-jets","1997-1st-round-pick-6th-overall-subsequently-traded-new-york-jets-1997","other asset-structure hold has no strict action","0","4","4","0","1","pick|player","rights_or_compensation_language|unbalanced_parentheses","pick matches=1 risks=none :: 1997 1st round pick (8th overall, James Farrior) || player matches=1 risks=unbalanced_parentheses :: James Farrior) || pick matches=1 risks=rights_or_compensation_language :: Draft-pick compensation || pick matches=1 risks=none :: 1997 4th round pick (104th overall, Leon Johnson)","","",""
"112","manual","S6_manual_other_no_strict_action","I_other_asset_structure_review","SEA-1997-04-19-0098","tampa-bay-buccaneers","1997-1st-round-pick-6th-overall-walter-jones-tampa-bay-buccaneers-1997","other asset-structure hold has no strict action","0","4","4","0","1","pick|player","rights_or_compensation_language|unbalanced_parentheses","pick matches=1 risks=none :: 1997 1st round pick (12th overall, Warrick Dunn) || pick matches=1 risks=none :: 1997 3rd round pick (63rd overall, Frank Middleton) || player matches=1 risks=unbalanced_parentheses :: Warrick Dunn) || pick matches=1 risks=rights_or_compensation_language :: Draft-pick compensation","","",""
"113","manual","S6_manual_other_no_strict_action","I_other_asset_structure_review","ATL-1998-0221","atlanta-falcons","1998-2nd-round-pick-53rd-overall-tampa-bay-buccaneers-1998","other asset-structure hold has no strict action","0","4","4","0","1","pick|player","rights_or_compensation_language|unbalanced_parentheses","pick matches=1 risks=none :: 1998 2nd round pick (53rd overall, Bob Hallen) || pick matches=1 risks=none :: 1998 4th round pick (114th overall, Tim Dwight) || player matches=1 risks=unbalanced_parentheses :: Bob Hallen) || pick matches=1 risks=rights_or_compensation_language :: Draft-pick compensation","","",""
"114","manual","S6_manual_transaction_or_sentence_context","I_other_asset_structure_review","RAI-1998-0294","tampa-bay-buccaneers","1998-1st-round-pick-23rd-overall-tampa-bay-buccaneers-1998","report assets include transaction/source sentence context","0","4","4","0","1","pick|player","explanatory_or_contingent|rights_or_compensation_language|transaction_verb_leak|unbalanced_parentheses","pick matches=1 risks=none :: 1998 2nd round pick (34th overall, Jacquez Green) || pick matches=1 risks=explanatory_or_contingent|transaction_verb_leak :: 1998 2nd round pick (59th overall subsequently traded, Mikhael Ricks) || player matches=1 risks=unbalanced_parentheses :: Jacquez Green) || pick matches=1 risks=rights_or_compensation_language :: Draft-pick compensation","","",""
"115","manual","S6_manual_other_no_strict_action","I_other_asset_structure_review","TB-1998-0169","tampa-bay-buccaneers","an-undisclosed-1999-draft-pick-kansas-city-chiefs-1998","other asset-structure hold has no strict action","0","1","1","0","0","pick","","pick matches=1 risks=none :: an undisclosed — archival verification pending 1999 draft pick","","",""
"116","manual","S6_manual_other_no_strict_action","I_other_asset_structure_review","NYJ-1998-0175","green-bay-packers","brett-conway-green-bay-packers-1998","other asset-structure hold has no strict action","0","1","1","0","0","pick","","pick matches=1 risks=none :: an undisclosed draft pick","","",""
"117","manual","S6_manual_other_no_strict_action","I_other_asset_structure_review","JAX-1999-0012","tampa-bay-buccaneers","1999-6th-round-pick-182nd-overall-tampa-bay-buccaneers-1999","other asset-structure hold has no strict action","0","3","3","0","1","pick","rights_or_compensation_language","pick matches=1 risks=none :: 1999 6th round pick (195th overall, Lamarr Glenn) || pick matches=1 risks=none :: 1999 7th round pick (233rd overall, Autry Denson) || pick matches=1 risks=rights_or_compensation_language :: Draft-pick compensation","","",""
"118","manual","S6_manual_other_no_strict_action","I_other_asset_structure_review","CAR-1999-0014","carolina-panthers","panthers-green-bay-packers-trade-1999-0014","other asset-structure hold has no strict action","0","1","1","0","0","pick","","pick matches=1 risks=none :: an undisclosed draft pick","","",""
"119","manual","S6_manual_other_no_strict_action","I_other_asset_structure_review","CAR-1999-0015","green-bay-packers","panthers-green-bay-packers-trade-1999-0015","other asset-structure hold has no strict action","0","1","1","0","0","pick","","pick matches=1 risks=none :: an undisclosed draft pick","","",""
"120","manual","S6_manual_other_no_strict_action","I_other_asset_structure_review","TB-2000-0173","new-york-jets","keyshawn-johnson-new-york-jets-2000","other asset-structure hold has no strict action","0","4","4","0","1","pick|player","rights_or_compensation_language|unbalanced_parentheses","pick matches=1 risks=none :: 2000 1st round pick (13th overall, John Abraham) || player matches=1 risks=unbalanced_parentheses :: John Abraham) || pick matches=1 risks=rights_or_compensation_language :: Draft-pick compensation || pick matches=1 risks=none :: 2000 1st round pick (27th overall, Anthony Becht)","","",""
"121","manual","S6_manual_other_no_strict_action","I_other_asset_structure_review","CAR-2000-0017","carolina-panthers","panthers-tampa-bay-buccaneers-trade-2000-0017","other asset-structure hold has no strict action","0","4","4","0","1","pick|player","rights_or_compensation_language|unbalanced_parentheses","pick matches=1 risks=none :: 2000 2nd round pick (57th overall, Deon Grant) || pick matches=1 risks=none :: 2000 4th round pick (120th overall, Alvin McKinley) || player matches=1 risks=unbalanced_parentheses :: Deon Grant) || pick matches=1 risks=rights_or_compensation_language :: Draft-pick compensation","","",""
"122","manual","S6_manual_transaction_or_sentence_context","I_other_asset_structure_review","NO-2000-0250","green-bay-packers","saints-2000-07-31-green-bay-packers-lamont-hall-and-aaron-brooks","report assets include transaction/source sentence context","0","1","1","0","1","pick","explanatory_or_contingent|sentence_fragment_leak|transaction_verb_leak|word_glued_after_parenthetical","pick matches=1 risks=explanatory_or_contingent|transaction_verb_leak|sentence_fragment_leak|word_glued_after_parenthetical :: 2001 3rd round pick (82nd overall subsequently traded, Heath Evans) and K.D. Williams","","",""
"123","manual","S6_manual_other_no_strict_action","I_other_asset_structure_review","RAI-2000-0304","las-vegas-raiders","an-undisclosed-2002-draft-pick-green-bay-packers-2000","other asset-structure hold has no strict action","0","1","1","0","0","pick","","pick matches=1 risks=none :: an undisclosed 2002 draft pick","","",""
"124","manual","S6_manual_transaction_or_sentence_context","I_other_asset_structure_review","BUF-2001-0252","buffalo-bills","2001-1st-round-pick-21st-overall-nate-clements-and-2001-2nd-round-pick-51st-over","report assets include transaction/source sentence context","0","4","4","0","1","pick|player","explanatory_or_contingent|rights_or_compensation_language|transaction_verb_leak|unbalanced_parentheses","pick matches=1 risks=none :: 2001 1st round pick (21st overall, Nate Clements) || pick matches=1 risks=explanatory_or_contingent|transaction_verb_leak :: 2001 2nd round pick (51st overall subsequently traded, Paul Toviessi) || player matches=1 risks=unbalanced_parentheses :: Nate Clements) || pick matches=1 risks=rights_or_compensation_language :: Draft-pick compensation","","",""
"125","manual","S6_manual_conditional_special_or_alternative","I_other_asset_structure_review","WAS-2001-0365","new-orleans-saints","robert-arnaud-new-orleans-saints-2001","report assets include conditional/special/or language requiring source interpretation","0","1","1","0","0","pick","conditional","pick matches=1 risks=conditional :: a conditional 2002 pick","","",""
"126","manual","S6_manual_complex_bundle_no_strict_split","I_other_asset_structure_review","MIA-2001-0187","miami-dolphins","cade-mcnown-bears-2001","bundle-like or multi-pick signals remain, but no strict split action was found","0","1","1","0","1","pick","","pick matches=1 risks=none :: Cade McNown and 2002 7th round pick (241st overall, Leonard Henry)","","",""
"127","manual","S6_manual_complex_bundle_no_strict_split","I_other_asset_structure_review","MIN-2001-09-02-0200","minnesota-vikings","spergon-wynn-cleveland-browns-2001","bundle-like or multi-pick signals remain, but no strict split action was found","0","1","1","0","1","pick","","pick matches=1 risks=none :: Spergon Wynn, Travis Prentice and 2002 7th round pick (218th overall, Chad Beasley)","","",""
"128","manual","S6_manual_conditional_special_or_alternative","I_other_asset_structure_review","MIA-2002-0189","miami-dolphins","a-conditional-2004-pick-browns-2002","report assets include conditional/special/or language requiring source interpretation","0","1","1","0","0","pick","conditional","pick matches=1 risks=conditional :: a conditional 2004 pick (not conveyed)","","",""
"129","manual","S6_manual_conditional_special_or_alternative","I_other_asset_structure_review","RAM-2002-0426","los-angeles-rams","a-conditional-2003-pick-not-conveyed-houston-texans-2002","report assets include conditional/special/or language requiring source interpretation","0","1","1","0","0","pick","conditional","pick matches=1 risks=conditional :: a conditional 2003 pick (not conveyed)","","",""
"130","manual","S6_manual_conditional_special_or_alternative","I_other_asset_structure_review","MIA-2002-0190","miami-dolphins","a-conditional-2003-pick-49ers-2002","report assets include conditional/special/or language requiring source interpretation","0","1","1","0","0","pick","conditional","pick matches=1 risks=conditional :: a conditional 2003 pick (not conveyed)","","",""
"131","manual","S6_manual_other_no_strict_action","I_other_asset_structure_review","SEA-2002-06-20-0117","seattle-seahawks","an-undisclosed-2003-draft-pick-jacksonville-jaguars-2002","other asset-structure hold has no strict action","0","1","1","0","0","pick","","pick matches=1 risks=none :: an undisclosed 2003 draft pick","","",""
"132","manual","S6_manual_other_no_strict_action","I_other_asset_structure_review","RAM-2002-0428","new-england-patriots","kole-ayi-new-england-patriots-2002","other asset-structure hold has no strict action","0","1","1","0","0","pick","","pick matches=1 risks=none :: an undisclosed 2003 draft pick","","",""
"133","manual","S6_manual_other_no_strict_action","I_other_asset_structure_review","BUF-2003-0258","cleveland-browns","mark-campbell-cleveland-browns-2003","other asset-structure hold has no strict action","0","1","1","0","0","pick","","pick matches=1 risks=none :: an undisclosed 2004 draft pick","","",""
"134","manual","S6_manual_conditional_special_or_alternative","I_other_asset_structure_review","SEA-2003-04-10-0118","atlanta-falcons","michael-thompson-atlanta-falcons-2003","report assets include conditional/special/or language requiring source interpretation","0","1","1","0","0","pick","conditional","pick matches=1 risks=conditional :: a conditional 2004 pick (not conveyed)","","",""
"135","manual","S6_manual_conditional_special_or_alternative","I_other_asset_structure_review","TB-2003-0181","dallas-cowboys","jeff-grau-dallas-cowboys-2003","report assets include conditional/special/or language requiring source interpretation","0","1","1","0","0","pick","conditional","pick matches=1 risks=conditional :: a conditional 2005 pick (not conveyed)","","",""
"136","manual","S6_manual_conditional_special_or_alternative","I_other_asset_structure_review","DEN-2003-08-13-0273","san-francisco-49ers","nate-jackson-san-francisco-49ers-2003","report assets include conditional/special/or language requiring source interpretation","0","1","1","0","0","pick","conditional","pick matches=1 risks=conditional :: conditional 2004 pick not conveyed","","",""
"137","manual","S6_manual_conditional_special_or_alternative","I_other_asset_structure_review","MIA-2003-0198","miami-dolphins","a-conditional-2004-pick-texans-2003","report assets include conditional/special/or language requiring source interpretation","0","1","1","0","0","pick","conditional","pick matches=1 risks=conditional :: a conditional 2004 pick (not conveyed)","","",""
"138","manual","S6_manual_conditional_special_or_alternative","I_other_asset_structure_review","SEA-2003-08-23-0121","denver-broncos","mat-mcbriar-denver-broncos-2003","report assets include conditional/special/or language requiring source interpretation","0","1","1","0","0","pick","conditional","pick matches=1 risks=conditional :: conditional 2004 pick not conveyed","","",""
"139","manual","S6_manual_conditional_special_or_alternative","I_other_asset_structure_review","MIA-2003-0199","miami-dolphins","a-conditional-2006-pick-packers-2003","report assets include conditional/special/or language requiring source interpretation","0","1","1","0","0","pick","conditional","pick matches=1 risks=conditional :: a conditional 2006 pick (not conveyed)","","",""
"140","manual","S6_manual_conditional_special_or_alternative","I_other_asset_structure_review","DAL-2003-0263","dallas-cowboys","a-conditional-2004-pick-green-bay-packers-2003","report assets include conditional/special/or language requiring source interpretation","0","1","1","0","0","pick","conditional","pick matches=1 risks=conditional :: a conditional 2004 pick (not conveyed)","","",""
"141","manual","S6_manual_other_no_strict_action","I_other_asset_structure_review","IND-2004-0314","green-bay-packers","jamal-reynolds-green-bay-packers-2004","other asset-structure hold has no strict action","0","1","1","0","0","pick","","pick matches=1 risks=none :: an undisclosed 2004 draft pick","","",""
"142","manual","S6_manual_other_no_strict_action","I_other_asset_structure_review","CAR-2004-0026","dallas-cowboys","panthers-dallas-cowboys-trade-2004-0026","other asset-structure hold has no strict action","0","1","1","0","0","pick","","pick matches=1 risks=none :: an undisclosed 2004 draft pick","","",""
"143","manual","S6_manual_other_no_strict_action","I_other_asset_structure_review","RAI-2004-0313","las-vegas-raiders","an-undisclosed-2004-draft-pick-chicago-bears-2004","other asset-structure hold has no strict action","0","1","1","0","0","pick","","pick matches=1 risks=none :: an undisclosed 2004 draft pick","","",""
"144","manual","S6_manual_other_no_strict_action","I_other_asset_structure_review","TB-2004-0185","tampa-bay-buccaneers","an-undisclosed-2004-draft-pick-new-york-giants-2004","other asset-structure hold has no strict action","0","2","2","0","0","pick","","pick matches=1 risks=none :: an undisclosed — archival verification pending 2004 draft pick || pick matches=1 risks=none :: an undisclosed 2004 draft pick","","",""
"145","manual","S6_manual_other_no_strict_action","I_other_asset_structure_review","HOU-2004-0013","houston-texans","an-undisclosed-2004-draft-pick-kansas-city-chiefs-2004","other asset-structure hold has no strict action","0","1","1","0","0","pick","","pick matches=1 risks=none :: an undisclosed 2004 draft pick","","",""
"146","manual","S6_manual_other_no_strict_action","I_other_asset_structure_review","MIA-2004-0207","miami-dolphins","an-undisclosed-2004-draft-pick-packers-2004","other asset-structure hold has no strict action","0","1","1","0","0","pick","","pick matches=1 risks=none :: an undisclosed 2004 draft pick","","",""
"147","manual","S6_manual_other_no_strict_action","I_other_asset_structure_review","RAI-2004-0316","las-vegas-raiders","an-undisclosed-2004-draft-pick-dallas-cowboys-2004","other asset-structure hold has no strict action","0","1","1","0","0","pick","","pick matches=1 risks=none :: an undisclosed 2004 draft pick","","",""
"148","manual","S6_manual_transaction_or_sentence_context","I_other_asset_structure_review","GB-2004-0374","green-bay-packers","j-t-o-sullivan-and-2005-2nd-round-pick-51st-overall-nick-collins-new-orleans-sai","report assets include transaction/source sentence context","0","1","1","0","1","pick","sentence_fragment_leak","pick matches=1 risks=sentence_fragment_leak :: J.T. O'Sullivan and 2005 2nd round pick (51st overall, Nick Collins)","","",""
"149","manual","S6_manual_complex_bundle_no_strict_split","I_other_asset_structure_review","GB-2004-0374","new-orleans-saints","j-t-o-sullivan-and-2005-2nd-round-pick-51st-overall-nick-collins-new-orleans-sai","bundle-like or multi-pick signals remain, but no strict split action was found","0","1","1","0","0","pick","","pick matches=1 risks=none :: Mike McKenzie and an undisclosed 2004 draft pick","","",""
"150","manual","S6_manual_transaction_or_sentence_context","I_other_asset_structure_review","LAC-2004-0340","tampa-bay-buccaneers","keenan-mccardell-tampa-bay-buccaneers-2004","report assets include transaction/source sentence context","0","4","4","0","1","pick|player","explanatory_or_contingent|rights_or_compensation_language|transaction_verb_leak|unbalanced_parentheses","pick matches=1 risks=none :: 2005 3rd round pick (91st overall, Chris Colmer) || pick matches=1 risks=explanatory_or_contingent|transaction_verb_leak :: 2005 6th round pick (203rd overall subsequently traded, Andrew Hoffman) || player matches=1 risks=unbalanced_parentheses :: Chris Colmer) || pick matches=1 risks=rights_or_compensation_language :: Draft-pick compensation","","",""
"151","manual","S6_manual_other_no_strict_action","I_other_asset_structure_review","SEA-2004-10-19-0122","las-vegas-raiders","jerry-rice-las-vegas-raiders-2004","other asset-structure hold has no strict action","0","2","2","0","0","pick","","pick matches=1 risks=none :: an undisclosed 2004 draft pick || pick matches=1 risks=none :: undisclosed pick — archival verification pending","","",""
"152","manual","S6_manual_complex_bundle_no_strict_split","I_other_asset_structure_review","DEN-2005-04-20-0281","denver-broncos","an-undisclosed-2005-draft-pick-and-2005-3rd-round-pick-76th-overall-karl-paymah-washington","bundle-like or multi-pick signals remain, but no strict split action was found","0","1","1","0","1","pick","","pick matches=1 risks=none :: undisclosed 2005 draft pick and 2005 3rd round pick (76th overall, Karl Paymah)","","",""
"153","manual","S6_manual_other_no_strict_action","I_other_asset_structure_review","DAL-2005-0274","dallas-cowboys","an-undisclosed-2006-draft-pick-new-york-jets-2005","other asset-structure hold has no strict action","0","1","1","0","0","pick","","pick matches=1 risks=none :: an undisclosed 2006 draft pick","","",""
"154","manual","S6_manual_other_no_strict_action","I_other_asset_structure_review","NYJ-2005-0193","new-york-jets","an-undisclosed-2005-draft-pick-detroit-lions-2005","other asset-structure hold has no strict action","0","1","1","0","0","pick","","pick matches=1 risks=none :: an undisclosed 2005 draft pick","","",""
"155","manual","S6_manual_other_no_strict_action","I_other_asset_structure_review","CLE-2005-0337","cleveland-browns","an-undisclosed-2006-draft-pick-new-england-patriots-2005-337","other asset-structure hold has no strict action","0","1","1","0","0","pick","","pick matches=1 risks=none :: an undisclosed 2006 draft pick","","",""
"156","manual","S6_manual_other_no_strict_action","I_other_asset_structure_review","SEA-2005-08-29-0127","chicago-bears","alain-kashama-chicago-bears-2005","other asset-structure hold has no strict action","0","1","1","0","0","pick","","pick matches=1 risks=none :: an undisclosed 2006 draft pick","","",""
"157","manual","S6_manual_other_no_strict_action","I_other_asset_structure_review","IND-2005-0316","tennessee-titans","rocky-calmus-tennessee-titans-2005","other asset-structure hold has no strict action","0","1","1","0","0","pick","","pick matches=1 risks=none :: an undisclosed 2005 draft pick","","",""
"158","manual","S6_manual_other_no_strict_action","I_other_asset_structure_review","NYJ-2005-0194","green-bay-packers","steve-morley-green-bay-packers-2005","other asset-structure hold has no strict action","0","1","1","0","0","pick","","pick matches=1 risks=none :: an undisclosed 2005 draft pick","","",""
"159","manual","S6_manual_other_no_strict_action","I_other_asset_structure_review","NYJ-2005-0195","kansas-city-chiefs","scott-fujita-kansas-city-chiefs-2005","other asset-structure hold has no strict action","0","1","1","0","0","pick","","pick matches=1 risks=none :: an undisclosed 2006 draft pick","","",""
"160","manual","S6_manual_other_no_strict_action","I_other_asset_structure_review","JAX-2005-0029","san-francisco-49ers","jamie-winborn-san-francisco-49ers-2005","other asset-structure hold has no strict action","0","1","1","0","0","pick","","pick matches=1 risks=none :: an undisclosed 2005 draft pick","","",""
"161","manual","S6_manual_other_no_strict_action","I_other_asset_structure_review","MIA-2005-0212","miami-dolphins","an-undisclosed-2005-draft-pick-saints-2005","other asset-structure hold has no strict action","0","1","1","0","0","pick","","pick matches=1 risks=none :: an undisclosed 2005 draft pick","","",""
"162","manual","S6_manual_transaction_or_sentence_context","I_other_asset_structure_review","MIA-2005-0213","los-angeles-chargers","cleo-lemon-chargers-2005","report assets include transaction/source sentence context","0","1","1","0","0","pick","sentence_fragment_leak","pick matches=1 risks=sentence_fragment_leak :: A.J. Feeley and an undisclosed 2006 draft pick","","",""
"163","manual","S6_manual_other_no_strict_action","I_other_asset_structure_review","WAS-2006-0388","san-francisco-49ers","brandon-lloyd-san-francisco-49ers-2006","other asset-structure hold has no strict action","0","1","1","0","1","pick","","pick matches=1 risks=none :: and 2006 3rd round pick (84th overall, Brandon Williams)","","",""
"164","manual","S6_manual_transaction_or_sentence_context","I_other_asset_structure_review","DEN-2006-08-18-0288","denver-broncos","2007-5th-round-pick-trade-not-exercised-adams-failed-physical-dallas-cowboys-2006","report assets include transaction/source sentence context","0","1","1","0","1","pick","conditional|explanatory_or_contingent|transaction_verb_leak","pick matches=1 risks=conditional|explanatory_or_contingent|transaction_verb_leak :: voided conditional 2007 5th-round pick; trade not exercised after Charlie Adams failed physical","","",""
"165","manual","S6_manual_transaction_or_sentence_context","I_other_asset_structure_review","MIN-2006-08-31-0216","new-york-jets","brooks-bollinger-new-york-jets-2006","report assets include transaction/source sentence context","0","1","1","0","1","pick","explanatory_or_contingent|sentence_fragment_leak|transaction_verb_leak","pick matches=1 risks=explanatory_or_contingent|transaction_verb_leak|sentence_fragment_leak :: C.J. Mosley and 2008 7th round pick (226th overall subsequently traded, Chaz Schilens)","","",""
"166","manual","S6_manual_complex_bundle_no_strict_split","I_other_asset_structure_review","DEN-2007-03-02-0290","detroit-lions","dre-bly-and-2007-6th-round-pick-176th-overall-subsequently-traded-rufus-alexander-detroit","bundle-like or multi-pick signals remain, but no strict split action was found","0","1","1","0","1","player","","player matches=1 risks=none :: Tatum Bell, George Foster and 2007 5th round pick (158th overall, Johnny Baldwin)","","",""
"167","manual","S6_manual_other_no_strict_action","I_other_asset_structure_review","MIN-2007-0212","tampa-bay-buccaneers","2007-4th-round-pick-102nd-overall-brian-robison-tampa-bay-buccaneers-2007","other asset-structure hold has no strict action","0","4","4","0","1","pick|player","rights_or_compensation_language|unbalanced_parentheses","pick matches=1 risks=none :: 2007 4th round pick (106th overall, Tanard Jackson) || pick matches=1 risks=none :: 2007 6th round pick (182nd overall, Adam Hayward) || player matches=1 risks=unbalanced_parentheses :: Tanard Jackson) || pick matches=1 risks=rights_or_compensation_language :: Draft-pick compensation","","",""
"168","manual","S6_manual_other_no_strict_action","I_other_asset_structure_review","KC-2007-0214","kansas-city-chiefs","undisclosed-pick-ryan-sims-tampa-bay-buccaneers-2007","other asset-structure hold has no strict action","0","2","2","0","0","pick","","pick matches=1 risks=none :: an undisclosed 2007 draft pick || pick matches=1 risks=none :: an undisclosed — archival verification pending 2007 draft pick","","",""
"169","manual","S6_manual_other_no_strict_action","I_other_asset_structure_review","MIA-2007-0218","kansas-city-chiefs","trent-green-chiefs-2007","other asset-structure hold has no strict action","0","1","1","0","0","pick","","pick matches=1 risks=none :: an undisclosed 2007 draft pick","","",""
"170","manual","S6_manual_other_no_strict_action","I_other_asset_structure_review","BUF-2007-0271","buffalo-bills","an-undisclosed-2007-draft-pick-chicago-bears-2007","other asset-structure hold has no strict action","0","1","1","0","0","pick","","pick matches=1 risks=none :: an undisclosed 2007 draft pick","","",""
"171","manual","S6_manual_other_no_strict_action","I_other_asset_structure_review","CAR-2007-0033","chicago-bears","panthers-chicago-bears-trade-2007-0033","other asset-structure hold has no strict action","0","1","1","0","0","pick","","pick matches=1 risks=none :: an undisclosed 2007 draft pick","","",""
"172","manual","S6_manual_other_no_strict_action","I_other_asset_structure_review","WAS-2007-0394","new-york-jets","pete-kendall-new-york-jets-2007","other asset-structure hold has no strict action","0","1","1","0","0","pick","","pick matches=1 risks=none :: an undisclosed 2007 draft pick","","",""
"173","manual","S6_manual_other_no_strict_action","I_other_asset_structure_review","MIN-2007-08-27-0221","philadelphia-eagles","kelly-holcomb-philadelphia-eagles-2007","other asset-structure hold has no strict action","0","1","1","0","0","pick","","pick matches=1 risks=none :: an undisclosed 2007 draft pick","","",""
"174","manual","S6_manual_other_no_strict_action","I_other_asset_structure_review","RAM-2007-0447","los-angeles-rams","an-undisclosed-2007-draft-pick-cincinnati-bengals-2007","other asset-structure hold has no strict action","0","1","1","0","0","pick","","pick matches=1 risks=none :: an undisclosed 2007 draft pick","","",""
"175","manual","S6_manual_other_no_strict_action","I_other_asset_structure_review","SEA-2007-09-01-0132","houston-texans","jason-babin-houston-texans-2007","other asset-structure hold has no strict action","0","1","1","0","0","pick","","pick matches=1 risks=none :: an undisclosed 2007 draft pick","","",""
"176","manual","S6_manual_complex_bundle_no_strict_split","I_other_asset_structure_review","SEA-2007-09-01-0133","seattle-seahawks","alvin-pearman-jacksonville-jaguars-2007","bundle-like or multi-pick signals remain, but no strict split action was found","0","3","3","0","0","pick|player","","player matches=1 risks=none :: Alvin Pearman || pick matches=1 risks=none :: an undisclosed 2007 draft pick || pick matches=1 risks=none :: Alvin Pearman, an undisclosed 2007 draft pick","","",""
"177","manual","S6_manual_other_no_strict_action","I_other_asset_structure_review","SEA-2007-09-01-0133","jacksonville-jaguars","alvin-pearman-jacksonville-jaguars-2007","other asset-structure hold has no strict action","0","1","1","0","0","pick","","pick matches=1 risks=none :: an undisclosed 2007 draft pick","","",""
"178","manual","S6_manual_other_no_strict_action","I_other_asset_structure_review","SEA-2007-09-11-0134","cleveland-browns","charlie-frye-cleveland-browns-2007","other asset-structure hold has no strict action","0","1","1","0","0","pick","","pick matches=1 risks=none :: an undisclosed 2007 draft pick","","",""
"179","manual","S6_manual_other_no_strict_action","I_other_asset_structure_review","MIA-2007-0219","miami-dolphins","an-undisclosed-2007-draft-pick-chargers-2007","other asset-structure hold has no strict action","0","1","1","0","0","pick","","pick matches=1 risks=none :: an undisclosed 2007 draft pick","","",""
"180","manual","S6_manual_player_or_name_like_no_strict_action","I_other_asset_structure_review","TB-2007-0196","tampa-bay-buccaneers","michael-bennett-kansas-city-chiefs-2007","player/name-like asset hold has no safe duplicate action","0","2","2","0","0","pick|player","","player matches=1 risks=none :: Michael Bennett || pick matches=1 risks=none :: an undisclosed — archival verification pending 2007 draft pick","","",""
"181","manual","S6_manual_other_no_strict_action","I_other_asset_structure_review","TB-2007-0196","kansas-city-chiefs","michael-bennett-kansas-city-chiefs-2007","other asset-structure hold has no strict action","0","1","1","0","0","pick","","pick matches=1 risks=none :: an undisclosed — archival verification pending 2007 draft pick","","",""
"182","manual","S6_manual_other_no_strict_action","I_other_asset_structure_review","TB-2008-0197","chicago-bears","brian-griese-chicago-bears-2008","other asset-structure hold has no strict action","0","2","2","0","0","pick","","pick matches=1 risks=none :: an undisclosed — archival verification pending 2008 draft pick || pick matches=1 risks=none :: an undisclosed 2008 draft pick","","",""
"183","manual","S6_manual_transaction_or_sentence_context","I_other_asset_structure_review","JAX-2008-0039","tampa-bay-buccaneers","2008-2nd-round-pick-52nd-overall-tampa-bay-buccaneers-2008","report assets include transaction/source sentence context","0","5","5","0","1","pick|player","explanatory_or_contingent|rights_or_compensation_language|sentence_fragment_leak|transaction_verb_leak|unbalanced_parentheses","pick matches=1 risks=none :: 2008 2nd round pick (58th overall, Dexter Jackson) || pick matches=1 risks=explanatory_or_contingent|transaction_verb_leak :: 2008 5th round pick (158th overall subsequently traded, Kellen Davis) || pick matches=1 risks=sentence_fragment_leak :: 2009 7th round pick (217th overall, E.J. Biggers) || player matches=1 risks=unbalanced_parentheses :: Dexter Jackson) || pick matches=1 risks=rights_or_compensation_language :: Draft-pick compensation","","",""
"184","manual","S6_manual_other_no_strict_action","I_other_asset_structure_review","TB-2008-0199","tampa-bay-buccaneers","2008-4th-round-pick-115th-overall-chicago-bears-2008","other asset-structure hold has no strict action","0","4","4","0","1","pick|player","rights_or_compensation_language|unbalanced_parentheses","pick matches=1 risks=none :: 2008 4th round pick (115th overall, Dre Moore) || player matches=1 risks=unbalanced_parentheses :: Dre Moore) || pick matches=1 risks=rights_or_compensation_language :: Draft-pick compensation || pick matches=1 risks=none :: 2008 6th round pick (175th overall, Geno Hayes)","","",""
"185","manual","S6_manual_other_no_strict_action","I_other_asset_structure_review","TB-2008-0199","chicago-bears","2008-4th-round-pick-115th-overall-chicago-bears-2008","other asset-structure hold has no strict action","0","4","4","0","1","pick|player","rights_or_compensation_language|unbalanced_parentheses","pick matches=1 risks=none :: 2008 4th round pick (120th overall, Craig Steltz) || player matches=1 risks=unbalanced_parentheses :: Craig Steltz) || pick matches=1 risks=rights_or_compensation_language :: Draft-pick compensation || pick matches=1 risks=none :: 2008 5th round pick (158th overall, Kellen Davis)","","",""
"186","manual","S6_manual_other_no_strict_action","I_other_asset_structure_review","MIN-2008-0219","minnesota-vikings","an-undisclosed-2008-draft-pick-washington-redskins-commanders-2008","other asset-structure hold has no strict action","0","1","1","0","0","pick","","pick matches=1 risks=none :: an undisclosed 2008 draft pick","","",""
"187","manual","S6_manual_other_no_strict_action","I_other_asset_structure_review","IND-2008-0322","indianapolis-colts","an-undisclosed-2008-draft-pick-philadelphia-eagles-2008","other asset-structure hold has no strict action","0","1","1","0","0","pick","","pick matches=1 risks=none :: an undisclosed 2008 draft pick","","",""
"188","manual","S6_manual_other_no_strict_action","I_other_asset_structure_review","MIA-2008-0225","miami-dolphins","an-undisclosed-2008-draft-pick-redskins-2008","other asset-structure hold has no strict action","0","1","1","0","0","pick","","pick matches=1 risks=none :: an undisclosed 2008 draft pick","","",""
"189","manual","S6_manual_other_no_strict_action","I_other_asset_structure_review","NYJ-2008-0218","green-bay-packers","brett-favre-green-bay-packers-2008","other asset-structure hold has no strict action","0","1","1","0","0","pick","","pick matches=1 risks=none :: an undisclosed 2008 draft pick","","",""
"190","manual","S6_manual_other_no_strict_action","I_other_asset_structure_review","MIA-2008-0226","miami-dolphins","an-undisclosed-2008-draft-pick-browns-2008","other asset-structure hold has no strict action","0","1","1","0","0","pick","","pick matches=1 risks=none :: an undisclosed 2008 draft pick","","",""
"191","manual","S6_manual_other_no_strict_action","I_other_asset_structure_review","TB-2008-0201","tampa-bay-buccaneers","an-undisclosed-2008-draft-pick-baltimore-ravens-2008","other asset-structure hold has no strict action","0","2","2","0","0","pick","","pick matches=1 risks=none :: an undisclosed — archival verification pending 2008 draft pick || pick matches=1 risks=none :: an undisclosed 2008 draft pick","","",""
"192","manual","S6_manual_other_no_strict_action","I_other_asset_structure_review","MIA-2008-0227","miami-dolphins","an-undisclosed-2008-draft-pick-panthers-2008","other asset-structure hold has no strict action","0","1","1","0","0","pick","","pick matches=1 risks=none :: an undisclosed 2008 draft pick","","",""
"193","manual","S6_manual_other_no_strict_action","I_other_asset_structure_review","TB-2008-0203","tampa-bay-buccaneers","an-undisclosed-2008-draft-pick-chicago-bears-2008","other asset-structure hold has no strict action","0","2","2","0","0","pick","","pick matches=1 risks=none :: an undisclosed — archival verification pending 2008 draft pick || pick matches=1 risks=none :: an undisclosed 2008 draft pick","","",""
"194","manual","S6_manual_other_no_strict_action","I_other_asset_structure_review","BUF-2008-0273","buffalo-bills","an-undisclosed-2008-draft-pick-indianapolis-colts-2008","other asset-structure hold has no strict action","0","1","1","0","0","pick","","pick matches=1 risks=none :: an undisclosed 2008 draft pick","","",""
"195","manual","S6_manual_other_no_strict_action","I_other_asset_structure_review","TB-2009-0204","cleveland-browns","kellen-winslow-cleveland-browns-2009","other asset-structure hold has no strict action","0","4","4","0","1","pick|player","rights_or_compensation_language|unbalanced_parentheses","pick matches=1 risks=none :: 2009 2nd round pick (50th overall, Mohamed Massaquoi) || player matches=1 risks=unbalanced_parentheses :: Mohamed Massaquoi) || pick matches=1 risks=rights_or_compensation_language :: Draft-pick compensation || pick matches=1 risks=none :: 2009 6th round pick (191st overall, Coye Francies)","","",""
"196","manual","S6_manual_complex_bundle_no_strict_split","I_other_asset_structure_review","ATL-2009-0252","los-angeles-rams","2009-5th-round-pick-138th-overall-los-angeles-rams-2009","bundle-like or multi-pick signals remain, but no strict split action was found","0","2","2","0","1","pick","","pick matches=1 risks=none :: Laurent Robinson, 2009 5th round pick (160th overall, Brooks Foster) || pick matches=1 risks=none :: 2009 6th round pick (196th overall, Keith Null)","","",""
"197","manual","S6_manual_other_no_strict_action","I_other_asset_structure_review","CAR-2009-0037","green-bay-packers","panthers-green-bay-packers-trade-2009-0037","other asset-structure hold has no strict action","0","1","1","0","0","pick","","pick matches=1 risks=none :: an undisclosed 2009 draft pick","","",""
"198","manual","S6_manual_other_no_strict_action","I_other_asset_structure_review","ATL-2009-0253","kansas-city-chiefs","tony-gonzalez-kansas-city-chiefs-2009","other asset-structure hold has no strict action","0","1","1","0","0","pick","","pick matches=1 risks=none :: an undisclosed 2009 draft pick","","",""
"199","manual","S6_manual_transaction_or_sentence_context","I_other_asset_structure_review","TB-2009-0205","cleveland-browns","2009-1st-round-pick-17th-overall-cleveland-browns-2009","report assets include transaction/source sentence context","0","4","4","0","1","pick|player","explanatory_or_contingent|rights_or_compensation_language|transaction_verb_leak|unbalanced_parentheses","pick matches=1 risks=explanatory_or_contingent|transaction_verb_leak :: 2009 1st round pick (19th overall subsequently traded, Jeremy Maclin) || player matches=1 risks=unbalanced_parentheses :: Jeremy Maclin) || pick matches=1 risks=rights_or_compensation_language :: Draft-pick compensation || pick matches=1 risks=none :: 2009 6th round pick (191st overall, Coye Francies)","","",""
"200","manual","S6_manual_other_no_strict_action","I_other_asset_structure_review","TB-2009-0206","dallas-cowboys","2009-4th-round-pick-117th-overall-dallas-cowboys-2009","other asset-structure hold has no strict action","0","4","4","0","1","pick|player","rights_or_compensation_language|unbalanced_parentheses","pick matches=1 risks=none :: 2009 4th round pick (120th overall, Brandon Williams) || player matches=1 risks=unbalanced_parentheses :: Brandon Williams) || pick matches=1 risks=rights_or_compensation_language :: Draft-pick compensation || pick matches=1 risks=none :: 2009 7th round pick (229th overall, Manuel Johnson)","","",""
"201","manual","S6_manual_other_no_strict_action","I_other_asset_structure_review","NE-2009-0317","tampa-bay-buccaneers","alex-smith-tampa-bay-buccaneers-2009","other asset-structure hold has no strict action","0","1","1","0","0","pick","","pick matches=1 risks=none :: an undisclosed 2009 draft pick","","",""
"202","manual","S6_manual_other_no_strict_action","I_other_asset_structure_review","NE-2009-0318","las-vegas-raiders","derrick-burgess-las-vegas-raiders-2009","other asset-structure hold has no strict action","0","1","1","0","0","pick","","pick matches=1 risks=none :: an undisclosed 2009 draft pick","","",""
"203","manual","S6_manual_other_no_strict_action","I_other_asset_structure_review","MIA-2009-0232","miami-dolphins","an-undisclosed-2009-draft-pick-chiefs-2009","other asset-structure hold has no strict action","0","1","1","0","0","pick","","pick matches=1 risks=none :: an undisclosed 2009 draft pick","","",""
"204","manual","S6_manual_conditional_special_or_alternative","I_other_asset_structure_review","NYG-2009-0270","new-york-giants","a-conditional-2011-pick-not-conveyed-new-england-patriots-2009","report assets include conditional/special/or language requiring source interpretation","0","1","1","0","0","pick","conditional","pick matches=1 risks=conditional :: a conditional 2011 pick (not conveyed)","","",""
"205","manual","S6_manual_conditional_special_or_alternative","I_other_asset_structure_review","NE-2009-0324","baltimore-ravens","prescott-burgess-baltimore-ravens-2009","report assets include conditional/special/or language requiring source interpretation","0","2","2","0","1","pick","conditional","pick matches=1 risks=none :: 2009 3rd round pick || pick matches=1 risks=conditional :: Conditional 7th round pick (2010)","","",""
"206","manual","S6_manual_complex_bundle_no_strict_split","I_other_asset_structure_review","CLE-2009-0364","cleveland-browns","chansi-stuckey-jason-trusnik-and-2009-3rd-round-pick-new-york-jets-2009-364","bundle-like or multi-pick signals remain, but no strict split action was found","0","1","1","0","1","pick","","pick matches=1 risks=none :: Chansi Stuckey, Jason Trusnik and 2009 3rd round pick","","",""
"207","manual","S6_manual_complex_bundle_no_strict_split","I_other_asset_structure_review","PIT-2010-0346","pittsburgh-steelers","bryant-mcfadden-arizona-cardinals-2010","bundle-like or multi-pick signals remain, but no strict split action was found","0","1","1","0","1","pick","","pick matches=1 risks=none :: Bryant McFadden and 2010 6th round pick (195th overall, Antonio Brown)","","",""
"208","manual","S6_manual_conditional_special_or_alternative","I_other_asset_structure_review","RAM-2010-0457","chicago-bears","kevin-payne-chicago-bears-2010","report assets include conditional/special/or language requiring source interpretation","0","1","1","0","0","pick","conditional","pick matches=1 risks=conditional :: a conditional 2010 pick (not conveyed)","","",""
"209","manual","S6_manual_conditional_special_or_alternative","I_other_asset_structure_review","RAM-2010-0460","san-francisco-49ers","isaac-bruce-san-francisco-49ers-2010","report assets include conditional/special/or language requiring source interpretation","0","1","1","0","0","pick","conditional","pick matches=1 risks=conditional :: a conditional 2012 pick (not conveyed)","","",""
"210","manual","S6_manual_transaction_or_sentence_context","I_other_asset_structure_review","DEN-2010-07-31-0316","philadelphia-eagles","joe-mays-philadelphia-eagles-2010","report assets include transaction/source sentence context","0","1","1","0","1","pick","conditional|sentence_fragment_leak","pick matches=1 risks=conditional|sentence_fragment_leak :: J.J. Arrington and 2012 6th round pick (194th overall, Marvin McNutt) (conditional pick for Arrington not making roster)","","",""
"211","manual","S6_manual_conditional_special_or_alternative","I_other_asset_structure_review","MIA-2010-0241","dallas-cowboys","pat-mcquistan-cowboys-2010","report assets include conditional/special/or language requiring source interpretation","0","1","1","0","0","pick","conditional","pick matches=1 risks=conditional :: a conditional 2010 pick (not conveyed)","","",""
"212","manual","S6_manual_conditional_special_or_alternative","I_other_asset_structure_review","JAX-2010-0050","jacksonville-jaguars","a-conditional-2011-pick-not-conveyed-green-bay-packers-2010","report assets include conditional/special/or language requiring source interpretation","0","1","1","0","0","pick","conditional","pick matches=1 risks=conditional :: conditional 2011 pick (not conveyed)","","",""
"213","manual","S6_manual_transaction_or_sentence_context","I_other_asset_structure_review","TB-2011-0215","philadelphia-eagles","2011-4th-round-pick-104th-overall-philadelphia-eagles-2011","report assets include transaction/source sentence context","0","4","4","0","1","pick|player","explanatory_or_contingent|rights_or_compensation_language|transaction_verb_leak|unbalanced_parentheses","pick matches=1 risks=none :: 2011 4th round pick (116th overall, Casey Matthews) || player matches=1 risks=unbalanced_parentheses :: Casey Matthews) || pick matches=1 risks=rights_or_compensation_language :: Draft-pick compensation || pick matches=1 risks=explanatory_or_contingent|transaction_verb_leak :: 2012 4th round pick (99th overall subsequently traded, Ben Jones)","","",""
"214","manual","S6_manual_transaction_or_sentence_context","I_other_asset_structure_review","PHI-2011-0352","philadelphia-eagles","eagles-2011-07-29-arizona-st-louis-cardinals-0352","report assets include transaction/source sentence context","0","1","1","0","1","pick","explanatory_or_contingent|transaction_verb_leak","pick matches=1 risks=explanatory_or_contingent|transaction_verb_leak :: Dominique Rodgers-Cromartie and 2012 2nd round pick (51st overall subsequently traded, Jerel Worthy)","","",""
"215","manual","S6_manual_conditional_special_or_alternative","I_other_asset_structure_review","RAM-2011-0464","los-angeles-rams","a-conditional-2012-pick-not-conveyed-cleveland-browns-2011","report assets include conditional/special/or language requiring source interpretation","0","1","1","0","0","pick","conditional","pick matches=1 risks=conditional :: conditional 2012 pick (not conveyed)","","",""
"216","manual","S6_manual_conditional_special_or_alternative","I_other_asset_structure_review","GB-2011-0405","green-bay-packers","a-conditional-2012-pick-not-conveyed-tennessee-titans-2011","report assets include conditional/special/or language requiring source interpretation","0","1","1","0","0","pick","conditional","pick matches=1 risks=conditional :: a conditional 2012 pick (not conveyed)","","",""
"217","manual","S6_manual_conditional_special_or_alternative","I_other_asset_structure_review","HOU-2011-0031","new-york-jets","derrick-mason-new-york-jets-2011","report assets include conditional/special/or language requiring source interpretation","0","1","1","0","0","pick","conditional","pick matches=1 risks=conditional :: a conditional 2012 pick (not conveyed)","","",""
"218","manual","S6_manual_complex_bundle_no_strict_split","I_other_asset_structure_review","PHI-2012-0356","philadelphia-eagles","eagles-2012-03-21-houston-texans-0356","bundle-like or multi-pick signals remain, but no strict split action was found","0","1","1","0","1","pick","","pick matches=1 risks=none :: DeMeco Ryans and 2012 3rd round pick (88th overall, Nick Foles)","","",""
"219","manual","S6_manual_transaction_or_sentence_context","I_other_asset_structure_review","JAX-2012-0054","tampa-bay-buccaneers","2012-1st-round-pick-5th-overall-tampa-bay-buccaneers-2012","report assets include transaction/source sentence context","0","4","4","0","1","pick|player","explanatory_or_contingent|rights_or_compensation_language|transaction_verb_leak|unbalanced_parentheses","pick matches=1 risks=none :: 2012 1st round pick (7th overall, Mark Barron) || pick matches=1 risks=explanatory_or_contingent|transaction_verb_leak :: 2012 4th round pick (101st overall subsequently traded, Omar Bolden) || player matches=1 risks=unbalanced_parentheses :: Mark Barron) || pick matches=1 risks=rights_or_compensation_language :: Draft-pick compensation","","",""
"220","manual","S6_manual_other_no_strict_action","I_other_asset_structure_review","TB-2012-0218","tampa-bay-buccaneers","2012-2nd-round-pick-58th-overall-houston-texans-2012","other asset-structure hold has no strict action","0","3","3","0","1","pick|player","rights_or_compensation_language|unbalanced_parentheses","pick matches=1 risks=none :: 2012 2nd round pick (58th overall, Lavonte David) || player matches=1 risks=unbalanced_parentheses :: Lavonte David) || pick matches=1 risks=rights_or_compensation_language :: Draft-pick compensation","","",""
"221","manual","S6_manual_other_no_strict_action","I_other_asset_structure_review","TB-2012-0218","houston-texans","2012-2nd-round-pick-58th-overall-houston-texans-2012","other asset-structure hold has no strict action","0","3","3","0","1","pick|player","rights_or_compensation_language|unbalanced_parentheses","pick matches=1 risks=none :: 2012 3rd round pick (68th overall, DeVier Posey) || player matches=1 risks=unbalanced_parentheses :: DeVier Posey) || pick matches=1 risks=rights_or_compensation_language :: Draft-pick compensation","","",""
"222","manual","S6_manual_other_no_strict_action","I_other_asset_structure_review","SEA-2012-05-22-0161","tampa-bay-buccaneers","kellen-winslow-tampa-bay-buccaneers-2012","other asset-structure hold has no strict action","0","2","2","0","1","pick","","pick matches=1 risks=none :: an undisclosed 2012 draft pick (Not exercised) || pick matches=1 risks=none :: an undisclosed — archival verification pending 2012 draft pick (Not exercised)","","",""
"223","manual","S6_manual_other_no_strict_action","I_other_asset_structure_review","CAR-2012-0049","carolina-panthers","panthers-new-york-jets-trade-2012-0049","other asset-structure hold has no strict action","0","1","1","0","0","pick","","pick matches=1 risks=none :: an undisclosed 2012 draft pick","","",""
"224","manual","S6_manual_other_no_strict_action","I_other_asset_structure_review","DET-2012-0352","washington-commanders","kevin-barnes-washington-redskins-commanders-2012-08-27","other asset-structure hold has no strict action","0","1","1","0","1","pick","","pick matches=1 risks=none :: an undisclosed 2013 draft pick (not exercised)","","",""
"225","manual","S6_manual_transaction_or_sentence_context","I_other_asset_structure_review","MIN-2012-0234","minnesota-vikings","a-j-jefferson-arizona-st-louis-cardinals-2012","report assets include transaction/source sentence context","0","1","1","0","1","pick","sentence_fragment_leak","pick matches=1 risks=sentence_fragment_leak :: A.J. Jefferson and 2013 7th round pick (213th overall, Michael Mauti)","","",""
"226","manual","S6_manual_transaction_or_sentence_context","I_other_asset_structure_review","SF-2013-0359","san-francisco-49ers","colt-mccoy-cleveland-browns-2013","report assets include transaction/source sentence context","0","1","1","0","1","pick","explanatory_or_contingent|transaction_verb_leak","pick matches=1 risks=explanatory_or_contingent|transaction_verb_leak :: Colt McCoy and 2013 6th round pick (173rd overall subsequently traded, Vinston Painter)","","",""
"227","manual","S6_manual_other_no_strict_action","I_other_asset_structure_review","TB-2013-0223","new-york-jets","darrelle-revis-new-york-jets-2013","other asset-structure hold has no strict action","0","4","4","0","1","pick|player","rights_or_compensation_language|unbalanced_parentheses","pick matches=1 risks=none :: 2013 1st round pick (13th overall, Sheldon Richardson) || player matches=1 risks=unbalanced_parentheses :: Sheldon Richardson) || pick matches=1 risks=rights_or_compensation_language :: Draft-pick compensation || pick matches=1 risks=none :: 2014 4th round pick (104th overall, Jalen Saunders)","","",""
"228","manual","S6_manual_other_no_strict_action","I_other_asset_structure_review","MIN-2013-0237","minnesota-vikings","2013-6th-round-pick-196th-overall-jeff-baca-tampa-bay-buccaneers-2013","other asset-structure hold has no strict action","0","4","4","0","1","pick|player","rights_or_compensation_language|unbalanced_parentheses","pick matches=1 risks=none :: 2013 6th round pick (196th overall, Jeff Baca) || pick matches=1 risks=none :: 2013 7th round pick (229th overall, Everett Dawkins) || player matches=1 risks=unbalanced_parentheses :: Jeff Baca) || pick matches=1 risks=rights_or_compensation_language :: Draft-pick compensation","","",""
"229","manual","S6_manual_other_no_strict_action","I_other_asset_structure_review","RAI-2013-0353","las-vegas-raiders","2013-4th-round-pick-112th-overall-tampa-bay-buccaneers-2013","other asset-structure hold has no strict action","0","4","4","0","1","pick|player","rights_or_compensation_language|unbalanced_parentheses","pick matches=1 risks=none :: 2013 4th round pick (112th overall, Tyler Wilson) || pick matches=1 risks=none :: 2013 6th round pick (181st overall, Latavius Murray) || player matches=1 risks=unbalanced_parentheses :: Tyler Wilson) || pick matches=1 risks=rights_or_compensation_language :: Draft-pick compensation","","",""
"230","manual","S6_manual_conditional_special_or_alternative","I_other_asset_structure_review","PIT-2013-0350","arizona-cardinals","levi-brown-arizona-cardinals-2013","report assets include conditional/special/or language requiring source interpretation","0","1","1","0","0","pick","conditional","pick matches=1 risks=conditional :: a conditional 2014 pick (not conveyed)","","",""
"231","manual","S6_manual_transaction_or_sentence_context","I_other_asset_structure_review","BUF-2014-0285","buffalo-bills","2014-7th-round-pick-221st-overall-randell-johnson-and-2015-5th-round-pick-137th","report assets include transaction/source sentence context","0","4","4","0","1","pick|player","explanatory_or_contingent|rights_or_compensation_language|transaction_verb_leak|unbalanced_parentheses","pick matches=1 risks=none :: 2014 7th round pick (221st overall, Randell Johnson) || pick matches=1 risks=explanatory_or_contingent|transaction_verb_leak :: 2015 5th round pick (137th overall subsequently traded, Grady Jarrett) || player matches=1 risks=unbalanced_parentheses :: Randell Johnson) || pick matches=1 risks=rights_or_compensation_language :: Draft-pick compensation","","",""
"232","manual","S6_manual_complex_bundle_no_strict_split","I_other_asset_structure_review","DAL-2014-0313","dallas-cowboys","rolando-mcclain-and-2015-7th-round-pick-baltimore-ravens-2014","bundle-like or multi-pick signals remain, but no strict split action was found","0","1","1","0","1","pick","","pick matches=1 risks=none :: Rolando McClain and 2015 7th round pick (243rd overall, Laurence Gibson)","","",""
"233","manual","S6_manual_conditional_special_or_alternative","I_other_asset_structure_review","GB-2014-0414","green-bay-packers","a-conditional-2015-pick-not-conveyed-new-england-patriots-2014","report assets include conditional/special/or language requiring source interpretation","0","1","1","0","0","pick","conditional","pick matches=1 risks=conditional :: a conditional 2015 pick (not conveyed)","","",""
"234","manual","S6_manual_transaction_or_sentence_context","I_other_asset_structure_review","RAM-2015-0475","philadelphia-eagles","nick-foles-2015-4th-round-pick-119th-overall-andrew-donnal-and-2016-2nd-round-pi","report assets include transaction/source sentence context","0","1","1","0","1","pick","conditional|explanatory_or_contingent|transaction_verb_leak|word_glued_after_parenthetical","pick matches=1 risks=conditional|explanatory_or_contingent|transaction_verb_leak|word_glued_after_parenthetical :: Sam Bradford, 2015 5th round pick (145th overall subsequently traded, Bobby McCain) and a conditional 2016 pick (not conveyed)","","",""
"235","manual","S6_manual_transaction_or_sentence_context","I_other_asset_structure_review","TB-2015-0233","tampa-bay-buccaneers","2015-2nd-round-pick-61st-overall-indianapolis-colts-2015","report assets include transaction/source sentence context","0","4","4","0","1","pick|player","explanatory_or_contingent|rights_or_compensation_language|transaction_verb_leak|unbalanced_parentheses","pick matches=1 risks=none :: 2015 2nd round pick (61st overall, Ali Marpet) || player matches=1 risks=unbalanced_parentheses :: Ali Marpet) || pick matches=1 risks=rights_or_compensation_language :: Draft-pick compensation || pick matches=1 risks=explanatory_or_contingent|transaction_verb_leak :: 2015 4th round pick (128th overall subsequently traded, Jon Feliciano)","","",""
"236","manual","S6_manual_other_no_strict_action","I_other_asset_structure_review","TB-2015-0233","indianapolis-colts","2015-2nd-round-pick-61st-overall-indianapolis-colts-2015","other asset-structure hold has no strict action","0","4","4","0","1","pick|player","rights_or_compensation_language|unbalanced_parentheses","pick matches=1 risks=none :: 2015 3rd round pick (65th overall, D'Joun Smith) || player matches=1 risks=unbalanced_parentheses :: D'Joun Smith) || pick matches=1 risks=rights_or_compensation_language :: Draft-pick compensation || pick matches=1 risks=none :: 2015 4th round pick (109th overall, Clayton Geathers)","","",""
"237","manual","S6_manual_other_no_strict_action","I_other_asset_structure_review","RAI-2015-0359","las-vegas-raiders","2015-4th-round-pick-128th-overall-tampa-bay-buccaneers-2015","other asset-structure hold has no strict action","0","4","4","0","1","pick|player","rights_or_compensation_language|unbalanced_parentheses","pick matches=1 risks=none :: 2015 4th round pick (128th overall, Jon Feliciano) || pick matches=1 risks=none :: 2015 7th round pick (218th overall, Anthony Morris) || player matches=1 risks=unbalanced_parentheses :: Jon Feliciano) || pick matches=1 risks=rights_or_compensation_language :: Draft-pick compensation","","",""
"238","manual","S6_manual_complex_bundle_no_strict_split","I_other_asset_structure_review","MIA-2016-0262","miami-dolphins","byron-maxwell-eagles-2016","bundle-like or multi-pick signals remain, but no strict split action was found","0","1","1","0","1","pick","","pick matches=1 risks=none :: Byron Maxwell, Kiko Alonso and 2016 1st round pick (13th overall, Laremy Tunsil)","","",""
"239","manual","S6_manual_transaction_or_sentence_context","I_other_asset_structure_review","PHI-2016-0382","tennessee-titans","eagles-2016-03-09-tennessee-titans-0382","report assets include transaction/source sentence context","0","1","1","0","1","pick","explanatory_or_contingent|transaction_verb_leak","pick matches=1 risks=explanatory_or_contingent|transaction_verb_leak :: DeMarco Murray and 2016 4th round pick (113th overall subsequently traded, Nick Kwiatkoski)","","",""
"240","manual","S6_manual_conditional_special_or_alternative","I_other_asset_structure_review","DEN-2016-03-11-0336","philadelphia-eagles","mark-sanchez-philadelphia-eagles-2016","report assets include conditional/special/or language requiring source interpretation","0","2","2","0","0","pick|player","conditional|unbalanced_parentheses","pick matches=1 risks=unbalanced_parentheses|conditional :: a conditional 2017 pick (7th round || player matches=1 risks=unbalanced_parentheses :: did not convey)","","",""
"241","manual","S6_manual_transaction_or_sentence_context","I_other_asset_structure_review","TB-2016-0235","tampa-bay-buccaneers","2016-1st-round-pick-11th-overall-chicago-bears-2016","report assets include transaction/source sentence context","0","4","4","0","1","pick|player","explanatory_or_contingent|rights_or_compensation_language|transaction_verb_leak|unbalanced_parentheses","pick matches=1 risks=none :: 2016 1st round pick (11th overall, Vernon Hargreaves) || player matches=1 risks=unbalanced_parentheses :: Vernon Hargreaves) || pick matches=1 risks=rights_or_compensation_language :: Draft-pick compensation || pick matches=1 risks=explanatory_or_contingent|transaction_verb_leak :: 2016 4th round pick (106th overall subsequently traded, Eric Murray)","","",""
"242","manual","S6_manual_other_no_strict_action","I_other_asset_structure_review","KC-2016-0237","kansas-city-chiefs","2016-3rd-round-pick-74th-overall-tampa-bay-buccaneers-2016","other asset-structure hold has no strict action","0","4","4","0","1","pick|player","rights_or_compensation_language|unbalanced_parentheses","pick matches=1 risks=none :: 2016 3rd round pick (74th overall, KeiVarae Russell) || pick matches=1 risks=none :: 2016 4th round pick (106th overall, Eric Murray) || player matches=1 risks=unbalanced_parentheses :: KeiVarae Russell) || pick matches=1 risks=rights_or_compensation_language :: Draft-pick compensation","","",""
"243","manual","S6_manual_conditional_special_or_alternative","I_other_asset_structure_review","MIA-2016-0268","miami-dolphins","a-conditional-2017-pick-7th-round-saints-2016","report assets include conditional/special/or language requiring source interpretation","0","2","2","0","0","pick|player","conditional|unbalanced_parentheses","pick matches=1 risks=unbalanced_parentheses|conditional :: a conditional 2017 pick (7th round || player matches=1 risks=unbalanced_parentheses :: did not convey)","","",""
"244","manual","S6_manual_conditional_special_or_alternative","I_other_asset_structure_review","GB-2016-0418","kansas-city-chiefs","knile-davis-kansas-city-chiefs-2016","report assets include conditional/special/or language requiring source interpretation","0","1","1","0","0","pick","conditional","pick matches=1 risks=conditional :: a conditional 2018 pick (not conveyed)","","",""
"245","manual","S6_manual_conditional_special_or_alternative","I_other_asset_structure_review","TB-2016-0237","tampa-bay-buccaneers","a-conditional-2018-pick-not-conveyed-detroit-lions-2016","report assets include conditional/special/or language requiring source interpretation","0","1","1","0","0","pick","conditional","pick matches=1 risks=conditional :: a conditional 2018 pick (not conveyed)","","",""
"246","manual","S6_manual_conditional_special_or_alternative","I_other_asset_structure_review","MIA-2017-0270","miami-dolphins","a-conditional-2018-pick-jaguars-2017","report assets include conditional/special/or language requiring source interpretation","0","1","1","0","0","pick","conditional","pick matches=1 risks=conditional :: conditional 2018 pick (not conveyed)","","",""
"247","manual","S6_manual_transaction_or_sentence_context","I_other_asset_structure_review","KC-2017-0244","new-england-patriots","2017-5th-round-pick-183rd-overall-new-england-boston-patriots-2017","report assets include transaction/source sentence context","0","1","1","0","1","pick","explanatory_or_contingent|transaction_verb_leak","pick matches=1 risks=explanatory_or_contingent|transaction_verb_leak :: James O'Shaughnessy and 2017 6th round pick (216th overall subsequently traded, Marquez White)","","",""
"248","manual","S6_manual_transaction_or_sentence_context","I_other_asset_structure_review","TB-2017-0238","new-york-jets","2017-3rd-round-pick-107th-overall-new-york-jets-2017","report assets include transaction/source sentence context","0","4","4","0","1","pick|player","explanatory_or_contingent|rights_or_compensation_language|transaction_verb_leak|unbalanced_parentheses","pick matches=1 risks=explanatory_or_contingent|transaction_verb_leak :: 2017 4th round pick (125th overall subsequently traded, Samson Ebukam) || player matches=1 risks=unbalanced_parentheses :: Samson Ebukam) || pick matches=1 risks=rights_or_compensation_language :: Draft-pick compensation || pick matches=1 risks=none :: 2017 6th round pick (204th overall, Derrick Jones)","","",""
"249","manual","S6_manual_transaction_or_sentence_context","I_other_asset_structure_review","MIA-2017-0273","miami-dolphins","2017-7th-round-pick-237th-overall-buccaneers-2017","report assets include transaction/source sentence context","0","4","4","0","1","pick|player","explanatory_or_contingent|rights_or_compensation_language|transaction_verb_leak|unbalanced_parentheses","pick matches=1 risks=none :: 2017 7th round pick (237th overall, Isaiah Ford) || pick matches=1 risks=explanatory_or_contingent|transaction_verb_leak :: 2018 7th round pick (223rd overall subsequently traded, Jullian Taylor) || player matches=1 risks=unbalanced_parentheses :: Isaiah Ford) || pick matches=1 risks=rights_or_compensation_language :: Draft-pick compensation","","",""
"250","manual","S6_manual_conditional_special_or_alternative","I_other_asset_structure_review","BUF-2017-0295","buffalo-bills","a-conditional-2019-pick-7th-round-los-angeles-chargers-2017","report assets include conditional/special/or language requiring source interpretation","0","2","2","0","0","pick|player","conditional|unbalanced_parentheses","pick matches=1 risks=unbalanced_parentheses|conditional :: a conditional 2019 pick (7th round || player matches=1 risks=unbalanced_parentheses :: not conveyed)","","",""
"251","manual","S6_manual_transaction_or_sentence_context","I_other_asset_structure_review","BUF-2017-0296","buffalo-bills","ej-gaines-and-2018-2nd-round-pick-56th-overall-subsequently-traded-duke-dawson-l","report assets include transaction/source sentence context","0","1","1","0","1","pick","explanatory_or_contingent|transaction_verb_leak","pick matches=1 risks=explanatory_or_contingent|transaction_verb_leak :: EJ Gaines and 2018 2nd round pick (56th overall subsequently traded, Duke Dawson)","","",""
"252","manual","S6_manual_conditional_special_or_alternative","I_other_asset_structure_review","PHI-2017-0397","philadelphia-eagles","eagles-2017-08-29-new-orleans-saints-0397","report assets include conditional/special/or language requiring source interpretation","0","1","1","0","1","pick","conditional|explanatory_or_contingent","pick matches=1 risks=conditional|explanatory_or_contingent :: 2019 7th round pick (draft pick voluntarily returned by Eagles after Dorenbos failed his physical due to a pre-existing condition)","","",""
"253","manual","S6_manual_conditional_special_or_alternative","I_other_asset_structure_review","SEA-2017-09-02-0191","kansas-city-chiefs","isaiah-battle-kansas-city-chiefs-2017","report assets include conditional/special/or language requiring source interpretation","0","1","1","0","0","pick","conditional","pick matches=1 risks=conditional :: a conditional 2018 pick (not conveyed)","","",""
"254","manual","S6_manual_conditional_special_or_alternative","I_other_asset_structure_review","LAC-2017-0363","los-angeles-chargers","a-conditional-2018-pick-not-conveyed-chicago-bears-2017","report assets include conditional/special/or language requiring source interpretation","0","1","1","0","0","pick","conditional","pick matches=1 risks=conditional :: a conditional 2018 pick (not conveyed)","","",""
"255","manual","S6_manual_complex_bundle_no_strict_split","I_other_asset_structure_review","CLE-2018-0417","new-england-patriots","2018-6th-round-pick-205th-overall-subsequently-traded-trevon-young-new-england-p","bundle-like or multi-pick signals remain, but no strict split action was found","0","1","1","0","1","pick","","pick matches=1 risks=none :: Jason McCourty and 2018 7th round pick (219th overall, Danny Etling)","","",""
"256","manual","S6_manual_transaction_or_sentence_context","I_other_asset_structure_review","TB-2018-0240","new-york-giants","jason-pierre-paul-new-york-giants-2018","report assets include transaction/source sentence context","0","4","4","0","1","pick|player","rights_or_compensation_language|sentence_fragment_leak|unbalanced_parentheses","pick matches=1 risks=sentence_fragment_leak :: 2018 3rd round pick (69th overall, B.J. Hill) || player matches=1 risks=unbalanced_parentheses|sentence_fragment_leak :: B.J. Hill) || pick matches=1 risks=rights_or_compensation_language :: Draft-pick compensation || pick matches=1 risks=none :: 2018 4th round pick (108th overall, Kyle Lauletta)","","",""
"257","manual","S6_manual_transaction_or_sentence_context","I_other_asset_structure_review","MIN-2018-0260","minnesota-vikings","2018-4th-round-pick-102nd-overall-jalyn-holmes-tampa-bay-buccaneers-2018","report assets include transaction/source sentence context","0","4","4","0","1","pick|player","explanatory_or_contingent|rights_or_compensation_language|transaction_verb_leak|unbalanced_parentheses","pick matches=1 risks=none :: 2018 4th round pick (102nd overall, Jalyn Holmes) || pick matches=1 risks=explanatory_or_contingent|transaction_verb_leak :: 2018 6th round pick (180th overall subsequently traded, Folorunso Fatukasi) || player matches=1 risks=unbalanced_parentheses :: Jalyn Holmes) || pick matches=1 risks=rights_or_compensation_language :: Draft-pick compensation","","",""
"258","manual","S6_manual_other_no_strict_action","I_other_asset_structure_review","TB-2018-0242","tampa-bay-buccaneers","2018-2nd-round-pick-63rd-overall-new-england-patriots-2018","other asset-structure hold has no strict action","0","4","4","0","1","pick|player","rights_or_compensation_language|unbalanced_parentheses","pick matches=1 risks=none :: 2018 2nd round pick (63rd overall, Carlton Davis) || player matches=1 risks=unbalanced_parentheses :: Carlton Davis) || pick matches=1 risks=rights_or_compensation_language :: Draft-pick compensation || pick matches=1 risks=none :: 2018 4th round pick (117th overall, Jordan Whitehead)","","",""
"259","manual","S6_manual_conditional_special_or_alternative","I_other_asset_structure_review","RAI-2018-0377","new-york-jets","christian-hackenberg-new-york-jets-2018","report assets include conditional/special/or language requiring source interpretation","0","2","2","0","0","pick|player","conditional|unbalanced_parentheses","pick matches=1 risks=unbalanced_parentheses|conditional :: a conditional 2019 pick (7th round || player matches=1 risks=unbalanced_parentheses :: not conveyed)","","",""
"260","manual","S6_manual_conditional_special_or_alternative","I_other_asset_structure_review","CAR-2018-0065","carolina-panthers","panthers-detroit-lions-trade-2018-0065","report assets include conditional/special/or language requiring source interpretation","0","2","2","0","0","pick|player","conditional|unbalanced_parentheses","pick matches=1 risks=unbalanced_parentheses|conditional :: a conditional 2020 pick (7th round || player matches=1 risks=unbalanced_parentheses :: not conveyed)","","",""
"261","manual","S6_manual_conditional_special_or_alternative","I_other_asset_structure_review","IND-2019-0362","indianapolis-colts","a-conditional-2020-pick-6th-round-new-york-jets-2019","report assets include conditional/special/or language requiring source interpretation","0","2","2","0","0","pick|player","conditional|unbalanced_parentheses","pick matches=1 risks=unbalanced_parentheses|conditional :: a conditional 2020 pick (6th-round || player matches=1 risks=unbalanced_parentheses :: not conveyed)","","",""
"262","manual","S6_manual_transaction_or_sentence_context","I_other_asset_structure_review","CLE-2019-0434","cleveland-browns","jordan-mccray-and-2020-7th-round-pick-244th-overall-subsequently-traded-nate-sta","report assets include transaction/source sentence context","0","1","1","0","1","pick","explanatory_or_contingent|transaction_verb_leak","pick matches=1 risks=explanatory_or_contingent|transaction_verb_leak :: Jordan McCray and 2020 7th round pick (244th overall subsequently traded, Nate Stanley)","","",""
"263","manual","S6_manual_conditional_special_or_alternative","I_other_asset_structure_review","MIN-2019-0272","kansas-city-chiefs","mark-fields-kansas-city-chiefs-2019","report assets include conditional/special/or language requiring source interpretation","0","2","2","0","0","pick|player","conditional|unbalanced_parentheses","pick matches=1 risks=unbalanced_parentheses|conditional :: a conditional 2021 pick (7th-round || player matches=1 risks=unbalanced_parentheses :: not conveyed)","","",""
"264","manual","S6_manual_transaction_or_sentence_context","I_other_asset_structure_review","SEA-2019-09-01-0211","houston-texans","jadeveon-clowney-houston-texans-2019","report assets include transaction/source sentence context","0","3","3","0","1","pick|player","explanatory_or_contingent|rights_or_compensation_language|transaction_verb_leak","player matches=1 risks=none :: Jacob Martin, Barkevious Mingo || pick matches=1 risks=explanatory_or_contingent|transaction_verb_leak :: 2020 3rd round pick (91st overall subsequently traded, Devin Asiasi) || pick matches=1 risks=rights_or_compensation_language :: Draft-pick compensation","","",""
"265","manual","S6_manual_conditional_special_or_alternative","I_other_asset_structure_review","NYG-2019-0288","new-york-giants","a-conditional-2020-pick-7th-round-green-bay-packers-2019","report assets include conditional/special/or language requiring source interpretation","0","2","2","0","0","pick|player","conditional|unbalanced_parentheses","pick matches=1 risks=unbalanced_parentheses|conditional :: a conditional 2020 pick (7th-round || player matches=1 risks=unbalanced_parentheses :: not conveyed)","","",""
"266","manual","S6_manual_transaction_or_sentence_context","I_other_asset_structure_review","NYG-2019-0288","green-bay-packers","a-conditional-2020-pick-7th-round-green-bay-packers-2019","report assets include transaction/source sentence context","0","2","2","0","0","pick|player","conditional|sentence_fragment_leak|unbalanced_parentheses","pick matches=1 risks=unbalanced_parentheses|conditional|sentence_fragment_leak :: B.J. Goodson and a conditional 2020 pick (7th-round || player matches=1 risks=unbalanced_parentheses :: not conveyed)","","",""
"267","manual","S6_manual_complex_bundle_no_strict_split","I_other_asset_structure_review","ARI-2020-0321","arizona-cardinals","cardinals-2020-03-16-houston-texans-deandre-hopkins-and-2020-4th-round-pick-131st-overall-rasha","bundle-like or multi-pick signals remain, but no strict split action was found","0","1","1","0","1","pick","","pick matches=1 risks=none :: DeAndre Hopkins and 2020 4th round pick (131st overall, Rashard Lawrence)","","",""
"268","manual","S6_manual_transaction_or_sentence_context","I_other_asset_structure_review","SF-2020-0401","san-francisco-49ers","2020-1st-round-pick-14th-overall-javon-kinlaw-tampa-bay-buccaneers-2020","report assets include transaction/source sentence context","0","4","4","0","1","pick|player","explanatory_or_contingent|rights_or_compensation_language|sentence_fragment_leak|transaction_verb_leak|unbalanced_parentheses","pick matches=1 risks=none :: 2020 1st round pick (14th overall, Javon Kinlaw) || pick matches=1 risks=explanatory_or_contingent|transaction_verb_leak|sentence_fragment_leak :: 2020 4th round pick (117th overall subsequently traded, D.J. Wonnum) || player matches=1 risks=unbalanced_parentheses :: Javon Kinlaw) || pick matches=1 risks=rights_or_compensation_language :: Draft-pick compensation","","",""
"269","manual","S6_manual_other_no_strict_action","I_other_asset_structure_review","SF-2020-0401","tampa-bay-buccaneers","2020-1st-round-pick-14th-overall-javon-kinlaw-tampa-bay-buccaneers-2020","other asset-structure hold has no strict action","0","4","4","0","1","pick|player","rights_or_compensation_language|unbalanced_parentheses","pick matches=1 risks=none :: 2020 1st round pick (13th overall, Tristan Wirfs) || pick matches=1 risks=none :: 2020 7th round pick (245th overall, Raymond Calais) || player matches=1 risks=unbalanced_parentheses :: Tristan Wirfs) || pick matches=1 risks=rights_or_compensation_language :: Draft-pick compensation","","",""
"270","manual","S6_manual_conditional_special_or_alternative","I_other_asset_structure_review","DET-2020-0384","detroit-lions","a-conditional-2022-pick-7th-round-new-england-patriots-2020-08-09","report assets include conditional/special/or language requiring source interpretation","0","2","2","0","0","pick|player","conditional|unbalanced_parentheses","pick matches=1 risks=unbalanced_parentheses|conditional :: a conditional 2022 pick (7th round || player matches=1 risks=unbalanced_parentheses :: not conveyed)","","",""
"271","manual","S6_manual_transaction_or_sentence_context","I_other_asset_structure_review","RAI-2020-0396","las-vegas-raiders","raekwon-mcmillan-and-2021-5th-round-pick-162nd-overall-subsequently-traded-miami","report assets include transaction/source sentence context","0","1","1","0","1","pick","explanatory_or_contingent|transaction_verb_leak","pick matches=1 risks=explanatory_or_contingent|transaction_verb_leak :: Raekwon McMillan and 2021 5th round pick (162nd overall subsequently traded, Noah Gray)","","",""
"272","manual","S6_manual_conditional_special_or_alternative","I_other_asset_structure_review","CAR-2020-0072","carolina-panthers","panthers-buffalo-bills-trade-2020-0072","report assets include conditional/special/or language requiring source interpretation","0","2","2","0","0","pick|player","conditional|unbalanced_parentheses","pick matches=1 risks=unbalanced_parentheses|conditional :: a conditional 2023 pick (7th round || player matches=1 risks=unbalanced_parentheses :: not conveyed)","","",""
"273","manual","S6_manual_transaction_or_sentence_context","I_other_asset_structure_review","MIA-2020-0299","miami-dolphins","deandre-washington-chiefs-2020","report assets include transaction/source sentence context","0","1","1","0","1","pick","explanatory_or_contingent|transaction_verb_leak","pick matches=1 risks=explanatory_or_contingent|transaction_verb_leak :: DeAndre Washington and 2021 7th round pick (258th overall subsequently traded, Dax Milne)","","",""
"274","manual","S6_manual_complex_bundle_no_strict_split","I_other_asset_structure_review","MIA-2021-0302","miami-dolphins","benardrick-mckinney-texans-2021","bundle-like or multi-pick signals remain, but no strict split action was found","0","1","1","0","1","pick","","pick matches=1 risks=none :: Benardrick McKinney and 2021 7th round pick (231st overall, Larnel Coleman)","","",""
"275","manual","S6_manual_transaction_or_sentence_context","I_other_asset_structure_review","MIA-2021-0302","houston-texans","benardrick-mckinney-texans-2021","report assets include transaction/source sentence context","0","1","1","0","1","pick","explanatory_or_contingent|transaction_verb_leak|word_glued_after_parenthetical","pick matches=1 risks=explanatory_or_contingent|transaction_verb_leak|word_glued_after_parenthetical :: 2021 6th round pick (203rd overall subsequently traded, Marquez Stevenson) and Shaq Lawson","","",""
"276","manual","S6_manual_transaction_or_sentence_context","I_other_asset_structure_review","SEA-2021-05-01-0220","seattle-seahawks","2021-4th-round-pick-137th-overall-tre-brown-tampa-bay-buccaneers-2021","report assets include transaction/source sentence context","0","4","4","0","1","pick|player","explanatory_or_contingent|rights_or_compensation_language|transaction_verb_leak|unbalanced_parentheses","pick matches=1 risks=none :: 2021 4th round pick (137th overall, Tre Brown) || pick matches=1 risks=explanatory_or_contingent|transaction_verb_leak :: 2021 6th round pick (217th overall subsequently traded, Khalil Herbert) || player matches=1 risks=unbalanced_parentheses :: Tre Brown) || pick matches=1 risks=rights_or_compensation_language :: Draft-pick compensation","","",""
"277","manual","S6_manual_conditional_special_or_alternative","I_other_asset_structure_review","CAR-2021-0082","new-york-giants","panthers-new-york-giants-trade-2021-0082","report assets include conditional/special/or language requiring source interpretation","0","2","2","0","0","pick|player","conditional|unbalanced_parentheses","pick matches=1 risks=unbalanced_parentheses|conditional :: a conditional 2022 pick (7th round || player matches=1 risks=unbalanced_parentheses :: not conveyed)","","",""
"278","manual","S6_manual_transaction_or_sentence_context","I_other_asset_structure_review","CIN-2021-0147","cincinnati-bengals","b-j-hill-and-2022-7th-round-pick-226th-overall-subsequently-traded-ja","report assets include transaction/source sentence context","0","1","1","0","1","pick","explanatory_or_contingent|sentence_fragment_leak|transaction_verb_leak","pick matches=1 risks=explanatory_or_contingent|transaction_verb_leak|sentence_fragment_leak :: B.J. Hill and 2022 7th round pick (226th overall subsequently traded, Ja'Tyre Carter)","","",""
"279","manual","S6_manual_transaction_or_sentence_context","I_other_asset_structure_review","JAX-2021-0088","carolina-panthers","dan-arnold-carolina-panthers-2021","report assets include transaction/source sentence context","0","1","1","0","1","pick","explanatory_or_contingent|sentence_fragment_leak|transaction_verb_leak","pick matches=1 risks=explanatory_or_contingent|transaction_verb_leak|sentence_fragment_leak :: C.J. Henderson and 2022 5th round pick (144th overall subsequently traded, Sam Howell)","","",""
"280","manual","S6_manual_transaction_or_sentence_context","I_other_asset_structure_review","MIA-2022-0312","new-england-patriots","2023-3rd-round-pick-77th-overall-subsequently-traded-patriots-2022","report assets include transaction/source sentence context","0","1","1","0","1","pick","explanatory_or_contingent|transaction_verb_leak","pick matches=1 risks=explanatory_or_contingent|transaction_verb_leak :: DeVante Parker and 2022 5th round pick (158th overall subsequently traded, Tyreke Smith)","","",""
"281","manual","S6_manual_transaction_or_sentence_context","I_other_asset_structure_review","JAX-2022-0089","tampa-bay-buccaneers","2022-1st-round-pick-27th-overall-tampa-bay-buccaneers-2022","report assets include transaction/source sentence context","0","5","5","0","1","pick|player","explanatory_or_contingent|rights_or_compensation_language|transaction_verb_leak|unbalanced_parentheses","pick matches=1 risks=none :: 2022 2nd round pick (33rd overall, Logan Hall) || pick matches=1 risks=none :: 2022 4th round pick (106th overall, Cade Otton) || pick matches=1 risks=explanatory_or_contingent|transaction_verb_leak :: 2022 6th round pick (180th overall subsequently traded, Matt Araiza) || player matches=1 risks=unbalanced_parentheses :: Logan Hall) || pick matches=1 risks=rights_or_compensation_language :: Draft-pick compensation","","",""
"282","manual","S6_manual_transaction_or_sentence_context","I_other_asset_structure_review","JAX-2022-0091","tampa-bay-buccaneers","2023-4th-round-pick-121st-overall-tampa-bay-buccaneers-2022","report assets include transaction/source sentence context","0","4","4","0","1","pick|player","explanatory_or_contingent|rights_or_compensation_language|transaction_verb_leak|unbalanced_parentheses","pick matches=1 risks=none :: 2022 5th round pick (157th overall, Zyon McCollum) || pick matches=1 risks=explanatory_or_contingent|transaction_verb_leak :: 2022 7th round pick (235th overall subsequently traded, Daniel Hardy) || player matches=1 risks=unbalanced_parentheses :: Zyon McCollum) || pick matches=1 risks=rights_or_compensation_language :: Draft-pick compensation","","",""
"283","manual","S6_manual_conditional_special_or_alternative","I_other_asset_structure_review","HOU-2022-0089","houston-texans","a-conditional-2024-pick-kansas-city-chiefs-2022","report assets include conditional/special/or language requiring source interpretation","0","2","2","0","0","pick|player","conditional|unbalanced_parentheses","pick matches=1 risks=unbalanced_parentheses|conditional :: a conditional 2024 pick (7th round || player matches=1 risks=unbalanced_parentheses :: not conveyed)","","",""
"284","manual","S6_manual_conditional_special_or_alternative","I_other_asset_structure_review","RAI-2022-0413","las-vegas-raiders","a-conditional-2024-pick-7th-round-tennessee-titans-2022","report assets include conditional/special/or language requiring source interpretation","0","2","2","0","0","pick|player","conditional|unbalanced_parentheses","pick matches=1 risks=unbalanced_parentheses|conditional :: a conditional 2024 pick (7th round || player matches=1 risks=unbalanced_parentheses :: not conveyed)","","",""
"285","manual","S6_manual_transaction_or_sentence_context","I_other_asset_structure_review","NO-2022-0329","philadelphia-eagles","saints-2022-08-30-philadelphia-eagles-2023-5th-round-pick-165th-overall-subseque","report assets include transaction/source sentence context","0","1","1","0","1","pick","explanatory_or_contingent|sentence_fragment_leak|transaction_verb_leak","pick matches=1 risks=explanatory_or_contingent|transaction_verb_leak|sentence_fragment_leak :: C.J. Gardner-Johnson and 2025 7th round pick (223rd overall subsequently traded, Damien Martinez)","","",""
"286","manual","S6_manual_transaction_or_sentence_context","I_other_asset_structure_review","CHI-2022-0492","chicago-bears","2023-2nd-round-pick-53rd-overall-gervon-dexter-2023-5th-round-pick-148","report assets include transaction/source sentence context","0","2","2","0","1","pick","sentence_fragment_leak|word_glued_after_parenthetical","pick matches=1 risks=none :: 2023 2nd round pick (53rd overall, Gervon Dexter) || pick matches=1 risks=sentence_fragment_leak|word_glued_after_parenthetical :: 2023 5th round pick (148th overall, Noah Sewell) and A.J. Klein","","",""
"287","manual","S6_manual_conditional_special_or_alternative","I_other_asset_structure_review","ATL-2022-0291","kansas-city-chiefs","rashad-fenton-kansas-city-chiefs-2022","report assets include conditional/special/or language requiring source interpretation","0","2","2","0","0","pick|player","conditional|unbalanced_parentheses","pick matches=1 risks=unbalanced_parentheses|conditional :: a conditional 2023 pick (7th round || player matches=1 risks=unbalanced_parentheses :: not conveyed)","","",""
"288","manual","S6_manual_transaction_or_sentence_context","I_other_asset_structure_review","DEN-2022-11-01-0380","denver-broncos","2023-1st-round-pick-29th-overall-subsequently-traded-bryan-bresee-2024-4th-round-pick-121s","report assets include transaction/source sentence context","0","2","2","0","1","pick","explanatory_or_contingent|transaction_verb_leak|word_glued_after_parenthetical","pick matches=1 risks=explanatory_or_contingent|transaction_verb_leak :: 2023 1st round pick (29th overall subsequently traded, Bryan Bresee) || pick matches=1 risks=explanatory_or_contingent|transaction_verb_leak|word_glued_after_parenthetical :: 2024 4th round pick (121st overall subsequently traded, AJ Barner) and Chase Edmonds","","",""
"289","manual","S6_manual_conditional_special_or_alternative","I_other_asset_structure_review","PIT-2022-0377","washington-commanders","william-jackson-iii-washington-redskins-commanders-2022","report assets include conditional/special/or language requiring source interpretation","0","2","2","0","0","pick|player","conditional|unbalanced_parentheses","pick matches=1 risks=unbalanced_parentheses|conditional :: a conditional 2025 pick (6th round || player matches=1 risks=unbalanced_parentheses :: not conveyed)","","",""
"290","manual","S6_manual_transaction_or_sentence_context","I_other_asset_structure_review","CAR-2023-0093","chicago-bears","panthers-chicago-bears-trade-2023-0093","report assets include transaction/source sentence context","0","4","4","0","1","pick","explanatory_or_contingent|sentence_fragment_leak|transaction_verb_leak|word_glued_after_parenthetical","pick matches=1 risks=explanatory_or_contingent|transaction_verb_leak :: 2023 1st round pick (9th overall subsequently traded, Jalen Carter) || pick matches=1 risks=explanatory_or_contingent|transaction_verb_leak :: 2023 2nd round pick (61st overall subsequently traded, Brenton Strange) || pick matches=1 risks=none :: 2024 1st round pick (1st overall, Caleb Williams) || pick matches=1 risks=sentence_fragment_leak|word_glued_after_parenthetical :: 2025 2nd round pick (39th overall, Luther Burden) and D.J. Moore","","",""
"291","manual","S6_manual_transaction_or_sentence_context","I_other_asset_structure_review","TB-2023-0257","houston-texans","2023-6th-round-pick-179th-overall-subsequently-traded-houston-texans-2023","report assets include transaction/source sentence context","0","4","4","0","1","pick|player","explanatory_or_contingent|rights_or_compensation_language|transaction_verb_leak|unbalanced_parentheses","player matches=1 risks=none :: Shaq Mason || pick matches=1 risks=unbalanced_parentheses|explanatory_or_contingent|transaction_verb_leak :: 2023 7th round pick (230th overall subsequently traded || player matches=1 risks=none :: Nick Broe; additional || pick matches=1 risks=rights_or_compensation_language :: Draft-pick compensation","","",""
"292","manual","S6_manual_conditional_special_or_alternative","I_other_asset_structure_review","CAR-2023-0094","carolina-panthers","panthers-san-francisco-49ers-trade-2023-0094","report assets include conditional/special/or language requiring source interpretation","0","2","2","0","0","pick|player","conditional|unbalanced_parentheses","pick matches=1 risks=unbalanced_parentheses|conditional :: a conditional 2025 pick (7th round || player matches=1 risks=unbalanced_parentheses :: not conveyed)","","",""
"293","manual","S6_manual_other_no_strict_action","I_other_asset_structure_review","TB-2023-0258","green-bay-packers","2023-2nd-round-pick-48th-overall-green-bay-packers-2023","other asset-structure hold has no strict action","0","4","4","0","1","pick|player","rights_or_compensation_language|unbalanced_parentheses","pick matches=1 risks=none :: 2023 2nd round pick (50th overall, Jayden Reed) || player matches=1 risks=unbalanced_parentheses :: Jayden Reed) || pick matches=1 risks=rights_or_compensation_language :: Draft-pick compensation || pick matches=1 risks=none :: 2023 6th round pick (179th overall, Karl Brooks)","","",""
"294","manual","S6_manual_complex_bundle_no_strict_split","I_other_asset_structure_review","PHI-2023-0446","philadelphia-eagles","eagles-2023-04-29-detroit-lions-0446","bundle-like or multi-pick signals remain, but no strict split action was found","0","1","1","0","1","pick","","pick matches=1 risks=none :: D'Andre Swift and 2023 7th round pick (249th overall, Moro Ojomo)","","",""
"295","manual","S6_manual_conditional_special_or_alternative","I_other_asset_structure_review","NYJ-2023-0299","new-york-jets","a-conditional-2025-pick-6th-round-detroit-lions-2023","report assets include conditional/special/or language requiring source interpretation","0","2","2","0","0","pick|player","conditional|unbalanced_parentheses","pick matches=1 risks=unbalanced_parentheses|conditional :: a conditional 2025 pick (6th-round || player matches=1 risks=unbalanced_parentheses|conditional :: conveys if Mims makes DET 53-man roster (did not convey))","","",""
"296","manual","S6_manual_transaction_or_sentence_context","I_other_asset_structure_review","CAR-2023-0096","carolina-panthers","panthers-kansas-city-chiefs-trade-2023-0096","report assets include transaction/source sentence context","0","1","1","0","1","pick","explanatory_or_contingent|transaction_verb_leak","pick matches=1 risks=explanatory_or_contingent|transaction_verb_leak :: Ihmir Smith-Marsette and 2025 7th round pick (247th overall subsequently traded, Tommy Akingbesote)","","",""
"297","manual","S6_manual_conditional_special_or_alternative","I_other_asset_structure_review","MIN-2023-0301","los-angeles-rams","cam-akers-los-angeles-st-louis-rams-2023","report assets include conditional/special/or language requiring source interpretation","0","2","2","0","0","pick|player","conditional|unbalanced_parentheses","pick matches=1 risks=unbalanced_parentheses|conditional :: a conditional 2026 pick (6th round || player matches=1 risks=unbalanced_parentheses :: did not convey)","","",""
"298","manual","S6_manual_transaction_or_sentence_context","I_other_asset_structure_review","LAC-2023-0370","new-england-patriots","2025-6th-round-pick-181st-overall-subsequently-traded-kyle-mccord-new-england-pa","report assets include transaction/source sentence context","0","1","1","0","1","pick","explanatory_or_contingent|sentence_fragment_leak|transaction_verb_leak","pick matches=1 risks=explanatory_or_contingent|transaction_verb_leak|sentence_fragment_leak :: J.C. Jackson and 2025 7th round pick (238th overall subsequently traded, Ricky White)","","",""
"299","manual","S6_manual_complex_bundle_no_strict_split","I_other_asset_structure_review","PIT-2024-0383","pittsburgh-steelers","2024-6th-round-pick-178th-overall-logan-lee-carolina-panthers-2024","bundle-like or multi-pick signals remain, but no strict split action was found","0","1","1","0","1","pick","word_glued_after_parenthetical","pick matches=1 risks=word_glued_after_parenthetical :: 2024 6th round pick (178th overall, Logan Lee) and Donte Jackson","","",""
"300","manual","S6_manual_complex_bundle_no_strict_split","I_other_asset_structure_review","KC-2024-0286","tennessee-titans","2025-3rd-round-pick-66th-overall-tennessee-titans-2024","bundle-like or multi-pick signals remain, but no strict split action was found","0","1","1","0","1","pick","","pick matches=1 risks=none :: L'Jarius Sneed and 2024 7th round pick (252nd overall, Jaylen Harrell)","","",""
"301","manual","S6_manual_conditional_special_or_alternative","I_other_asset_structure_review","CLE-2024-0462","cleveland-browns","a-conditional-2025-pick-7th-round-not-conveyed-commanders-2024-462","report assets include conditional/special/or language requiring source interpretation","0","2","2","0","0","pick|player","conditional|unbalanced_parentheses","pick matches=1 risks=unbalanced_parentheses|conditional :: a conditional 2025 pick (7th round || player matches=1 risks=unbalanced_parentheses :: not conveyed)","","",""
"302","manual","S6_manual_complex_bundle_no_strict_split","I_other_asset_structure_review","RAM-2024-0538","baltimore-ravens","2026-7th-round-pick-232nd-overall-tim-keenan-baltimore-ravens-2024","bundle-like or multi-pick signals remain, but no strict split action was found","0","1","1","0","1","pick","","pick matches=1 risks=none :: Tre'Davious White and a 2027 7th round pick","","",""
"303","manual","S6_manual_transaction_or_sentence_context","I_other_asset_structure_review","PHI-2025-0463","philadelphia-eagles","eagles-2025-03-10-cleveland-browns-0463","report assets include transaction/source sentence context","0","1","1","0","1","pick","explanatory_or_contingent|transaction_verb_leak","pick matches=1 risks=explanatory_or_contingent|transaction_verb_leak :: Dorian Thompson-Robinson and 2025 5th round pick (164th overall subsequently traded, Yahya Black)","","",""
"304","manual","S6_manual_transaction_or_sentence_context","I_other_asset_structure_review","PHI-2025-0464","houston-texans","eagles-2025-03-11-houston-texans-0464","report assets include transaction/source sentence context","0","1","1","0","1","pick","explanatory_or_contingent|sentence_fragment_leak|transaction_verb_leak","pick matches=1 risks=explanatory_or_contingent|transaction_verb_leak|sentence_fragment_leak :: C.J. Gardner-Johnson and 2026 6th round pick (203rd overall subsequently traded, CJ Williams)","","",""
"305","manual","S6_manual_complex_bundle_no_strict_split","I_other_asset_structure_review","PIT-2025-0391","pittsburgh-steelers","jalen-ramsey-jonnu-smith-miami-dolphins-2025","bundle-like or multi-pick signals remain, but no strict split action was found","0","1","1","0","1","pick","","pick matches=1 risks=none :: Jalen Ramsey, Jonnu Smith and a 2027 7th round pick","","",""
"306","manual","S6_manual_complex_bundle_no_strict_split","I_other_asset_structure_review","PIT-2025-0391","miami-dolphins","jalen-ramsey-jonnu-smith-miami-dolphins-2025","bundle-like or multi-pick signals remain, but no strict split action was found","0","1","1","0","1","pick","","pick matches=1 risks=none :: a 2027 5th round pick and Minkah Fitzpatrick","","",""
"307","manual","S6_manual_transaction_or_sentence_context","I_other_asset_structure_review","PHI-2025-0471","houston-texans","eagles-2025-08-17-houston-texans-0471","report assets include transaction/source sentence context","0","1","1","0","1","pick","explanatory_or_contingent|transaction_verb_leak|word_glued_after_parenthetical","pick matches=1 risks=explanatory_or_contingent|transaction_verb_leak|word_glued_after_parenthetical :: 2026 5th round pick (167th overall subsequently traded, Jalon Kilgore) and Harrison Bryant","","",""
"308","manual","S6_manual_other_no_strict_action","I_other_asset_structure_review","KC-2025-0298","kansas-city-chiefs","a-2027-6th-round-pick-san-francisco-49ers-2025","other asset-structure hold has no strict action","0","1","1","0","1","pick","","pick matches=1 risks=none :: a 2027 6th round pick","","",""
"309","manual","S6_manual_conditional_special_or_alternative","I_other_asset_structure_review","NYJ-2025-0318","new-york-jets","a-conditional-2027-pick-6th-round-kansas-city-chiefs-2025","report assets include conditional/special/or language requiring source interpretation","0","1","1","0","0","pick","conditional","pick matches=1 risks=conditional :: a conditional 2027 pick (6th round)","","",""
"310","manual","S6_manual_other_no_strict_action","I_other_asset_structure_review","PHI-2025-0474","philadelphia-eagles","eagles-2025-08-24-green-bay-packers-0474","other asset-structure hold has no strict action","0","1","1","0","1","pick","","pick matches=1 risks=none :: a 2027 6th round pick","","",""
"311","manual","S6_manual_conditional_special_or_alternative","I_other_asset_structure_review","LAC-2025-0376","houston-texans","austin-deculus-houston-texans-2025","report assets include conditional/special/or language requiring source interpretation","0","1","1","0","0","pick","conditional","pick matches=1 risks=conditional :: a conditional 2027 pick (7th round)","","",""
"312","manual","S6_manual_other_no_strict_action","I_other_asset_structure_review","NO-2025-0341","dallas-cowboys","saints-2025-08-26-dallas-cowboys-asim-richards-and-a-2028-7th-round-pick","other asset-structure hold has no strict action","0","1","1","0","1","pick","","pick matches=1 risks=none :: a 2028 6th round pick","","",""
"313","manual","S6_manual_other_no_strict_action","I_other_asset_structure_review","RAM-2025-0543","los-angeles-rams","a-2028-7th-round-pick-cleveland-browns-2025","other asset-structure hold has no strict action","0","1","1","0","1","pick","","pick matches=1 risks=none :: a 2028 7th round pick","","",""
"314","manual","S6_manual_conditional_special_or_alternative","I_other_asset_structure_review","SEA-2025-08-26-0244","seattle-seahawks","a-conditional-2027-pick-7th-round-atlanta-falcons-2025","report assets include conditional/special/or language requiring source interpretation","0","1","1","0","0","pick","conditional","pick matches=1 risks=conditional :: a conditional 2027 pick (7th round)","","",""
"315","manual","S6_manual_complex_bundle_no_strict_split","I_other_asset_structure_review","NO-2025-0342","new-orleans-saints","saints-2025-09-13-new-england-patriots-jalynn-polk-and-a-2028-7th-round-pick","bundle-like or multi-pick signals remain, but no strict split action was found","0","1","1","0","1","pick","","pick matches=1 risks=none :: Ja'Lynn Polk and a 2028 7th round pick","","",""
"316","manual","S6_manual_other_no_strict_action","I_other_asset_structure_review","NO-2025-0342","new-england-patriots","saints-2025-09-13-new-england-patriots-jalynn-polk-and-a-2028-7th-round-pick","other asset-structure hold has no strict action","0","1","1","0","1","pick","","pick matches=1 risks=none :: a 2027 6th round pick","","",""
"317","manual","S6_manual_other_no_strict_action","I_other_asset_structure_review","CLE-2025-0473","houston-texans","cam-robinson-and-a-2027-7th-round-pick-houston-texans-2025-473","other asset-structure hold has no strict action","0","1","1","0","1","pick","","pick matches=1 risks=none :: a 2027 6th round pick","","",""
"318","manual","S6_manual_complex_bundle_no_strict_split","I_other_asset_structure_review","LAC-2025-0377","los-angeles-chargers","a-2027-7th-round-pick-and-odafe-oweh-baltimore-ravens-2025","bundle-like or multi-pick signals remain, but no strict split action was found","0","1","1","0","1","pick","","pick matches=1 risks=none :: a 2027 7th round pick and Odafe Oweh","","",""
"319","manual","S6_manual_transaction_or_sentence_context","I_other_asset_structure_review","JAX-2025-0115","jacksonville-jaguars","2026-6th-round-pick-182nd-overall-subsequently-traded-cleveland-browns-2025","report assets include transaction/source sentence context","0","1","1","0","1","pick","explanatory_or_contingent|transaction_verb_leak|word_glued_after_parenthetical","pick matches=1 risks=explanatory_or_contingent|transaction_verb_leak|word_glued_after_parenthetical :: 2026 6th round pick (182nd overall subsequently traded, Taylen Green) and Greg Newsome","","",""
"320","manual","S6_manual_transaction_or_sentence_context","I_other_asset_structure_review","RAM-2025-0544","los-angeles-rams","roger-mccreary-and-2026-6th-round-pick-207th-overall-subsequently-traded-micah-m","report assets include transaction/source sentence context","0","1","1","0","1","pick","explanatory_or_contingent|transaction_verb_leak","pick matches=1 risks=explanatory_or_contingent|transaction_verb_leak :: Roger McCreary and 2026 6th round pick (207th overall subsequently traded, Micah Morris)","","",""
"321","manual","S6_manual_complex_bundle_no_strict_split","I_other_asset_structure_review","PHI-2025-0476","new-york-jets","eagles-2025-10-29-new-york-jets-0476","bundle-like or multi-pick signals remain, but no strict split action was found","0","1","1","0","1","pick","","pick matches=1 risks=none :: a 2027 6th round pick and John Metchie","","",""
"322","manual","S6_manual_transaction_or_sentence_context","I_other_asset_structure_review","CLE-2025-0476","chicago-bears","2026-6th-round-pick-206th-overall-subsequently-traded-alex-harkey-chicago-bears","report assets include transaction/source sentence context","0","1","1","0","1","pick","explanatory_or_contingent|transaction_verb_leak","pick matches=1 risks=explanatory_or_contingent|transaction_verb_leak :: Joe Tryon-Shoyinka and 2026 7th round pick (239th overall subsequently traded, Tommy Doman)","","",""
"323","manual","S6_manual_other_no_strict_action","I_other_asset_structure_review","LAC-2025-0378","new-orleans-saints","trevor-penning-new-orleans-saints-2025","other asset-structure hold has no strict action","0","1","1","0","1","pick","","pick matches=1 risks=none :: a 2027 6th round pick","","",""
"324","manual","S6_manual_transaction_or_sentence_context","I_other_asset_structure_review","BUF-2026-0345","buffalo-bills","d-j-moore-and-2026-5th-round-pick-165th-overall-subsequently-traded-nicholas-sin","report assets include transaction/source sentence context","0","1","1","0","1","pick","explanatory_or_contingent|sentence_fragment_leak|transaction_verb_leak","pick matches=1 risks=explanatory_or_contingent|transaction_verb_leak|sentence_fragment_leak :: D.J. Moore and 2026 5th round pick (165th overall subsequently traded, Nicholas Singleton)","","",""
"325","manual","S6_manual_other_no_strict_action","I_other_asset_structure_review","CHI-2026-0508","new-england-patriots","garrett-bradbury-new-england-patriots-2026","other asset-structure hold has no strict action","0","1","1","0","1","pick","","pick matches=1 risks=none :: a 2027 5th round pick","","",""
"326","manual","S6_manual_other_no_strict_action","I_other_asset_structure_review","DAL-2026-0355","green-bay-packers","rashan-gary-green-bay-packers-2026","other asset-structure hold has no strict action","0","1","1","0","1","pick","","pick matches=1 risks=none :: a 2027 4th round pick","","",""
"327","manual","S6_manual_other_no_strict_action","I_other_asset_structure_review","NO-2026-0345","new-orleans-saints","saints-2026-03-10-houston-texans-a-2028-6th-round-pick","other asset-structure hold has no strict action","0","1","1","0","1","pick","","pick matches=1 risks=none :: a 2028 6th round pick","","",""
"328","manual","S6_manual_other_no_strict_action","I_other_asset_structure_review","KC-2026-0301","new-york-jets","justin-fields-new-york-jets-2026","other asset-structure hold has no strict action","0","1","1","0","1","pick","","pick matches=1 risks=none :: a 2027 6th round pick","","",""
"329","manual","S6_manual_other_no_strict_action","I_other_asset_structure_review","CAR-2026-0109","carolina-panthers","panthers-philadelphia-eagles-trade-2026-0109","other asset-structure hold has no strict action","0","1","1","0","1","pick","","pick matches=1 risks=none :: a 2027 7th round pick","","",""
"330","manual","S6_manual_other_no_strict_action","I_other_asset_structure_review","NE-2026-0464","new-england-patriots","a-2027-6th-round-pick-houston-texans-2026","other asset-structure hold has no strict action","0","1","1","0","1","pick","","pick matches=1 risks=none :: a 2027 6th round pick","","",""
"331","manual","S6_manual_other_no_strict_action","I_other_asset_structure_review","TB-2026-0262","tampa-bay-buccaneers","2026-3rd-round-pick-84th-overall-green-bay-packers-2026","other asset-structure hold has no strict action","0","4","4","0","1","pick|player","rights_or_compensation_language|unbalanced_parentheses","pick matches=1 risks=none :: 2026 3rd round pick (84th overall, Ted Hurst) || player matches=1 risks=unbalanced_parentheses :: Ted Hurst) || pick matches=1 risks=rights_or_compensation_language :: Draft-pick compensation || pick matches=1 risks=none :: 2026 5th round pick (160th overall, Billy Schrauth)","","",""
"332","manual","S6_manual_other_no_strict_action","I_other_asset_structure_review","SEA-2026-04-25-0247","cleveland-browns","2026-5th-round-pick-148th-overall-beau-stephens-cleveland-browns-2026","other asset-structure hold has no strict action","0","1","1","0","1","pick","","pick matches=1 risks=none :: a 2027 4th round pick","","",""
"333","manual","S6_manual_other_no_strict_action","I_other_asset_structure_review","TB-2026-0263","las-vegas-raiders","2026-6th-round-pick-185th-overall-las-vegas-raiders-2026","other asset-structure hold has no strict action","0","3","3","0","1","pick|player","rights_or_compensation_language|unbalanced_parentheses","pick matches=1 risks=unbalanced_parentheses :: 2026 6th round pick (195th overall || player matches=1 risks=unbalanced_parentheses :: Malik Benson) || pick matches=1 risks=rights_or_compensation_language :: Draft-pick compensation","","",""
